{"ground_truth": [[-10, -1.337719620706157, -1.6626352006348812, -1.0611537685933308], [1, 1.6272285743807728, 1.565890653114534, 1.026132378542826], [10, 0.1, 0.1, 0.1]], "milp": [[-10.14754007796424, -1.3022482678367706, -1.5939733772431814, -1.0685052304485345], [10.052639131198902, 0.12377228917603657, 0.06351861969049219, 0.02882567476918588], [1.0758854955961943, 1.5592976499080347, 1.652613540227813, 0.9486968350243545]], "greedy": [[[-14.334975221327873, 4.045612858974754, -0.39377465159133057, 4.647713765282004], [12.840562315363895, -2.7123825364773886, -7.017978799755777, -6.855973917044176], [-3.254344733881017, 0.6570706441496018, 7.133674168993951, -0.30703569089366156]], [[8.658220645270262, -1.0864193601069294, -0.2826342240611732, 1.3424642884792533], [-10.165585594729444, -1.2964784194694072, -1.5902052472408197, -1.0626784452946263], [4.020960088460601, 1.3532645400096022, 2.095452210519376, -0.9665353535692546]], [[8.371254996413995, -1.08551493053461, 0.6133106750545575, 1.017464802651018], [6.721507434412113, 0.7855830874851819, -0.6584554308915561, -1.638659516580981], [-10.165585594729444, -1.2964784194694072, -1.5902052472408197, -1.0626784452946263]], [[10.156759368942604, -0.3617059636936689, -0.06362830176169634, -0.10015142972970503], [1.1231857931072153, 1.5303650844043768, 1.6214962621562354, 0.9091606464763035], [-10.165585594729444, -1.2964784194694072, -1.5902052472408197, -1.0626784452946263]], [[-1.272435249890366, -4.477048727285395, -3.464949255424229, 0.012758682775509417], [-10.06437531131452, -1.318821204306097, -1.5793984863894128, -1.111163106129846], [7.924090552684979, -0.06903510093490788, 0.8403377228393771, -0.3713729560651991]], [[1.744600376339762, -2.421921352123418, -5.738161417504869, 4.601259054673576], [6.042328423908985, -5.088526404986752, 3.825023945492308, -3.5220097495623612], [-12.772555363192478, 6.480167152154455, 4.828910629375759, -1.4771513820122675]], [[7.395326766065858, 0.27567172057569095, 0.9378749355697906, -0.5531991515604074], [-7.701733364418402, -1.7737270306319872, -1.573504651467675, -2.5944744969784], [-3.5924076569824406, -1.6879508151790494, -2.7387942892033625, 3.959882693613188]], [[-10.165585594729444, -1.2964784194694072, -1.5902052472408197, -1.0626784452946263], [1.078203559428343, 1.5588522048069346, 1.6519135266014102, 0.9480836484683611], [10.066265961670675, 0.12123281837141353, 0.058274351563843786, 0.026315118771987014]], [[-10.165585594729444, -1.2964784194694072, -1.5902052472408197, -1.0626784452946263], [9.385410138731336, 0.1258200972701435, -0.2258031881414426, -0.22031312386572444], [1.3703042101320344, 0.9887609786330217, 0.3706464848656568, 1.4412793192330977]], [[-7.065149116532594, -2.2804144574204135, -1.960922804284711, -2.682203927999183], [8.370640707493887, -0.3999620279950949, 0.7724940727311266, -0.1961355615491993], [-1.1259943525157077, -4.107342215906919, -3.3168226936735437, 3.165899166240862]], [[-10.165585594729444, -1.2964784194694072, -1.5902052472408197, -1.0626784452946263], [10.066265961670675, 0.12123281837141353, 0.058274351563843786, 0.026315118771987014], [1.078203559428343, 1.5588522048069346, 1.6519135266014102, 0.9480836484683611]], [[-10.165585594729444, -1.2964784194694072, -1.5902052472408197, -1.0626784452946263], [10.066265961670675, 0.12123281837141353, 0.058274351563843786, 0.026315118771987014], [1.078203559428343, 1.5588522048069346, 1.6519135266014102, 0.9480836484683611]], [[-15.603861388027823, 2.3722475610048495, 4.877271290209358, 6.143859987328413], [-5.076291894406817, 2.36637782343897, 5.172029854044241, -5.464941885492303], [12.709064743319361, -3.062853052617198, -7.528189511893967, -2.4504577068509836]], [[10.066265961670675, 0.12123281837141353, 0.058274351563843786, 0.026315118771987014], [1.078203559428343, 1.5588522048069346, 1.6519135266014102, 0.9480836484683611], [-10.165585594729444, -1.2964784194694072, -1.5902052472408197, -1.0626784452946263]], [[-10.165585594729444, -1.2964784194694072, -1.5902052472408197, -1.0626784452946263], [5.817950775466907, 1.4317232273333933, -2.258828285922595, 0.8376933424455261], [7.565959810175797, -0.28871761110104405, 1.8782042642997734, -0.7110375249282]], [[-10.165585594729444, -1.2964784194694072, -1.5902052472408197, -1.0626784452946263], [10.316124492385033, -0.1525651034369742, -0.0691806384752831, -0.2488374860146226], [0.8336575742660504, 1.5424561653898992, 1.5343831235004637, 1.3829948450642828]], [[7.657602216421413, 0.19647339184393062, 0.2875323933731155, -2.2741673845747195], [-10.165585594729444, -1.2964784194694072, -1.5902052472408197, -1.0626784452946263], [7.91600213362436, -0.6069664048196451, 0.031863666386579115, 1.3225308905009734]], [[-10.165585594729444, -1.2964784194694072, -1.5902052472408197, -1.0626784452946263], [1.078203559428343, 1.5588522048069346, 1.6519135266014102, 0.9480836484683611], [10.066265961670675, 0.12123281837141353, 0.058274351563843786, 0.026315118771987014]], [[10.066265961670675, 0.12123281837141353, 0.058274351563843786, 0.026315118771987014], [1.078203559428343, 1.5588522048069346, 1.6519135266014102, 0.9480836484683611], [-10.165585594729444, -1.2964784194694072, -1.5902052472408197, -1.0626784452946263]], [[4.855707512820869, -0.4790090709953341, 1.7033595428069577, 1.4461653965060304], [10.2544642419148, 0.2749994252363677, -1.8920635247316875, -2.62315382777467], [-10.165585594729444, -1.2964784194694072, -1.5902052472408197, -1.0626784452946263]]], "refit_milp_assignment": [[-10.163646615732917, -1.2972863728085189, -1.5908406126741836, -1.0634041257629832], [10.066198337082682, 0.12128000546901302, 0.058298544797149625, 0.02632299497872858], [1.0759416990005581, 1.5595120541094718, 1.6532089957615812, 0.9484177645967539]], "refit_ground_truth_assignment": [[-10.163646615732917, -1.2972863728085189, -1.5908406126741836, -1.0634041257629832], [1.0759416990005581, 1.5595120541094718, 1.6532089957615812, 0.9484177645967539], [10.066198337082682, 0.12128000546901302, 0.058298544797149625, 0.02632299497872858]]}