{"ground_truth": [[-10, -1.1706233770926873, -1.574021859134017], [1, 1.2401787532619597, 1.935330217835744], [10, 0.1, 0.1]], "milp": [[-8.893679596184146, -2.2913095342004057, -2.3049458303955945], [4.767324240061954, 0.36857914822892685, -3.3899422141962336], [5.1310985995538285, 0.10937942083370648, 1.4224404119175649]], "greedy": [[[-1.7268707070538971, 1.5886392383623713, 2.0157283130870174], [8.3317760324086, -0.5808331493326758, 0.17438181571071706], [-10.91833397582741, -1.066837359774243, -1.3427975315092464]], [[-1.7022396989354314, 1.603701691815211, 2.042333871820135], [8.373131132827714, -0.5478025254187365, 0.18024466020470217], [-10.91833397582741, -1.066837359774243, -1.3427975315092464]], [[8.146858112251625, 1.4834968253290095, -2.6062353313892057], [6.509328440139513, -0.9643206657339177, 0.8460641577046994], [-9.485325083242707, -1.452779047037491, -1.8365999410711296]], [[-0.6231796322928456, -4.243580559289995, 1.5399602309177813], [-7.6118473243438585, 3.402032432348717, 1.968719434316653], [5.292865393601998, -0.36719015655405973, -3.5844049980994988]], [[2.1576093071980247, 1.6931177299141411, -0.9459638975798345], [8.5791221050971, -0.669831776087699, 0.3515202338203761], [-9.485325083242707, -1.452779047037491, -1.8365999410711296]], [[-9.47144326965343, -1.2424744839565618, -1.8308339951637231], [9.185268991934393, -0.001869036676525393, 0.3557751834259813], [-3.4954125479987126, 1.2275251521909174, 3.5909842091567183]], [[2.1576093071980247, 1.6931177299141411, -0.9459638975798345], [8.5791221050971, -0.669831776087699, 0.3515202338203761], [-9.485325083242707, -1.452779047037491, -1.8365999410711296]], [[7.602833058013585, 1.3108969745112118, -3.5454381974971607], [4.882837664807607, -0.28801109490259996, 1.6022326702320104], [-10.241142422995186, -1.2258607461193396, -1.5325278316322521]], [[-10.91833397582741, -1.066837359774243, -1.3427975315092464], [-1.6718036285308568, 1.1538408206075832, 2.108243886306881], [8.968418555003305, -0.021242270493095537, 0.0218048244371283]], [[4.174667979965583, -0.1301621785266575, -3.521561667204861], [-2.6857593804740714, -2.7545862193068515, 3.1518232249782443], [-2.67999326266769, 3.4629470211049798, -0.9803780225542973]], [[-6.970222440637874, -3.6678908797690677, -2.18650748471126], [8.005663301648523, -0.7712443085709472, 0.5662415822283212], [-6.11353102684741, 3.045424270428377, 1.1202560832508914]], [[-9.609974017858523, -1.2335156645001388, -1.7873604392084812], [-4.274343063317038, 1.9482301848536177, 4.4616763219949505], [8.423762822282558, -0.6236182662627275, 0.5404173513552086]], [[-7.624286144271264, 1.951151047335095, 0.4262222056447701], [-6.970222440637874, -3.6678908797690677, -2.18650748471126], [8.490949193928591, -0.12897001149408743, 0.22205857846359833]], [[-10.91833397582741, -1.066837359774243, -1.3427975315092464], [8.968418555003305, -0.021242270493095537, 0.0218048244371283], [-1.6718036285308568, 1.1538408206075832, 2.108243886306881]], [[-9.225347252513581, 2.9516205852178867, 3.2585160245815485], [8.512384546273953, -0.7027948305666656, 0.04561072037883415], [-7.7546991563239045, -2.391988570148608, -2.2535672126137705]], [[6.975191730202426, -0.7125578941958417, 0.845869881210436], [9.89307078240254, 1.1479837299514963, -6.780529940542235], [-9.485325083242707, -1.452779047037491, -1.8365999410711296]], [[4.405203561522428, -0.36481395305504216, 1.6340333538932879], [-10.241142422995186, -1.2258607461193396, -1.5325278316322521], [8.622661906226135, 1.2695474752353808, -2.9633311543735457]], [[8.184064142484548, -0.7324397738919807, 0.5001481902448895], [-10.241142422995186, -1.2258607461193396, -1.5325278316322521], [0.30189265074078486, 1.8755686769106423, 0.6238757328417568]], [[-7.622355204901654, -1.719638947609584, -2.063165107015593], [-13.39527945695859, 3.662517896282644, 2.646934006219218], [7.929641474496846, -0.6727101388032732, 0.46773994888427634]], [[-8.558980561043901, 0.6578778577734374, -1.3404963587978915], [2.595689694774493, -2.8578788097909134, 1.7804953142220126], [5.705858496636792, 1.079385681019154, 0.34931009598802804]]], "refit_milp_assignment": [[-8.902601732978608, -2.294238630550253, -2.307354673035758], [4.782139588056813, 0.37229107755823493, -3.391047061113715], [5.143874713391234, 0.10776980175436945, 1.4184958265279393]], "refit_ground_truth_assignment": [[-8.988356437368921, -1.8419405539551121, -1.9415969786672722], [0.30449522775435334, 1.3067752129014125, 2.043336684213151], [9.965776488585774, 0.0014053194748333384, -0.5893898368120014]]}