{"X": [[2.2228727499480065, 3.782312313333557], [3.3739429240228977, -2.4418099749842272], [3.199949029431686, 2.2253549827311003], [2.0347515456229104, 3.867756587508722], [4.468117088772378, 2.429714676728867], [0.8877138500279669, 0.037407917206511154], [1.570882875959966, 1.9200177930699869], [-0.23317363782263278, 4.615305930656506], [4.2396133785668875, 2.9065257639595368], [4.987932593685989, 2.9666404634018892], [0.4539545084480492, 2.9809834478903507], [5.229405971483427, 0.7177845138195731], [-1.3657567909467283, 3.128621768356605], [-2.244688465289079, -0.8553583397175295], [1.891078395739473, 0.35215310413608136], [4.608624192819605, 1.1927926290974669], [2.440288121181597, 3.3914314136836303], [1.2666587558886195, 2.196434006453665], [-2.4599611376354154, 5.222608242970074], [1.3340261964682512, 0.6238181186625105], [-0.11677395103119226, 1.5441797578264413], [-0.07548677596528353, 1.5264535294333528], [-0.20702408154856422, -1.7865043651146983], [-0.4702782565302801, -0.5913621616091524], [1.8041585439506405, 1.2966846174125322], [0.009948690107168257, 1.6750294266370924], [-0.23490142097729239, 0.9312402350775881], [0.44170977493760333, 1.835404681372101], [-0.7442098845677452, 0.7070901163761592], [0.9382393482352004, -1.1831440866863336], [1.1030551667316, 0.9141461648508882], [2.841407412969721, -1.202422955986981], [-1.907961614654024, -2.223884976877974], [1.4274438683400028, -0.06668420421871013], [-0.9775561109436768, 1.4727828937175993], [2.7139644445087603, 4.756943429343874], [3.4699638257890792, -0.28991146938841683], [3.892900914802311, -0.4906661607364913], [1.8365328215757097, 2.5420359866989948], [-1.9376437825633785, 1.265848110373014], [1.194571217088443, 5.357497020705378], [-0.20740045099594462, 2.5106741356698805]], "y": [-17.777878385191332, -12.966381698366094, -18.336537663783265, -17.223565216973793, -20.43983443390268, -12.355366003301954, -15.044438838940456, -14.166686563681946, -20.175093656543204, -22.262724149701178, -13.61283749349402, -19.776335541299257, -10.742021073189617, -5.079327407842895, 3.428209930010116, 9.07756095621707, 9.622268547439642, 7.155674385864749, 7.210282784772591, 3.7889818444224432, 3.0131757479628245, 3.553866747767788, -2.2522618317212273, -1.217697788451542, 6.6306607019207195, 4.087558112795802, 3.1477749789825706, 4.157857758953067, 10.814161794081606, 9.295026730236641, 9.876107216493349, 10.435124099899939, 9.610818464442145, 8.95703914990635, 9.496730656367692, 11.166008964345329, 11.361940669781626, 10.797643954306922, 10.29975520369495, 10.33107638214343, 10.08330753785627, 10.485287259952504], "z": [0, 0, 0, 0, 0, 0, 0, 0, 0, 0, 0, 0, 0, 0, 1, 1, 1, 1, 1, 1, 1, 1, 1, 1, 1, 1, 1, 1, 2, 2, 2, 2, 2, 2, 2, 2, 2, 2, 2, 2, 2, 2], "regression_weights": [[[-10], -1.7163594501045019, -1.054357826018602], [[1], 1.2699648876463243, 1.7180450519618957], [[10], 0.1, 0.1]], "ground_truth_mse": 0.26138140890156986, "ground_truth_r2": 0.9980455102094861, "train": [0, 1, 2, 3, 4, 5, 6, 7, 8, 9, 10, 11, 12, 13, 14, 15, 16, 17, 18, 19, 20, 21, 22, 23, 24, 25, 26, 27, 28, 29, 30, 31, 32, 33, 34, 35, 36, 37, 38, 39, 40, 41], "val": null, "input_args": {"N": 42, "K": 3, "D": 2, "noise_std": 0.5, "outlier_ratio": 0.0}}