{"ground_truth": [[-10, -1.7846958472759, -1.498805218379999, -1.0701190131268645], [1, 1.176954785871318, 1.6082925226799165, 1.8932350643198392], [10, 0.1, 0.1, 0.1]], "milp": [[-11.01976834061937, -4.692847724996057, -0.577746930189817, -1.5933578197428315], [11.68246505362735, -1.1441589322032828, 0.16234761241840745, 0.6449173337077974], [-9.967240760609398, 5.254440720707913, 1.8566580699866557, -2.6592500529456853]], "greedy": [[[-33.988129078996884, 7.229532849919687, -4.227477976579589, 11.244279416049338], [-20.848344895139807, 4.3482925211862185, 11.63018922035867, -8.482600338313736], [5.740572704896591, -6.01812553817066, 0.304598980225961, 1.4308324820676124]], [[-6.577270423098627, 2.579588805331589, 4.0050708059854525, -2.740940121440468], [-50.581530092641906, -0.34034055821675924, 7.598169120663912, -2.3682856352361172], [12.533270854271235, -0.6433905683637526, 1.2630566243403596, 0.15871134634887474]], [[-2.9651896738056482, -0.21728697157114987, -2.7558116403273325, -2.630503164962377], [7.422165899405107, -17.739670210051717, -2.781492061182798, 2.101255102710074], [-14.010214749136196, 8.866073614276036, 3.731895357166076, -0.22994485112068005]], [[-6.510633400635001, -8.667348675164327, -1.6639651331879615, -2.0640463065591637], [10.05979084128658, 0.2674315314754479, 0.9176657682679396, 0.5645186807276754], [-50.99618789507841, 5.071045075193493, 2.890582663489553, 2.477771363695772]], [[-5.9617973729596745, -5.729733877893282, -0.9091473502586483, -2.718438741844182], [10.478003898306884, 0.6281380619151131, 0.3457581002201256, 1.2110286034521023], [-52.971499367137895, 8.18562725087218, -1.0129637524806483, 9.335654494526388]], [[-3.8256622087951837, -17.073280505619675, 2.1764157940024087, 2.5531884225988595], [-6.40938101916253, 7.395270781144641, 2.3647288655546435, -0.896510086360344], [2.35732821730108, -1.0092327023902476, -4.573601103299502, -0.442373850153613]], [[-14.84538920728354, -11.72740652588639, 5.873986297670616, -2.209897947497727], [8.46469113500437, 0.6872996002505081, 0.9525526419262944, 1.1505177308641552], [-32.203869886920614, 4.545779238893334, -2.4766896751215954, 3.8505588333332197]], [[-33.88814821186614, 4.540555534793665, -10.631450218816465, -1.144048901609485], [9.796802653728488, 0.3613215810656391, 0.8156902428993918, 0.6953417643053849], [-12.092349729952936, -9.303243829482586, 3.493829731739723, -2.9842738763014873]], [[-12.497193466364774, 6.420555806794955, -0.646737212777084, -2.889244151812905], [-6.277601510049164, -11.241218539669287, 13.990044933219046, 2.5283724995571357], [-3.028155144192322, -7.787847119468083, -0.6922806222916482, 7.72898616951176]], [[11.695401334186252, -0.9715466116851413, 0.4027372573388783, 0.6705667513105454], [-29.53741624884851, 5.497770335389965, 15.434094924829934, -10.030817103092707], [-9.953288251338575, -3.901853726998773, -1.7682140144819158, -0.6691887940226535]], [[-17.814800201746706, 6.8113523195950005, 5.34970270844798, -1.232353628015771], [17.891986959526406, -13.932920444850687, -1.6668319972664631, 3.303855608883319], [-6.031488814281004, -3.4598400777702265, -3.6385024419795102, 1.1154128486003319]], [[-17.08280354737643, 8.95148821469617, 2.425275911764961, -3.2512196264226736], [7.355228250575848, 0.7102211803273311, 2.187547693784514, -0.30675226667176064], [-0.7790050424494241, -9.847480436954465, 0.7674591807232786, 3.9612444769924013]], [[20.741708149877613, -7.6207613329081525, -3.1585561035877485, 2.1457322261510896], [-9.17965958771939, -9.27845871804101, -2.1213718602692393, 1.4930332307910446], [-28.17637500795122, 7.700505505957472, 7.277051954331928, -1.9071161233436762]], [[-6.284513530618609, -6.78755750529503, -0.2118465929709984, -3.387752407371745], [9.96307432500046, -0.7941565678913068, 0.6215475640837788, 1.2540318471701557], [-27.019884187247236, 8.323604795200104, 7.778123402869076, -4.40646181787623]], [[-49.69552383866993, 6.013691685478684, 1.95190733879169, 8.933792490823116], [3.535081090036023, 2.4793721834908595, 1.5420209685863675, 0.861956542427528], [4.914063954467975, -16.481874391947443, 4.472355360407355, 2.3384526465243383]], [[-4.82458426527913, -1.8794731121118067, 3.5243916625721763, 0.3004162888294462], [15.027949638866664, -1.0766424144945088, 3.1851731035821764, 0.6482887506298929], [-52.783699652946275, -0.6543846537837014, 8.074848494223746, -0.5825689230293349]], [[-10.470805460532413, -5.666506646504588, 0.773489583560462, -2.069871038141328], [-9.007183761769019, 11.266061160971724, 3.0364594357874175, -2.9722685852593465], [10.793602233116303, -0.3433940486052515, 1.0092847209484168, 1.0121983527227238]], [[-0.038606073074231695, -11.484183357724087, -4.539898035489643, 8.877807072404444], [3.928180532217772, 0.4186013524313396, 1.1034851003027122, 0.5626690231952873], [-28.847395369258955, 5.433066538127154, 16.62279791779912, -8.99206256180768]], [[-12.117418170439954, 6.404150714691723, 3.9574254568660447, 0.21218783266800753], [-9.414754151945502, -3.809646942470298, -2.6561650381256845, -0.0829956570010672], [9.870940762321563, -13.512546059161663, 0.23848413054670564, 0.8635155474105761]], [[3.9575179487637246, 1.6826630301238839, 2.3686047934975734, -0.6793279014570895], [-56.28417200736008, 0.45155768164071836, 4.455683551834499, 7.770288002313927], [5.628271773679322, -5.3291820074537055, 1.3217238986335405, 9.742002425150927]]], "refit_milp_assignment": [[-11.034646158152007, -4.689528871294363, -0.5757532910688429, -1.593346423456397], [11.685969279741016, -1.1444387048845834, 0.16181661725957389, 0.6444057587867275], [-9.971084582974038, 5.255207496696468, 1.8566554978702008, -2.659259403012122]], "refit_ground_truth_assignment": [[-17.928783588362357, -0.7080567024503271, -1.1391769528029916, -2.150154548940265], [3.491962552491893, 1.1014765106209112, 1.389706806972266, 2.325697933835778], [13.395743639582253, -0.16685564678239156, 0.7095559235187204, -0.3978965154207786]]}