{"ground_truth": [[10, -1.1557210059102894, -1.949301109620746, -1.270773795876854, -1.0585433777603552, -1.1297784668363724, -1.1218156954986667, -1.2284796478997593, -1.2952848316581553], [-10, 1.5075167586676004, 1.824211410249157, 1.0705482353188005, 1.1303394669617153, 1.6927383684370314, 1.6363490703957972, 1.531781850835124, 1.6502619236277825]], "milp": [[-9.981762806685474, 1.2555380752911658, 2.0626557546538566, 1.0399802628544832, 1.1525058997396962, 1.7606205230886647, 1.5582574502404272, 1.5313222415249346, 1.6605222953056678], [10.008937398995396, -0.8979023653069615, -1.8241390645099607, -1.7623485804561996, -1.4039427584304343, -0.9109895826317607, -1.274633429107606, -1.1331357796844277, -1.1350195622315349]], "refit_milp_assignment": [[-9.993221713103317, 1.2567757228499858, 2.0637536606601197, 1.0421884304393976, 1.155259345702443, 1.7611240859159478, 1.5591419426905588, 1.5321226090002817, 1.6594260078276868], [10.019915598326385, -0.8987824269750343, -1.8256628876751566, -1.7633003034790513, -1.405592198703571, -0.9124288960837351, -1.2753753150888119, -1.1336662492204952, -1.1357698012716892]], "refit_ground_truth_assignment": [[10.137088125943489, -1.191889436217645, -1.9752568940754207, -1.3822633790825873, -1.1623198748499453, -1.1547208244582428, -1.1394648276309038, -1.2366898426952133, -1.2946521256413497], [-9.970090534462638, 1.4048231890690037, 1.858892147417388, 0.9902794439680433, 1.1416637037310655, 1.727330639753722, 1.7153252469593474, 1.5966273642176534, 1.6708805035385788]]}