{"time_milp": 229.5792682170868, "time_refit_milp_assignment": 230.25190114974976, "mse_refit_ground_truth_assignment": 15.60358250764678, "r2_refit_ground_truth_assignment": 0.8253339098236172, "weight_mismatch_refit_ground_truth_assignment": 0.9271300075967301, "refit-weight_mismatch_refit_ground_truth_assignment": 0.0, "rand_score_refit_ground_truth_assignment": 1.0, "label_mismatch_refit_ground_truth_assignment": 0.0, "mse_milp": 13.233295130313492, "r2_milp": 0.8518668440770393, "weight_mismatch_milp": 1.3302190895019281, "refit-weight_mismatch_milp": 0.886644080370556, "rand_score_milp": 0.9508403361344537, "label_mismatch_milp": 0.025, "mse_refit_milp_assignment": 13.233289592251166, "r2_refit_milp_assignment": 0.8518669060699626, "weight_mismatch_refit_milp_assignment": 1.3290001266307976, "refit-weight_mismatch_refit_milp_assignment": 0.8881087391138298, "rand_score_refit_milp_assignment": 0.9508403361344537, "label_mismatch_refit_milp_assignment": 0.025, "mse_greedy": NaN, "r2_greedy": NaN, "mse_ground_truth": 14.948517381686786, "r2_ground_truth": 0.8355635430380626, "weight_mismatch_ground_truth": 0, "rand_score_ground_truth": 1, "label_mismatch_ground_truth": 0, "mse_baseline_sklearn": 87.35723075501261, "r2_baseline_sklearn": 0.02212546784454672, "mse_milp_val": 12.709254881960735, "r2_milp_val": 0.8637090204912289, "label_mismatch_milp_val": 0.025, "mse_refit_milp_assignment_val": 12.707699764587167, "r2_refit_milp_assignment_val": 0.8637256971943136, "label_mismatch_refit_milp_assignment_val": 0.025, "mse_refit_ground_truth_assignment_val": 15.517807654889406, "r2_refit_ground_truth_assignment_val": 0.8335907789436591, "label_mismatch_refit_ground_truth_assignment_val": 0.0375, "mse_ground_truth_val": 15.64619339922631, "r2_ground_truth_val": 0.8322140012322077, "label_mismatch_ground_truth_val": 0.0375, "mse_baseline_sklearn_val": 93.28740234951256, "r2_baseline_sklearn_val": -0.0003915697756784464, "random_state": 6}