{"ground_truth": [[-10, -1.337719620706157, -1.6626352006348812, -1.0611537685933308], [1, 1.6272285743807728, 1.565890653114534, 1.026132378542826], [10, 0.1, 0.1, 0.1]], "milp": [[-10.180421825687308, -1.3555635884291393, -1.679474045004175, -0.9500415663239175], [0.9059185526914644, 1.8704259579647373, 1.9808005723080062, 0.7645643864212864], [8.783030057097852, 0.8837248407753859, 0.43525402037154093, 0.1634009006668734]], "greedy": [[[-10.206713225773374, -1.3440219648585778, -1.6707717432446854, -0.9451740435214419], [1.1933971992067018, 1.4748864006046578, 1.4765239706316051, 1.0495336938228241], [9.439901358191014, 0.534155256906834, 0.0991954603590827, 0.2975800325530426]], [[-2.048329622019698, -2.6865634408060455, 1.8547982145261181, 5.350436626576664], [0.965325556345153, 4.199980773734469, -9.147593194288794, -3.6147688053908418], [-8.460057626525805, 6.258035691413863, 6.521082917670378, -6.501896985769365]], [[10.034245112163877, 0.02083943039354565, 0.023249326559760003, 0.19877562855074085], [-10.206713225773374, -1.3440219648585778, -1.6707717432446854, -0.9451740435214419], [1.1199479375384929, 1.5315781160851476, 1.5238512184019066, 1.0529964053020615]], [[9.315733836589597, 0.45156206163325013, -0.07754156965589912, 0.21303382643318797], [-10.206713225773374, -1.3440219648585778, -1.6707717432446854, -0.9451740435214419], [1.7655214353596205, 0.612150855533218, 0.19192219663424184, 1.6892817168620073]], [[-7.632834927116425, 0.023503978596614135, 3.0048591616379032, 6.231685659675062], [5.0599422452577345, -4.890820492540934, 5.748547322016757, -3.2603582945075824], [1.631413516822553, 0.7651558121672692, -7.62773496387289, -2.9587980583239304]], [[-15.524854249248033, 1.1171669941942983, 7.11102820313484, 4.362581699796759], [-3.634782130685764, 5.940297147394542, 2.9963265323236894, -7.520067944710119], [5.945004477962676, -5.381119148058455, -3.8096635440443145, 3.6940223615288774]], [[9.962640091210599, -0.8038047739869126, 0.8056432830780552, -0.4477759254511089], [-10.206713225773374, -1.3440219648585778, -1.6707717432446854, -0.9451740435214419], [1.5769423877241913, 1.5221409397373582, 0.6678710572512424, 1.6805135088609289]], [[1.631413516822553, 0.7651558121672692, -7.62773496387289, -2.9587980583239304], [5.04016384556652, -4.8268794699670385, 5.403275755510805, -3.826375357274346], [-7.2332018435829, 0.031005089997028952, 3.067338886191425, 6.111469286083813]], [[3.2845124812463453, -0.6173420176377986, -1.606151186279584, 1.8626840995463725], [-10.206713225773374, -1.3440219648585778, -1.6707717432446854, -0.9451740435214419], [9.19245822169472, 0.46896906604123706, 0.0017782295898028384, 0.19112952032723532]], [[1.1199479375384929, 1.5315781160851476, 1.5238512184019066, 1.0529964053020615], [-10.206713225773374, -1.3440219648585778, -1.6707717432446854, -0.9451740435214419], [10.034245112163877, 0.02083943039354565, 0.023249326559760003, 0.19877562855074085]], [[-3.238143618693374, -0.1090950468576588, 3.651793836797356, 4.038524792333634], [13.707955249155484, -2.288601009624283, -1.7116277632692565, -7.864155292506663], [-6.644370197567893, -2.289242618952497, -2.8973305689800117, -2.3883563709965063]], [[-10.206713225773374, -1.3440219648585778, -1.6707717432446854, -0.9451740435214419], [10.034245112163877, 0.02083943039354565, 0.023249326559760003, 0.19877562855074085], [1.1199479375384929, 1.5315781160851476, 1.5238512184019066, 1.0529964053020615]], [[4.822781711235371, 0.9181905575770021, 1.62826943631186, 0.5576372739231433], [2.339529958552989, -8.256611470148858, -4.877651390114335, -0.31806163745408816], [-10.206713225773374, -1.3440219648585778, -1.6707717432446854, -0.9451740435214419]], [[-6.182940921040501, -2.419952282706849, -2.858586430603475, -2.2405452995130783], [-15.307505642410511, 2.9248304908766896, 0.20838800661236956, 5.864096256268765], [6.418179907340868, 1.0432041129647154, 1.106232496792764, -0.46216961686485747]], [[10.034245112163877, 0.02083943039354565, 0.023249326559760003, 0.19877562855074085], [-10.206713225773374, -1.3440219648585778, -1.6707717432446854, -0.9451740435214419], [1.1199479375384929, 1.5315781160851476, 1.5238512184019066, 1.0529964053020615]], [[-9.163911095280506, 4.071821313844942, -1.285632172641379, 3.2577632596701447], [7.1529463021518325, 1.5124993510584874, 0.08231586489043756, -0.06607023927725938], [-6.449548213183988, -2.6984551047887413, -2.4504152293513473, -2.209783259762498]], [[-11.139746247380941, -1.0684841324648682, -1.4778023946662675, -0.709907570626579], [-10.525717623153227, -0.569742986257665, -0.8339620375006256, -0.8104542227883208], [5.016056086011449, 1.1143797300845482, 1.2177117453263737, 0.5027667789765209]], [[-5.043287816055515, -2.425403594301581, -3.5009583161218805, -2.325376195274301], [-15.622384697574809, 1.6436451320576915, 2.777100874445336, 6.4135088488485685], [6.629583946370699, 1.0314634379935546, 1.0619304870214894, -0.6557728883438371]], [[4.759714380631006, 2.3120636621848525, 1.3500756718221696, -1.3896467606846679], [6.956808360506311, -1.905873008960646, 0.25771655520060016, 2.33448210816845], [-10.206713225773374, -1.3440219648585778, -1.6707717432446854, -0.9451740435214419]], [[8.764316824914932, 0.3336407092824824, 0.4112393295370789, 0.10081650166100418], [-10.206713225773374, -1.3440219648585778, -1.6707717432446854, -0.9451740435214419], [1.5160996222905476, 1.0077825870077606, 0.9219739765517869, 1.1234155534067511]]], "refit_milp_assignment": [[-10.20330579418621, -1.3458468213357218, -1.672227496081003, -0.9457799698711031], [0.9055936450228383, 1.8709169132176777, 1.9814232751139584, 0.7641187544277129], [8.79594368720309, 0.8832109870886644, 0.4301411342744571, 0.16054380770307003]], "refit_ground_truth_assignment": [[-10.20330579418621, -1.3458468213357218, -1.672227496081003, -0.9457799698711031], [1.1282566400320997, 1.565765550938575, 1.540820639937503, 1.032172754925296], [9.982263474432745, 0.10291587217031095, 0.02011744348991967, 0.20557005278702065]]}