{"time_milp": 0.11847090721130371, "time_greedy": 0.8399534106254578, "time_refit_milp_assignment": 0.5524537563323975, "mse_refit_ground_truth_assignment": 0.1577922275394431, "r2_refit_ground_truth_assignment": 0.9959145378158615, "weight_mismatch_refit_ground_truth_assignment": 1.0056334630982606, "refit-weight_mismatch_refit_ground_truth_assignment": 0.0, "rand_score_refit_ground_truth_assignment": 1.0, "label_mismatch_refit_ground_truth_assignment": 0.0, "mse_milp": 0.2573251856174575, "r2_milp": 0.9933374898671499, "weight_mismatch_milp": 0.9607084702494069, "refit-weight_mismatch_milp": 0.12053001063526911, "rand_score_milp": 0.8734463276836159, "label_mismatch_milp": 0.06666666666666667, "mse_refit_milp_assignment": 0.2572853096296758, "r2_refit_milp_assignment": 0.9933385223124273, "weight_mismatch_refit_milp_assignment": 0.9652833053397032, "refit-weight_mismatch_refit_milp_assignment": 0.10535326513827006, "rand_score_refit_milp_assignment": 0.8734463276836159, "label_mismatch_refit_milp_assignment": 0.06666666666666667, "mse_greedy": 0.15779255800735018, "r2_greedy": 0.9959145292595835, "weight_mismatch_greedy": 1.0052426190941899, "refit-weight_mismatch_greedy": 0.0016702846741392988, "rand_score_greedy": 1.0, "label_mismatch_greedy": 0.0, "mse_greedy_sem": 6.367565748859375e-18, "r2_greedy_sem": 5.0940525990875e-17, "weight_mismatch_greedy_sem": 0.0, "refit-weight_mismatch_greedy_sem": 0.0, "rand_score_greedy_sem": 0.0, "label_mismatch_greedy_sem": 0.0, "mse_ground_truth": 0.2787092705375629, "r2_ground_truth": 0.9928145124202216, "weight_mismatch_ground_truth": 0, "rand_score_ground_truth": 1, "label_mismatch_ground_truth": 0, "mse_baseline_sklearn": 34.72431323983479, "r2_baseline_sklearn": 0.1009388052649034, "mse_milp_val": 9.657208191764592, "r2_milp_val": 0.7525416036520239, "label_mismatch_milp_val": 0.275, "mse_refit_milp_assignment_val": 9.664525719560526, "r2_refit_milp_assignment_val": 0.7523540977333716, "label_mismatch_refit_milp_assignment_val": 0.275, "mse_greedy_val": 9.37282627246004, "label_mismatch_greedy_val": 0.22499999999999995, "mse_greedy_val_sem": 4.07524207927e-16, "label_mismatch_greedy_val_sem": 1.273513149771875e-17, "r2_greedy_val": 0.7598286676050902, "r2_greedy_val_sem": 0.0, "mse_refit_ground_truth_assignment_val": 9.37399667465306, "r2_refit_ground_truth_assignment_val": 0.759798676965558, "label_mismatch_refit_ground_truth_assignment_val": 0.225, "mse_ground_truth_val": 8.997312627988757, "r2_ground_truth_val": 0.7694509106408043, "label_mismatch_ground_truth_val": 0.225, "mse_baseline_sklearn_val": 39.0407896653976, "r2_baseline_sklearn_val": -0.0003896582654749903, "random_state": 12}