{"ground_truth": [[10, -1.9015117147584257, -1.2695629673659368, -1.8026977483695008, -1.2668995762682498], [-10, 1.2691275081167772, 1.1889427256893819, 1.0404711103126623, 1.4365047387259582]], "milp": [[9.504269404373206, -1.9104993858313501, -1.1988897580224058, -1.7882359835131254, -1.1624698174816661], [-10.37533442549319, 1.321631302040885, 1.1373824070362635, 1.2030540247724644, 1.6061949169023588]], "greedy": [[[-10.460055638538835, 1.309869720563889, 1.1494957142301365, 1.1532969101638963, 1.607907135652478], [9.517582189780994, -1.914016218401225, -1.1902249754480108, -1.7844291541506105, -1.1730579124663052]], [[-10.460055638538835, 1.309869720563889, 1.1494957142301365, 1.1532969101638963, 1.607907135652478], [9.517582189780994, -1.914016218401225, -1.1902249754480108, -1.7844291541506105, -1.1730579124663052]], [[-10.460055638538835, 1.309869720563889, 1.1494957142301365, 1.1532969101638963, 1.607907135652478], [9.517582189780994, -1.914016218401225, -1.1902249754480108, -1.7844291541506105, -1.1730579124663052]], [[9.517582189780994, -1.914016218401225, -1.1902249754480108, -1.7844291541506105, -1.1730579124663052], [-10.460055638538835, 1.309869720563889, 1.1494957142301365, 1.1532969101638963, 1.607907135652478]], [[-10.460055638538835, 1.309869720563889, 1.1494957142301365, 1.1532969101638963, 1.607907135652478], [9.517582189780994, -1.914016218401225, -1.1902249754480108, -1.7844291541506105, -1.1730579124663052]], [[-10.460055638538835, 1.309869720563889, 1.1494957142301365, 1.1532969101638963, 1.607907135652478], [9.517582189780994, -1.914016218401225, -1.1902249754480108, -1.7844291541506105, -1.1730579124663052]], [[9.517582189780994, -1.914016218401225, -1.1902249754480108, -1.7844291541506105, -1.1730579124663052], [-10.460055638538835, 1.309869720563889, 1.1494957142301365, 1.1532969101638963, 1.607907135652478]], [[-10.460055638538835, 1.309869720563889, 1.1494957142301365, 1.1532969101638963, 1.607907135652478], [9.517582189780994, -1.914016218401225, -1.1902249754480108, -1.7844291541506105, -1.1730579124663052]], [[9.517582189780994, -1.914016218401225, -1.1902249754480108, -1.7844291541506105, -1.1730579124663052], [-10.460055638538835, 1.309869720563889, 1.1494957142301365, 1.1532969101638963, 1.607907135652478]], [[-10.460055638538835, 1.309869720563889, 1.1494957142301365, 1.1532969101638963, 1.607907135652478], [9.517582189780994, -1.914016218401225, -1.1902249754480108, -1.7844291541506105, -1.1730579124663052]], [[9.517582189780994, -1.914016218401225, -1.1902249754480108, -1.7844291541506105, -1.1730579124663052], [-10.460055638538835, 1.309869720563889, 1.1494957142301365, 1.1532969101638963, 1.607907135652478]], [[9.517582189780994, -1.914016218401225, -1.1902249754480108, -1.7844291541506105, -1.1730579124663052], [-10.460055638538835, 1.309869720563889, 1.1494957142301365, 1.1532969101638963, 1.607907135652478]], [[9.517582189780994, -1.914016218401225, -1.1902249754480108, -1.7844291541506105, -1.1730579124663052], [-10.460055638538835, 1.309869720563889, 1.1494957142301365, 1.1532969101638963, 1.607907135652478]], [[9.517582189780994, -1.914016218401225, -1.1902249754480108, -1.7844291541506105, -1.1730579124663052], [-10.460055638538835, 1.309869720563889, 1.1494957142301365, 1.1532969101638963, 1.607907135652478]], [[-10.460055638538835, 1.309869720563889, 1.1494957142301365, 1.1532969101638963, 1.607907135652478], [9.517582189780994, -1.914016218401225, -1.1902249754480108, -1.7844291541506105, -1.1730579124663052]], [[-10.460055638538835, 1.309869720563889, 1.1494957142301365, 1.1532969101638963, 1.607907135652478], [9.517582189780994, -1.914016218401225, -1.1902249754480108, -1.7844291541506105, -1.1730579124663052]], [[9.517582189780994, -1.914016218401225, -1.1902249754480108, -1.7844291541506105, -1.1730579124663052], [-10.460055638538835, 1.309869720563889, 1.1494957142301365, 1.1532969101638963, 1.607907135652478]], [[9.517582189780994, -1.914016218401225, -1.1902249754480108, -1.7844291541506105, -1.1730579124663052], [-10.460055638538835, 1.309869720563889, 1.1494957142301365, 1.1532969101638963, 1.607907135652478]], [[9.517582189780994, -1.914016218401225, -1.1902249754480108, -1.7844291541506105, -1.1730579124663052], [-10.460055638538835, 1.309869720563889, 1.1494957142301365, 1.1532969101638963, 1.607907135652478]], [[9.517582189780994, -1.914016218401225, -1.1902249754480108, -1.7844291541506105, -1.1730579124663052], [-10.460055638538835, 1.309869720563889, 1.1494957142301365, 1.1532969101638963, 1.607907135652478]]], "refit_milp_assignment": [[9.51277905151514, -1.9112992874644332, -1.1997892650844395, -1.7894196805419609, -1.1638410852171854], [-10.389009424703369, 1.3240759814407996, 1.1380494391154927, 1.204421165241788, 1.6090236333050991]], "refit_ground_truth_assignment": [[9.51816029137533, -1.9142481197339876, -1.1903465561412472, -1.7846658819501977, -1.1730983366585637], [-10.460969538037352, 1.3100471782266938, 1.1495132209814392, 1.1534661002882842, 1.6082036051518365]]}