{"time_milp": 1.7370920181274414, "time_refit_milp_assignment": 2.416703939437866, "mse_refit_ground_truth_assignment": 0.14781740935224408, "r2_refit_ground_truth_assignment": 0.9983781675898732, "weight_mismatch_refit_ground_truth_assignment": 0.47849184359847524, "refit-weight_mismatch_refit_ground_truth_assignment": 0.0, "rand_score_refit_ground_truth_assignment": 1.0, "label_mismatch_refit_ground_truth_assignment": 0.0, "mse_milp": 1.1804365301275583, "r2_milp": 0.9870484117463026, "weight_mismatch_milp": 2.2252139660233903, "refit-weight_mismatch_milp": 2.5099771305260408, "rand_score_milp": 0.9396051103368177, "label_mismatch_milp": 0.047619047619047616, "mse_refit_milp_assignment": 0.8613619017878295, "r2_refit_milp_assignment": 0.9905492549538668, "weight_mismatch_refit_milp_assignment": 0.9712677408130672, "refit-weight_mismatch_refit_milp_assignment": 0.9778868826798153, "rand_score_refit_milp_assignment": 0.9396051103368177, "label_mismatch_refit_milp_assignment": 0.047619047619047616, "mse_greedy": NaN, "r2_greedy": NaN, "mse_ground_truth": 0.19512351284168786, "r2_ground_truth": 0.9978591314886981, "weight_mismatch_ground_truth": 0, "rand_score_ground_truth": 1, "label_mismatch_ground_truth": 0, "mse_baseline_sklearn": 89.25766973755533, "r2_baseline_sklearn": 0.02080697631502415, "random_state": 5}