{"ground_truth": [[-10, -1.337719620706157, -1.6626352006348812, -1.0611537685933308], [1, 1.6272285743807728, 1.565890653114534, 1.026132378542826], [10, 0.1, 0.1, 0.1]], "milp": [[1.7712933293733268, 0.354956062888633, 0.8448071425948139, 4.486875875828143], [-9.995801220672409, -2.054211481631264, -2.098912853794846, -0.5386006212388618], [7.588007569424014, 1.0013582400555365, 1.4080346525006484, -2.077203749096401]], "greedy": [[[-2.9287895321946165, 3.9594756432695526, -3.954227566719317, 2.420206217558406], [-9.262183123448908, -1.6144707194005632, -1.932068503838014, -1.911321706560188], [6.3902118501869865, 0.5844494759703053, 1.2300686664385978, -0.1685985678219619]], [[4.60991885837977, -1.1163102027664407, -8.032323760467193, -0.11045241552128254], [7.604663781517905, -4.067054063789896, 1.8919103025857325, -7.383648451825328], [-15.207383712501231, -0.785569758508871, 4.280784505753833, 8.95219157086256]], [[1.2098940752000806, 0.9481060630627983, 0.791269172323738, 0.49798317967314104], [8.70911763234065, 1.423396702437036, 0.25564999182959286, -0.17201892515327374], [-10.679773667852539, -1.4092415229384787, -1.8790033358525098, -1.004719330357849]], [[8.70911763234065, 1.423396702437036, 0.25564999182959286, -0.17201892515327374], [1.2098940752000806, 0.9481060630627983, 0.791269172323738, 0.49798317967314104], [-10.679773667852539, -1.4092415229384787, -1.8790033358525098, -1.004719330357849]], [[4.403933748238624, 1.0090242266709144, 0.44536980127720194, 2.106442221357568], [-12.644529580833236, 3.40149349992321, -2.5463344358646576, 3.7567883003332057], [5.809953408410535, -5.365902871486775, 1.5082714758564573, -7.566089372134289]], [[-16.322082908947205, 1.368327392922259, 0.6410458511659916, 4.0634679913700165], [10.455292441253874, -5.033988227420552, -1.0989206255260462, -8.55895977906053], [3.4107275625387175, 1.124646430644752, 1.8158478172994041, 1.3205712064243655]], [[-9.036064032127397, -1.3891942387999219, -2.350345124451022, -1.9958617232187734], [6.501369776708973, 0.2791871085357068, 1.154886823267126, 0.33644957071740805], [-5.316434636526661, -5.765765208368401, 0.857000040113464, 1.970366073623575]], [[-9.9560707914673, 1.5054706979178931, -0.9677088847063268, 8.526578689805776], [-3.14070896769777, -0.8180098912440996, 6.322593008103344, 0.7463219324067955], [9.591563396697634, -1.9722880640916456, -5.551539392724371, -9.99838926057131]], [[-0.12299834743786953, 1.0751106686801069, 3.2392460085709884, 2.1699508451960856], [10.065217012234688, 1.430345124434662, -0.7904626718460759, -2.2218031139812515], [-10.679773667852539, -1.4092415229384787, -1.8790033358525098, -1.004719330357849]], [[-13.21906696659004, 9.669361151066036, 3.0182984808447304, -9.625865028109505], [0.34589841186505144, -1.6972706258690995, 6.83366238450297, 0.34922636497021387], [0.871285297339788, -4.0154564884055395, -5.5388064868370455, 4.69978377639048]], [[-11.48690612674127, -1.005296366496105, -1.5470185918510626, -1.5216305066980342], [5.468243639466518, 0.41053076478387823, 1.1374091740005232, 0.8155083827580663], [3.931366295113527, -3.5783636258219995, 3.3993857419850912, -6.532717204454556]], [[-13.401468897340955, 4.027267277185475, -2.2961122006640413, 3.694778337930286], [7.520034214248291, 0.24416215678214667, 0.7993393357282198, 0.4562955228654122], [-0.8306794510866622, -5.497486248975796, 0.3085558142294159, -2.61516147455741]], [[-10.679773667852539, -1.4092415229384787, -1.8790033358525098, -1.004719330357849], [9.215927249687313, 2.200713292930945, -0.11053265617023142, -1.5464735764347484], [0.8284605553102056, 0.10977682883426089, 2.4332228409948526, 1.8662027440139854]], [[-10.679773667852539, -1.4092415229384787, -1.8790033358525098, -1.004719330357849], [9.583817714959665, 0.5576047094460372, 0.3436035881071197, -1.2057915565226245], [-1.0629519589237102, 1.435395707713914, 3.128814894484517, 1.9808507774336144]], [[1.2098940752000806, 0.9481060630627983, 0.791269172323738, 0.49798317967314104], [-10.679773667852539, -1.4092415229384787, -1.8790033358525098, -1.004719330357849], [8.70911763234065, 1.423396702437036, 0.25564999182959286, -0.17201892515327374]], [[8.70911763234065, 1.423396702437036, 0.25564999182959286, -0.17201892515327374], [1.2098940752000806, 0.9481060630627983, 0.791269172323738, 0.49798317967314104], [-10.679773667852539, -1.4092415229384787, -1.8790033358525098, -1.004719330357849]], [[1.0562327499122746, 0.22065053405654592, 2.2708184291041578, 1.3573226899991468], [8.769186802561318, 2.243523224986955, 0.5085641141086891, -1.057033804789877], [-10.679773667852539, -1.4092415229384787, -1.8790033358525098, -1.004719330357849]], [[5.809953408410535, -5.365902871486775, 1.5082714758564573, -7.566089372134289], [-12.644529580833236, 3.40149349992321, -2.5463344358646576, 3.7567883003332057], [4.403933748238624, 1.0090242266709144, 0.44536980127720194, 2.106442221357568]], [[4.156795353686261, -2.6261369348635295, 3.086652049921624, -5.620571856879328], [-10.679773667852539, -1.4092415229384787, -1.8790033358525098, -1.004719330357849], [5.301290878344132, 0.34700449974364017, 1.0952906999976881, 0.9640077315149241]], [[5.7078583843357436, -5.336454525192842, 1.3480919759468475, -7.49262692290645], [4.37460140642405, 1.0224835746361363, 0.31772745578447015, 2.180670085178908], [-12.644529580833236, 3.40149349992321, -2.5463344358646576, 3.7567883003332057]]], "refit_milp_assignment": [[1.771651538475644, 0.35430588943786595, 0.8444579061608347, 4.48811728575639], [-10.011391027458487, -2.0506362071633792, -2.096497220357301, -0.5328306036257712], [7.599075943902193, 1.0007457052414193, 1.4046113135788927, -2.080556236708797]], "refit_ground_truth_assignment": [[-9.670655052526518, -2.009721676198487, -2.124044791260477, -0.8399525544111066], [1.5204234657224434, 0.9041420905706468, 1.4085585129146507, 1.004044703937553], [8.63094196252905, 1.4675111303152497, 0.35882120463104167, 0.052965337954744326]]}