{"time_milp": 1.1073601245880127, "time_refit_milp_assignment": 1.562352180480957, "mse_refit_ground_truth_assignment": 14.52100612089521, "r2_refit_ground_truth_assignment": 0.8601531502676635, "weight_mismatch_refit_ground_truth_assignment": 1.4335699640464536, "refit-weight_mismatch_refit_ground_truth_assignment": 0.0, "rand_score_refit_ground_truth_assignment": 1.0, "label_mismatch_refit_ground_truth_assignment": 0.0, "mse_milp": 12.83745131354366, "r2_milp": 0.876366891533226, "weight_mismatch_milp": 0.9214755188134404, "refit-weight_mismatch_milp": 1.4211850706311995, "rand_score_milp": 0.9216326530612244, "label_mismatch_milp": 0.04, "mse_refit_milp_assignment": 12.576492602942121, "r2_refit_milp_assignment": 0.8788800957343677, "weight_mismatch_refit_milp_assignment": 1.357412965290154, "refit-weight_mismatch_refit_milp_assignment": 0.38744606188130715, "rand_score_refit_milp_assignment": 0.9216326530612244, "label_mismatch_refit_milp_assignment": 0.04, "mse_greedy": NaN, "r2_greedy": NaN, "mse_ground_truth": 15.680109381916523, "r2_ground_truth": 0.8489902226978543, "weight_mismatch_ground_truth": 0, "rand_score_ground_truth": 1, "label_mismatch_ground_truth": 0, "mse_baseline_sklearn": 103.07603048896156, "r2_baseline_sklearn": 0.007322064394628791, "random_state": 8}