{"ground_truth": [[-10, -1.5971504886610985, -1.5896447789367534], [1, 1.3820727929338132, 1.6880909589929485], [10, 0.1, 0.1]], "milp": [[7.1901515523132336, 0.7008652526706862, 0.3551897541688367], [1.2046521764974507, -2.9032117453586146, -2.1804204394602356], [-7.246337979284403, -1.3983387270726853, -3.2502547446512704]], "greedy": [[[-4.821617284139061, -1.0037474524053362, -4.416078874842616], [-16.697924345538087, 0.6315478704559915, 5.27839609001352], [9.29004714571843, 0.5408562564747595, -0.457916824335873]], [[-10.23878800711151, -1.393645165064806, -2.0827679342321157], [10.41532754775024, 0.1948733600180841, -0.4548595439034869], [-2.407675009918319, 0.9799005752141529, 2.681099138950761]], [[4.655501223299196, 2.216549666143057, 0.11916519528243574], [-8.722324141602758, -1.709559244035157, -2.591391283299637], [8.413393302006035, -1.3138279367247805, -0.06269884939977259]], [[10.438977995970484, 0.09796934099618278, -0.2978039203038521], [-10.23878800711151, -1.393645165064806, -2.0827679342321157], [-2.36490132153269, 1.1064389797903895, 2.349076439929948]], [[9.793634535405765, 0.20558224180103601, -0.06158312836374182], [-6.771214096980945, -4.644866588467011, 0.8725459055161661], [-4.218017290019991, 0.12371343987054116, -4.097317012636291]], [[-7.844762379773734, -1.1251852697869495, -3.200610120896326], [9.279864713111026, 0.24164878839426285, 0.0041867959467370725], [-5.571645412085383, -3.7661219627193234, 1.4675162320262136]], [[-7.6832390300975355, 3.659173591090348, 1.8894016825111741], [-5.892765826917414, -2.8939772725420787, -2.702951084118238], [10.851778885521634, 0.41534194791752405, -0.37569323230289753]], [[0.00713070615148137, 1.211298133920449, 1.8099352172183993], [-9.214818345452816, -1.618913407476948, -2.4310429822292168], [11.694305695656213, 0.23093638487832502, -1.1731862329726648]], [[-10.23878800711151, -1.393645165064806, -2.0827679342321157], [11.008260040058603, 0.2500459319644656, -0.32310634665422], [-1.147242027663495, 1.7020909965545232, 1.4346441038373212]], [[-4.556540099878966, 0.22016156345515506, -3.9388586820100095], [9.80567516181821, 0.35791382250858855, -0.23154608430981213], [-6.454606369361689, -4.930793207080855, 1.0623025070038776]], [[8.149081535766069, -0.4973685561265038, 0.2030028283849142], [4.416476040885212, 2.9329566454686704, 0.19967730590598012], [-8.722324141602758, -1.709559244035157, -2.591391283299637]], [[-8.722324141602758, -1.709559244035157, -2.591391283299637], [4.655501223299196, 2.216549666143057, 0.11916519528243574], [8.413393302006035, -1.3138279367247805, -0.06269884939977259]], [[16.28169730436429, -0.6967101784711727, -10.182856391501703], [-3.5828459973064217, 2.942830983271106, 1.7817124246440887], [-4.412467746950941, -5.632121105041518, 0.6934281021767896]], [[-4.177231807861779, -1.1903243034954318, -4.525521046498598], [-15.402844197510738, 0.5329218867087039, 4.975523362749357], [10.46192911908665, 0.11221610557160039, -0.45366978443103706]], [[10.592285722319247, 0.0751605579761961, -0.5762719095911374], [-5.892765826917414, -2.8939772725420787, -2.702951084118238], [-8.296076659332297, 3.3584850327886477, 1.2861039630269577]], [[4.913372512914078, 3.8467048048215817, -0.7738523528035379], [8.503928467535836, -0.33870784809252336, 0.05385388483353291], [-8.963248564611462, -1.6191649779322361, -2.5276612181440794]], [[-9.462731659712293, -2.0866268988348438, -2.418043722656902], [-0.36943882210142487, -3.4126653589089306, -1.2146666424975576], [8.68787250691025, 0.33241751411504183, 0.16382722965810825]], [[-4.556540099878966, 0.22016156345515506, -3.9388586820100095], [-6.454606369361689, -4.930793207080855, 1.0623025070038776], [9.80567516181821, 0.35791382250858855, -0.23154608430981213]], [[9.320147657876689, 0.7058225444443267, -0.21968441156431284], [-7.527674371836678, -2.022502405356568, -2.848302207519183], [-9.818761070386959, 4.414660283324061, 1.6151230181396299]], [[10.592285722319247, 0.0751605579761961, -0.5762719095911374], [-8.296076659332297, 3.3584850327886477, 1.2861039630269577], [-5.892765826917414, -2.8939772725420787, -2.702951084118238]]], "refit_milp_assignment": [[7.196926969597982, 0.6999598350923134, 0.35362022082448147], [12.16, 0.0, 0.0], [-7.251890590650713, -1.3981523789257435, -3.248418075260002]], "refit_ground_truth_assignment": [[-9.420118330624359, -1.555075617279245, -2.3513417477178913], [0.5321755215384769, 1.6154653281558793, 1.3712952728044567], [11.097325280633765, -0.07299310967546742, -0.45693027453898377]]}