{"time_milp": 2.616497278213501, "time_refit_milp_assignment": 3.2911882400512695, "mse_refit_ground_truth_assignment": 8.053559518361673, "r2_refit_ground_truth_assignment": 0.9219419892889569, "weight_mismatch_refit_ground_truth_assignment": 6.92300164548671, "refit-weight_mismatch_refit_ground_truth_assignment": 0.0, "rand_score_refit_ground_truth_assignment": 1.0, "label_mismatch_refit_ground_truth_assignment": 0.0, "mse_milp": 5.9478609295915525, "r2_milp": 0.942351181351386, "weight_mismatch_milp": 4.451802854536469, "refit-weight_mismatch_milp": 2.51216373784193, "rand_score_milp": 0.7968253968253968, "label_mismatch_milp": 0.2222222222222222, "mse_refit_milp_assignment": 5.9478072959646076, "r2_refit_milp_assignment": 0.9423517011878901, "weight_mismatch_refit_milp_assignment": 4.452331124911812, "refit-weight_mismatch_refit_milp_assignment": 2.511853380914127, "rand_score_refit_milp_assignment": 0.7968253968253968, "label_mismatch_refit_milp_assignment": 0.2222222222222222, "mse_greedy": NaN, "r2_greedy": NaN, "mse_ground_truth": 12.89458155806992, "r2_ground_truth": 0.875021053351699, "weight_mismatch_ground_truth": 0, "rand_score_ground_truth": 1, "label_mismatch_ground_truth": 0, "mse_baseline_sklearn": 100.4245330985484, "r2_baseline_sklearn": 0.026604021076547357, "random_state": 9}