{"time_milp": 25.121797800064087, "time_refit_milp_assignment": 25.572117567062378, "mse_refit_ground_truth_assignment": 22.52036756256717, "r2_refit_ground_truth_assignment": 0.8663431525516212, "weight_mismatch_refit_ground_truth_assignment": 5.441208792933422, "refit-weight_mismatch_refit_ground_truth_assignment": 0.0, "rand_score_refit_ground_truth_assignment": 1.0, "label_mismatch_refit_ground_truth_assignment": 0.0, "mse_milp": 22.520375007647154, "r2_milp": 0.8663431083655786, "weight_mismatch_milp": 5.434532582653611, "refit-weight_mismatch_milp": 0.00722210594943216, "rand_score_milp": 1.0, "label_mismatch_milp": 0.0, "mse_refit_milp_assignment": 22.52036756256717, "r2_refit_milp_assignment": 0.8663431525516212, "weight_mismatch_refit_milp_assignment": 5.441208792933422, "refit-weight_mismatch_refit_milp_assignment": 0.0, "rand_score_refit_milp_assignment": 1.0, "label_mismatch_refit_milp_assignment": 0.0, "mse_greedy": NaN, "r2_greedy": NaN, "mse_ground_truth": 36.75831652175603, "r2_ground_truth": 0.7959445064568132, "weight_mismatch_ground_truth": 0, "rand_score_ground_truth": 1, "label_mismatch_ground_truth": 0, "mse_baseline_sklearn": 164.29478738807134, "r2_baseline_sklearn": 0.024921628233491644, "mse_milp_val": 35.2251051722564, "r2_milp_val": 0.8217201299069012, "label_mismatch_milp_val": 0.0, "mse_refit_milp_assignment_val": 35.217372932337575, "r2_refit_milp_assignment_val": 0.821759264005196, "label_mismatch_refit_milp_assignment_val": 0.0, "mse_refit_ground_truth_assignment_val": 35.217372932337575, "r2_refit_ground_truth_assignment_val": 0.821759264005196, "label_mismatch_refit_ground_truth_assignment_val": 0.0, "mse_ground_truth_val": 43.92250309520794, "r2_ground_truth_val": 0.7777012131635943, "label_mismatch_ground_truth_val": 0.0, "mse_baseline_sklearn_val": 197.58342092290454, "r2_baseline_sklearn_val": -1.1765026355359254e-06, "random_state": 5}