{"time_milp": 0.39133691787719727, "time_greedy": 1.1713186144828795, "time_refit_milp_assignment": 1.0664057731628418, "mse_refit_ground_truth_assignment": 8.053559518361673, "r2_refit_ground_truth_assignment": 0.9219419892889569, "weight_mismatch_refit_ground_truth_assignment": 6.92300164548671, "refit-weight_mismatch_refit_ground_truth_assignment": 0.0, "rand_score_refit_ground_truth_assignment": 1.0, "label_mismatch_refit_ground_truth_assignment": 0.0, "mse_milp": 9.999507311189989, "r2_milp": 0.9030811597005735, "weight_mismatch_milp": 19.554269667684885, "refit-weight_mismatch_milp": 14.385605211745354, "rand_score_milp": 0.7158730158730159, "label_mismatch_milp": 0.3888888888888889, "mse_refit_milp_assignment": 9.999471588354739, "r2_refit_milp_assignment": 0.9030815059392087, "weight_mismatch_refit_milp_assignment": 19.57007273404341, "refit-weight_mismatch_refit_milp_assignment": 14.38958646281667, "rand_score_refit_milp_assignment": 0.7158730158730159, "label_mismatch_refit_milp_assignment": 0.3888888888888889, "mse_greedy": 8.81074629118348, "r2_greedy": 0.9146030613169925, "weight_mismatch_greedy": 11.871557919529895, "refit-weight_mismatch_greedy": 12.41968432160127, "rand_score_greedy": 0.6938095238095237, "label_mismatch_greedy": 0.3916666666666667, "mse_greedy_sem": 0.559313573771697, "r2_greedy_sem": 0.005421069383390416, "weight_mismatch_greedy_sem": 1.0078686765702334, "refit-weight_mismatch_greedy_sem": 1.0860045346737877, "rand_score_greedy_sem": 0.010836136836167085, "label_mismatch_greedy_sem": 0.015854991855300458, "mse_ground_truth": 12.89458155806992, "r2_ground_truth": 0.875021053351699, "weight_mismatch_ground_truth": 0, "rand_score_ground_truth": 1, "label_mismatch_ground_truth": 0, "mse_baseline_sklearn": 100.4245330985484, "r2_baseline_sklearn": 0.026604021076547357, "random_state": 9}