{"time_milp": 123.90055704116821, "time_greedy": 0.473490571975708, "time_refit_milp_assignment": 126.65162229537964, "mse_refit_ground_truth_assignment": 0.34003907025944363, "r2_refit_ground_truth_assignment": 0.9969566675202802, "weight_mismatch_refit_ground_truth_assignment": 0.9820107936406771, "refit-weight_mismatch_refit_ground_truth_assignment": 0.0, "rand_score_refit_ground_truth_assignment": 1.0, "label_mismatch_refit_ground_truth_assignment": 0.0, "mse_milp": 0.3023954329115349, "r2_milp": 0.997293576170537, "weight_mismatch_milp": 0.9767053588589181, "refit-weight_mismatch_milp": 0.3605974396350378, "rand_score_milp": 0.9640062597809077, "label_mismatch_milp": 0.027777777777777776, "mse_refit_milp_assignment": 0.30236348828105203, "r2_refit_milp_assignment": 0.9972938620733641, "weight_mismatch_refit_milp_assignment": 0.9581528612864569, "refit-weight_mismatch_refit_milp_assignment": 0.3360334259023884, "rand_score_refit_milp_assignment": 0.9640062597809077, "label_mismatch_refit_milp_assignment": 0.027777777777777776, "mse_greedy": 3.9138153692771076, "r2_greedy": 0.9649715504049, "weight_mismatch_greedy": 10.105925773598605, "refit-weight_mismatch_greedy": 9.481417631968558, "rand_score_greedy": 0.8407472613458529, "label_mismatch_greedy": 0.19236111111111112, "mse_greedy_sem": 1.4123475501360705, "r2_greedy_sem": 0.012640439137485825, "weight_mismatch_greedy_sem": 2.613265166987861, "refit-weight_mismatch_greedy_sem": 2.6447087301569003, "rand_score_greedy_sem": 0.027215103369424197, "label_mismatch_greedy_sem": 0.039416262789040646, "mse_ground_truth": 0.4180516330958391, "r2_ground_truth": 0.9962738622484214, "weight_mismatch_ground_truth": 0, "rand_score_ground_truth": 1, "label_mismatch_ground_truth": 0, "mse_baseline_sklearn": 107.2973876384332, "r2_baseline_sklearn": 0.03969380771456066, "mse_milp_val": 0.708981919621964, "r2_milp_val": 0.9937191463025317, "label_mismatch_milp_val": 0.041666666666666664, "mse_refit_milp_assignment_val": 0.7094281621686461, "r2_refit_milp_assignment_val": 0.9937151930505915, "label_mismatch_refit_milp_assignment_val": 0.041666666666666664, "mse_greedy_val": 6.549300719207937, "label_mismatch_greedy_val": 0.2145833333333333, "mse_greedy_val_sem": 3.1719492210614892, "label_mismatch_greedy_val_sem": 0.040019526483955306, "r2_greedy_val": 0.9419799031546494, "r2_greedy_val_sem": 0.028100221517508735, "mse_refit_ground_truth_assignment_val": 0.6101450026817536, "r2_refit_ground_truth_assignment_val": 0.9945947401618804, "label_mismatch_refit_ground_truth_assignment_val": 0.0, "mse_ground_truth_val": 0.42254982194495644, "r2_ground_truth_val": 0.9962566413358712, "label_mismatch_ground_truth_val": 0.0, "mse_baseline_sklearn_val": 112.89734107868343, "r2_baseline_sklearn_val": -0.00015481710236509016}