{"time_milp": 0.38744282722473145, "time_greedy": 0.9425020694732666, "time_refit_milp_assignment": 0.8108069896697998, "mse_refit_ground_truth_assignment": 2.2124600476265806, "r2_refit_ground_truth_assignment": 0.9721006437898067, "weight_mismatch_refit_ground_truth_assignment": 0.5183072833696031, "refit-weight_mismatch_refit_ground_truth_assignment": 0.0, "rand_score_refit_ground_truth_assignment": 1.0, "label_mismatch_refit_ground_truth_assignment": 0.0, "mse_milp": 2.2124615403613648, "r2_milp": 0.9721006249662625, "weight_mismatch_milp": 0.5208772259882138, "refit-weight_mismatch_milp": 0.007087085369885255, "rand_score_milp": 1.0, "label_mismatch_milp": 0.0, "mse_refit_milp_assignment": 2.2124600476265806, "r2_refit_milp_assignment": 0.9721006437898067, "weight_mismatch_refit_milp_assignment": 0.5183072833696031, "refit-weight_mismatch_refit_milp_assignment": 0.0, "rand_score_refit_milp_assignment": 1.0, "label_mismatch_refit_milp_assignment": 0.0, "mse_greedy": 14.666398537932656, "r2_greedy": 0.8150551565577902, "weight_mismatch_greedy": 10.248466619882041, "refit-weight_mismatch_greedy": 9.850644499452535, "rand_score_greedy": 0.733718487394958, "label_mismatch_greedy": 0.22791666666666668, "mse_greedy_sem": 2.631567547468755, "r2_greedy_sem": 0.03318434630120265, "weight_mismatch_greedy_sem": 2.100908559123096, "refit-weight_mismatch_greedy_sem": 2.123893075804858, "rand_score_greedy_sem": 0.05538822816084756, "label_mismatch_greedy_sem": 0.048089505213673236, "mse_ground_truth": 2.2088619101193436, "r2_ground_truth": 0.9732178239256648, "weight_mismatch_ground_truth": 0, "rand_score_ground_truth": 1, "label_mismatch_ground_truth": 0, "mse_baseline_sklearn": 78.304410753926, "r2_baseline_sklearn": 0.012637231241265923, "mse_milp_val": 2.136640647457626, "r2_milp_val": 0.9755031046427712, "label_mismatch_milp_val": 0.0, "mse_refit_milp_assignment_val": 2.135211165035337, "r2_refit_milp_assignment_val": 0.9755194938663664, "label_mismatch_refit_milp_assignment_val": 0.0, "mse_greedy_val": 24.937364849325313, "label_mismatch_greedy_val": 0.22374999999999998, "mse_greedy_val_sem": 4.799756131573037, "label_mismatch_greedy_val_sem": 0.04834344646164021, "r2_greedy_val": 0.7140894900011145, "r2_greedy_val_sem": 0.055029901184023934, "mse_refit_ground_truth_assignment_val": 2.135211165035337, "r2_refit_ground_truth_assignment_val": 0.9755194938663664, "label_mismatch_refit_ground_truth_assignment_val": 0.0, "mse_ground_truth_val": 2.0099109358219414, "r2_ground_truth_val": 0.9769560791933982, "label_mismatch_ground_truth_val": 0.0, "mse_baseline_sklearn_val": 87.24456188987911, "r2_baseline_sklearn_val": -0.00027157381223918975, "random_state": 7}