{"ground_truth": [[-10, 0.2, 0.4, 0.3], [10, -0.2, -0.4, -0.3]], "milp": [[9.655058777885753, -0.25923226735160987, -0.36760363915607197, -0.28790949031733976], [-10.001598750004677, 0.08252967000426187, 0.4815539929987463, 0.39038862250148854]], "greedy": [[[9.65671356874337, -0.25946873676201154, -0.3676793162845182, -0.28804707834431054], [-10.004198730761638, 0.0828034063917124, 0.48155062142839733, 0.39080245081568354]], [[-10.004198730761638, 0.0828034063917124, 0.48155062142839733, 0.39080245081568354], [9.65671356874337, -0.25946873676201154, -0.3676793162845182, -0.28804707834431054]], [[-0.5526881574398932, 1.1130867938844866, -2.820257514391794, 1.916582621273077], [-0.5096968448437097, -1.2251037600358252, 2.983013952717216, -1.9118578260930008]], [[4.381074281708797, -3.7228340837663656, -0.4556680968217591, 1.646917366384777], [-2.696689671644685, 2.694659394204237, 0.2763397288177155, -1.545113980136646]], [[-0.018722930710072805, -0.13126454760962813, -2.6133761170067245, 2.4758495198872086], [-0.9387379425686987, -0.21638539818073935, 3.0316706451501054, -2.2366872187316487]], [[-0.5184245242043649, 1.4202886092301026, -2.7315627517214183, 1.9210149246909685], [-0.5303681170794682, -1.524972580669086, 2.8397076754936488, -1.922018634542021]], [[-10.004198730761638, 0.0828034063917124, 0.48155062142839733, 0.39080245081568354], [9.65671356874337, -0.25946873676201154, -0.3676793162845182, -0.28804707834431054]], [[-10.004198730761638, 0.0828034063917124, 0.48155062142839733, 0.39080245081568354], [9.65671356874337, -0.25946873676201154, -0.3676793162845182, -0.28804707834431054]], [[9.65671356874337, -0.25946873676201154, -0.3676793162845182, -0.28804707834431054], [-10.004198730761638, 0.0828034063917124, 0.48155062142839733, 0.39080245081568354]], [[-1.3144138717500555, -2.3725813985413553, 2.583722173390831, -1.314224224233154], [0.6172134952425223, 2.138734220015866, -2.6824341748208442, 1.246117595323495]], [[4.024897258974246, -3.7397566581503834, -0.48622459938337537, 1.6835738892190977], [-2.300876485007059, 2.762891026499737, 0.35018994192697905, -1.5717271956438132]], [[-10.004198730761638, 0.0828034063917124, 0.48155062142839733, 0.39080245081568354], [9.65671356874337, -0.25946873676201154, -0.3676793162845182, -0.28804707834431054]], [[-4.506226099919314, -2.4424705311641284, 2.2568146635375497, 0.005989558544362957], [5.35508544258311, 2.011001226523013, -2.3474669599573175, -0.5650960622486108]], [[-0.749156648540191, -3.46247391778924, 1.384046482138931, 0.5241427325580016], [2.503179959717052, 2.8960360670159644, -1.8167137569831109, -0.8445358663418262]], [[-0.304462218718872, 3.30488521031078, -1.555918227186865, 0.02474021128877744], [1.266037964507058, -3.777125442905072, 1.1414230419948468, 0.09422062676272075]], [[9.65671356874337, -0.25946873676201154, -0.3676793162845182, -0.28804707834431054], [-10.004198730761638, 0.0828034063917124, 0.48155062142839733, 0.39080245081568354]], [[3.682192647060667, -3.3839047565673113, 0.5801681237869634, 1.394587522581727], [-1.1666160963523253, 2.2182362654282084, -1.500852738330934, -1.5146930737645312]], [[-10.004198730761638, 0.0828034063917124, 0.48155062142839733, 0.39080245081568354], [9.65671356874337, -0.25946873676201154, -0.3676793162845182, -0.28804707834431054]], [[9.65671356874337, -0.25946873676201154, -0.3676793162845182, -0.28804707834431054], [-10.004198730761638, 0.0828034063917124, 0.48155062142839733, 0.39080245081568354]], [[-2.03626907689158, -2.821640497561194, 0.09925453809429874, 2.552694941753513], [4.107871475005987, 1.9980794311868277, -0.4873639620318478, -2.5749194812685516]]], "refit_milp_assignment": [[9.658010081071824, -0.25963774350464086, -0.36811585494848575, -0.2882271175316666], [-10.005511475746726, 0.08309891081761558, 0.4821405108728551, 0.3910261391634756]], "refit_ground_truth_assignment": [[-10.005511475746726, 0.08309891081761558, 0.4821405108728551, 0.3910261391634756], [9.658010081071824, -0.25963774350464086, -0.36811585494848575, -0.2882271175316666]]}