{"time_milp": 2.850090980529785, "time_refit_milp_assignment": 3.303424596786499, "mse_refit_ground_truth_assignment": 4.511481353589324, "r2_refit_ground_truth_assignment": 0.7907195647464182, "weight_mismatch_refit_ground_truth_assignment": 1.0275767160769902, "refit-weight_mismatch_refit_ground_truth_assignment": 0.0, "rand_score_refit_ground_truth_assignment": 1.0, "label_mismatch_refit_ground_truth_assignment": 0.0, "mse_milp": 3.863178449368908, "r2_milp": 0.8207933040213163, "weight_mismatch_milp": 0.9051985053015529, "refit-weight_mismatch_milp": 1.1825040781005836, "rand_score_milp": 0.7118012422360248, "label_mismatch_milp": 0.17142857142857143, "mse_refit_milp_assignment": 3.8631673079966675, "r2_refit_milp_assignment": 0.8207938208518315, "weight_mismatch_refit_milp_assignment": 0.9044954177486668, "refit-weight_mismatch_refit_milp_assignment": 1.1952585785005678, "rand_score_refit_milp_assignment": 0.7118012422360248, "label_mismatch_refit_milp_assignment": 0.17142857142857143, "mse_greedy": NaN, "r2_greedy": NaN, "mse_ground_truth": 4.669868659745992, "r2_ground_truth": 0.7833722298528055, "weight_mismatch_ground_truth": 0, "rand_score_ground_truth": 1, "label_mismatch_ground_truth": 0, "mse_baseline_sklearn": 21.51952209105008, "r2_baseline_sklearn": 0.001700250252048674, "random_state": 3}