{"ground_truth": [[-5, 2, 4], [5, -2, -4]], "milp": [[4.815924381328709, -1.9816776497447712, -3.9313239902903163], [-5.671861148944632, 2.114871092957015, 3.808959421766097]], "refit_milp_assignment": [[4.821397066437719, -1.98378695709232, -3.9339447896068314], [-5.678121333030019, 2.117032865987749, 3.8119426369573994]], "refit_ground_truth_assignment": [[-5.0067891815521675, 2.1608841965948695, 3.7119334306762735], [4.365318547246216, -1.7729155303413147, -3.8205573752379958]]}