{"time_milp": 9.180222034454346, "time_refit_milp_assignment": 9.90825605392456, "mse_refit_ground_truth_assignment": 0.13870609632076647, "r2_refit_ground_truth_assignment": 0.9992778620529306, "weight_mismatch_refit_ground_truth_assignment": 1.2880269478879631, "refit-weight_mismatch_refit_ground_truth_assignment": 0.0, "rand_score_refit_ground_truth_assignment": 1.0, "label_mismatch_refit_ground_truth_assignment": 0.0, "mse_milp": 5.184313173517109, "r2_milp": 0.9730091944666148, "weight_mismatch_milp": 5.8925533033195565, "refit-weight_mismatch_milp": 5.573707487317504, "rand_score_milp": 0.6954802259887005, "label_mismatch_milp": 0.18333333333333332, "mse_refit_milp_assignment": 5.1842475468139035, "r2_refit_milp_assignment": 0.9730095361353229, "weight_mismatch_refit_milp_assignment": 5.859608332943823, "refit-weight_mismatch_refit_milp_assignment": 5.540050117724604, "rand_score_refit_milp_assignment": 0.6954802259887005, "label_mismatch_refit_milp_assignment": 0.18333333333333332, "mse_greedy": NaN, "r2_greedy": NaN, "mse_ground_truth": 0.2594939593127938, "r2_ground_truth": 0.9984442764085517, "weight_mismatch_ground_truth": 0, "rand_score_ground_truth": 1, "label_mismatch_ground_truth": 0, "mse_baseline_sklearn": 171.2286730175814, "r2_baseline_sklearn": 0.10854154437167696, "mse_milp_val": 59.93034975559262, "r2_milp_val": 0.5131242476354463, "label_mismatch_milp_val": 0.275, "mse_refit_milp_assignment_val": 59.961030044480694, "r2_refit_milp_assignment_val": 0.5128750001540606, "label_mismatch_refit_milp_assignment_val": 0.275, "mse_refit_ground_truth_assignment_val": 50.43329284952497, "r2_refit_ground_truth_assignment_val": 0.5902785900554015, "label_mismatch_refit_ground_truth_assignment_val": 0.275, "mse_ground_truth_val": 48.50649838857227, "r2_ground_truth_val": 0.6059319194061226, "label_mismatch_ground_truth_val": 0.275, "mse_baseline_sklearn_val": 132.73646855322886, "r2_baseline_sklearn_val": -0.0783545942352255, "random_state": 7}