{"time_milp": 26.045140981674194, "time_refit_milp_assignment": 26.668296098709106, "mse_refit_ground_truth_assignment": 11.23702086889538, "r2_refit_ground_truth_assignment": 0.8906620220218382, "weight_mismatch_refit_ground_truth_assignment": 1.5807215458535622, "refit-weight_mismatch_refit_ground_truth_assignment": 0.0, "rand_score_refit_ground_truth_assignment": 1.0, "label_mismatch_refit_ground_truth_assignment": 0.0, "mse_milp": 11.23702696370758, "r2_milp": 0.8906619627183582, "weight_mismatch_milp": 1.5739764333872037, "refit-weight_mismatch_milp": 0.006933562310304814, "rand_score_milp": 1.0, "label_mismatch_milp": 0.0, "mse_refit_milp_assignment": 11.23702086889538, "r2_refit_milp_assignment": 0.8906620220218382, "weight_mismatch_refit_milp_assignment": 1.5807215458535622, "refit-weight_mismatch_refit_milp_assignment": 0.0, "rand_score_refit_milp_assignment": 1.0, "label_mismatch_refit_milp_assignment": 0.0, "mse_greedy": NaN, "r2_greedy": NaN, "mse_ground_truth": 14.291352262556694, "r2_ground_truth": 0.8633305764446073, "weight_mismatch_ground_truth": 0, "rand_score_ground_truth": 1, "label_mismatch_ground_truth": 0, "mse_baseline_sklearn": 101.80581239887447, "r2_baseline_sklearn": 0.009413455400013482, "mse_milp_val": 18.82415243246736, "r2_milp_val": 0.823482819519125, "label_mismatch_milp_val": 0.0, "mse_refit_milp_assignment_val": 18.825620285000007, "r2_refit_milp_assignment_val": 0.8234690552239541, "label_mismatch_refit_milp_assignment_val": 0.0, "mse_refit_ground_truth_assignment_val": 18.825620285000007, "r2_refit_ground_truth_assignment_val": 0.8234690552239541, "label_mismatch_refit_ground_truth_assignment_val": 0.0, "mse_ground_truth_val": 18.13852882959074, "r2_ground_truth_val": 0.8299120250668969, "label_mismatch_ground_truth_val": 0.0, "mse_baseline_sklearn_val": 107.67347153847656, "r2_baseline_sklearn_val": -0.009671892359851109, "random_state": 2}