{"time_milp": 0.4791860580444336, "time_greedy": 1.0171204566955567, "time_refit_milp_assignment": 0.9788908958435059, "mse_refit_ground_truth_assignment": 12.630954874178693, "r2_refit_ground_truth_assignment": 0.8945319638907345, "weight_mismatch_refit_ground_truth_assignment": 1.4834271203987082, "refit-weight_mismatch_refit_ground_truth_assignment": 0.0, "rand_score_refit_ground_truth_assignment": 1.0, "label_mismatch_refit_ground_truth_assignment": 0.0, "mse_milp": 12.630960275800536, "r2_milp": 0.8945319187873791, "weight_mismatch_milp": 1.4789886026600836, "refit-weight_mismatch_milp": 0.006252819823991637, "rand_score_milp": 1.0, "label_mismatch_milp": 0.0, "mse_refit_milp_assignment": 12.630954874178693, "r2_refit_milp_assignment": 0.8945319638907345, "weight_mismatch_refit_milp_assignment": 1.4834271203987082, "refit-weight_mismatch_refit_milp_assignment": 0.0, "rand_score_refit_milp_assignment": 1.0, "label_mismatch_refit_milp_assignment": 0.0, "mse_greedy": 28.05243946680787, "r2_greedy": 0.7657631011977901, "weight_mismatch_greedy": 7.240482950279701, "refit-weight_mismatch_greedy": 7.109849258732669, "rand_score_greedy": 0.7391876750700279, "label_mismatch_greedy": 0.21833333333333335, "mse_greedy_sem": 3.2178612857062507, "r2_greedy_sem": 0.026869030382593445, "weight_mismatch_greedy_sem": 1.4374597697795246, "refit-weight_mismatch_greedy_sem": 1.684707220883955, "rand_score_greedy_sem": 0.054363097689168985, "label_mismatch_greedy_sem": 0.04664786588701423, "mse_ground_truth": 13.585968014118903, "r2_ground_truth": 0.8838889473102627, "weight_mismatch_ground_truth": 0, "rand_score_ground_truth": 1, "label_mismatch_ground_truth": 0, "mse_baseline_sklearn": 118.26234514480457, "r2_baseline_sklearn": 0.012513510471258926, "mse_milp_val": 12.114944666236322, "r2_milp_val": 0.8926422457509241, "label_mismatch_milp_val": 0.0, "mse_refit_milp_assignment_val": 12.112086552341266, "r2_refit_milp_assignment_val": 0.8926675732037203, "label_mismatch_refit_milp_assignment_val": 0.0, "mse_greedy_val": 41.3321140440779, "label_mismatch_greedy_val": 0.18125, "mse_greedy_val_sem": 6.295156185716264, "label_mismatch_greedy_val_sem": 0.03912593533437218, "r2_greedy_val": 0.6337314726244302, "r2_greedy_val_sem": 0.055785135579627346, "mse_refit_ground_truth_assignment_val": 12.112086552341266, "r2_refit_ground_truth_assignment_val": 0.8926675732037203, "label_mismatch_refit_ground_truth_assignment_val": 0.0, "mse_ground_truth_val": 11.921397034100838, "r2_ground_truth_val": 0.8943573868183201, "label_mismatch_ground_truth_val": 0.0, "mse_baseline_sklearn_val": 112.90127040227189, "r2_baseline_sklearn_val": -0.00048553057247024967, "random_state": 3}