{"ground_truth": [[-10, 0.2, 0.4, 0.3], [10, -0.2, -0.4, -0.3]], "milp": [[10.465284451753853, 0.12325540901544238, -0.35645341970064137, -0.1056228108497872], [-10.782706257851846, 0.029186048071356663, 0.3724803607768562, -0.059287315983433675]], "greedy": [[[6.536767303856129, 0.11531945538166795, -2.7141660799726663, -3.275456309707932], [-6.808534279862981, 0.18651389783921554, 2.594232105006093, 3.2471921406305393]], [[10.468189300662017, 0.12273549092167499, -0.3568311328011842, -0.10600277472301158], [-10.785843987086038, 0.029714018118266503, 0.37294378926350613, -0.059066069228061506]], [[-2.687651704110248, 2.9466350820494878, 0.0066289052388046185, -3.18767471172033], [2.759354240408835, -2.738426929682853, -1.1541564241795383, 3.0239655484302492]], [[-10.785843987086038, 0.029714018118266503, 0.37294378926350613, -0.059066069228061506], [10.468189300662017, 0.12273549092167499, -0.3568311328011842, -0.10600277472301158]], [[9.219532108108409, -2.957957468636462, -2.7405048962038125, -0.9217824497911312], [-9.392739236977272, 2.9988818190475968, 3.5346824605312794, 1.619804479831835]], [[-10.785843987086038, 0.029714018118266503, 0.37294378926350613, -0.059066069228061506], [10.468189300662017, 0.12273549092167499, -0.3568311328011842, -0.10600277472301158]], [[-9.776586228805538, 3.253215418560923, 2.890181426978406, 1.7149736808939682], [9.735660847817805, -3.126127242054463, -2.3522695647702356, -1.0884828027547522]], [[-10.785843987086038, 0.029714018118266503, 0.37294378926350613, -0.059066069228061506], [10.468189300662017, 0.12273549092167499, -0.3568311328011842, -0.10600277472301158]], [[10.468189300662017, 0.12273549092167499, -0.3568311328011842, -0.10600277472301158], [-10.785843987086038, 0.029714018118266503, 0.37294378926350613, -0.059066069228061506]], [[0.7023355996351675, 2.199160949526793, -1.7099982809825212, 2.665904154875246], [-0.7515255103029217, -2.2902609286790487, 2.439886337486186, -2.4662358859018436]], [[-10.785843987086038, 0.029714018118266503, 0.37294378926350613, -0.059066069228061506], [10.468189300662017, 0.12273549092167499, -0.3568311328011842, -0.10600277472301158]], [[-8.145047369354131, 2.861057905844771, 3.4008667081233033, 2.226038555045222], [7.720282700858655, -2.5522537579211804, -2.627999841807374, -1.6718823154335263]], [[-3.014589083701348, -2.5946076753206055, 1.0878695065744992, 2.5511941823163453], [3.26830175337866, 2.766153277160619, -1.884185580595536, -2.900101508331893]], [[1.8184801431816202, 3.558433887331051, -1.569666200483865, -2.066018538792336], [-1.8042448966773241, -3.1628750287311083, 0.885665263270194, 1.9077583141591634]], [[10.468189300662017, 0.12273549092167499, -0.3568311328011842, -0.10600277472301158], [-10.785843987086038, 0.029714018118266503, 0.37294378926350613, -0.059066069228061506]], [[-10.785843987086038, 0.029714018118266503, 0.37294378926350613, -0.059066069228061506], [10.468189300662017, 0.12273549092167499, -0.3568311328011842, -0.10600277472301158]], [[-6.3308759535099535, 0.45086738091932727, 2.474650534955212, 3.3862825302754387], [5.985557356177008, -0.05812516509621373, -2.5926035892755035, -3.3573281725940984]], [[10.468189300662017, 0.12273549092167499, -0.3568311328011842, -0.10600277472301158], [-10.785843987086038, 0.029714018118266503, 0.37294378926350613, -0.059066069228061506]], [[-9.400385963708988, 3.1826263443370966, 3.377384614922114, 1.5036804542529358], [9.241806151835123, -3.1115495784286726, -2.657846988803756, -0.7748589330123887]], [[10.073486564343058, -0.7467707193600279, -2.682751643860026, -2.1408662408848436], [-10.056924379243839, 0.32880888103640754, 3.0313193889509864, 2.027270514442743]]], "refit_milp_assignment": [[10.468199931010023, 0.12273841257956178, -0.3568473254530784, -0.1060038373280468], [-10.785860259557731, 0.0297135403648165, 0.37296393460815475, -0.059068378034837256]], "refit_ground_truth_assignment": [[-10.785860259557731, 0.0297135403648165, 0.37296393460815475, -0.059068378034837256], [10.468199931010023, 0.12273841257956178, -0.3568473254530784, -0.1060038373280468]]}