{"time_milp": 1.3848130702972412, "time_refit_milp_assignment": 2.046876907348633, "mse_refit_ground_truth_assignment": 6.069813179322272, "r2_refit_ground_truth_assignment": 0.9375280038062244, "weight_mismatch_refit_ground_truth_assignment": 7.146325123461512, "refit-weight_mismatch_refit_ground_truth_assignment": 0.0, "rand_score_refit_ground_truth_assignment": 1.0, "label_mismatch_refit_ground_truth_assignment": 0.0, "mse_milp": 11.596725640142303, "r2_milp": 0.8806436740888093, "weight_mismatch_milp": 20.036230422923488, "refit-weight_mismatch_milp": 13.937152291612204, "rand_score_milp": 0.6988505747126437, "label_mismatch_milp": 0.3, "mse_refit_milp_assignment": 11.59640777630786, "r2_refit_milp_assignment": 0.8806469456208431, "weight_mismatch_refit_milp_assignment": 20.013816534602253, "refit-weight_mismatch_refit_milp_assignment": 13.92149274929369, "rand_score_refit_milp_assignment": 0.6988505747126437, "label_mismatch_refit_milp_assignment": 0.3, "mse_greedy": NaN, "r2_greedy": NaN, "mse_ground_truth": 10.025527867196766, "r2_ground_truth": 0.8968148244012283, "weight_mismatch_ground_truth": 0, "rand_score_ground_truth": 1, "label_mismatch_ground_truth": 0, "mse_baseline_sklearn": 83.180408204969, "r2_baseline_sklearn": 0.14395593058373923, "random_state": 42}