{"time_milp": 18222.623505830765, "time_greedy": 0.6251781702041626, "time_refit_milp_assignment": 18233.5254714489, "mse_refit_ground_truth_assignment": 2.9316456067926144, "r2_refit_ground_truth_assignment": 0.9762682975844975, "weight_mismatch_refit_ground_truth_assignment": 3.2416217910688596, "refit-weight_mismatch_refit_ground_truth_assignment": 0.0, "rand_score_refit_ground_truth_assignment": 1.0, "label_mismatch_refit_ground_truth_assignment": 0.0, "mse_milp": 7.6248429050051385, "r2_milp": 0.9382768154625253, "weight_mismatch_milp": 23.52351720018145, "refit-weight_mismatch_milp": 25.63480352974596, "rand_score_milp": 0.7374804381846636, "label_mismatch_milp": 0.4027777777777778, "mse_refit_milp_assignment": 7.721164888771221, "r2_refit_milp_assignment": 0.9374970879778965, "weight_mismatch_refit_milp_assignment": 23.720575401421314, "refit-weight_mismatch_refit_milp_assignment": 25.9543036440997, "rand_score_refit_milp_assignment": 0.7374804381846636, "label_mismatch_refit_milp_assignment": 0.4027777777777778, "mse_greedy": 123.66621642841082, "r2_greedy": -0.0010793393069834512, "weight_mismatch_greedy": 22.956050966705313, "refit-weight_mismatch_greedy": 23.30269109757482, "rand_score_greedy": 0.8877151799687011, "label_mismatch_greedy": 0.09722222222222224, "mse_greedy_sem": 3.260193663416e-15, "r2_greedy_sem": 0.0, "weight_mismatch_greedy_sem": 1.5028750209624192e-15, "refit-weight_mismatch_greedy_sem": 8.15048415854e-16, "rand_score_greedy_sem": 0.0, "label_mismatch_greedy_sem": 3.1837828744296875e-18, "mse_ground_truth": 3.9841394483722326, "r2_ground_truth": 0.9667520353708405, "weight_mismatch_ground_truth": 0, "rand_score_ground_truth": 1, "label_mismatch_ground_truth": 0, "mse_baseline_sklearn": 122.00793004011209, "r2_baseline_sklearn": 0.012344506670716404, "mse_milp_val": 11.342415953279323, "r2_milp_val": 0.9002955106861016, "label_mismatch_milp_val": 0.4791666666666667, "mse_refit_milp_assignment_val": 11.36889204265926, "r2_refit_milp_assignment_val": 0.9000627749989667, "label_mismatch_refit_milp_assignment_val": 0.4791666666666667, "mse_greedy_val": 115.43565125973994, "label_mismatch_greedy_val": 0.10416666666666667, "mse_greedy_val_sem": 6.520387326832e-15, "label_mismatch_greedy_val_sem": 0.0, "r2_greedy_val": -0.014726730608220162, "r2_greedy_val_sem": 0.0, "mse_refit_ground_truth_assignment_val": 6.002833891579775, "r2_refit_ground_truth_assignment_val": 0.9472326275053348, "label_mismatch_refit_ground_truth_assignment_val": 0.10416666666666667, "mse_ground_truth_val": 5.593102784141138, "r2_ground_truth_val": 0.9508343320267931, "label_mismatch_ground_truth_val": 0.10416666666666667, "mse_baseline_sklearn_val": 114.62882359380815, "r2_baseline_sklearn_val": -0.0076343844337005695}