{"time_milp": 30.207504987716675, "time_refit_milp_assignment": 31.086265087127686, "mse_refit_ground_truth_assignment": 8.549217005270792, "r2_refit_ground_truth_assignment": 0.9046722290309631, "weight_mismatch_refit_ground_truth_assignment": 2.3192991601933697, "refit-weight_mismatch_refit_ground_truth_assignment": 0.0, "rand_score_refit_ground_truth_assignment": 1.0, "label_mismatch_refit_ground_truth_assignment": 0.0, "mse_milp": 3.216851908321322, "r2_milp": 0.9641305956125918, "weight_mismatch_milp": 5.1847553990647715, "refit-weight_mismatch_milp": 6.689651485405949, "rand_score_milp": 0.773015873015873, "label_mismatch_milp": 0.3333333333333333, "mse_refit_milp_assignment": 3.216738608767511, "r2_refit_milp_assignment": 0.9641318589556453, "weight_mismatch_refit_milp_assignment": 5.182462296223532, "refit-weight_mismatch_refit_milp_assignment": 6.689998921488843, "rand_score_refit_milp_assignment": 0.773015873015873, "label_mismatch_refit_milp_assignment": 0.3333333333333333, "mse_greedy": NaN, "r2_greedy": NaN, "mse_ground_truth": 9.593164220848838, "r2_ground_truth": 0.8930317289700764, "weight_mismatch_ground_truth": 0, "rand_score_ground_truth": 1, "label_mismatch_ground_truth": 0, "mse_baseline_sklearn": 88.20597685140835, "r2_baseline_sklearn": 0.016557579586200744, "random_state": 5}