{"ground_truth": [[-10, -1.5826848885290346, -1.0255509418496929], [1, 1.3377979807316742, 1.6124765741267186], [10, 0.1, 0.1], [5, -3.4970737987345126, -3.414905837374687]], "milp": [[-10.573043741897079, -1.3438693267357364, -0.3747221218543678], [3.8631412657829762, -3.820650179100586, -3.1657603770905722], [1.5387691261683785, 1.710445358113972, 1.084356991712402], [8.517742995445978, 1.575113148873686, 0.8912667982842905]], "refit_milp_assignment": [[-10.588103471047832, -1.3429017034339217, -0.3722146664360094], [3.8708066156132057, -3.8222608118678023, -3.1686024186362074], [1.540958894781332, 1.7106778051647389, 1.0841866663342479], [8.528960822042103, 1.5751023210613937, 0.8889104965281388]], "refit_ground_truth_assignment": [[-9.228079352101686, -2.0733165172921804, -0.7079727661704476], [0.5108836317957786, 1.5484045818070755, 1.8112850698776661], [10.057429910260074, -0.24744515308856618, -0.3189275150016464], [5.005853615699765, -3.7307611611453315, -3.4424087557687444]]}