{"ground_truth": [[-10, -1.7460448792654233, -1.5833687650971595, -1.962172548474542], [1, 1.6251294204762958, 1.7142879137181393, 1.1314008718105397], [10, 0.1, 0.1, 0.1]], "milp": [[-14.689224919427453, 0.10455316283139426, -3.5894207337878905, -0.7987470205390137], [0.5619935210412267, 2.095904484142536, -1.309174627388178, 0.8733286957641433], [13.760439524845665, 0.32748008831669817, 0.5344284603935665, 0.9293101096865285]], "refit_milp_assignment": [[-14.698969591450822, 0.10756557473891437, -3.5890567333956755, -0.7965134687826813], [0.5620349279212622, 2.096018694310562, -1.3092935676944155, 0.8733386829501532], [13.769334102994932, 0.3257554891845409, 0.5329314480855321, 0.9277718227777633]], "refit_ground_truth_assignment": [[-11.378397292015219, -0.4605580654544486, -3.2358237151943485, -1.841542782375091], [-0.47774134039699057, 2.453088879910153, 2.8641088903186045, 0.628099225401266], [12.972380638967428, -0.34510994259649735, -0.19242227612071797, 0.09304677594184876]]}