{"ground_truth": [[10, -1.5802007265764604, -1.6150387499191292, -1.0729086668475734, -1.6127612929147959, -1.3877859071866798, -1.7000624602585424, -1.9573666887087597, -1.2414078567699405, -1.422616507128429, -1.888085870533724, -1.5787358248224743, -1.0767468477098707], [-10, 1.5659272852026231, 1.4943602990829703, 1.9439585082104767, 1.7404408048165925, 1.4891639836216115, 1.745214905440676, 1.890810077655644, 1.140782304011948, 1.754529684463328, 1.7954874557077112, 1.7529797752385352, 1.5363560614680511]], "milp": [[-10.325353666937767, 1.5935426756104722, 1.4798420313974823, 1.8785875024690544, 1.631493039353371, 1.415424521698514, 1.8560786258552975, 1.9054681493910857, 1.057260994304359, 1.8291001120906443, 1.913501349518281, 1.8912887855983815, 1.5556025150995354], [10.269644663691073, -1.6284553995658824, -1.547181910984983, -1.0479226747821568, -1.646969446745393, -1.4256275868940123, -1.8262553196614424, -1.7967735659211412, -1.2100946831454547, -1.5274194148902493, -1.9595184184618355, -1.6805979041788472, -1.2793970867916382]], "greedy": [[[-13.706950031040922, -3.0308197573194353, 3.6914368260681694, 2.9109416672230317, -0.32724357458531583, -2.7504443861902637, 6.465233220832004, -0.4749159894423326, -0.8556330016090823, 4.625859667599595, 1.533957110723022, 0.2600517332306265, 2.0634846742932877], [-21.920746458704706, 2.8194441426600907, -3.9116892640923617, 3.205890944005063, 1.5944744059943272, 4.412638667436677, 0.5739181508373152, -2.4510502036421467, 1.777866537346631, 0.9362147416332602, 1.9626701707405816, 5.079812977166943, 1.7141113767638034]], [[-13.401395065708714, 0.26342565459330936, 0.25464253215843413, 2.1939444912470294, 1.8608383114471534, 0.9633114987506495, 1.621718866795806, 1.101875808740677, -0.8081948039354687, 1.0013358516676902, 2.1355636292308193, 5.2535203872759375, 3.546680010963427], [8.305429904165003, -1.1166143543284965, -0.6989784372636669, -0.6556660368630293, -1.7689152492490587, -1.551872430195705, 0.31468442917563727, -1.313385832226627, -0.8756892641866624, -0.4877707880587508, -1.352167674364799, -3.067914003845007, -1.3411624355655907]], [[-23.820492961047126, -4.012334906424138, 4.176940772883499, 3.644069041198584, 1.3032359010288872, -1.6300864469140035, 7.584679036263045, -0.30492458212369267, -1.7778013119013758, 3.1955858991764488, 4.0698814893907445, 0.6187172360932383, 1.6524101698950864], [-8.449866929838182, 3.5434324417325387, -1.6493999245548512, 1.0059939378880234, -1.1552358815152817, 2.299891035769185, -1.4615912673540679, -0.8458772148056406, 2.7963372141707055, 2.999894508628437, -1.3814762379273695, -0.44253534900116887, 2.035306174065819]], [[-10.601914435532905, -1.7135051206928031, -4.008522832154659, 2.3818397448015327, 0.38734795363848645, 5.185010994319007, 1.050968077698846, 1.9062519324587868, 2.9609438925869433, 2.71096553851296, 0.7591037034428495, 1.824519946316792, -0.5621598158423243], [2.2722797439416587, 1.7212244342527006, 0.18597059060512455, 2.7448972539987326, -2.66218996805426, -2.985403843566762, -2.7885708091689057, 0.5183880225210342, 0.7010544362626041, -2.674054733252041, -0.11197496483976517, -3.6543358147271006, 1.5247136779497237]], [[5.658532855791725, 2.312857559403589, -1.9479376826228463, 1.3682556601015745, -0.24665218853997564, -1.391094646204501, -1.8723826032160829, 0.043858256208226615, -0.832415790696767, 0.8720668123797497, -3.0263978990309046, -2.077609681365685, -0.647042984216974], [-18.22644796617778, -1.1125521314696856, 5.399282770848647, 0.7223347189487833, 0.3457857560988668, 1.7101341989764287, 4.878787452332656, -3.2755508203831187, -0.7770072684647642, 0.8460408095885077, 2.9721995637418317, 4.616895935453022, 3.4732935430314353]], [[-12.073694448573953, 3.3178858942991334, -0.19681566534458686, 1.345070688157675, -1.9271904010136027, 2.0388905752152247, -0.9093091236521903, -0.8551037977299718, 3.5526939640664175, 2.2715416280727063, 3.290173696989847, 0.06935975754333529, 2.226534834640722], [-0.12476372159964377, -3.8786637459167714, -0.5567162970740208, 1.1153936346944002, 1.193374253889962, -1.7730903153688968, 4.504989005565709, -0.2829055057711242, -1.1632513575434753, 2.6502782773453606, -1.206674124634504, -1.2153221791423092, -1.440304865425561]], [[-11.343477837466674, -1.700975024282967, 3.8492909562252846, 2.5041722644329028, 0.23724263287991135, -1.8414738904401864, 5.1303019735650714, -0.04333568974193342, -1.2489050915034092, -1.2769369471987566, 4.168107873079366, 0.05647947440328073, -1.4340584326565469], [-5.6416602749943525, 2.384337016435786, -0.6033598522248637, 1.096141677424928, -2.840353484206219, -0.3016867783637203, 1.6717392120983905, 1.2625662366682622, 3.3158676716799422, -0.3319591436679786, -3.9296278272929692, 4.4672083677799534, 3.0468253341500198]], [[-6.286210699757099, 4.139241018423131, -0.4195624215969258, 4.809125221834175, -2.05747786493406, -3.4757622028183253, 0.6892500826497796, -4.039495882287337, 3.8253976226264443, 3.3006011439339105, 0.15410029671634065, -1.321847535017378, 0.14713398438612488], [-10.761645965226787, -0.5601288541926654, 0.11429362914397363, 1.235340994740344, 0.8869953055717041, 1.2154913532735745, 3.2149727591041968, 2.554645108604862, -0.2433236155981589, 0.1195670581737491, 1.5379850107380675, 2.7678894836399484, 1.966508408563677]], [[-13.289452763258868, 2.5722158258495598, -0.3490441857270554, 2.228669174153607, 3.548162977910999, 2.883956838184314, 3.14896877591895, -0.13218761739848986, -1.098315339145475, 0.9577619016582977, 0.8315952665052778, 1.3400042802716448, 1.4027854463449845], [16.22380716559799, -1.20293970403299, 2.3370654852360553, 2.2547905386649507, -2.4541236537273394, -4.006770276015876, -7.411682008646922, -5.181986991051488, -0.8958077699600975, -5.066173167633509, -0.7004021565285935, -1.444766194303288, 2.348244517007071]], [[4.586405175593264, 0.3072626000998419, -0.4996107403609877, 0.5788008503093739, -3.213847908848689, -0.8816510130630368, 0.6041495613401819, -1.4548694648768263, -0.33711200417288345, -1.1890914877662264, -0.3927452580582559, -2.4113607409770985, -0.8239246096187889], [-13.982349364894016, -0.02373397864974002, 0.8661566263056014, 2.3165096385254347, 3.862351018997096, 0.28501202564983036, 0.6666885023773057, 1.967351459467724, -1.9022035153893806, 1.3666652987111783, 2.3644410815182617, 4.480708450508512, 3.0031330016324578]], [[-21.212582004076225, 4.882214378805932, -0.5356253166929177, 2.3184044518188047, -2.0971505699158888, 0.8306697913818037, 4.472083516740393, -2.8587659506483547, 1.4063017188105174, 1.305548206834362, 3.563368759629696, 2.273029585451629, 1.591649146702842], [-7.986136163677276, -2.566365428471823, -0.2034890528994295, 4.071593364092951, -0.716876013030371, -0.9869021687524537, 1.7316802926857966, 1.0923132031582123, -0.5314469254744674, 3.1806296250525965, 0.6268892200432791, 2.514792885934516, 3.4506967820204273]], [[-5.623715474027384, 1.4925679975427588, 2.073956082690386, 0.0451391124626909, -2.4832677417255486, 2.6186892935467125, -2.62639251815756, -2.415538974651426, 3.663530197127737, 2.7275972536065107, 1.799178782245403, -2.306747376632161, 2.563505672576483], [-11.73795768664679, -1.2891927719459952, -2.1200954924090043, 2.890423112887056, -0.15043704713586, -1.8191202546051735, 5.024148601089917, 1.0857818724230932, -0.6503251895816741, 2.5993420706200157, 0.6074115709321756, 3.3740528652003126, -0.429921637077998]], [[-0.7486633496977797, -1.72883315911436, -4.420936507966894, -0.02955107506919128, -2.1207370407920525, -0.7682816507076832, 2.5868896640240258, 4.81233213574905, 0.5571764591539451, -2.373064670129859, -1.1226409849916312, 2.889692120938341, 0.3283865905692309], [5.511349071650156, 2.1063864135688184, 2.5598128334161006, 0.8473326814240482, 2.309908707420095, -1.0584905287729252, -0.8929708780325738, -3.0027741495107128, 0.5796530210401235, 0.5067297983439408, 0.20406156937763642, -2.099158231783129, 1.8835315497379017]], [[12.588297947467716, 