{"ground_truth": [[-10, -1.1864090585969356, -1.6791332192952086, -1.0318324850855733], [1, 1.1181261706483279, 1.9734299653452942, 1.4079260958185544], [10, 0.1, 0.1, 0.1]], "milp": [[15.71242740057621, 0.6886441587567139, 0.3572844986867143, 0.6569858191328598], [-15.395082489290106, -0.8217768730261602, -1.9942091293046356, -2.691569340232831], [0.0, 0.0, 0.0, 0.0]], "greedy": [[[1.842224278280046, 1.237132015771541, 2.419004777826039, 3.002468246939474], [4.483913297479836, -10.992933011973024, 3.1620661123132936, -3.8382703181084037], [-0.07474537626734445, 15.912794040224636, -11.490565301607901, 3.0421322225273326]], [[-10.941539734623367, -0.8287355303521419, -2.5252783159875234, -4.487682419405168], [22.76022014645043, -1.261779660959584, -1.3069436467375657, -1.8888958833708531], [-25.18440232410415, 5.499541462164117, 11.308731283721883, 12.902535749391957]], [[-12.762474365836255, 8.958106903709892, 1.4110066320823085, -12.994383525076863], [13.7365072497659, -4.377419074982509, 0.9270011721024007, 5.642024298441185], [-28.99678787869196, -5.785290970674742, 2.1797657725686337, 6.762713102367603]], [[-17.548632413235154, -0.9271208460064589, -2.8481854833012274, -4.525420399426586], [10.47946278655419, 6.222401865068088, 3.5609440294848143, 2.708620664903714], [25.716037734857984, -5.369811639228849, -3.1655397495064745, -2.662337237237254]], [[-13.2357785632006, 16.643270019874283, -2.738509110197959, 4.412173887023859], [-11.748990395964043, -5.320005538018125, -3.7757923776974436, -2.686002998408941], [22.555757451139662, -4.493113031297282, -4.370026201587184, -0.43277378966378893]], [[27.201029543508255, 3.328191511910992, -2.8843618371301654, 0.9157645066392717], [2.0563117060965963, -7.383844547829653, -0.6945936587872422, 3.1878991228352067], [-12.71299931916295, 2.212769817252148, -6.01946586177563, -3.4209449254429427]], [[-8.122702112518972, -1.8049038237535746, -5.055065851261628, -5.066517239843909], [32.54647505830573, -1.3886737830860694, -7.114881864245125, -1.6707839618310885], [-23.965519680895916, 5.331416518065766, 10.899860487298493, 12.171968884747017]], [[26.541345667172553, -7.513069243737284, -6.378589946282597, -6.996770679082674], [-17.093924455499753, -7.987477747241457, -2.7621475987659374, 8.163274394925484], [-6.758508103402539, 11.669861785510225, -0.9656491970772507, 2.9917249459202586]], [[2.6855193317112196, -8.083989135495328, 0.9476087186340015, -4.164018011410197], [-3.8329274703352603, 12.549566142056575, -11.731699991742435, 2.948721813933151], [7.595876542831315, 3.1520134499440724, 3.969083408890898, 2.9847111854774364]], [[-20.10618818914281, 0.1534192376184284, -1.3846005451417993, -2.6777135514384565], [18.86717617507098, -5.034673485270291, -1.24756508340077, 0.9119786816715602], [15.421862117224899, 6.302977198011219, 3.0239857382719264, 0.2603821849369706]], [[19.873255022949408, -4.726344025071699, -4.429255886044383, 0.8680377263906034], [-3.8301418980800843, 10.832990175787236, 2.3908421676844127, 6.355409594196705], [-12.650611118069566, -4.908677397267554, -6.121184343818491, -3.3333977914156834]], [[-1.6735275952241497, -1.2648762743370763, 1.2875102250130135, 1.4795656199998382], [-34.15556740338857, 10.402367853998687, 3.4239802602380087, -7.82739010012168], [38.90441104326811, 0.0909131128880542, -12.127116912634111, -1.1303794476485436]], [[24.737609325548647, -3.9199069002689217, -4.262441695226155, -6.863873087432177], [-16.53968844491872, -1.7748864859347904, -3.4852819413519587, -9.22932071927218], [0.5573418828291423, 7.070299462140085, 0.46819993579754615, 3.782458596063242]], [[24.962057888954334, -4.632117744145943, -2.9654051053649093, -5.264255268291077], [8.957722197998539, 5.9719603492730915, 3.0254205358232267, 2.1597378229375543], [-22.46995580055991, -0.14412871557973594, -2.4002170978993647, -8.309343226696651]], [[-25.18890782406286, -4.254292756810786, -7.785344782963651, -2.4734384815875385], [34.06582024057194, 0.2804747134560385, -3.519894614815304, 0.9558032095606711], [4.285226006912777, -1.9497180582079299, -3.3105558967558535, 0.7798885436292028]], [[-5.4882964216757975, 17.296347181737005, -7.812967128538265, 1.6183823727742017], [18.984884797520188, -5.987903555099449, -0.8965054649739629, 2.082831334025085], [-14.901929767052696, -7.057857940410792, -0.45231008131462935, 0.7662142909054926]], [[10.821474475776789, 4.366146593106715, 1.2743834123534885, 1.4127368095960073], [-18.610662737817762, 5.8694389159424185, -5.023352079077872, -2.9644032043273203], [8.946825049102715, -10.233838239801525, 1.5676607187695626, -5.835967654544526]], [[13.08423509546373, -2.925022646530314, 0.5500979299175525, -1.7024384189072306], [18.99182246118839, 5.549927422866342, 1.9037800898312054, 2.2135020808322157], [-22.32823737960428, 0.27610295659789014, -0.19690893729322853, -5.046656863252883]], [[-40.103743003053324, 2.5708881621973174, 2.0424143051653916, -4.296926006482443], [0.32869750508340845, 0.5979461649062686, 0.7578301906698812, 0.5496651797168369], [33.457076799854086, 0.5473401530447356, 2.073445922616951, 0.7835227077879687]], [[17.626847912092238, -7.0821279167435796, -3.147244966479844, 2.2243003589331534], [-3.1434174790806253, -1.5967699367971522, -6.030403720043082, -7.522845689044377], [-5.55947542923111, 6.402052985479782, 4.8917102987768315, 5.422402688375349]]], "refit_milp_assignment": [[15.71700159821391, 0.6880204645667414, 0.3565934441797342, 0.6561787826633378], [-15.399520027644503, -0.8213212271826213, -1.9936428790445504, -2.6909765195444812], [0.0, 0.0, 0.0, 0.0]], "refit_ground_truth_assignment": [[-16.33496669130274, -1.29177544581308, -1.8792051637691616, -2.570024084935443], [4.821149699573674, 0.5578518361966196, 1.5581821166159555, 4.090693781817956], [15.34340554648348, 0.3103446789476473, 0.2919154730094726, -0.08519622030557597]]}