{"ground_truth": [[-5, 2, 4], [5, -2, -4]], "milp": [[-4.5650146070271544, 1.3919113906541096, 3.660100769605564], [5.806597414784071, -2.2592886217740604, -4.324556670645621]], "refit_milp_assignment": [[-4.5696536101077365, 1.3935094219511948, 3.6624307290688773], [5.813803547598612, -2.2618538824269727, -4.327933079114329]], "refit_ground_truth_assignment": [[-4.727070872252569, 1.2814039161034314, 3.745144130398961], [4.978082652458348, -1.9062909820184706, -4.056116820924581]]}