{"ground_truth": [[-10, 0.2, 0.4, 0.3], [10, -0.2, -0.4, -0.3]], "milp": [[-11.401035803016546, 0.4845514181844091, 0.5719882294786653, 0.23291219048623107], [10.458024027139276, -0.010843906001937596, -0.5670097880255451, 0.3760181610587223]], "refit_milp_assignment": [[-11.404257715987445, 0.4850333091647248, 0.5724334034344136, 0.23339016582959815], [10.461450407325842, -0.011345036268200543, -0.5673533236041615, 0.3753938625279731]], "refit_ground_truth_assignment": [[-11.404257715987445, 0.4850333091647248, 0.5724334034344136, 0.23339016582959815], [10.461450407325842, -0.011345036268200543, -0.5673533236041615, 0.3753938625279731]]}