{"time_milp": 36.1341278553009, "time_refit_milp_assignment": 37.51209497451782, "mse_refit_ground_truth_assignment": 8.579270777008313, "r2_refit_ground_truth_assignment": 0.9022286115922963, "weight_mismatch_refit_ground_truth_assignment": 0.7778399162450566, "refit-weight_mismatch_refit_ground_truth_assignment": 0.0, "rand_score_refit_ground_truth_assignment": 1.0, "label_mismatch_refit_ground_truth_assignment": 0.0, "mse_milp": 8.002950027706191, "r2_milp": 0.9087964984549471, "weight_mismatch_milp": 1.1189486786219267, "refit-weight_mismatch_milp": 0.5046735012639302, "rand_score_milp": 0.9833333333333333, "label_mismatch_milp": 0.008333333333333333, "mse_refit_milp_assignment": 8.002945173179693, "r2_refit_milp_assignment": 0.9087965537782733, "weight_mismatch_refit_milp_assignment": 1.1205154626250862, "refit-weight_mismatch_refit_milp_assignment": 0.5061567555063249, "rand_score_refit_milp_assignment": 0.9833333333333333, "label_mismatch_refit_milp_assignment": 0.008333333333333333, "mse_greedy": NaN, "r2_greedy": NaN, "mse_ground_truth": 8.408541027198817, "r2_ground_truth": 0.9051330488373087, "weight_mismatch_ground_truth": 0, "rand_score_ground_truth": 1, "label_mismatch_ground_truth": 0, "mse_baseline_sklearn": 86.61321693118451, "r2_baseline_sklearn": 0.012935400463892965, "mse_milp_val": 9.091538357387805, "r2_milp_val": 0.8989433808965578, "label_mismatch_milp_val": 0.0, "mse_refit_milp_assignment_val": 9.09307512756493, "r2_refit_milp_assignment_val": 0.8989262989911272, "label_mismatch_refit_milp_assignment_val": 0.0, "mse_refit_ground_truth_assignment_val": 8.804377473979764, "r2_refit_ground_truth_assignment_val": 0.9021353058354646, "label_mismatch_refit_ground_truth_assignment_val": 0.0, "mse_ground_truth_val": 7.330408265891296, "r2_ground_truth_val": 0.9185191496885743, "label_mismatch_ground_truth_val": 0.0, "mse_baseline_sklearn_val": 89.95543099896199, "r2_baseline_sklearn_val": 0.00010412216310473621, "random_state": 6}