{"ground_truth": [[-10, 0.2, 0.4, 0.3], [10, -0.2, -0.4, -0.3]], "milp": [[-9.43805301456997, 0.38260804572457546, -0.026412903630093354, 0.4956108920781531], [10.265904513337844, -0.2125321408207837, -0.6364074364193355, -0.3780740176029648]], "refit_milp_assignment": [[-9.440287435483741, 0.38294564080380245, -0.026274209004767717, 0.49603000592544644], [10.269422192385676, -0.213034709117883, -0.6370356872199483, -0.3786393081367649]], "refit_ground_truth_assignment": [[-9.572059984713723, 0.32368330750079866, 0.028832651576059756, 0.5233113623017688], [9.956073150447144, -0.2896637238420465, -0.5195561976166329, -0.31514566801273]]}