{"time_milp": 2.452842950820923, "time_greedy": 1.6268137454986573, "time_refit_milp_assignment": 3.2791130542755127, "mse_refit_ground_truth_assignment": 0.19944075434938272, "r2_refit_ground_truth_assignment": 0.9986678611975486, "weight_mismatch_refit_ground_truth_assignment": 0.9297329617510061, "refit-weight_mismatch_refit_ground_truth_assignment": 0.0, "rand_score_refit_ground_truth_assignment": 1.0, "label_mismatch_refit_ground_truth_assignment": 0.0, "mse_milp": 4.986386334528557, "r2_milp": 0.9666940754315304, "weight_mismatch_milp": 12.8121964746088, "refit-weight_mismatch_milp": 12.103916602520789, "rand_score_milp": 0.759581881533101, "label_mismatch_milp": 0.30952380952380953, "mse_refit_milp_assignment": 4.746811108641591, "r2_refit_milp_assignment": 0.9682942872616112, "weight_mismatch_refit_milp_assignment": 10.027606715899463, "refit-weight_mismatch_refit_milp_assignment": 9.293130031677347, "rand_score_refit_milp_assignment": 0.759581881533101, "label_mismatch_refit_milp_assignment": 0.30952380952380953, "mse_greedy": 5.721917180209231, "r2_greedy": 0.9617811919883869, "weight_mismatch_greedy": 17.364892627143394, "refit-weight_mismatch_greedy": 16.933649098011458, "rand_score_greedy": 0.70801393728223, "label_mismatch_greedy": 0.363095238095238, "mse_greedy_sem": 1.0157017303716758, "r2_greedy_sem": 0.006784248741733607, "weight_mismatch_greedy_sem": 2.1980652609082223, "refit-weight_mismatch_greedy_sem": 2.1987271770136196, "rand_score_greedy_sem": 0.022652142814696807, "label_mismatch_greedy_sem": 0.03419382527701207, "mse_ground_truth": 0.2836248441746172, "r2_ground_truth": 0.9981055644243986, "weight_mismatch_ground_truth": 0, "rand_score_ground_truth": 1, "label_mismatch_ground_truth": 0, "mse_baseline_sklearn": 143.83454256735234, "r2_baseline_sklearn": 0.039275719188435976, "random_state": 6}