{"time_milp": 14.763715028762817, "time_refit_milp_assignment": 15.445275783538818, "mse_refit_ground_truth_assignment": 5.885954096099222, "r2_refit_ground_truth_assignment": 0.9377776104518961, "weight_mismatch_refit_ground_truth_assignment": 1.0696895729820728, "refit-weight_mismatch_refit_ground_truth_assignment": 0.0, "rand_score_refit_ground_truth_assignment": 1.0, "label_mismatch_refit_ground_truth_assignment": 0.0, "mse_milp": 5.9592235455691975, "r2_milp": 0.937003054593583, "weight_mismatch_milp": 1.162381350171021, "refit-weight_mismatch_milp": 0.4071143212699497, "rand_score_milp": 0.9833333333333333, "label_mismatch_milp": 0.008333333333333333, "mse_refit_milp_assignment": 5.959219293508441, "r2_refit_milp_assignment": 0.9370030995435396, "weight_mismatch_refit_milp_assignment": 1.1612816963525918, "refit-weight_mismatch_refit_milp_assignment": 0.40565500833788753, "rand_score_refit_milp_assignment": 0.9833333333333333, "label_mismatch_refit_milp_assignment": 0.008333333333333333, "mse_greedy": NaN, "r2_greedy": NaN, "mse_ground_truth": 5.858872234014427, "r2_ground_truth": 0.9359475337656413, "weight_mismatch_ground_truth": 0, "rand_score_ground_truth": 1, "label_mismatch_ground_truth": 0, "mse_baseline_sklearn": 92.53488087252903, "r2_baseline_sklearn": 0.02178282221845873, "mse_milp_val": 6.017825851739905, "r2_milp_val": 0.9306461623024991, "label_mismatch_milp_val": 0.0, "mse_refit_milp_assignment_val": 6.018132433084807, "r2_refit_milp_assignment_val": 0.9306426290342791, "label_mismatch_refit_milp_assignment_val": 0.0, "mse_refit_ground_truth_assignment_val": 5.421049503210254, "r2_refit_ground_truth_assignment_val": 0.9375238505303274, "label_mismatch_refit_ground_truth_assignment_val": 0.0, "mse_ground_truth_val": 5.230914603377402, "r2_ground_truth_val": 0.9397151045327717, "label_mismatch_ground_truth_val": 0.0, "mse_baseline_sklearn_val": 86.7993287583646, "r2_baseline_sklearn_val": -0.00033911038139322613, "random_state": 12}