{"ground_truth": [[-10, -1.337719620706157, -1.6626352006348812, -1.0611537685933308], [1, 1.6272285743807728, 1.565890653114534, 1.026132378542826], [10, 0.1, 0.1, 0.1]], "milp": [[-9.729655071323483, -1.3006789087074178, -1.7464814848283947, -1.1609860055447752], [-0.859234035874623, 3.9693963023268317, 0.41952950455544546, 0.8780081522840207], [10.472605872897361, 0.7974912298798469, -0.058469179282204964, -0.6653717366222459]], "greedy": [[[-16.00544253909724, 3.607454283646852, 1.2046146597211898, 6.145129250303624], [13.837341575719858, 0.3231539756427935, -5.376985955349123, -6.336550359094464], [-1.2362958593422677, -7.543024410551254, 5.668011578771587, -1.090388793943095]], [[-9.84731393898748, -1.206693090311977, -1.9539926370508056, -1.0311516745407892], [8.902780668627127, 0.6915753567161418, 0.19437903167000992, -0.6625012786673296], [2.2796841381656594, -3.364181102651579, -4.258458209692198, 0.4249232961760749]], [[1.1915711953625463, 2.2106665088190955, 1.7506603102407479, 0.4751050120210669], [11.782778280364086, -0.11353867001506848, -0.9129451316433941, -1.025809118406863], [-9.74976132489261, -1.2923588977378149, -1.7431738242953654, -1.1564343539295316]], [[10.919449032541946, 0.40884930319766966, -0.2686281891345982, -0.6165667412792879], [-9.74976132489261, -1.2923588977378149, -1.7431738242953654, -1.1564343539295316], [1.4441437100475518, 2.3426024155821836, 0.894702603114616, 0.3256319725594099]], [[5.947666702234786, 1.472043177856391, -2.4618827365239757, 2.088302854374579], [-9.74976132489261, -1.2923588977378149, -1.7431738242953654, -1.1564343539295316], [7.677026606424496, 0.4978704053227515, 1.831222344054911, -1.3756790372819625]], [[1.2983801635118617, 2.1328247629861243, 0.8871661219622518, 0.5851126779727993], [-9.74976132489261, -1.2923588977378149, -1.7431738242953654, -1.1564343539295316], [10.938279102114045, 0.5444121385086576, -0.29003746146566906, -0.6880092936025024]], [[11.3484853972088, -1.223384143435698, 0.04494112995317017, -0.00873013986857712], [1.7050056600461714, 1.890303933167124, 1.673714955033382, 0.43370903745672024], [-9.74976132489261, -1.2923588977378149, -1.7431738242953654, -1.1564343539295316]], [[12.168328922281393, -0.8143857897229186, -8.56323523466426, -4.436930746005337], [-9.945901330079806, -2.6109208219604336, 5.109567450738252, 6.080617965482274], [-11.439295959399482, 3.907739510781196, 9.027058634945895, -3.8793322483451385]], [[0.3375822644522992, 5.359586628458839, -4.1275853886280665, -2.6582143431422534], [-12.86971315641625, 0.47468235051868873, 8.62191800010809, -0.3337255061916342], [9.62080629666988, -4.237603603265212, -4.350194838543815, 3.3801405266955036]], [[12.731786504828365, -3.867264359067837, -3.4983068107026294, -8.812648994433934], [-17.829930962457986, 5.800055818680052, 0.9136208846889875, 6.34354336536479], [3.5783273497942556, 1.5517907681674665, 1.6613964943485207, 0.2575284510462352]], [[1.2144964983091127, 1.9286563961374814, 2.078894554506749, 0.5005905533441681], [11.81243530315116, -1.0697240645065527, -0.6326865582489887, -0.6254375001273694], [-9.74976132489261, -1.2923588977378149, -1.7431738242953654, -1.1564343539295316]], [[-0.3506165715481595, 4.616596664309483, -4.359951764341519, 0.058975657226216054], [10.53358516544403, 0.23712954231856515, -0.39433687100261844, -0.8604225434692063], [-8.254107596420692, -3.0560593302375483, -0.5004401819967406, -1.4715274190478942]], [[-9.74976132489261, -1.2923588977378149, -1.7431738242953654, -1.1564343539295316], [4.670765923595676, 1.5018880367458884, 2.2972364314113194, -0.8464836886798573], [8.84915838638479, -0.4091793172190212, -2.207393344452368, 1.6530061771936646]], [[1.4441437100475518, 2.3426024155821836, 0.894702603114616, 0.3256319725594099], [10.919449032541946, 0.40884930319766966, -0.2686281891345982, -0.6165667412792879], [-9.74976132489261, -1.2923588977378149, -1.7431738242953654, -1.1564343539295316]], [[9.545937606010217, 0.8669871890032936, 0.37176335864236254, -1.0681758918555926], [8.244371966755171, -0.07566331951460417, -2.238599925965998, -2.570462293179832], [-8.333395423504292, -1.5932783430307347, -1.9894907866753684, -1.7726823641242773]], [[-11.146427138147512, 4.518880579309829, 6.718779331380344, -2.197232346165596], [13.374638008263808, -3.4756812325288653, -4.633996406646934, -8.296574936651272], [2.4468931682626107, -1.614088769576069, -3.5583247590968887, 4.8230475210493715]], [[-19.483056054163626, 5.758224446337479, 0.7608459364686391, 1.8123134806134622], [9.015030801055385, 0.2520911545746727, 0.4397909321674191, -0.9258051460638241], [-6.554238852712865, -2.28074543328034, -1.5889327242645754, -2.3452815169643513]], [[-9.74976132489261, -1.2923588977378149, -1.7431738242953654, -1.1564343539295316], [10.938279102114045, 0.5444121385086576, -0.29003746146566906, -0.6880092936025024], [1.2983801635118617, 2.1328247629861243, 0.8871661219622518, 0.5851126779727993]], [[-16.97467490513831, 7.3152636645797315, 0.16918106406374503, 4.369057427013518], [13.023704562281942, -3.52197933273639, -3.4289359952695833, -0.7017499409936925], [-9.166667189988761, 4.587918651504457, 7.395372391051359, -5.176823187922238]], [[10.573850800032202, -3.935893307011066, -3.953606918850702, 2.1818923655729874], [-2.700145978909315, 1.1015335037907523, 5.342538522634833, -6.6237907006357055], [-13.812789296312566, 4.704754762117975, -0.511880189362808, 4.999431940004483]]], "refit_milp_assignment": [[-9.74555670825699, -1.2964986710328008, -1.7428425377637846, -1.1567279303400784], [-0.8635893695127175, 3.9711724756189013, 0.420354762109277, 0.8787955364409311], [10.487409584985654, 0.7983144574387205, -0.06413749935148749, -0.6707406256355483]], "refit_ground_truth_assignment": [[-9.747794126481837, -1.2931323271692385, -1.74389424282542, -1.1570290489482438], [1.5772369207437853, 1.7603995035914466, 1.2880041985145456, 0.7874703671835996], [11.209833580034621, 0.25584178967437887, -0.20845465376570327, -0.6818624644395666]]}