{"time_milp": 1279.569429397583, "time_greedy": 0.6251315116882324, "time_refit_milp_assignment": 1291.8762559890747, "mse_refit_ground_truth_assignment": 1.0992621837291057, "r2_refit_ground_truth_assignment": 0.9901828673452158, "weight_mismatch_refit_ground_truth_assignment": 2.5671106119686757, "refit-weight_mismatch_refit_ground_truth_assignment": 0.0, "rand_score_refit_ground_truth_assignment": 1.0, "label_mismatch_refit_ground_truth_assignment": 0.0, "mse_milp": 6.140045377592631, "r2_milp": 0.9451653655784488, "weight_mismatch_milp": 16.646087439348086, "refit-weight_mismatch_milp": 16.83381773624867, "rand_score_milp": 0.7421752738654147, "label_mismatch_milp": 0.375, "mse_refit_milp_assignment": 6.831366004746133, "r2_refit_milp_assignment": 0.9389914187219024, "weight_mismatch_refit_milp_assignment": 15.030044939372988, "refit-weight_mismatch_refit_milp_assignment": 13.794569920912663, "rand_score_refit_milp_assignment": 0.7421752738654147, "label_mismatch_refit_milp_assignment": 0.375, "mse_greedy": 112.93555286920655, "r2_greedy": -0.00858859730557171, "weight_mismatch_greedy": 22.956050966705313, "refit-weight_mismatch_greedy": 24.261278883085073, "rand_score_greedy": 0.8748043818466353, "label_mismatch_greedy": 0.11111111111111112, "mse_greedy_sem": 3.260193663416e-15, "r2_greedy_sem": 0.0, "weight_mismatch_greedy_sem": 1.4693494276736472e-15, "refit-weight_mismatch_greedy_sem": 1.2494455620143562e-15, "rand_score_greedy_sem": 0.0, "label_mismatch_greedy_sem": 3.1837828744296875e-18, "mse_ground_truth": 1.124112703582176, "r2_ground_truth": 0.9899657094231166, "weight_mismatch_ground_truth": 0, "rand_score_ground_truth": 1, "label_mismatch_ground_truth": 0, "mse_baseline_sklearn": 104.8379816034512, "r2_baseline_sklearn": 0.06372802785823839, "mse_milp_val": 7.050567890407099, "r2_milp_val": 0.9369899234306167, "label_mismatch_milp_val": 0.375, "mse_refit_milp_assignment_val": 6.226781985876904, "r2_refit_milp_assignment_val": 0.9443519989014239, "label_mismatch_refit_milp_assignment_val": 0.375, "mse_greedy_val": 112.04598951760336, "label_mismatch_greedy_val": 0.0625, "mse_greedy_val_sem": 0.0, "label_mismatch_greedy_val_sem": 0.0, "r2_greedy_val": -0.0013415214967675837, "r2_greedy_val_sem": 0.0, "mse_refit_ground_truth_assignment_val": 1.1858654341294976, "r2_refit_ground_truth_assignment_val": 0.9894020633561802, "label_mismatch_refit_ground_truth_assignment_val": 0.020833333333333332, "mse_ground_truth_val": 0.9572708107655057, "r2_ground_truth_val": 0.991444985989563, "label_mismatch_ground_truth_val": 0.020833333333333332, "mse_baseline_sklearn_val": 112.25668750079501, "r2_baseline_sklearn_val": -0.003224504011124063}