{"time_milp": 3.9145607948303223, "time_refit_milp_assignment": 4.360114574432373, "mse_refit_ground_truth_assignment": 14.218466044367029, "r2_refit_ground_truth_assignment": 0.8974480361422575, "weight_mismatch_refit_ground_truth_assignment": 3.812597437954329, "refit-weight_mismatch_refit_ground_truth_assignment": 0.0, "rand_score_refit_ground_truth_assignment": 1.0, "label_mismatch_refit_ground_truth_assignment": 0.0, "mse_milp": 14.21847343266071, "r2_milp": 0.8974479828535256, "weight_mismatch_milp": 3.805384633954871, "refit-weight_mismatch_milp": 0.007650420290493185, "rand_score_milp": 1.0, "label_mismatch_milp": 0.0, "mse_refit_milp_assignment": 14.218466044367029, "r2_refit_milp_assignment": 0.8974480361422575, "weight_mismatch_refit_milp_assignment": 3.812597437954329, "refit-weight_mismatch_refit_milp_assignment": 0.0, "rand_score_refit_milp_assignment": 1.0, "label_mismatch_refit_milp_assignment": 0.0, "mse_greedy": NaN, "r2_greedy": NaN, "mse_ground_truth": 20.881588402196886, "r2_ground_truth": 0.8519234627207721, "weight_mismatch_ground_truth": 0, "rand_score_ground_truth": 1, "label_mismatch_ground_truth": 0, "mse_baseline_sklearn": 137.8358449146602, "r2_baseline_sklearn": 0.005846584161610879, "mse_milp_val": 18.804511252481262, "r2_milp_val": 0.8699337689624127, "label_mismatch_milp_val": 0.0, "mse_refit_milp_assignment_val": 18.803838376775587, "r2_refit_milp_assignment_val": 0.8699384230800241, "label_mismatch_refit_milp_assignment_val": 0.0, "mse_refit_ground_truth_assignment_val": 18.803838376775587, "r2_refit_ground_truth_assignment_val": 0.8699384230800241, "label_mismatch_refit_ground_truth_assignment_val": 0.0, "mse_ground_truth_val": 23.937997890990903, "r2_ground_truth_val": 0.8344266903583538, "label_mismatch_ground_truth_val": 0.0, "mse_baseline_sklearn_val": 144.575369677801, "r2_baseline_sklearn_val": 7.328966010078375e-06, "random_state": 2}