{"ground_truth": [[10, -1.8551963944237477, -1.288228743301131, -1.0120672754879654, -1.0080405487064932, -1.4854132333221215, -1.0207292111683368, -1.6959687974036455, -1.1460907483011042, -1.989867383444031, -1.6775134843146278, -1.1184805781802873, -1.9075998127068299], [-10, 1.7480821451310993, 1.2725973489101319, 1.845669970003643, 1.525507299177662, 1.0759426317413272, 1.724389721907611, 1.5088994803144167, 1.3142651165940162, 1.0277329196444662, 1.8736131987939533, 1.2608721329760593, 1.5138332998121058]], "milp": [[-10.34937705496956, 1.7105444969190287, 1.3506920027715847, 1.8415847930291278, 1.517172682082069, 1.16014777820045, 1.730401221728772, 1.4196344809395138, 1.363881657011852, 1.0880576074308794, 1.8639051946028649, 1.2546057524066265, 1.6097771163785455], [10.267115229449841, -1.8564689043246683, -1.3078057344642877, -1.0750457985764645, -1.0200037447450572, -1.5465711416032324, -1.1131666092376362, -1.6705332952660283, -1.2568984528487883, -1.9724552577429342, -1.6545573148267811, -1.085831459631299, -1.8485750447091722]], "greedy": [[[-2.9299317704761316, 0.33994467344486745, 0.24063206434897852, 0.6747757191907244, -3.4347149196306903, 0.8196171929210053, 1.5355687434890508, -0.10963496799164507, -0.22380292872094518, -2.9742943164454614, 2.3865792186904176, -2.274324456137416, 2.7493743352242275], [-9.646351835685234, 1.2213510747936762, -1.7721581445158812, 2.4325350079060506, 4.638450284401221, 1.1428502752981375, 1.4147162563525457, 0.18239314694948422, 0.3861035083087799, -0.8674985287288952, -0.5914347180956789, 5.227576790958812, 0.07064490868079237]], [[-1.3556747652935108, -1.28144133351263, -0.5403761200006597, 0.5611078717417283, -1.1739763200291449, -0.2533166054892707, 0.6713206508124671, -1.4822869520033553, -0.4030027907414907, -2.0868618378363903, -1.4651225097297063, 0.18642071916390454, -0.4363326856119205], [-2.6865248733058475, 1.3486224012076218, 1.0092524647521621, 1.0920615118532282, 1.6311835122260996, -0.48991800469948515, 0.7476069804456665, 2.3608587914803723, 0.12200748706191059, 0.18630445539731916, 2.2984525614965396, -0.5364414492363432, 0.9016696277933484]], [[-7.975283093322167, -0.7034019829467476, -5.906962316122017, -0.4076214674930944, 0.21288980225964588, 0.7909659389786822, 1.8851775956851755, 3.4384657664665785, 4.131855802336421, -0.17864848086188234, -0.2116666467204809, 3.050218413701073, 0.40261857118431954], [-2.0243457319891878, -2.2993851855566376, 3.5805573566736744, -0.14798492860043191, 2.8354840996142867, -0.23552817926756464, 1.0620545838654822, 0.48416759061422476, -1.8320260412069236, -0.43451525580119044, -0.21011861655137506, -1.8071036910412626, 1.1988057822414528]], [[-4.596256559343135, 0.4838386770681726, -3.78544642194054, 0.7031212781825764, 1.8849588277469047, -1.6986771874129483, -0.03260218805800151, 1.931649977903488, 1.121810661933427, -1.7337338466196273, -0.2250995982779261, 3.9404506364931775, 0.6847168817160638], [2.4555894591036926, -2.430799424095728, 2.1043554230550106, -1.4551920897391883, 0.29286775866334647, -0.476891847003787, 3.861491919270909, 0.12852459583671252, -2.441007398830205, 1.8059325621711468, -0.26051029452280233, -3.320104893530911, 0.11105228900047652]], [[-8.58962538654917, 0.6261244350509185, -2.5437364265169475, 0.1354239190853914, 5.618930450990019, 2.237998729785223, 0.5711605322024246, 2.6740494387802913, -1.0964850718608574, -0.6143958484904848, -1.9861157237790743, 5.019471220502235, 0.05342468867996925], [-2.797545863204485, 0.932579042022186, 0.6809615711845566, 0.16133361772680005, -0.4544547558700038, -1.237471747397428, 2.401377090206176, 0.567077354887141, -0.217231249172457, -2.5903199797035557, 1.7343218780661462, -2.4026571398954233, 2.7579288879110324]], [[1.2916298602948582, 0.12292792859415935, -2.7156027521913315, 1.073201701275769, 3.057152256450149, -0.29157264970151275, -2.115163427808602, 0.45798858710399837, -0.9702660347722307, -2.544086116119539, 0.4944563222389513, 1.6622077117424454, 1.1957010289119114], [-10.189320039557854, 0.07700970809313434, 3.6922739512806575, -0.48316760606511516, -0.5649486780209377, -2.089525975992682, 3.6870586815548956, -0.18273078443472127, -2.2937081577110527, 1.7765785353718215, 2.6161517869731354, -1.748721756706573, 2.1276885734954236]], [[10.300311331243048, -1.858675643602949, -1.3082468404208802, -1.0780381635839125, -1.0218868135021992, -1.5490837377757598, -1.1183025542867409, -1.6714111763907389, -1.2622501276364129, -1.9697327633348998, -1.6579178607042395, -1.0895304121250702, -1.854364957840864], [-10.36987844611351, 1.710774040871499, 1.351172920665146, 1.843052130028242, 1.5182094197248912, 1.1630582025623666, 1.7320834336821935, 1.4192692864352034, 1.3661915586334876, 1.0908098520397884, 1.8642660592211397, 1.2567795684240068, 1.6112498340138173]], [[-5.242360759233731, -0.12410569587017686, 1.6958679404361001, 1.2208775857232397, 0.26867171133167234, 0.5238188729801252, 0.7409260620251001, 2.945789587421624, 0.08494449987397257, -0.6204129287708984, 2.929818380194127, 0.6703857778155642, 1.4168255390591913], [3.37523988884654, -0.10032555407363869, -1.3960686131607996, -0.3181221006442283, -0.45174121936940803, -1.348630734398323, -0.7262495163744452, -1.2352378887976545, 0.5815983528060454, -3.762905949421898, -0.7977783107303503, -0.34654873136316305, 1.0096713219624378]], [[-14.135401811758591, 0.16430076180120382, -0.0755080920037236, 4.465858310855512, 5.2319849624905315, 2.495215416162712, 2.178825979456349, -0.9071212381395399, -0.9656895639108861, -0.0329295238445112, -1.9955233044652647, 5.317201292797031, 3.6375093285000766], [2.4026012455237513, 0.20782597472762823, 0.045884980171107134, 0.3448143538429904, -2.8504040449075, 0.01797439937080857, 1.6729748204521504, -0.002131279895800078, -0.5699248322211924, -2.9911648905122648, 1.3785656747769843, -3.023952854911784, 1.095643961925073]], [[-8.157937652884408, -1.658654273399604, 2.344412430592195, -1.5286458031887291, 1.3737900760244455, 3.3368770237450125, 4.567833331041472, -1.1793951224082266, -3.3983612108935275, -2.329380522026919, -1.7661954319916346, 4.228802096310368, 2.1677661836177284], [-14.082814825135456, -0.11223406928525748, -1.3487546280023226, 2.6329917418302364, 0.5391614354865524, -0.11381031284312328, 2.738857241579733, 3.38468827416034, 2.8914240465143513, -1.6498790084451167, 2.6291427514120915, 0.9091849662065202, 2.557084081630394]], [[0.14953321036794165, -2.0607746395399698, -0.9548193875927011, 0.433430764336965, 3.8367386063053437, 2.102687206957189, -2.089664079414912, 1.0824108950538343, -3.410106263762523, -1.537429602157833, -0.778843000719915, 2.9248639541758394, 0.9598564931827033], [0.5078658503943587, 1.6552701395330316, -0.7209749602703485, 0.35006359406033954, -0.8311304407824145, -0.16088067620302807, 1.274491286379396, -1.0969273939426054, 0.548975929717553, -1.267159872184255, 1.8846019597967893, -2.1650071158013446, 3.0623450133316745]], [[-15.630066572704969, 1.442371077030436, -2.577443227726701, 3.6755668801767327, 4.887434114277595, 0.9823394637629731, 5.753466073007354, 1.6065371719487922, 2.2578708756954224, -0.8019939465851886, 0.777726629221225, 1.0780371929046753, -0.8676977709226706], [0.4845698626154813, 2.130569406602715, 0.5164135928236775, 0.1306518430665427, -1.1012849959803068, -0.0852681967694882, -0.7731636056139151, -1.3618400938647768, -3.504794443254999, -2.3090840258879086, -0.4959259824168376, 0.3128620337829209, 4.3500298721236925]], [[4.670743379746966, 2.0660669055684, -2.9618352943746413, -0.11143721057456743, 0.8850023178409024, -1.4337409040082514, -2.9294657202771357, -0.4103873477804539, -0.008428101933308988, -3.6930115285142233, 0.04560518028683127, -0.13889704434562594, 1.9131112319468995], [-7.689724704958387, -1.4869254398869085, 3.0072453141045608, 0.0734571760805663, -0.00757321818414972, 0.9234310909761285, 4.211460023638985, 0.30648974907639964, -1.8994254024978892, 0.34203237979157797, 1.100401394866264, 