{"X": [[-0.8738591008364873, -0.38584567571523], [-2.03224087071771, 0.536763065488058], [3.4556547010730316, -2.090684986722235], [-0.8259535796685185, 5.470432824793022], [1.5109458942029854, 1.33514604840202], [2.6170668070721446, 0.32220649551527847], [0.12364149105172095, 7.096476370701296], [1.2103403247716058, 2.7920118843704014], [-2.412558415463532, -1.8114937592761398], [-1.9947523594168874, 6.00252263750173], [-0.7874124670199629, 1.8786969079237115], [0.38162321366995555, 2.2570918330315792], [1.370700480114515, 3.9967254032274857], [-0.7949666713048118, 4.8196436308295585], [-1.95749893549835, 2.5078875359406716], [1.747496268322303, 0.801887077221101], [-2.2486680264780055, 4.972802779989273], [3.8900163000432877, 1.1343698876346098], [2.276535928666203, 1.825947307591122], [-2.0352765607485215, 1.8937196021310845], [-0.12204215562854936, 3.584051780495364], [-0.5272983887549534, 0.11947975795843102], [1.7890317499327693, 0.47678327414922994], [3.457463662071088, 2.869847991953759], [0.8376847665931506, 0.9082483455102776], [3.653854997067215, 0.7489697469342493], [3.7619572402808883, -0.28108381213063227], [2.426492670020263, 0.10890790912746262], [4.128734439910486, 4.3906947324011165], [-2.0537048218968446, 2.914578365589292]], "y": [-6.477064768368588, -10.674051808751361, -9.898770000306511, -24.89707472309466, -11.81900000796145, -19.434855721463425, -23.1707364715941, -17.150880748219063, -6.299027811597245, -8.31911209491619, 0.7760460765524706, 7.516467238045927, 14.817171012111288, 3.956078258116502, 6.405033485295197, 5.478857556425399, 9.16515712449278, 7.538403121805434, 5.211177755845163, 4.669258204352733, 12.102754025713297, 10.445179756967164, 12.46924539910405, 12.478395493289801, 6.134332487951934, 2.6936152965112647, 4.461939556432079, 3.995210179197219, 3.0870706096212555, 7.820079623789651], "z": [0, 0, 0, 0, 0, 0, 0, 0, 0, 0, 1, 1, 1, 1, 1, 1, 1, 1, 1, 1, 2, 2, 2, 2, 2, 2, 2, 2, 2, 2], "regression_weights": [[[-10], -1.3266620850027442, -1.835368721936348], [[1], 1.9720199503250706, 1.8210597857180533], [[10], 0.1, 0.1]], "ground_truth_mse": 17.759199071878946, "ground_truth_r2": 0.8520922348418166, "train": [0, 1, 2, 3, 4, 5, 6, 7, 8, 9, 10, 11, 12, 13, 14, 15, 16, 17, 18, 19, 20, 21, 22, 23, 24, 25, 26, 27, 28, 29], "val": null, "input_args": {"N": 30, "K": 3, "D": 2, "noise_std": 3.5, "outlier_ratio": 0.0}}