{"ground_truth": [[-10, -1.3266620850027442, -1.835368721936348], [1, 1.9720199503250706, 1.8210597857180533], [10, 0.1, 0.1]], "milp": [[6.097912274481354, -0.0032294817452238264, 0.46011880365219127], [-10.8941278704622, -1.1624027766945901, -1.6861181015987894], [-6.81936314299741, -4.347340874425797, -2.4659125327469553]], "greedy": [[[-8.673687417392905, -2.2550716297138087, 3.1347493730413816], [11.410969946217435, -2.3180881900033654, -5.368617409901187], [-7.241983488990001, 1.9943748025406185, 5.0162037600464044]], [[2.5974653741937175, 4.8399169476734505, -4.040182843270565], [0.4517358366998856, 1.1676383479472112, 2.4532067700998654], [5.247806372186582, -7.69579647913265, -4.961068179456504]], [[-27.85787422718937, 5.640749080646155, 1.5383864631159028], [-1.8241075735621495, 1.921516563756204, 2.6726969246251455], [13.341630393989599, -1.9461496366480207, -4.669755740945874]], [[0.16040574342947256, 5.736509444745318, -3.8301185458868505], [-5.492130256891165, 2.409987798519933, -0.07057242532492057], [-0.9453326314171813, -1.7579645985349053, 2.021396795336271]], [[-0.501101601794133, -5.480845211987232, -3.6697753399134245], [-1.738391384530447, 1.8950080521500954, 3.029384859304964], [9.525791984303595, -0.6437681602588, -1.1703161606931887]], [[9.525791984303595, -0.6437681602588, -1.1703161606931887], [-0.501101601794133, -5.480845211987232, -3.6697753399134245], [-1.738391384530447, 1.8950080521500954, 3.029384859304964]], [[11.66703605856881, 0.8463504121105367, -6.585238059535623], [1.9086447476106452, -6.374444343817124, -3.6221397549436], [-1.523932833648514, 1.1821567961476032, 2.2114815264437198]], [[3.106008057964319, 0.1256215764915982, 1.4135872429731777], [3.9210358046750997, -7.022282085527951, -4.587587025613681], [-5.038859973599864, 2.817899975109138, 2.886771690573345]], [[-5.212405439194566, -1.112878272892822, 3.410209940317969], [-5.870159872766192, 2.43367103359553, -2.9825246705098887], [9.150768725353622, 0.9252797897280222, -1.7929040246319192]], [[-10.707648157286549, -1.2210024164476094, -2.091308430168555], [0.9945644183926996, 1.0236156592366683, 2.214395393827118], [11.884017082403982, 1.0363870646556352, -2.986710194902216]], [[-10.760251701045055, -1.5350913384432472, -1.5229409934253366], [4.528360786336187, 0.12829300577833896, -0.2337373619951698], [9.290591435657221, 1.1048748586591213, 0.4010741468473631]], [[-5.368226781804167, 1.6190566567235931, -1.0805638772648942], [7.8938626733430945, 2.6207794095757038, -4.678266639294609], [-5.4908777325849405, 0.17310809909088737, 3.877533267429376]], [[-4.598442270152021, -1.080051338521661, 3.072961670020525], [0.48518501564239847, 3.3229601434758687, -0.428849023221735], [4.2933701645145215, -0.5590882461998701, -4.798756643661883]], [[7.526295665148643, -2.8842440528758018, -4.45003202339035], [-4.620107027438314, -0.037356929513735516, 3.266773376644509], [11.19024843316659, 1.2467754793312238, -6.340255990085242]], [[-6.307302335544538, 0.4316085544187022, 4.6573619249530305], [9.086807530004705, 0.8902485881620618, -5.488771361669829], [-4.25276139893476, 1.6988769840126225, 0.2978758339754514]], [[12.107936885792624, 0.7780230969545371, -2.5886737954474546], [-10.707648157286549, -1.2210024164476094, -2.091308430168555], [0.7708701652879091, 0.9359363712798665, 2.654274825786602]], [[-6.430717148950058, -0.5980093589602289, 3.12829904324243], [11.04124759093045, -1.3392222122414699, -3.1270075552484413], [-27.056142854829385, 9.196074386834033, 0.9267122957618339]], [[0.954303017547554, 1.0763984234158008, 2.736461877506879], [-16.79617929084344, -0.659816955804828, 4.638304183541231], [4.154994437492752, -6.588347093232883, -4.557116880390209]], [[2.1963270396220356, 1.0616736283335146, 2.3802618678040757], [3.9210358046750997, -7.022282085527951, -4.587587025613681], [-5.688444463283409, 1.2313588370318795, 1.5827590336693815]], [[-12.327862867360663, -1.9013154113186377, -1.2219830311931317], [-4.957656798293369, -0.1931726555332288, 1.999681100586122], [5.016837405909208, 0.29205372117116524, 1.4025136912124725]]], "refit_milp_assignment": [[6.108949519908485, -0.004685325648144965, 0.45697514558250996], [-10.914715954489436, -1.1614346307779773, -1.6920414761293827], [-7.055684392113241, -4.3269510963457165, -2.4234278822613367]], "refit_ground_truth_assignment": [[-10.756063425133448, -1.5338016980805131, -1.524009465863099], [2.1459907411791255, 0.9579542338427927, 1.6227465234932164], [8.543956296923874, -0.8361226875976984, 0.30085397016775883]]}