{"ground_truth": [[-10, -1.0741876747322583, -1.2340197144652474, -1.7987627112516096], [1, 1.3137825237560339, 1.3014533616534067, 1.9206421230691864], [10, 0.1, 0.1, 0.1]], "milp": [[-18.09170492208562, -1.5898605972050122, -0.04246713119638312, -2.9883572399638236], [0.0, 0.0, 0.0, 0.0], [12.595267287946667, 1.7131034016629312, 0.7251962300377524, 0.25646666706395427]], "greedy": [[[6.9970120024292735, 3.824586909486329, -4.125240944930078, -2.717992134092262], [-33.223480957211855, 14.780631167924374, 9.350097726022803, -0.5499759954126361], [-1.2743257136257258, -9.827037398425865, 5.2765166198725675, -2.6112651359280643]], [[17.66558434274668, 2.0159067059384355, 2.727564865152324, -1.4381951120885852], [-43.31687143284384, -4.800074581558711, 2.004628241107126, -8.037970160612018], [-2.2475468372923473, -1.6581253768080702, 1.2042159394073564, -4.011472171924247]], [[-44.56288318288979, -4.05370145989845, 1.4360582630837424, -7.854083434570433], [15.663091562648507, 1.288553811238935, 0.33061176494362465, -0.19377460533915905], [-3.588664515329527, -1.6729262823347733, -1.2630780626052387, -3.044822812862518]], [[-54.67905573941317, -2.189690008958891, 9.767873745122305, 5.958222150185058], [-28.080848745768797, 15.999219274738522, 3.842299313041688, -7.702005491564907], [8.25911394802269, 1.0532739201891324, 2.430209148437256, 1.441224764558212]], [[-19.190345924960877, -6.599666164400482, 6.79529131254163, -10.330076196992707], [-25.0248787690028, 10.160606661660454, -0.3009282989741601, -1.7425850487590093], [9.971365026935704, 5.242785005905422, 1.9584118613184298, 1.0571820806723056]], [[-21.700905736896132, 11.126828854325097, 10.794245474990147, -18.037487328651363], [8.636164715304817, 1.8702328455276813, 1.1281323496774285, 1.5997132920561605], [-8.673239216585834, -5.842097644688483, -1.5608042143404546, -1.7852178934477352]], [[-19.818585454446428, -8.943990003382698, 13.964031740661483, -10.410833162614885], [11.808467707329509, 2.847359042800314, 0.334576319553933, 0.8359974932091465], [-12.203765032335856, 0.20502787535573, -5.804945824263497, -2.365954428654337]], [[-0.9896129258227417, 1.8057475617241048, 1.4773882566461793, -4.266522965748048], [19.58907045030742, 3.805492702458013, 3.4752298014968908, -2.3022880094866585], [-39.962067995640965, -0.07706132344739916, 6.327927267663946, -10.696130057787368]], [[-7.891870616313944, -1.1880107782330884, -1.229993409978181, -2.1495266686084307], [-56.662965744668426, -1.427295271181445, -1.134995699562176, -1.453215370164611], [12.956375363207309, 1.578561905247293, 0.6490125109861906, 0.24120547762933225]], [[-19.21432439929179, -6.535114579940764, 6.67980644187803, -10.330140205722772], [10.017296938849794, 5.2208056072726015, 2.0021191792204185, 1.046283718412258], [-25.0248787690028, 10.160606661660454, -0.3009282989741601, -1.7425850487590093]], [[-5.7342686266383165, -8.58296682972359, 4.0944882376155265, -7.0872579481408815], [9.847193596299753, 5.695173264188212, 2.7239969449111348, 0.22835185035301545], [-28.89968899464961, 12.135142032987375, 1.1054108791480837, -3.3684205711643695]], [[13.225755175396158, 1.6001956905350443, 0.7268274779910113, 0.33608741150792537], [-10.308217932924812, -2.270294526966498, -2.0016791463439993, -0.4216083991732661], [-36.36362836587695, -2.505085071034657, 6.580212475339958, -13.996872978999809]], [[-22.40103291651937, 12.099002652500847, -1.233227305920657, -3.1893552232312414], [-18.983846043148738, -9.803169812325024, 11.846428374403937, -7.90627086913107], [2.90797661302809, 2.4136596855303685, 1.8270228694063542, 4.215060755121306]], [[-0.8924905311481863, -4.601830180667355, -0.21593311147155647, -4.30015803080793], [-49.087561461099554, -6.581523253684064, 17.521249519261275, 12.198565738990395], [4.950936358918696, 5.202459871781027, -0.9549829944884647, -2.242447908622601]], [[-13.053877306939924, -3.9195309364526683, -2.4419500523839197, -2.9892962211777108], [13.272712907321425, 1.2107110363993903, -0.20367832855653062, -0.5837715481832486], [-38.8507383210863, 5.464892941588439, 21.437994875680573, 1.4469752645535836]], [[16.278438436630278, 4.441468674340192, 2.4660654460025726, -1.6765946476743292], [-39.06396268430011, -0.8191720102855752, 7.538282589260217, -11.990094929567139], [-4.731164326217554, 3.2718144253003323, 0.5327674012898971, -3.8659182143534423]], [[-56.662965744668426, -1.427295271181445, -1.134995699562176, -1.453215370164611], [14.744101829190722, 1.504239711934852, -0.04200824454989625, 0.44466456498201196], [-5.73892149961747, -0.9874943092841801, -2.239386141506406, -1.860275168456079]], [[-12.928959293033762, -3.808547282184908, -3.374150801413846, -5.1026165468435], [14.086490827777169, 3.543865285863034, 2.493133814540747, -0.9483244456134481], [-29.821145885856325, 10.943740700346591, 6.3343064014733885, -5.13688492995709]], [[8.649909995360918, 5.6523181993144975, 2.6659690237057445, 0.33863642325970117], [-32.50826006830843, 12.805030915625006, 2.3673890998437415, -3.2260335249195915], [-5.527038002740287, -9.055239464760778, 5.363612135955808, -7.050318883608962]], [[9.751360963675227, 5.304539392724505, 2.658613586716024, 0.6918782082899934], [-18.66613177468386, -6.45422566493138, 5.946448232146216, -10.255204614302608], [-25.38805171185284, 10.239454463099973, 0.2181870719140559, -2.0594420787016077]]], "refit_milp_assignment": [[-18.098408167452156, -1.5887477301229487, -0.04135980614851175, -2.9876152525773483], [0.0, 0.0, 0.0, 0.0], [12.598527319840153, 1.7124000723180286, 0.7245597685176391, 0.25615220262662153]], "refit_ground_truth_assignment": [[-17.72655950169138, -2.1218273523464366, -1.8714604637110959, -1.670673621332722], [4.9900021881311805, 2.3433665453515524, 0.6267031792283088, 2.0544936364290622], [15.101730601479316, 0.36007053601386396, -0.15706979883201036, -0.012216378251431669]]}