{"time_milp": 0.9940218925476074, "time_refit_milp_assignment": 1.745527744293213, "mse_refit_ground_truth_assignment": 4.186411844674813, "r2_refit_ground_truth_assignment": 0.9451955145810815, "weight_mismatch_refit_ground_truth_assignment": 0.5747930264485341, "refit-weight_mismatch_refit_ground_truth_assignment": 0.0, "rand_score_refit_ground_truth_assignment": 1.0, "label_mismatch_refit_ground_truth_assignment": 0.0, "mse_milp": 2.9019112035111174, "r2_milp": 0.9620109640091622, "weight_mismatch_milp": 0.7185118029905768, "refit-weight_mismatch_milp": 0.4635345108260084, "rand_score_milp": 0.7515527950310559, "label_mismatch_milp": 0.14285714285714285, "mse_refit_milp_assignment": 2.901898257452033, "r2_refit_milp_assignment": 0.9620111334865411, "weight_mismatch_refit_milp_assignment": 0.7178884516440225, "refit-weight_mismatch_refit_milp_assignment": 0.4631304604740808, "rand_score_refit_milp_assignment": 0.7515527950310559, "label_mismatch_refit_milp_assignment": 0.14285714285714285, "mse_greedy": NaN, "r2_greedy": NaN, "mse_ground_truth": 4.554019943060345, "r2_ground_truth": 0.9403831422165535, "weight_mismatch_ground_truth": 0, "rand_score_ground_truth": 1, "label_mismatch_ground_truth": 0, "mse_baseline_sklearn": 76.24541228059034, "r2_baseline_sklearn": 0.0016801999700682968, "random_state": 12}