{"time_milp": 331.8716199398041, "time_greedy": 0.21380772590637206, "time_refit_milp_assignment": 332.43287897109985, "mse_refit_ground_truth_assignment": 0.5515957747921985, "r2_refit_ground_truth_assignment": 0.44655323267494207, "weight_mismatch_refit_ground_truth_assignment": 1.502771428879094e-11, "refit-weight_mismatch_refit_ground_truth_assignment": 0.0, "rand_score_refit_ground_truth_assignment": 1.0, "label_mismatch_refit_ground_truth_assignment": 0.0, "mse_milp": 0.01389747754543487, "r2_milp": 0.9860558866238758, "weight_mismatch_milp": 2.0509357568570508, "refit-weight_mismatch_milp": 2.050935756851027, "rand_score_milp": 0.5044331215909856, "label_mismatch_milp": 0.44481605351170567, "mse_refit_milp_assignment": 1.5829984720154083e-32, "r2_refit_milp_assignment": 1.0, "weight_mismatch_refit_milp_assignment": 2.592097539258779, "refit-weight_mismatch_refit_milp_assignment": 2.5920975392532783, "rand_score_refit_milp_assignment": 0.5044331215909856, "label_mismatch_refit_milp_assignment": 0.44481605351170567, "mse_greedy": 0.07666234896814986, "r2_greedy": 0.9230803948272591, "weight_mismatch_greedy": 2.4588320089205196, "refit-weight_mismatch_greedy": 2.458832008917493, "rand_score_greedy": 0.5040650041525443, "label_mismatch_greedy": 0.4511705685618729, "mse_greedy_sem": 0.02635940776762551, "r2_greedy_sem": 0.026447862156107463, "weight_mismatch_greedy_sem": 0.12076635010899361, "refit-weight_mismatch_greedy_sem": 0.12076635011011197, "rand_score_greedy_sem": 0.001300464125474723, "label_mismatch_greedy_sem": 0.00728401169405558, "mse_ground_truth": NaN, "r2_ground_truth": NaN, "weight_mismatch_ground_truth": 0, "rand_score_ground_truth": 1, "label_mismatch_ground_truth": 0, "mse_baseline_sklearn": 0.5843720065010184, "r2_baseline_sklearn": 0.41366701361139446}