{"ground_truth": [[0.010717503626761667, 0.1901083997780748, 0.02902728553839711, -0.3383923564477263, 0.031146318589932227, 0.10277129900988217, -0.04083394170601358, -0.4341859891681596, -0.008652511488970565, -0.0649196874091815, 0.0009047349203567683, -0.08117854907522838], [0.025956024329242808, 0.12742259067367828, 0.29569410317164735, -0.17172130524340926, -0.06288267035427442, 0.24399437390352088, -0.13840258392540097, -0.48639268292902726, 0.002421596924284053, 0.1425308480294491, -0.02349706281731062, 0.5318427918306124]], "milp": [[-0.5766943476497927, 0.00576604460617562, -0.0034594481889574326, -0.008195146844708422, 0.0008219226501608834, 0.004923518372436383, -0.0036237238677326515, -0.01900317861916024, -0.04666881006180616, -0.04940246417997093, -0.04345594526429469, -0.05179037430919062], [1.0102973778590922, 0.03457030304701258, 0.03324452332902047, -0.06111260385881058, -0.03367316059458728, 0.029968828865248286, -0.012999428875085747, -0.08734043230478616, 0.15987908738488757, 0.1523294012925334, 0.09790367384737961, 0.09933194993593514]], "greedy": [[[0.05403208705758989, -0.05338661633972788, 0.15466925722827435, -0.43835554726247866, 0.08006068368525214, 0.3739787503382949, 0.20472137480333294, -0.1733817528784468, 0.3455403466516309, 0.04172971980927442, -0.44391739814285175, 0.1445244878748448], [0.11362428212320573, 0.19430752216854025, -0.12203725473450584, 0.2229610859415794, -0.08143766612526171, -0.11479901214780139, -0.354623682916986, -0.34922221598189523, -0.26345862909127815, -0.04659739599749652, 0.626319814975188, -0.06338836498967776]], [[-0.6292598046550404, -0.00010049545137773478, 0.20555349286990346, 0.015859407735974166, 0.005629048895451717, 0.16875042863568926, 0.01916505979998734, -0.035985864006426074, 0.013877826698081543, -0.002007470481583448, 0.037278307603861804, 0.02755595534291504], [1.4019071618932564, -0.010933099292625198, -0.3165638014708618, -0.019370317660420976, 0.0008136116726900235, -0.0013891887391044237, 0.01442697978774897, 0.022435005423146255, -0.015025120168877314, 0.042852791178604674, 0.018500630186804742, -0.0820107233279528]], [[-0.4745788158676575, 0.06699033937652794, 0.0074644104244422005, -0.08990312922439257, 0.026158751581176053, 0.014905638929945161, -0.029554941172181545, -0.1413137396363114, -0.04505952898944074, -0.002120064345219884, -0.024120907912679453, 1.29447270281745], [0.9727033218623806, 0.039150366869493, 0.017199031306369173, -0.07324001205388235, -0.015709745323332563, 0.08866221896264169, -0.018723816749028517, -0.15697531902922662, 0.06299353242311409, 0.056033913642878755, 0.03563085734303213, -1.398969249642293]], [[1.401188904060358, -0.01115428261080846, -0.31632561083472344, -0.018974499419690663, 0.001049084195333337, 0.0018701744633802114, 0.01488597317665059, 0.022652746476930885, -0.014341711347146046, 0.0426561980071541, 0.019305283878133978, -0.08105630069870924], [-0.6325560166663985, 0.006840297709905934, 0.2110375311319412, 0.006510976218379008, 0.0035917850361470442, 0.06209206295992513, 0.0193209965119308, -0.039501553053123264, -0.004506244517535165, 0.01015292003417624, -0.0023831239432213235, 0.016048453229244218]], [[1.401188904060358, -0.01115428261080846, -0.31632561083472344, -0.018974499419690663, 0.001049084195333337, 0.0018701744633802114, 0.01488597317665059, 0.022652746476930885, -0.014341711347146046, 0.0426561980071541, 0.019305283878133978, -0.08105630069870924], [-0.6325560166663985, 0.006840297709905934, 0.2110375311319412, 0.006510976218379008, 0.0035917850361470442, 0.06209206295992513, 0.0193209965119308, -0.039501553053123264, -0.004506244517535165, 0.01015292003417624, -0.0023831239432213235, 0.016048453229244218]], [[1.2699279004729338, 0.09139285496056793, -0.2606475169221862, -0.049683250503355515, -0.05972397479070983, -0.1537250885495702, -0.08302616992808375, -0.0455949338918883, -0.028847994965451602, -0.10845976570857191, 0.06371961070922498, 0.011650603417194682], [-0.6089635749347716, -0.042117673475318106, 0.20383338150373007, -0.004666322781074856, 0.007150825139856846, 0.21380183793827354, 0.060907150683065896, -0.047463560695728865, 0.026443306523765336, 0.07762963110615836, 0.0003975207296806181, -0.03136794434107163]], [[-0.6865309732064925, 0.0, 0.0, 0.0, 0.0, 0.0, 0.0, 0.0, 0.0, 0.0, 0.0, 0.0], [1.4517269537595625, 4.8457630857987543e-32, 9.661261308990459e-33, -5.88368461094644e-32, 2.0515029992578405e-33, 2.3568367480654082e-32, 2.4373064023286692e-32, 3.010498673755484e-33, 6.587863598055312e-32, 1.1539554751115994e-31, -1.1827771335786011e-32, -6.670031441027746e-33]], [[-0.4745788158676575, 0.06699033937652794, 0.0074644104244422005, -0.08990312922439257, 0.026158751581176053, 0.014905638929945161, -0.029554941172181545, -0.1413137396363114, -0.04505952898944074, -0.002120064345219884, -0.024120907912679453, 1.29447270281745], [0.9727033218623806, 0.039150366869493, 0.017199031306369173, -0.07324001205388235, -0.015709745323332563, 0.08866221896264169, -0.018723816749028517, -0.15697531902922662, 0.06299353242311409, 0.056033913642878755, 0.03563085734303213, -1.398969249642293]], [[-0.26489638964398854, -0.19877916505935228, 0.2798746714330419, -0.01694365688565803, -0.12109359745451334, 0.2651957729815395, -0.23386392424607522, 0.006568883274141664, -0.1203003277080313, -0.1187506640774593, 0.11481835170843757, -0.02343288226011952], [0.4017687206862122, 0.3009141412873843, -0.3197561667540984, -0.2774038065828213, 0.11311450651848047, -0.03621359084481423, 0.16560472399802467, -0.4365900752146504, 0.10298667445048496, 0.1962000519041391, -0.13931150025752548, 0.014589741993828498]], [[1.4517269537595625, 4.8457630857987543e-32, 9.661261308990459e-33, -5.88368461094644e-32, 2.0515029992578405e-33, 2.3568367480654082e-32, 2.4373064023286692e-32, 3.010498673755484e-33, 6.587863598055312e-32, 1.1539554751115994e-31, -1.1827771335786011e-32, -6.670031441027746e-33], [-0.6865309732064925, 0.0, 0.0, 0.0, 0.0, 0.0, 0.0, 0.0, 0.0, 0.0, 0.0, 0.0]]], "refit_milp_assignment": [[-0.6865309732064925, 0.0, 0.0, 0.0, 0.0, 0.0, 0.0, 0.0, 0.0, 0.0, 0.0, 0.0], [1.4517269537595625, 5.960937391774683e-32, 1.3942589287363906e-32, -7.293363596068487e-32, -9.937532104407688e-34, 2.8181045248807216e-32, 2.813577852569312e-32, 5.6994921213136496e-33, 9.917184233456541e-32, 1.7496785013173816e-31, -1.9946526675939563e-32, -7.251789266390061e-33]], "refit_ground_truth_assignment": [[0.010717503626582851, 0.19010839977800956, 0.029027285538422615, -0.3383923564475194, 0.031146318589884096, 0.10277129900989276, -0.04083394170606372, -0.4341859891679539, -0.008652511488893531, -0.06491968740902296, 0.0009047349204139468, -0.08117854907502979], [0.025956024329451544, 0.1274225906735364, 0.2956941031703549, -0.17172130524320456, -0.06288267035392044, 0.2439943739035269, -0.13840258392522775, -0.48639268292889803, 0.0024215969241017893, 0.14253084802916824, -0.023497062816552707, 0.5318427918161234]]}