{"time_milp": 6.010347843170166, "time_refit_milp_assignment": 6.445813894271851, "mse_refit_ground_truth_assignment": 0.10459220059039165, "r2_refit_ground_truth_assignment": 0.9998189486694192, "weight_mismatch_refit_ground_truth_assignment": 0.7889446855891408, "refit-weight_mismatch_refit_ground_truth_assignment": 0.0, "rand_score_refit_ground_truth_assignment": 1.0, "label_mismatch_refit_ground_truth_assignment": 0.0, "mse_milp": 0.10472645539918018, "r2_milp": 0.9998187162714811, "weight_mismatch_milp": 0.8128467682990326, "refit-weight_mismatch_milp": 0.07586139004424597, "rand_score_milp": 1.0, "label_mismatch_milp": 0.0, "mse_refit_milp_assignment": 0.10459220059039165, "r2_refit_milp_assignment": 0.9998189486694192, "weight_mismatch_refit_milp_assignment": 0.7889446855891408, "refit-weight_mismatch_refit_milp_assignment": 0.0, "rand_score_refit_milp_assignment": 1.0, "label_mismatch_refit_milp_assignment": 0.0, "mse_greedy": NaN, "r2_greedy": NaN, "mse_ground_truth": 0.28597097555462886, "r2_ground_truth": 0.9994276695314277, "weight_mismatch_ground_truth": 0, "rand_score_ground_truth": 1, "label_mismatch_ground_truth": 0, "mse_baseline_sklearn": 428.18843428116617, "r2_baseline_sklearn": 0.25879668533325284, "mse_milp_val": 46.23282771587496, "r2_milp_val": 0.8760086750304616, "label_mismatch_milp_val": 0.15, "mse_refit_milp_assignment_val": 46.33431712841639, "r2_refit_milp_assignment_val": 0.8757364916630777, "label_mismatch_refit_milp_assignment_val": 0.15, "mse_refit_ground_truth_assignment_val": 46.33431712841639, "r2_refit_ground_truth_assignment_val": 0.8757364916630777, "label_mismatch_refit_ground_truth_assignment_val": 0.15, "mse_ground_truth_val": 45.58207478193492, "r2_ground_truth_val": 0.8777539223469986, "label_mismatch_ground_truth_val": 0.15, "mse_baseline_sklearn_val": 389.18816488732904, "r2_baseline_sklearn_val": -0.04375956676068582, "random_state": 3}