{"time_milp": 18082.11929678917, "time_greedy": 6.017986977100373, "time_refit_milp_assignment": 18085.257204771042, "mse_refit_ground_truth_assignment": 193.46427193641466, "r2_refit_ground_truth_assignment": 0.6099461413566909, "weight_mismatch_refit_ground_truth_assignment": 19.094080099176672, "refit-weight_mismatch_refit_ground_truth_assignment": 0.0, "rand_score_refit_ground_truth_assignment": 1.0, "label_mismatch_refit_ground_truth_assignment": 0.0, "mse_milp": 138.38287190696627, "r2_milp": 0.7209987528074675, "weight_mismatch_milp": 20.790041807227613, "refit-weight_mismatch_milp": 19.71912643603787, "rand_score_milp": 0.7049019607843138, "label_mismatch_milp": 0.39166666666666666, "mse_refit_milp_assignment": 138.38286481551611, "r2_refit_milp_assignment": 0.7209987671049265, "weight_mismatch_refit_milp_assignment": 20.79782996017483, "refit-weight_mismatch_refit_milp_assignment": 19.71222461038, "rand_score_refit_milp_assignment": 0.7049019607843138, "label_mismatch_refit_milp_assignment": 0.39166666666666666, "mse_greedy": 114.8180012285354, "r2_greedy": 0.7685091724035646, "weight_mismatch_greedy": 42.087077725218236, "refit-weight_mismatch_greedy": 45.22161959689122, "rand_score_greedy": 0.6138165266106442, "label_mismatch_greedy": 0.5041666666666667, "mse_greedy_sem": 3.5590725211873835, "r2_greedy_sem": 0.007175640009317971, "weight_mismatch_greedy_sem": 2.385068929565141, "refit-weight_mismatch_greedy_sem": 3.6556245597624395, "rand_score_greedy_sem": 0.010157450745239566, "label_mismatch_greedy_sem": 0.017867895676504066, "mse_ground_truth": 251.07039099362797, "r2_ground_truth": 0.4938033063265781, "weight_mismatch_ground_truth": 0, "rand_score_ground_truth": 1, "label_mismatch_ground_truth": 0, "mse_baseline_sklearn": 482.72355622739974, "r2_baseline_sklearn": 0.02676607305242762, "random_state": 5}