{"time_milp": 2583.1188027858734, "time_greedy": 0.47376304864883423, "time_refit_milp_assignment": 2585.8132610321045, "mse_refit_ground_truth_assignment": 7.943690502449783, "r2_refit_ground_truth_assignment": 0.9354223646338279, "weight_mismatch_refit_ground_truth_assignment": 4.7463855026048805, "refit-weight_mismatch_refit_ground_truth_assignment": 0.0, "rand_score_refit_ground_truth_assignment": 1.0, "label_mismatch_refit_ground_truth_assignment": 0.0, "mse_milp": 6.246824622000745, "r2_milp": 0.9492169083738116, "weight_mismatch_milp": 17.415495034002113, "refit-weight_mismatch_milp": 15.999206319341088, "rand_score_milp": 0.7398278560250391, "label_mismatch_milp": 0.3333333333333333, "mse_refit_milp_assignment": 6.246784778985516, "r2_refit_milp_assignment": 0.9492172322746116, "weight_mismatch_refit_milp_assignment": 17.445273299719233, "refit-weight_mismatch_refit_milp_assignment": 16.031384126805168, "rand_score_refit_milp_assignment": 0.7398278560250391, "label_mismatch_refit_milp_assignment": 0.3333333333333333, "mse_greedy": 11.288715687037463, "r2_greedy": 0.9082292336080975, "weight_mismatch_greedy": 21.753349782177672, "refit-weight_mismatch_greedy": 21.190103049451082, "rand_score_greedy": 0.7170579029733959, "label_mismatch_greedy": 0.3555555555555555, "mse_greedy_sem": 1.2920642574730936, "r2_greedy_sem": 0.010503739346721717, "weight_mismatch_greedy_sem": 3.089152903692581, "refit-weight_mismatch_greedy_sem": 3.0250029721815572, "rand_score_greedy_sem": 0.018639089278104103, "label_mismatch_greedy_sem": 0.0307674735215712, "mse_ground_truth": 9.766150650933355, "r2_ground_truth": 0.9204714116644204, "weight_mismatch_ground_truth": 0, "rand_score_ground_truth": 1, "label_mismatch_ground_truth": 0, "mse_baseline_sklearn": 117.66469409575194, "r2_baseline_sklearn": 0.04345370600172238, "mse_milp_val": 17.73312414652071, "r2_milp_val": 0.8552012876901356, "label_mismatch_milp_val": 0.3333333333333333, "mse_refit_milp_assignment_val": 17.745174499615775, "r2_refit_milp_assignment_val": 0.8551028912882028, "label_mismatch_refit_milp_assignment_val": 0.3333333333333333, "mse_greedy_val": 28.196660529066104, "label_mismatch_greedy_val": 0.3864583333333334, "mse_greedy_val_sem": 6.947404000926428, "label_mismatch_greedy_val_sem": 0.022543563658545658, "r2_greedy_val": 0.7697619380368339, "r2_greedy_val_sem": 0.05672859135923446, "mse_refit_ground_truth_assignment_val": 11.540473490371118, "r2_refit_ground_truth_assignment_val": 0.9057669879799647, "label_mismatch_refit_ground_truth_assignment_val": 0.25, "mse_ground_truth_val": 9.031629894313099, "r2_ground_truth_val": 0.9262527929117103, "label_mismatch_ground_truth_val": 0.25, "mse_baseline_sklearn_val": 122.5063806274945, "r2_baseline_sklearn_val": -0.0003181626675590188}