{"time_milp": 498.38432598114014, "time_greedy": 0.5341519355773926, "time_refit_milp_assignment": 501.4722709655762, "mse_refit_ground_truth_assignment": 1.432487442575844, "r2_refit_ground_truth_assignment": 0.9876937078820484, "weight_mismatch_refit_ground_truth_assignment": 1.1952333430792685, "refit-weight_mismatch_refit_ground_truth_assignment": 0.0, "rand_score_refit_ground_truth_assignment": 1.0, "label_mismatch_refit_ground_truth_assignment": 0.0, "mse_milp": 1.7919664405106286, "r2_milp": 0.9846054758826815, "weight_mismatch_milp": 2.3076688842043405, "refit-weight_mismatch_milp": 2.0027793990800236, "rand_score_milp": 0.8877151799687011, "label_mismatch_milp": 0.09722222222222222, "mse_refit_milp_assignment": 1.7919198687137852, "r2_refit_milp_assignment": 0.9846058759742421, "weight_mismatch_refit_milp_assignment": 2.318378171811826, "refit-weight_mismatch_refit_milp_assignment": 1.9646205024313983, "rand_score_refit_milp_assignment": 0.8877151799687011, "label_mismatch_refit_milp_assignment": 0.09722222222222222, "mse_greedy": 6.091829056802583, "r2_greedy": 0.9476659789974606, "weight_mismatch_greedy": 15.05558574825054, "refit-weight_mismatch_greedy": 14.84758411056732, "rand_score_greedy": 0.7739241001564945, "label_mismatch_greedy": 0.2861111111111111, "mse_greedy_sem": 1.4416797512935862, "r2_greedy_sem": 0.012385261910605076, "weight_mismatch_greedy_sem": 2.455711255574505, "refit-weight_mismatch_greedy_sem": 2.526523258394221, "rand_score_greedy_sem": 0.023363845721322062, "label_mismatch_greedy_sem": 0.033333333333333326, "mse_ground_truth": 1.6764735364924122, "r2_ground_truth": 0.9855384269656834, "weight_mismatch_ground_truth": 0, "rand_score_ground_truth": 1, "label_mismatch_ground_truth": 0, "mse_baseline_sklearn": 108.92426059720827, "r2_baseline_sklearn": 0.06424745530000764, "mse_milp_val": 2.966675163994831, "r2_milp_val": 0.9742077739655157, "label_mismatch_milp_val": 0.08333333333333333, "mse_refit_milp_assignment_val": 2.968920783539552, "r2_refit_milp_assignment_val": 0.9741882505854073, "label_mismatch_refit_milp_assignment_val": 0.08333333333333333, "mse_greedy_val": 12.826511774970669, "label_mismatch_greedy_val": 0.25729166666666664, "mse_greedy_val_sem": 3.3026865602014195, "label_mismatch_greedy_val_sem": 0.031605254104156544, "r2_greedy_val": 0.8884865134716871, "r2_greedy_val_sem": 0.02871350369450728, "mse_refit_ground_truth_assignment_val": 1.9248322213443867, "r2_refit_ground_truth_assignment_val": 0.9832655397079195, "label_mismatch_refit_ground_truth_assignment_val": 0.041666666666666664, "mse_ground_truth_val": 1.906764348658135, "r2_ground_truth_val": 0.983422621501687, "label_mismatch_ground_truth_val": 0.041666666666666664, "mse_baseline_sklearn_val": 115.34475785432848, "r2_baseline_sklearn_val": -0.0028054647094102325}