{"time_milp": 3.1633200645446777, "time_refit_milp_assignment": 3.638993263244629, "mse_refit_ground_truth_assignment": 8.068621571410828, "r2_refit_ground_truth_assignment": 0.9138478287793962, "weight_mismatch_refit_ground_truth_assignment": 1.152524379608071, "refit-weight_mismatch_refit_ground_truth_assignment": 0.0, "rand_score_refit_ground_truth_assignment": 1.0, "label_mismatch_refit_ground_truth_assignment": 0.0, "mse_milp": 8.068627933231465, "r2_milp": 0.9138477608514786, "weight_mismatch_milp": 1.150483002905507, "refit-weight_mismatch_milp": 0.0076109208290896894, "rand_score_milp": 1.0, "label_mismatch_milp": 0.0, "mse_refit_milp_assignment": 8.068621571410828, "r2_refit_milp_assignment": 0.9138478287793962, "weight_mismatch_refit_milp_assignment": 1.152524379608071, "refit-weight_mismatch_refit_milp_assignment": 0.0, "rand_score_refit_milp_assignment": 1.0, "label_mismatch_refit_milp_assignment": 0.0, "mse_greedy": NaN, "r2_greedy": NaN, "mse_ground_truth": 7.776870482530574, "r2_ground_truth": 0.9184933212593716, "weight_mismatch_ground_truth": 0, "rand_score_ground_truth": 1, "label_mismatch_ground_truth": 0, "mse_baseline_sklearn": 93.22642189226114, "r2_baseline_sklearn": 0.0045810687658799365, "mse_milp_val": 7.468464743908913, "r2_milp_val": 0.9237622015700636, "label_mismatch_milp_val": 0.0, "mse_refit_milp_assignment_val": 7.468079576073954, "r2_refit_milp_assignment_val": 0.9237661333483835, "label_mismatch_refit_milp_assignment_val": 0.0, "mse_refit_ground_truth_assignment_val": 7.468079576073954, "r2_refit_ground_truth_assignment_val": 0.9237661333483835, "label_mismatch_refit_ground_truth_assignment_val": 0.0, "mse_ground_truth_val": 7.049034157915116, "r2_ground_truth_val": 0.9280437327236283, "label_mismatch_ground_truth_val": 0.0, "mse_baseline_sklearn_val": 98.11106489408186, "r2_baseline_sklearn_val": -0.0015139450503167673, "random_state": 42}