{"ground_truth": [[-10, 0.2, 0.4, 0.3], [10, -0.2, -0.4, -0.3]], "milp": [[-10.704532132333616, 0.36246934519384477, 0.533428555735145, 0.3569777515425552], [9.671539181897444, -0.12972043226570573, -0.524513654040162, -0.0943822182740526]], "refit_milp_assignment": [[-10.708912115484617, 0.36354021065988684, 0.5340975832479445, 0.3575948952813798], [9.67445924085704, -0.13024146470180423, -0.5247804439898165, -0.09482560919233017]], "refit_ground_truth_assignment": [[-10.708912115484617, 0.36354021065988684, 0.5340975832479445, 0.3575948952813798], [9.67445924085704, -0.13024146470180423, -0.5247804439898165, -0.09482560919233017]]}