{"ground_truth": [[-10, -1.337719620706157, -1.6626352006348812, -1.0611537685933308], [1, 1.6272285743807728, 1.565890653114534, 1.026132378542826], [10, 0.1, 0.1, 0.1]], "milp": [[-9.399312100647567, -2.1229549421511575, -2.188099027780475, -0.7827781160629126], [3.1725671342235513, 1.314048041550367, -3.024033179900295, 3.2694621845780194], [8.52553354645757, -1.0525498347231714, 1.6597808454366563, 0.18044013832103778]], "greedy": [[[-9.36432940140299, -2.127830621421179, -2.154760325923047, -0.8246828364211103], [1.0127101620714742, 0.09273368143327534, 0.9118540685150506, 1.1287180619964683], [8.885272436351727, -0.2175714950222336, 0.677058074281128, 0.3598850770601817]], [[3.628496223445041, -3.583366943154622, 5.505916414514376, -7.650930350930944], [-13.305410976148693, 6.607325242454025, -2.2288474266197693, 0.3400115742398198], [5.460745793497894, -5.731473250590075, -1.2613746639962948, 5.2982956860503645]], [[2.6900355263871356, 0.5288212923206195, 0.9139960853217068, -0.042419577126771676], [9.367758960409448, 0.04634833988690068, 0.5108704311652187, 0.12514317922520712], [-9.36432940140299, -2.127830621421179, -2.154760325923047, -0.8246828364211103]], [[-7.492385648166259, -2.514960861335466, -2.3537915302087615, -1.575224599985491], [9.240636684054037, -0.8369192363046365, 0.392040905250478, 0.36249551943799585], [-10.283448751588153, -0.2442273258388035, 1.6878050050011824, 8.25899524126749]], [[7.358554724280861, 1.1704697146127425, 0.6210282123146094, -0.10161138665887326], [-1.9375840276391854, 2.469597066275249, 1.6075106503945937, 0.5674763515227981], [-9.36432940140299, -2.127830621421179, -2.154760325923047, -0.8246828364211103]], [[6.789266160331973, 0.8127510057202085, 1.1036989025925479, -0.12568370312759683], [-4.4105451419033255, 1.5004358305510863, 4.841177341713906, -2.3455123819194372], [-10.318435185254177, -1.8892095784150318, -1.8577485469775585, -0.7342194830664904]], [[2.6900355263871356, 0.5288212923206195, 0.9139960853217068, -0.042419577126771676], [9.367758960409448, 0.04634833988690068, 0.5108704311652187, 0.12514317922520712], [-9.36432940140299, -2.127830621421179, -2.154760325923047, -0.8246828364211103]], [[8.525622351324278, -0.5898342325772736, -0.994428408243082, -2.4763084448129806], [6.563366705947205, 0.19057523291397763, 1.3091603083547338, 0.882420295484377], [-9.36432940140299, -2.127830621421179, -2.154760325923047, -0.8246828364211103]], [[-3.3329209747643995, 0.44117787106552553, 6.061341700497242, 1.8480715789705502], [0.7713810919731399, -4.709656750297761, -3.281499899142973, 7.261197421182029], [4.49089420267263, -2.9969754197782312, -2.442652915510789, -7.1449077662697755]], [[-9.36432940140299, -2.127830621421179, -2.154760325923047, -0.8246828364211103], [9.324920895550875, -0.4118515277073236, 0.6194163672997521, 0.3446984495309567], [-0.47889741796588936, 1.1156558332808686, 1.8695428430781573, 1.6326397427440544]], [[8.825792062297364, 0.031006042210984967, 0.7452649905039774, 0.3851848093994235], [-9.36432940140299, -2.127830621421179, -2.154760325923047, -0.8246828364211103], [0.5112502679320374, 0.6970263201144127, 1.5171966105531958, 1.171502714976516]], [[-13.56354934707578, -0.37807342690590917, 2.2826192951339856, 9.953349067726323], [9.936832345206676, -0.8613056858340767, -0.06424660418236428, 0.15477957701626827], [-2.4654183728728416, -2.9947333661521927, -2.6459591193092273, -3.74332719743124]], [[-10.489015431555973, -0.36723975214317167, 1.6956150593200374, 8.380968258504442], [-7.404347775425721, -2.5438519159365156, -2.4870645794773116, -1.4999612598803451], [9.081979656734896, -0.9140184397884357, 0.5868457985778691, 0.2527641474742168]], [[-3.552094236831902, -3.5051843324837892, -3.8260467366757953, -2.0169205038824503], [6.069603013603727, -1.0860306399825335, 3.3965879006500668, -1.0323139848755487], [-8.788216386831733, 0.24547885965135713, 0.8121174053098313, 6.95369717078662]], [[8.525622351324278, -0.5898342325772736, -0.994428408243082, -2.4763084448129806], [-9.36432940140299, -2.127830621421179, -2.154760325923047, -0.8246828364211103], [6.563366705947205, 0.19057523291397763, 1.3091603083547338, 0.882420295484377]], [[5.61639903795767, -0.8263071743113296, 2.637500385260618, -2.273644276397406], [-9.36432940140299, -2.127830621421179, -2.154760325923047, -0.8246828364211103], [6.042922775051514, 1.0837631570359292, 0.1663350094924602, 0.9507818057973811]], [[8.825792062297364, 0.031006042210984967, 0.7452649905039774, 0.3851848093994235], [-9.36432940140299, -2.127830621421179, -2.154760325923047, -0.8246828364211103], [0.5112502679320374, 0.6970263201144127, 1.5171966105531958, 1.171502714976516]], [[3.368707713049581, -2.1843436918010424, 5.52523329231092, -7.70644211688298], [9.387792442328227, -5.20328127996824, -4.531697420169064, 2.78446973460126], [-19.093167986946362, 5.821765939860637, -0.19889703448953477, 5.868844503641875]], [[-9.36432940140299, -2.127830621421179, -2.154760325923047, -0.8246828364211103], [0.2244780104287445, 0.6785854956681562, 1.04580798677718, 2.0540869951505405], [9.109906529152493, 0.035478608013004564, 0.37491208643636353, 0.8350047398066932]], [[7.776533763058538, 1.3108902527979065, 0.6286006918517152, -0.4920874763883673], [0.5599248718141299, 2.4696692974214103, 0.9842883763273261, -2.035083107366292], [-9.36432940140299, -2.127830621421179, -2.154760325923047, -0.8246828364211103]]], "refit_milp_assignment": [[-9.416770633465246, -2.118512848193606, -2.1851410266587297, -0.7776031162585249], [3.1763030206659404, 1.3138427064767917, -3.0266814856544864, 3.269684176606361], [8.546040434674087, -1.0579356972133283, 1.6525532959927465, 0.17694220980879063]], "refit_ground_truth_assignment": [[-9.361670553391544, -2.1290997071241837, -2.1555520367533965, -0.8252382427455807], [1.4842652840118054, 1.3136544871939282, 1.3213163885203745, 1.1778978739517132], [10.387676691737184, -0.5039809676144937, 0.01048306395530712, 0.25888933628807126]]}