{"time_milp": 0.7945296764373779, "time_greedy": 1.521769380569458, "time_refit_milp_assignment": 1.4140546321868896, "mse_refit_ground_truth_assignment": 5.2209209054013135, "r2_refit_ground_truth_assignment": 0.9434357572922876, "weight_mismatch_refit_ground_truth_assignment": 1.457668271015297, "refit-weight_mismatch_refit_ground_truth_assignment": 0.0, "rand_score_refit_ground_truth_assignment": 1.0, "label_mismatch_refit_ground_truth_assignment": 0.0, "mse_milp": 5.220926463675954, "r2_milp": 0.9434356970731037, "weight_mismatch_milp": 1.4566169169409116, "refit-weight_mismatch_milp": 0.006650784271141897, "rand_score_milp": 1.0, "label_mismatch_milp": 0.0, "mse_refit_milp_assignment": 5.2209209054013135, "r2_refit_milp_assignment": 0.9434357572922876, "weight_mismatch_refit_milp_assignment": 1.457668271015297, "refit-weight_mismatch_refit_milp_assignment": 0.0, "rand_score_refit_milp_assignment": 1.0, "label_mismatch_refit_milp_assignment": 0.0, "mse_greedy": 9.916470315843295, "r2_greedy": 0.8925634684162927, "weight_mismatch_greedy": 4.080517114897843, "refit-weight_mismatch_greedy": 2.988464903662897, "rand_score_greedy": 0.912170868347339, "label_mismatch_greedy": 0.06499999999999999, "mse_greedy_sem": 2.1735776404416725, "r2_greedy_sem": 0.023548867225857577, "weight_mismatch_greedy_sem": 1.2261131497424425, "refit-weight_mismatch_greedy_sem": 1.3899468069705896, "rand_score_greedy_sem": 0.040386158233680365, "label_mismatch_greedy_sem": 0.03011066334014622, "mse_ground_truth": 5.858872234014427, "r2_ground_truth": 0.934934353822945, "weight_mismatch_ground_truth": 0, "rand_score_ground_truth": 1, "label_mismatch_ground_truth": 0, "mse_baseline_sklearn": 88.774382435771, "r2_baseline_sklearn": 0.03820498235679515, "mse_milp_val": 5.862464177363881, "r2_milp_val": 0.9322784596536724, "label_mismatch_milp_val": 0.0, "mse_refit_milp_assignment_val": 5.864520586695141, "r2_refit_milp_assignment_val": 0.9322547045903948, "label_mismatch_refit_milp_assignment_val": 0.0, "mse_greedy_val": 13.013173473130575, "label_mismatch_greedy_val": 0.0725, "mse_greedy_val_sem": 3.3360583727323943, "label_mismatch_greedy_val_sem": 0.033572878308163225, "r2_greedy_val": 0.8496754733620143, "r2_greedy_val_sem": 0.03853720975541884, "mse_refit_ground_truth_assignment_val": 5.864520586695141, "r2_refit_ground_truth_assignment_val": 0.9322547045903948, "label_mismatch_refit_ground_truth_assignment_val": 0.0, "mse_ground_truth_val": 5.2309146033774025, "r2_ground_truth_val": 0.9395739430308797, "label_mismatch_ground_truth_val": 0.0, "mse_baseline_sklearn_val": 86.71663889887438, "r2_baseline_sklearn_val": -0.0017262676952873868, "random_state": 12}