{"ground_truth": [[-10, 0.2, 0.4, 0.3], [10, -0.2, -0.4, -0.3]], "milp": [[-10.820781500511423, 0.619633409148053, 0.34064697414833667, 0.13183978218467385], [9.759328210921202, -0.5366143031737658, -0.6261225508751782, -0.08635497761782829]], "greedy": [[[-6.430993664795606, -0.14654442974897652, 3.000156548934976, -0.6333961928143611], [1.9917106501350754, 0.5471059826332298, -3.3025102577576804, 2.160433015806376]], [[-6.473721382639689, -0.22863168717878224, 2.96060207139751, -0.5667345791005889], [1.9441117025698718, 0.4288910802996749, -3.3766700765359823, 2.241374195056495]], [[-10.823456013167172, 0.6200491681905289, 0.3409052677810737, 0.1322500308380537], [9.762981541724777, -0.5371955768513612, -0.6265225479400424, -0.0870656659629498]], [[-10.823456013167172, 0.6200491681905289, 0.3409052677810737, 0.1322500308380537], [9.762981541724777, -0.5371955768513612, -0.6265225479400424, -0.0870656659629498]], [[-10.823456013167172, 0.6200491681905289, 0.3409052677810737, 0.1322500308380537], [9.762981541724777, -0.5371955768513612, -0.6265225479400424, -0.0870656659629498]], [[-10.823456013167172, 0.6200491681905289, 0.3409052677810737, 0.1322500308380537], [9.762981541724777, -0.5371955768513612, -0.6265225479400424, -0.0870656659629498]], [[2.2172144925047013, 0.4956122374470691, -2.975143047590374, 2.3296262953250935], [-6.695767138004397, -0.09415328217781854, 2.864055854035179, -0.7752827779573345]], [[9.762981541724777, -0.5371955768513612, -0.6265225479400424, -0.0870656659629498], [-10.823456013167172, 0.6200491681905289, 0.3409052677810737, 0.1322500308380537]], [[-10.823456013167172, 0.6200491681905289, 0.3409052677810737, 0.1322500308380537], [9.762981541724777, -0.5371955768513612, -0.6265225479400424, -0.0870656659629498]], [[-3.473000751604348, 1.9259351272867464, 1.4154766766105773, -2.5864299930672487], [-0.2732256047307058, -1.6345760122452875, -1.4389090515011707, 3.5187338067022025]], [[-10.823456013167172, 0.6200491681905289, 0.3409052677810737, 0.1322500308380537], [9.762981541724777, -0.5371955768513612, -0.6265225479400424, -0.0870656659629498]], [[-10.823456013167172, 0.6200491681905289, 0.3409052677810737, 0.1322500308380537], [9.762981541724777, -0.5371955768513612, -0.6265225479400424, -0.0870656659629498]], [[-10.823456013167172, 0.6200491681905289, 0.3409052677810737, 0.1322500308380537], [9.762981541724777, -0.5371955768513612, -0.6265225479400424, -0.0870656659629498]], [[-10.823456013167172, 0.6200491681905289, 0.3409052677810737, 0.1322500308380537], [9.762981541724777, -0.5371955768513612, -0.6265225479400424, -0.0870656659629498]], [[-10.823456013167172, 0.6200491681905289, 0.3409052677810737, 0.1322500308380537], [9.762981541724777, -0.5371955768513612, -0.6265225479400424, -0.0870656659629498]], [[9.762981541724777, -0.5371955768513612, -0.6265225479400424, -0.0870656659629498], [-10.823456013167172, 0.6200491681905289, 0.3409052677810737, 0.1322500308380537]], [[-10.823456013167172, 0.6200491681905289, 0.3409052677810737, 0.1322500308380537], [9.762981541724777, -0.5371955768513612, -0.6265225479400424, -0.0870656659629498]], [[9.762981541724777, -0.5371955768513612, -0.6265225479400424, -0.0870656659629498], [-10.823456013167172, 0.6200491681905289, 0.3409052677810737, 0.1322500308380537]], [[-10.823456013167172, 0.6200491681905289, 0.3409052677810737, 0.1322500308380537], [9.762981541724777, -0.5371955768513612, -0.6265225479400424, -0.0870656659629498]], [[9.762981541724777, -0.5371955768513612, -0.6265225479400424, -0.0870656659629498], [-10.823456013167172, 0.6200491681905289, 0.3409052677810737, 0.1322500308380537]]], "refit_milp_assignment": [[-10.823492989919185, 0.6200744223738367, 0.3409236360730227, 0.13225492665037383], [9.763045559917813, -0.5372307416340871, -0.6265461536841355, -0.0870703066809624]], "refit_ground_truth_assignment": [[-10.823492989919185, 0.6200744223738367, 0.3409236360730227, 0.13225492665037383], [9.763045559917813, -0.5372307416340871, -0.6265461536841355, -0.0870703066809624]]}