{"time_milp": 0.7919809818267822, "time_greedy": 1.2971150398254394, "time_refit_milp_assignment": 1.3428771495819092, "mse_refit_ground_truth_assignment": 0.30735259617529503, "r2_refit_ground_truth_assignment": 0.9963144384562229, "weight_mismatch_refit_ground_truth_assignment": 0.10990279395680808, "refit-weight_mismatch_refit_ground_truth_assignment": 0.0, "rand_score_refit_ground_truth_assignment": 1.0, "label_mismatch_refit_ground_truth_assignment": 0.0, "mse_milp": 0.3073575136630237, "r2_milp": 0.9963143794890826, "weight_mismatch_milp": 0.11384162443238549, "refit-weight_mismatch_milp": 0.0060298601285525884, "rand_score_milp": 1.0, "label_mismatch_milp": 0.0, "mse_refit_milp_assignment": 0.30735259617529503, "r2_refit_milp_assignment": 0.9963144384562229, "weight_mismatch_refit_milp_assignment": 0.10990279395680808, "refit-weight_mismatch_refit_milp_assignment": 0.0, "rand_score_refit_milp_assignment": 1.0, "label_mismatch_refit_milp_assignment": 0.0, "mse_greedy": 11.622943951653225, "r2_greedy": 0.8606256274169949, "weight_mismatch_greedy": 5.991647995629156, "refit-weight_mismatch_greedy": 5.911739360794722, "rand_score_greedy": 0.7885784313725491, "label_mismatch_greedy": 0.17541666666666667, "mse_greedy_sem": 2.881916018734947, "r2_greedy_sem": 0.034557960411653085, "weight_mismatch_greedy_sem": 1.6676981798219563, "refit-weight_mismatch_greedy_sem": 1.6738652546448056, "rand_score_greedy_sem": 0.05402607806853937, "label_mismatch_greedy_sem": 0.045777378124497434, "mse_ground_truth": 0.3494692913323899, "r2_ground_truth": 0.9957417150933985, "weight_mismatch_ground_truth": 0, "rand_score_ground_truth": 1, "label_mismatch_ground_truth": 0, "mse_baseline_sklearn": 82.71844295234399, "r2_baseline_sklearn": 0.008097162347049491, "mse_milp_val": 0.421113578621729, "r2_milp_val": 0.9947406176044961, "label_mismatch_milp_val": 0.0, "mse_refit_milp_assignment_val": 0.4206875393960157, "r2_refit_milp_assignment_val": 0.9947459385044082, "label_mismatch_refit_milp_assignment_val": 0.0, "mse_greedy_val": 15.860242079622797, "label_mismatch_greedy_val": 0.15687500000000001, "mse_greedy_val_sem": 4.016824183871782, "label_mismatch_greedy_val_sem": 0.04161100997711771, "r2_greedy_val": 0.8019178620290264, "r2_greedy_val_sem": 0.05016702255869713, "mse_refit_ground_truth_assignment_val": 0.4206875393960157, "r2_refit_ground_truth_assignment_val": 0.9947459385044082, "label_mismatch_refit_ground_truth_assignment_val": 0.0, "mse_ground_truth_val": 0.40069561339951604, "r2_ground_truth_val": 0.9949956221740308, "label_mismatch_ground_truth_val": 0.0, "mse_baseline_sklearn_val": 80.09414265646595, "r2_baseline_sklearn_val": -0.00031379954335863935, "random_state": 5}