{"time_milp": 12.322931051254272, "time_refit_milp_assignment": 14.01610517501831, "mse_refit_ground_truth_assignment": 0.0993023959240607, "r2_refit_ground_truth_assignment": 0.9997044321330784, "weight_mismatch_refit_ground_truth_assignment": 0.8358208240253866, "refit-weight_mismatch_refit_ground_truth_assignment": 0.0, "rand_score_refit_ground_truth_assignment": 1.0, "label_mismatch_refit_ground_truth_assignment": 0.0, "mse_milp": 9.446925936508412, "r2_milp": 0.9718817685914086, "weight_mismatch_milp": 9.914279309153176, "refit-weight_mismatch_milp": 10.231797740436274, "rand_score_milp": 0.7406779661016949, "label_mismatch_milp": 0.15, "mse_refit_milp_assignment": 9.446743844110806, "r2_refit_milp_assignment": 0.9718823105789512, "weight_mismatch_refit_milp_assignment": 9.941635124262753, "refit-weight_mismatch_refit_milp_assignment": 10.260682198150626, "rand_score_refit_milp_assignment": 0.7406779661016949, "label_mismatch_refit_milp_assignment": 0.15, "mse_greedy": NaN, "r2_greedy": NaN, "mse_ground_truth": 0.25049620972932585, "r2_ground_truth": 0.9993175848491734, "weight_mismatch_ground_truth": 0, "rand_score_ground_truth": 1, "label_mismatch_ground_truth": 0, "mse_baseline_sklearn": 285.2064669925272, "r2_baseline_sklearn": 0.15109936374851274, "mse_milp_val": 86.14667926432561, "r2_milp_val": 0.7903900745559661, "label_mismatch_milp_val": 0.15, "mse_refit_milp_assignment_val": 86.1587062642484, "r2_refit_milp_assignment_val": 0.7903608107633433, "label_mismatch_refit_milp_assignment_val": 0.15, "mse_refit_ground_truth_assignment_val": 3.2349516198950687, "r2_refit_ground_truth_assignment_val": 0.9921287973761507, "label_mismatch_refit_ground_truth_assignment_val": 0.05, "mse_ground_truth_val": 2.8231178838115625, "r2_ground_truth_val": 0.9931308608271507, "label_mismatch_ground_truth_val": 0.05, "mse_baseline_sklearn_val": 415.40692118697035, "r2_baseline_sklearn_val": -0.010757634798288507, "random_state": 6}