{"ground_truth": [[-10, 0.2, 0.4, 0.3], [10, -0.2, -0.4, -0.3]], "milp": [[9.998743439945361, -0.39677407886624294, -0.4501445760772553, -0.20967164672322963], [-9.79620494653298, 0.35671523623875917, 0.26086814001005076, 0.3131707049776113]], "refit_milp_assignment": [[10.001696675450255, -0.39699824651228716, -0.450661773148052, -0.2100058158032017], [-9.798362376278583, 0.35692978616529697, 0.26105164839538175, 0.31344542450824614]], "refit_ground_truth_assignment": [[-9.798362376278583, 0.35692978616529697, 0.26105164839538175, 0.31344542450824614], [10.001696675450255, -0.39699824651228716, -0.450661773148052, -0.2100058158032017]]}