{"time_milp": 1.049483060836792, "time_refit_milp_assignment": 1.5344882011413574, "mse_refit_ground_truth_assignment": 2.223172512587186, "r2_refit_ground_truth_assignment": 0.9747140422568188, "weight_mismatch_refit_ground_truth_assignment": 0.8350835819780815, "refit-weight_mismatch_refit_ground_truth_assignment": 0.0, "rand_score_refit_ground_truth_assignment": 1.0, "label_mismatch_refit_ground_truth_assignment": 0.0, "mse_milp": 2.2231779529581224, "r2_milp": 0.9747139803790343, "weight_mismatch_milp": 0.8318292834247301, "refit-weight_mismatch_milp": 0.006357598662471099, "rand_score_milp": 1.0, "label_mismatch_milp": 0.0, "mse_refit_milp_assignment": 2.223172512587186, "r2_refit_milp_assignment": 0.9747140422568188, "weight_mismatch_refit_milp_assignment": 0.8350835819780815, "refit-weight_mismatch_refit_milp_assignment": 0.0, "rand_score_refit_milp_assignment": 1.0, "label_mismatch_refit_milp_assignment": 0.0, "mse_greedy": NaN, "r2_greedy": NaN, "mse_ground_truth": 2.7768183656135625, "r2_ground_truth": 0.9682747211341178, "weight_mismatch_ground_truth": 0, "rand_score_ground_truth": 1, "label_mismatch_ground_truth": 0, "mse_baseline_sklearn": 81.2326782801583, "r2_baseline_sklearn": 0.07609027260842449, "mse_milp_val": 3.17292909444296, "r2_milp_val": 0.9634956260513484, "label_mismatch_milp_val": 0.0, "mse_refit_milp_assignment_val": 3.172940692570587, "r2_refit_milp_assignment_val": 0.9634954926155308, "label_mismatch_refit_milp_assignment_val": 0.0, "mse_refit_ground_truth_assignment_val": 3.172940692570587, "r2_refit_ground_truth_assignment_val": 0.9634954926155308, "label_mismatch_refit_ground_truth_assignment_val": 0.0, "mse_ground_truth_val": 2.9480439852893205, "r2_ground_truth_val": 0.9660829168087768, "label_mismatch_ground_truth_val": 0.0, "mse_baseline_sklearn_val": 86.9496741045939, "r2_baseline_sklearn_val": -0.0003511971907821376, "random_state": 8}