{"time_milp": 0.42037391662597656, "time_greedy": 1.1318881630897522, "time_refit_milp_assignment": 1.0676379203796387, "mse_refit_ground_truth_assignment": 9.637658593104494, "r2_refit_ground_truth_assignment": 0.8933382825981484, "weight_mismatch_refit_ground_truth_assignment": 4.886382781453374, "refit-weight_mismatch_refit_ground_truth_assignment": 0.0, "rand_score_refit_ground_truth_assignment": 1.0, "label_mismatch_refit_ground_truth_assignment": 0.0, "mse_milp": 10.658467194651928, "r2_milp": 0.8820408084733093, "weight_mismatch_milp": 19.71089532254922, "refit-weight_mismatch_milp": 16.283575862359893, "rand_score_milp": 0.6968253968253968, "label_mismatch_milp": 0.4166666666666667, "mse_refit_milp_assignment": 10.658476651686131, "r2_refit_milp_assignment": 0.8820407038105949, "weight_mismatch_refit_milp_assignment": 19.71133942740619, "refit-weight_mismatch_refit_milp_assignment": 16.284937182846367, "rand_score_refit_milp_assignment": 0.6968253968253968, "label_mismatch_refit_milp_assignment": 0.4166666666666667, "mse_greedy": 6.910347196633002, "r2_greedy": 0.9235219329762, "weight_mismatch_greedy": 16.578074605823986, "refit-weight_mismatch_greedy": 14.048113783128361, "rand_score_greedy": 0.6554761904761905, "label_mismatch_greedy": 0.44861111111111107, "mse_greedy_sem": 0.6578558459153149, "r2_greedy_sem": 0.00728061008286585, "weight_mismatch_greedy_sem": 1.4194441405559526, "refit-weight_mismatch_greedy_sem": 1.4632731341593943, "rand_score_greedy_sem": 0.01270127108597719, "label_mismatch_greedy_sem": 0.01782921560738971, "mse_ground_truth": 14.984623331024169, "r2_ground_truth": 0.8341624530826994, "weight_mismatch_ground_truth": 0, "rand_score_ground_truth": 1, "label_mismatch_ground_truth": 0, "mse_baseline_sklearn": 89.98867389317078, "r2_baseline_sklearn": 0.004099475064740621, "random_state": 12}