{"ground_truth": [[-10, -1.0960637819377972, -1.5498562895609074, -1.0206806260821342], [1, 1.0683339412880872, 1.5596770909835744, 1.9143009084987468], [10, 0.1, 0.1, 0.1]], "milp": [[-11.844556082778617, -3.8907629529595456, 2.694197544844247, 0.18227599523492333], [4.145759385685761, 2.226231574751096, 1.4271818829710696, 1.6295902351910023], [-6.98957799141179, 9.31584301903732, -7.328234657657367, -6.19000669714907]], "greedy": [[[-1.9864484938337919, -0.1039407164869998, 5.046884113045144, 0.9036698410113319], [-4.996267462400155, 8.848908871993679, -7.6840594002633615, -5.744240172195633], [-34.268435930124554, 11.06030354151658, 6.278566986274818, 10.96559070145553]], [[-20.666944002362868, 8.570771711917944, -6.804023983844069, 0.047195938094223386], [3.736237640001924, 1.0788272223025122, 1.2442256829654383, 1.4908701176912644], [-31.336543289734287, 16.66076362135225, 12.546174360335042, 7.9264051812355705]], [[-17.632309440465054, 4.496472857389748, -2.595063009978945, -1.6303688593460093], [5.774193509131015, 7.893268019737757, 7.397105126933179, -0.49607042069054014], [-0.4659643133648528, 3.0160318085151783, 1.9317250369325172, 1.3125210322823195]], [[0.07651711907270276, 3.2610710136408505, 0.6466313565012701, 3.8522303543316605], [-16.687908631421966, 0.4250100808245065, 2.187817702114448, -0.39527663679772507], [62.18120179858875, -7.320936589153342, -21.201129690669024, -17.037787922410768]], [[-1.667838668713099, 9.822319184425389, -7.3573890263611395, -8.22712791513721], [-33.51273606234792, 12.65009709750963, 2.9986851506897767, 9.671114248235313], [3.9287980936542417, 1.1956372958067873, 1.9713803575208317, 0.6556600627013847]], [[4.608015352134851, 1.5689104661951894, 1.5185467461682047, 0.6805170877992924], [-6.702423385171545, 17.97499071055784, -12.99659296133917, 4.089136240566594], [-19.06929948308943, 2.593159355184274, 0.7679140778593617, -0.009011615511975454]], [[1.1174860268785602, 2.498888832365245, 1.5359372170368881, 1.318683186150028], [-28.15556796462073, 7.3624515057459545, 6.586033306055867, 9.381590027916785], [25.79955804797354, 3.343117505626496, -3.835310316950827, -19.6486965297353]], [[-17.933667193456856, 9.155721906641453, -9.113532816988515, 0.16769738429309902], [2.207243144550959, 0.7820985527369282, 2.9854235883682607, 0.34884182096958], [-32.517711574269896, 17.718057888745015, 14.058091265428558, 4.81753020552055]], [[-31.876662378655144, 11.425408891536133, 5.18233413724737, 9.209044091359747], [3.960862587058324, 1.1915204905950976, 2.002998502085682, 0.5998522031604175], [-2.6920405730838657, 9.640215287691557, -8.067394109244885, -7.445478625521579]], [[-7.8876621012389805, 9.742728264671225, -7.917041865136744, -5.273960754557764], [-17.886750088606327, 0.9992046731818197, 14.891804056444546, 8.547178972489602], [-9.63933605358814, -0.5518511738549925, 6.0702400868007595, 2.4825328528326303]], [[-4.976677253128014, 9.946692283052368, -6.032606911179015, -7.068577522820419], [-23.528195666270808, -3.4907608243219483, -4.073143897977421, 20.586026959706103], [-14.714283176032298, -0.8755205169196912, 10.822989152497065, 2.848682827418412]], [[-10.546620772122004, -6.092403955499974, 7.422189508577312, -1.873464980206743], [1.0475931818954871, 11.935742085476605, -15.238120629976246, 0.4101226580927385], [1.05048226591643, 2.413835491383849, 0.7069455680611137, 3.387137528180764]], [[-0.35248901886828854, 3.6639944831605518, 0.43779636986397596, 4.273686406041712], [-9.292617420951194, -7.961638169682891, 6.833258541962264, 0.25726176821456936], [-4.302373373448329, 10.784859468081892, -6.713474624222691, -6.951968684498952]], [[-2.9288801013531867, 10.4027132608357, -6.664858687204375, -8.0465640507025], [-12.969294657379294, -0.04819393462834391, 10.203920272006998, 4.034213312981942], [-39.607106439278084, 20.395848704465823, -0.9019468988031525, 11.689196518916388]], [[-11.67830519581111, -0.2593281577866281, 7.968463607564487, 4.2785806517653135], [-4.686978015551734, 11.285607173431666, -4.576046293601408, -7.708594586015074], [-9.965624613939656, 6.278754170424357, -7.889719381897979, -2.7313580500143018]], [[-28.47478918731638, 8.30793842735337, 6.98201811906518, 9.788314230991244], [3.5827505459482856, 1.6236513763427742, 2.707242392516782, -0.2125092424353373], [-4.886431709150586, 10.391080969808263, -8.08992989792714, -6.999768395281136]], [[-2.7582945711697913, 10.459718081373287, -6.372799264313273, -8.36969381036328], [-38.89474664410156, 19.322924307312974, -0.18791636132452333, 11.15883884633733], [-8.569835832348284, -3.1295517877188774, 7.185516886959114, 3.204986958528377]], [[-15.524774642456226, 4.973713874905912, 8.492119925706296, 5.569029346821929], [-6.601419225131574, 10.45563439955735, -5.792005676975533, -6.7033690378515045], [-19.47447271828692, -6.201218136631384, 11.83150073884841, -0.702442146477724]], [[-41.959536029383656, 18.20611905121188, 1.4920408169363735, 11.043100504234117], [-5.03353538374005, 3.2426255737334606, 5.264211777487741, 3.924431579721591], [-3.4639939132339403, 10.353925153956785, -6.861853002071696, -7.9254346826335444]], [[-27.81739454433773, 9.862561691000288, -0.18169991235258803, -2.6765487449273286], [-4.7033500869042095, 8.543262954945705, -5.945076561759382, -7.333175929779876], [3.0950026894392524, 3.5355041495495194, 2.440949588497922, 0.5319676785190665]]], "refit_milp_assignment": [[-11.890196046480243, -3.86709643171329, 2.7188816042617074, 0.1990476971285937], [4.155374216026988, 2.224036909606058, 1.4249742528777636, 1.627588320052241], [-7.043869284615008, 9.382542060990898, -7.3085583337582065, -6.226021838720652]], "refit_ground_truth_assignment": [[-18.114006671050113, 4.522207026288662, -2.461768297769883, -1.4671317618831428], [-2.8038245313177717, 1.6399602992614415, 4.681426635521818, 2.0783363055793407], [1.9124341086811611, 4.263415814343657, 0.09146410248738884, 3.5829470928771583]]}