{"ground_truth": [[-10, -1.5826848885290346, -1.0255509418496929], [1, 1.3377979807316742, 1.6124765741267186], [10, 0.1, 0.1]], "milp": [[-9.79264583177753, -1.5195215124316424, -1.173705936648494], [8.627571585934344, 0.27258693438982495, 0.7480135849519594], [-1.4537541653375015, 0.20672126145993006, 1.7894259494669635]], "refit_milp_assignment": [[-9.803755478474766, -1.5208052402294459, -1.1716723897081303], [8.637288727334242, 0.2709909131858873, 0.7460101990835283], [-1.4564856066857002, 0.2073897709213329, 1.790283485436397]], "refit_ground_truth_assignment": [[-8.51002165584559, -1.3307358453604046, -1.5914900353603325], [-2.4821035332043615, 1.7885302548274884, 2.3845202766529687], [8.548133908174993, 0.8341482487417059, 0.5725296176928897]]}