{"ground_truth": [[-10, 0.2, 0.4, 0.3], [10, -0.2, -0.4, -0.3]], "milp": [[-11.548079880788366, -0.16750108139758602, -0.26873257218497965, 0.24814980370777903], [12.963804372631134, -0.6666844294212457, -0.264978405884345, -0.3395855595943851]], "refit_milp_assignment": [[-11.551530250528346, -0.16713722555638302, -0.2680010728509214, 0.24845275784587978], [12.967336197586771, -0.6671012357931722, -0.265623975993724, -0.33987398590460227]], "refit_ground_truth_assignment": [[-11.551530250528346, -0.16713722555638302, -0.2680010728509214, 0.24845275784587978], [12.967336197586771, -0.6671012357931722, -0.265623975993724, -0.33987398590460227]]}