{"ground_truth": [[-10, 0.2, 0.4, 0.3], [10, -0.2, -0.4, -0.3]], "milp": [[-13.27759774946595, 0.3620502661503233, 0.02810969647422462, 0.7215826716936874], [13.451934423154395, 0.5229374200393142, -0.3042624178775116, -0.1470619408091297]], "greedy": [[[-13.282056683034716, 0.3628721332045384, 0.028814971323489195, 0.7220198444863051], [13.455858142581006, 0.5223808579527132, -0.3049474860643121, -0.14755069092034562]], [[6.675510719486105, -4.0759285707748205, -1.699721099364133, 2.382271560140443], [-8.349632816609603, 5.922577987557904, 1.3411400935142017, -1.3348546525381446]], [[-13.282056683034716, 0.3628721332045384, 0.028814971323489195, 0.7220198444863051], [13.455858142581006, 0.5223808579527132, -0.3049474860643121, -0.14755069092034562]], [[-3.6445675060492304, 4.665884492200817, -0.7118928359902301, 3.006630222966106], [2.6661605460105706, -3.5714326618898786, 0.6384048101892515, -1.575402435985598]], [[-1.5379318159946234, 4.028613871306746, -0.9057266793932816, 3.246573687808884], [0.6942401720033113, -3.0215852456464405, 0.7229710447739499, -2.2031204127453767]], [[-13.282056683034716, 0.3628721332045384, 0.028814971323489195, 0.7220198444863051], [13.455858142581006, 0.5223808579527132, -0.3049474860643121, -0.14755069092034562]], [[13.455858142581006, 0.5223808579527132, -0.3049474860643121, -0.14755069092034562], [-13.282056683034716, 0.3628721332045384, 0.028814971323489195, 0.7220198444863051]], [[-8.349632816609603, 5.922577987557904, 1.3411400935142017, -1.3348546525381446], [6.675510719486105, -4.0759285707748205, -1.699721099364133, 2.382271560140443]], [[-13.282056683034716, 0.3628721332045384, 0.028814971323489195, 0.7220198444863051], [13.455858142581006, 0.5223808579527132, -0.3049474860643121, -0.14755069092034562]], [[13.455858142581006, 0.5223808579527132, -0.3049474860643121, -0.14755069092034562], [-13.282056683034716, 0.3628721332045384, 0.028814971323489195, 0.7220198444863051]], [[-2.7323498039604983, 0.6931448702304392, 0.0742396352207274, -4.888912091829688], [0.39199275762298313, -0.64162699632687, -0.4034711154960361, 5.2477739567450294]], [[13.455858142581006, 0.5223808579527132, -0.3049474860643121, -0.14755069092034562], [-13.282056683034716, 0.3628721332045384, 0.028814971323489195, 0.7220198444863051]], [[-8.777250502621328, 5.610551037396684, 1.5331285588651107, -1.7524993710900236], [7.026941552202668, -3.8831634963513886, -1.952793479750512, 2.7057545926863464]], [[1.2398437058626142, 0.8660613714082382, -5.18597666263438, 3.1144248424873884], [1.157199606289557, -1.3509190526873847, 3.211985183353785, -1.7362580011950146]], [[-13.282056683034716, 0.3628721332045384, 0.028814971323489195, 0.7220198444863051], [13.455858142581006, 0.5223808579527132, -0.3049474860643121, -0.14755069092034562]], [[-13.282056683034716, 0.3628721332045384, 0.028814971323489195, 0.7220198444863051], [13.455858142581006, 0.5223808579527132, -0.3049474860643121, -0.14755069092034562]], [[13.455858142581006, 0.5223808579527132, -0.3049474860643121, -0.14755069092034562], [-13.282056683034716, 0.3628721332045384, 0.028814971323489195, 0.7220198444863051]], [[-13.282056683034716, 0.3628721332045384, 0.028814971323489195, 0.7220198444863051], [13.455858142581006, 0.5223808579527132, -0.3049474860643121, -0.14755069092034562]], [[-13.282056683034716, 0.3628721332045384, 0.028814971323489195, 0.7220198444863051], [13.455858142581006, 0.5223808579527132, -0.3049474860643121, -0.14755069092034562]], [[-13.282056683034716, 0.3628721332045384, 0.028814971323489195, 0.7220198444863051], [13.455858142581006, 0.5223808579527132, -0.3049474860643121, -0.14755069092034562]]], "refit_milp_assignment": [[-13.28210445040331, 0.3628846978677621, 0.028816729172867872, 0.7220696837591177], [13.455857420589604, 0.522399367523926, -0.3049574100982565, -0.14755777915470425]], "refit_ground_truth_assignment": [[-13.28210445040331, 0.3628846978677621, 0.028816729172867872, 0.7220696837591177], [13.455857420589604, 0.522399367523926, -0.3049574100982565, -0.14755777915470425]]}