{"time_milp": 16.505034923553467, "time_refit_milp_assignment": 16.974540948867798, "mse_refit_ground_truth_assignment": 27.38861158606479, "r2_refit_ground_truth_assignment": 0.8399429256401436, "weight_mismatch_refit_ground_truth_assignment": 5.887197610103742, "refit-weight_mismatch_refit_ground_truth_assignment": 0.0, "rand_score_refit_ground_truth_assignment": 1.0, "label_mismatch_refit_ground_truth_assignment": 0.0, "mse_milp": 27.388619864274183, "r2_milp": 0.8399428772628839, "weight_mismatch_milp": 5.879566343408449, "refit-weight_mismatch_milp": 0.007854165644984075, "rand_score_milp": 1.0, "label_mismatch_milp": 0.0, "mse_refit_milp_assignment": 27.38861158606479, "r2_refit_milp_assignment": 0.8399429256401436, "weight_mismatch_refit_milp_assignment": 5.887197610103742, "refit-weight_mismatch_refit_milp_assignment": 0.0, "rand_score_refit_milp_assignment": 1.0, "label_mismatch_refit_milp_assignment": 0.0, "mse_greedy": NaN, "r2_greedy": NaN, "mse_ground_truth": 27.477278846806122, "r2_ground_truth": 0.820287119891516, "weight_mismatch_ground_truth": 0, "rand_score_ground_truth": 1, "label_mismatch_ground_truth": 0, "mse_baseline_sklearn": 169.55153566572207, "r2_baseline_sklearn": 0.009153031850508864, "mse_milp_val": 17.604147708027675, "r2_milp_val": 0.8592008552410881, "label_mismatch_milp_val": 0.0, "mse_refit_milp_assignment_val": 17.614645527943686, "r2_refit_milp_assignment_val": 0.8591168929788688, "label_mismatch_refit_milp_assignment_val": 0.0, "mse_refit_ground_truth_assignment_val": 17.614645527943686, "r2_refit_ground_truth_assignment_val": 0.8591168929788688, "label_mismatch_refit_ground_truth_assignment_val": 0.0, "mse_ground_truth_val": 16.096814462720626, "r2_ground_truth_val": 0.8712566068358744, "label_mismatch_ground_truth_val": 0.0, "mse_baseline_sklearn_val": 125.90824375090361, "r2_baseline_sklearn_val": -0.007022511526632691, "random_state": 5}