{"ground_truth": [[-10, 0.2, 0.4, 0.3], [10, -0.2, -0.4, -0.3]], "milp": [[-10.619414003147613, 0.04344206228728682, 0.4472814197496121, 0.08535305740591688], [8.308820888905275, 0.41706856159820727, -0.3908668275955649, -0.16337536905216388]], "refit_milp_assignment": [[-10.624121352795296, 0.044321325048992236, 0.4478332675073646, 0.08627652455990423], [8.31148829450541, 0.4167099846338935, -0.3912251746696238, -0.16381430404256853]], "refit_ground_truth_assignment": [[-10.571145215922868, 0.08018985179635958, 0.6752526947943462, -0.017852105504295265], [8.319159714599955, 0.4194155102971328, -0.31050741735988185, -0.1905913931996785]]}