{"ground_truth": [[-10, 0.2, 0.4, 0.3], [10, -0.2, -0.4, -0.3]], "milp": [[-13.370819406543147, -0.29283689737722157, 0.2252807807776841, 0.871098559571961], [13.267059166382914, -0.13753465316977947, -0.44201655187473793, -0.3576605527013387]], "refit_milp_assignment": [[-13.375861149177913, -0.29214437509454405, 0.22625870243501758, 0.871579288914544], [13.270449128570654, -0.13797661991304708, -0.4422802865138617, -0.35830748739874446]], "refit_ground_truth_assignment": [[-13.375861149177913, -0.29214437509454405, 0.22625870243501758, 0.871579288914544], [13.270449128570654, -0.13797661991304708, -0.4422802865138617, -0.35830748739874446]]}