{"ground_truth": [[-10, -1.7846958472759, -1.498805218379999, -1.0701190131268645], [1, 1.176954785871318, 1.6082925226799165, 1.8932350643198392], [10, 0.1, 0.1, 0.1]], "milp": [[-7.954236415244965, -5.873056149921742, -2.0179308955643656, 0.6359676885418964], [16.02162832201573, -2.023015345220552, -0.13019090110071363, 0.9980454765269846], [-13.215857216429406, 8.183360858951318, 5.156430890321399, -1.822953906718595]], "refit_milp_assignment": [[-7.956529306720832, -5.8730734145402845, -2.017853168874271, 0.6362979646840295], [16.028854130095613, -2.024301098912878, -0.13123947985228276, 0.9974295167724195], [-13.2241351023974, 8.185082359704094, 5.157694799120017, -1.8218707243730732]], "refit_ground_truth_assignment": [[-17.928783588362357, -0.7080567024503271, -1.1391769528029916, -2.150154548940265], [3.491962552491893, 1.1014765106209112, 1.389706806972266, 2.325697933835778], [13.395743639582253, -0.1668556467823916, 0.7095559235187203, -0.3978965154207785]]}