{"ground_truth": [[-10, 0.2, 0.4], [10, -0.2, -0.4]], "milp": [[-9.597134033100174, 0.40099473794263063, 0.24217481575543626], [9.312386787831564, 0.04107299123475691, -0.25901384263178184]], "refit_milp_assignment": [[-9.774763508206151, 0.4321377340802122, 0.26846142191748695], [9.496453577828339, 0.028121664725186787, -0.3007545055428335]], "refit_ground_truth_assignment": [[-9.690467451455921, 0.3468291181620061, 0.37111666039269964], [9.497139996951182, -0.09911272273970026, -0.08803689285519394]]}