{"time_milp": 0.9531888961791992, "time_greedy": 1.2264193177223206, "time_refit_milp_assignment": 1.4076757431030273, "mse_refit_ground_truth_assignment": 10.819485967130781, "r2_refit_ground_truth_assignment": 0.8887377852720006, "weight_mismatch_refit_ground_truth_assignment": 0.49571129551057064, "refit-weight_mismatch_refit_ground_truth_assignment": 0.0, "rand_score_refit_ground_truth_assignment": 1.0, "label_mismatch_refit_ground_truth_assignment": 0.0, "mse_milp": 10.83716517004164, "r2_milp": 0.8885559811385637, "weight_mismatch_milp": 0.8523934089459957, "refit-weight_mismatch_milp": 0.38045688391215116, "rand_score_milp": 1.0, "label_mismatch_milp": 0.0, "mse_refit_milp_assignment": 10.819485967130781, "r2_refit_milp_assignment": 0.8887377852720006, "weight_mismatch_refit_milp_assignment": 0.49571129551057064, "refit-weight_mismatch_refit_milp_assignment": 0.0, "rand_score_refit_milp_assignment": 1.0, "label_mismatch_refit_milp_assignment": 0.0, "mse_greedy": 20.469747957003758, "r2_greedy": 0.7894992886409603, "weight_mismatch_greedy": 10.520605546938985, "refit-weight_mismatch_greedy": 10.065694609388306, "rand_score_greedy": 0.8249170854271357, "label_mismatch_greedy": 0.16375, "mse_greedy_sem": 3.0539331815109674, "r2_greedy_sem": 0.03140513056151627, "weight_mismatch_greedy_sem": 3.365837463660087, "refit-weight_mismatch_greedy_sem": 3.371480216478054, "rand_score_greedy_sem": 0.054738452267840555, "label_mismatch_greedy_sem": 0.05121275925515355, "mse_ground_truth": 10.88368499593447, "r2_ground_truth": 0.8880775943766305, "weight_mismatch_ground_truth": 0, "rand_score_ground_truth": 1, "label_mismatch_ground_truth": 0, "mse_baseline_sklearn": 95.66376497828624, "r2_baseline_sklearn": 0.01626501874370423, "random_state": 11}