{"time_milp": 6.048658132553101, "time_refit_milp_assignment": 7.007426023483276, "mse_refit_ground_truth_assignment": 0.19615343082110295, "r2_refit_ground_truth_assignment": 0.9966587875229364, "weight_mismatch_refit_ground_truth_assignment": 0.5469185002694489, "refit-weight_mismatch_refit_ground_truth_assignment": 0.0, "rand_score_refit_ground_truth_assignment": 1.0, "label_mismatch_refit_ground_truth_assignment": 0.0, "mse_milp": 1.6594855184956794, "r2_milp": 0.971732874124638, "weight_mismatch_milp": 1.3149988015432903, "refit-weight_mismatch_milp": 1.0508447607344222, "rand_score_milp": 0.7649717514124293, "label_mismatch_milp": 0.13333333333333333, "mse_refit_milp_assignment": 1.6594228202009442, "r2_refit_milp_assignment": 0.9717339421065937, "weight_mismatch_refit_milp_assignment": 1.298741448082092, "refit-weight_mismatch_refit_milp_assignment": 1.047445642158321, "rand_score_refit_milp_assignment": 0.7649717514124293, "label_mismatch_refit_milp_assignment": 0.13333333333333333, "mse_greedy": NaN, "r2_greedy": NaN, "mse_ground_truth": 0.2594939593127937, "r2_ground_truth": 0.9960277123455094, "weight_mismatch_ground_truth": 0, "rand_score_ground_truth": 1, "label_mismatch_ground_truth": 0, "mse_baseline_sklearn": 53.20080623023544, "r2_baseline_sklearn": 0.09379511323242484, "mse_milp_val": 24.063666311070442, "r2_milp_val": 0.6764495588099558, "label_mismatch_milp_val": 0.375, "mse_refit_milp_assignment_val": 24.07935673916323, "r2_refit_milp_assignment_val": 0.6762385915838376, "label_mismatch_refit_milp_assignment_val": 0.375, "mse_refit_ground_truth_assignment_val": 27.09805033721451, "r2_refit_ground_truth_assignment_val": 0.6356504437579293, "label_mismatch_refit_ground_truth_assignment_val": 0.325, "mse_ground_truth_val": 27.704796802490545, "r2_ground_truth_val": 0.6274923732464444, "label_mismatch_ground_truth_val": 0.325, "mse_baseline_sklearn_val": 75.83698911694194, "r2_baseline_sklearn_val": -0.019673850614480237, "random_state": 7}