{"ground_truth": [[-10, 0.2, 0.4, 0.3], [10, -0.2, -0.4, -0.3]], "milp": [[-10.293556635100863, 0.1409932251229743, 0.4339794137328443, 0.03708715036120053], [11.330272358007946, -0.20037348214989464, -0.5797873876851227, -0.2677965692915024]], "refit_milp_assignment": [[-10.296510727911157, 0.14147896266088092, 0.4342170833968203, 0.037568207010009624], [11.333630305369544, -0.20106488172184447, -0.5800919226185287, -0.2681487364362961]], "refit_ground_truth_assignment": [[-10.296510727911157, 0.14147896266088092, 0.4342170833968203, 0.037568207010009624], [11.333630305369544, -0.20106488172184447, -0.5800919226185287, -0.2681487364362961]]}