{"time_milp": 18055.556473255157, "time_greedy": 6.006143653392792, "time_refit_milp_assignment": 18057.71051955223, "mse_refit_ground_truth_assignment": 209.16447417022016, "r2_refit_ground_truth_assignment": 0.5457815741367911, "weight_mismatch_refit_ground_truth_assignment": 13.069752648051498, "refit-weight_mismatch_refit_ground_truth_assignment": 0.0, "rand_score_refit_ground_truth_assignment": 1.0, "label_mismatch_refit_ground_truth_assignment": 0.0, "mse_milp": 173.88489342428872, "r2_milp": 0.622394181010413, "weight_mismatch_milp": 9.057801625492877, "refit-weight_mismatch_milp": 4.518692472527194, "rand_score_milp": 0.665126050420168, "label_mismatch_milp": 0.375, "mse_refit_milp_assignment": 173.88490170972247, "r2_refit_milp_assignment": 0.6223941630178897, "weight_mismatch_refit_milp_assignment": 9.066090201607205, "refit-weight_mismatch_refit_milp_assignment": 4.519628287746421, "rand_score_refit_milp_assignment": 0.665126050420168, "label_mismatch_refit_milp_assignment": 0.375, "mse_greedy": 117.94535080038762, "r2_greedy": 0.7438716503317966, "weight_mismatch_greedy": 47.65347514550773, "refit-weight_mismatch_greedy": 50.29920146512653, "rand_score_greedy": 0.6158613445378152, "label_mismatch_greedy": 0.47541666666666665, "mse_greedy_sem": 6.614852057475207, "r2_greedy_sem": 0.014364713227635561, "weight_mismatch_greedy_sem": 2.974060997828281, "refit-weight_mismatch_greedy_sem": 3.4098577036049345, "rand_score_greedy_sem": 0.010701522149506967, "label_mismatch_greedy_sem": 0.0192842976907872, "mse_ground_truth": 235.22948944146466, "r2_ground_truth": 0.4891791790428215, "weight_mismatch_ground_truth": 0, "rand_score_ground_truth": 1, "label_mismatch_ground_truth": 0, "mse_baseline_sklearn": 458.11836152430675, "r2_baseline_sklearn": 0.005160752055380136, "random_state": 7}