{"ground_truth": [[-10, 0.2, 0.4, 0.3], [10, -0.2, -0.4, -0.3]], "milp": [[-9.984508183479536, 0.49280119616701645, 0.4358443462963167, 0.10961995612208787], [9.7083011472988, -0.02722339296538392, -0.3115471321574941, -0.1660162771288184]], "refit_milp_assignment": [[-9.987051686436292, 0.4931214521154024, 0.4362800200482094, 0.10989373641841992], [9.711639552006153, -0.02771950669066466, -0.31184268958569544, -0.1666561163431915]], "refit_ground_truth_assignment": [[-9.987051686436292, 0.4931214521154024, 0.4362800200482094, 0.10989373641841992], [9.711639552006153, -0.02771950669066466, -0.31184268958569544, -0.1666561163431915]]}