{"time_milp": 2.8193461894989014, "time_refit_milp_assignment": 3.431666135787964, "mse_refit_ground_truth_assignment": 4.521852406420782, "r2_refit_ground_truth_assignment": 0.9460102798130462, "weight_mismatch_refit_ground_truth_assignment": 1.6232437199794434, "refit-weight_mismatch_refit_ground_truth_assignment": 0.0, "rand_score_refit_ground_truth_assignment": 1.0, "label_mismatch_refit_ground_truth_assignment": 0.0, "mse_milp": 4.521856691706798, "r2_milp": 0.9460102286478661, "weight_mismatch_milp": 1.6263360074046793, "refit-weight_mismatch_milp": 0.005567880838194417, "rand_score_milp": 1.0, "label_mismatch_milp": 0.0, "mse_refit_milp_assignment": 4.521852406420782, "r2_refit_milp_assignment": 0.9460102798130462, "weight_mismatch_refit_milp_assignment": 1.6232437199794434, "refit-weight_mismatch_refit_milp_assignment": 0.0, "rand_score_refit_milp_assignment": 1.0, "label_mismatch_refit_milp_assignment": 0.0, "mse_greedy": NaN, "r2_greedy": NaN, "mse_ground_truth": 5.1932797797917, "r2_ground_truth": 0.9412636289911516, "weight_mismatch_ground_truth": 0, "rand_score_ground_truth": 1, "label_mismatch_ground_truth": 0, "mse_baseline_sklearn": 76.87565099548459, "r2_baseline_sklearn": 0.08212508649272798, "mse_milp_val": 5.021184117612338, "r2_milp_val": 0.9473549590905717, "label_mismatch_milp_val": 0.0, "mse_refit_milp_assignment_val": 5.018188454596837, "r2_refit_milp_assignment_val": 0.9473863673795944, "label_mismatch_refit_milp_assignment_val": 0.0, "mse_refit_ground_truth_assignment_val": 5.018188454596837, "r2_refit_ground_truth_assignment_val": 0.9473863673795944, "label_mismatch_refit_ground_truth_assignment_val": 0.0, "mse_ground_truth_val": 4.7255239335546975, "r2_ground_truth_val": 0.9504548339647887, "label_mismatch_ground_truth_val": 0.0, "mse_baseline_sklearn_val": 95.40136636549532, "r2_baseline_sklearn_val": -0.00024391009885960102, "random_state": 7}