{"ground_truth": [[-10, 0.2, 0.4, 0.3], [10, -0.2, -0.4, -0.3]], "milp": [[-9.924395908069064, 0.49324302955929233, 0.12010614675745215, 0.45107014813716617], [8.921160096365085, 0.28103824442342284, -0.5002936085845109, -0.23666597089861732]], "refit_milp_assignment": [[-9.926973923459196, 0.49356712581248224, 0.12047416066302745, 0.4513469714313767], [8.924000878864016, 0.28067842298452744, -0.5005664155923155, -0.23721875690784913]], "refit_ground_truth_assignment": [[-9.926973923459196, 0.49356712581248224, 0.12047416066302745, 0.4513469714313767], [8.924000878864016, 0.28067842298452744, -0.5005664155923155, -0.23721875690784913]]}