{"time_milp": 4774.175753593445, "time_greedy": 0.6457510232925415, "time_refit_milp_assignment": 4786.175679922104, "mse_refit_ground_truth_assignment": 0.6224964376211104, "r2_refit_ground_truth_assignment": 0.9945728577319952, "weight_mismatch_refit_ground_truth_assignment": 0.9170055614767021, "refit-weight_mismatch_refit_ground_truth_assignment": 0.0, "rand_score_refit_ground_truth_assignment": 1.0, "label_mismatch_refit_ground_truth_assignment": 0.0, "mse_milp": 4.747275919831345, "r2_milp": 0.9586115835443874, "weight_mismatch_milp": 12.001108674666648, "refit-weight_mismatch_milp": 11.438849138175195, "rand_score_milp": 0.775039123630673, "label_mismatch_milp": 0.3194444444444444, "mse_refit_milp_assignment": 5.441783520349072, "r2_refit_milp_assignment": 0.9525566227021625, "weight_mismatch_refit_milp_assignment": 3.0221572587952976, "refit-weight_mismatch_refit_milp_assignment": 2.4586061749563957, "rand_score_refit_milp_assignment": 0.775039123630673, "label_mismatch_refit_milp_assignment": 0.3194444444444444, "mse_greedy": 115.3568873399397, "r2_greedy": -0.005721802329584191, "weight_mismatch_greedy": 22.956050966705313, "refit-weight_mismatch_greedy": 23.291782061236734, "rand_score_greedy": 0.8748043818466353, "label_mismatch_greedy": 0.11111111111111112, "mse_greedy_sem": 0.0, "r2_greedy_sem": 0.0, "weight_mismatch_greedy_sem": 1.39989162600147e-15, "refit-weight_mismatch_greedy_sem": 8.15048415854e-16, "rand_score_greedy_sem": 0.0, "label_mismatch_greedy_sem": 3.1837828744296875e-18, "mse_ground_truth": 0.6928283492647214, "r2_ground_truth": 0.9939189458807312, "weight_mismatch_ground_truth": 0, "rand_score_ground_truth": 1, "label_mismatch_ground_truth": 0, "mse_baseline_sklearn": 107.18755843116125, "r2_baseline_sklearn": 0.06550127228188907, "mse_milp_val": 7.26138073929135, "r2_milp_val": 0.9355233559543701, "label_mismatch_milp_val": 0.3333333333333333, "mse_refit_milp_assignment_val": 8.83662251598125, "r2_refit_milp_assignment_val": 0.9215361671581863, "label_mismatch_refit_milp_assignment_val": 0.3333333333333333, "mse_greedy_val": 112.7070952071198, "label_mismatch_greedy_val": 0.02083333333333333, "mse_greedy_val_sem": 3.260193663416e-15, "label_mismatch_greedy_val_sem": 7.959457186074219e-19, "r2_greedy_val": -0.0007704484857500304, "r2_greedy_val_sem": 0.0, "mse_refit_ground_truth_assignment_val": 1.0495596449084192, "r2_refit_ground_truth_assignment_val": 0.9906805487745266, "label_mismatch_refit_ground_truth_assignment_val": 0.020833333333333332, "mse_ground_truth_val": 1.0857220129642875, "r2_ground_truth_val": 0.9903594489428693, "label_mismatch_ground_truth_val": 0.020833333333333332, "mse_baseline_sklearn_val": 112.89344533553135, "r2_baseline_sklearn_val": -0.00242512427384578}