{"ground_truth": [[-10, -1.337719620706157, -1.6626352006348812, -1.0611537685933308], [1, 1.6272285743807728, 1.565890653114534, 1.026132378542826], [10, 0.1, 0.1, 0.1]], "milp": [[-10.001918948471797, -1.411405959778325, -1.6581030614105203, -0.9326855113168443], [0.7458150421082204, 1.926410927154902, 1.8377378660126351, 0.9354375682917948], [10.13833485719627, -0.33620419200354057, 0.2507144311925422, 0.09951948247088482]], "greedy": [[[-17.934640934045554, 6.575777140292906, 2.901479633308592, 5.643578655435282], [7.553695058536466, -5.445999094497373, 1.5474203402884399, -8.269290110380435], [8.89700805029837, -3.403656573521079, -5.19421067730358, 4.153833260510433]], [[-10.018994550464813, -1.4071564232423004, -1.6541279992949933, -0.9270447624720946], [4.1558312321121615, 2.027758734157373, 0.13295848077388672, 1.0100163564884201], [8.843089398219027, -1.0526937880092153, 0.8646324631329446, -1.3893165827938243]], [[-10.018994550464813, -1.4071564232423004, -1.6541279992949933, -0.9270447624720946], [5.151951605310021, 1.5789210141272954, 0.3409230406797703, 0.812579584620916], [8.428366988218297, -0.22178830730054216, 0.2868917168492169, -2.690282061506144]], [[-10.018994550464813, -1.4071564232423004, -1.6541279992949933, -0.9270447624720946], [9.948592286894428, -0.026430926251697448, 0.2653551970484548, 0.1366495624682435], [0.9727415246263433, 1.746749813980928, 1.5273042894979654, 0.9897713979047885]], [[1.018136140034247, 1.711934354870609, 1.4706433543205566, 0.9980017512256243], [-10.018994550464813, -1.4071564232423004, -1.6541279992949933, -0.9270447624720946], [10.065868539706079, -0.09467612517261519, 0.1920211941502112, 0.09721407754113962]], [[9.948592286894428, -0.026430926251697448, 0.2653551970484548, 0.1366495624682435], [0.9727415246263433, 1.746749813980928, 1.5273042894979654, 0.9897713979047885], [-10.018994550464813, -1.4071564232423004, -1.6541279992949933, -0.9270447624720946]], [[-10.018994550464813, -1.4071564232423004, -1.6541279992949933, -0.9270447624720946], [9.948592286894428, -0.026430926251697448, 0.2653551970484548, 0.1366495624682435], [0.9727415246263433, 1.746749813980928, 1.5273042894979654, 0.9897713979047885]], [[6.2886874078587045, -4.44078152360265, -4.403405658306844, 3.98221113546661], [-16.764306037818027, 4.378455087780196, 5.28553615877607, 0.19379263700045332], [12.752767406182766, -1.529729531963889, -1.890942626175725, -6.590873403190336]], [[-10.018994550464813, -1.4071564232423004, -1.6541279992949933, -0.9270447624720946], [9.415571995621443, -0.3184840603580475, 0.3709402650061898, -0.3564898185270192], [1.1368040992248036, 1.5878871418923042, 1.2220318013297728, 1.0796793010311396]], [[-10.018994550464813, -1.4071564232423004, -1.6541279992949933, -0.9270447624720946], [9.948592286894428, -0.026430926251697448, 0.2653551970484548, 0.1366495624682435], [0.9727415246263433, 1.746749813980928, 1.5273042894979654, 0.9897713979047885]], [[-10.018994550464813, -1.4071564232423004, -1.6541279992949933, -0.9270447624720946], [10.135014266624648, -0.1641020372775387, 0.1730261938548652, 0.07293168150709362], [1.0201183547241728, 1.7099174764349523, 1.4685848177005179, 0.9982628537868417]], [[-0.9839159673171265, -0.6931821172560207, 3.8558822177822454, -7.60457513822087], [-13.448341567711752, 2.272373930669373, 1.852869277946808, 6.926980430450186], [12.214799848489136, -5.145193432413441, -5.9488602034622655, 3.2890368216587307]], [[5.163636148955664, 1.348881337581849, 0.6849661443257106, 0.7444157817719734], [-10.018994550464813, -1.4071564232423004, -1.6541279992949933, -0.9270447624720946], [8.378887834192973, -0.4569285086531427, 0.2882479346574629, -3.021504924536496]], [[-4.519598702946679, -2.9172807349488785, -1.1910091799949634, -3.2698383777415994], [7.231563148788231, 0.9479181883905262, 0.5034683218174018, -0.5055000075355759], [-15.27010451479509, 5.825657206291531, 0.35230915230033205, 4.7621199730687485]], [[1.0201183547241728, 1.7099174764349523, 1.4685848177005179, 0.9982628537868417], [10.135014266624648, -0.1641020372775387, 0.1730261938548652, 0.07293168150709362], [-10.018994550464813, -1.4071564232423004, -1.6541279992949933, -0.9270447624720946]], [[0.79142309379806, 1.8772075687022933, 1.9359537556941104, 1.3024166296482953], [10.735823784069854, -0.11929912813889695, -0.29665705961923233, -1.0295489186954982], [-10.018994550464813, -1.4071564232423004, -1.6541279992949933, -0.9270447624720946]], [[9.948592286894428, -0.026430926251697448, 0.2653551970484548, 0.1366495624682435], [0.9727415246263433, 1.746749813980928, 1.5273042894979654, 0.9897713979047885], [-10.018994550464813, -1.4071564232423004, -1.6541279992949933, -0.9270447624720946]], [[0.9727415246263433, 1.746749813980928, 1.5273042894979654, 0.9897713979047885], [9.948592286894428, -0.026430926251697448, 0.2653551970484548, 0.1366495624682435], [-10.018994550464813, -1.4071564232423004, -1.6541279992949933, -0.9270447624720946]], [[-10.018994550464813, -1.4071564232423004, -1.6541279992949933, -0.9270447624720946], [9.948592286894428, -0.026430926251697448, 0.2653551970484548, 0.1366495624682435], [0.9727415246263433, 1.746749813980928, 1.5273042894979654, 0.9897713979047885]], [[-10.018994550464813, -1.4071564232423004, -1.6541279992949933, -0.9270447624720946], [9.948592286894428, -0.026430926251697448, 0.2653551970484548, 0.1366495624682435], [0.9727415246263433, 1.746749813980928, 1.5273042894979654, 0.9897713979047885]]], "refit_milp_assignment": [[-10.01721558043559, -1.4078428436123591, -1.654764711864252, -0.9276502551075098], [0.7447600784496808, 1.926949275079753, 1.8386223454494703, 0.9355346130198176], [10.15717329113971, -0.34114355706679655, 0.24309442673890014, 0.09594378217467213]], "refit_ground_truth_assignment": [[-10.01721558043559, -1.4078428436123591, -1.654764711864252, -0.9276502551075098], [0.970480605334533, 1.747684081690369, 1.528891904237706, 0.9898990922072707], [9.948362604468485, -0.026422311407860846, 0.26551750405444813, 0.13672892731224207]]}