{"time_milp": 18077.840371608734, "time_greedy": 5.976846444606781, "time_refit_milp_assignment": 18079.984806776047, "mse_refit_ground_truth_assignment": 67.90845578053901, "r2_refit_ground_truth_assignment": 0.7191815870847997, "weight_mismatch_refit_ground_truth_assignment": 4.890202188515946, "refit-weight_mismatch_refit_ground_truth_assignment": 0.0, "rand_score_refit_ground_truth_assignment": 1.0, "label_mismatch_refit_ground_truth_assignment": 0.0, "mse_milp": 66.45268380172189, "r2_milp": 0.7252015675417107, "weight_mismatch_milp": 3.8035697112546036, "refit-weight_mismatch_milp": 2.3118458545193024, "rand_score_milp": 0.7338935574229691, "label_mismatch_milp": 0.3333333333333333, "mse_refit_milp_assignment": 66.452680041232, "r2_refit_milp_assignment": 0.7252015830922749, "weight_mismatch_refit_milp_assignment": 3.803488245513732, "refit-weight_mismatch_refit_milp_assignment": 2.3129879439342016, "rand_score_refit_milp_assignment": 0.7338935574229691, "label_mismatch_refit_milp_assignment": 0.3333333333333333, "mse_greedy": 47.14038765467801, "r2_greedy": 0.8050627319788408, "weight_mismatch_greedy": 28.463153872473136, "refit-weight_mismatch_greedy": 28.15513188214347, "rand_score_greedy": 0.701484593837535, "label_mismatch_greedy": 0.37124999999999997, "mse_greedy_sem": 2.5722942316389146, "r2_greedy_sem": 0.010637078628531745, "weight_mismatch_greedy_sem": 3.748220558197476, "refit-weight_mismatch_greedy_sem": 3.7369979278192367, "rand_score_greedy_sem": 0.012718437639536397, "label_mismatch_greedy_sem": 0.023472914277489335, "mse_ground_truth": 78.06365074312193, "r2_ground_truth": 0.6771873214302682, "weight_mismatch_ground_truth": 0, "rand_score_ground_truth": 1, "label_mismatch_ground_truth": 0, "mse_baseline_sklearn": 236.43428508144876, "r2_baseline_sklearn": 0.022309062255363887, "random_state": 5}