{"time_milp": 0.6613907814025879, "time_greedy": 1.1960766196250916, "time_refit_milp_assignment": 1.1748406887054443, "mse_refit_ground_truth_assignment": 0.30736889559714436, "r2_refit_ground_truth_assignment": 0.996540011492441, "weight_mismatch_refit_ground_truth_assignment": 0.17674734230277378, "refit-weight_mismatch_refit_ground_truth_assignment": 0.0, "rand_score_refit_ground_truth_assignment": 1.0, "label_mismatch_refit_ground_truth_assignment": 0.0, "mse_milp": 0.3073733473567276, "r2_milp": 0.996539961379898, "weight_mismatch_milp": 0.1740979744494242, "refit-weight_mismatch_milp": 0.005412513387017753, "rand_score_milp": 1.0, "label_mismatch_milp": 0.0, "mse_refit_milp_assignment": 0.30736889559714436, "r2_refit_milp_assignment": 0.996540011492441, "weight_mismatch_refit_milp_assignment": 0.17674734230277378, "refit-weight_mismatch_refit_milp_assignment": 0.0, "rand_score_refit_milp_assignment": 1.0, "label_mismatch_refit_milp_assignment": 0.0, "mse_greedy": 9.986567450742752, "r2_greedy": 0.8875832619875075, "weight_mismatch_greedy": 5.3031293776326205, "refit-weight_mismatch_greedy": 5.2159788988097535, "rand_score_greedy": 0.8401610644257703, "label_mismatch_greedy": 0.12708333333333333, "mse_greedy_sem": 3.12543009197811, "r2_greedy_sem": 0.03518232441319283, "weight_mismatch_greedy_sem": 1.8181936365335543, "refit-weight_mismatch_greedy_sem": 1.8448714113968867, "rand_score_greedy_sem": 0.050258983061851004, "label_mismatch_greedy_sem": 0.04083322144632003, "mse_ground_truth": 0.32776755142930086, "r2_ground_truth": 0.9962241979608202, "weight_mismatch_ground_truth": 0, "rand_score_ground_truth": 1, "label_mismatch_ground_truth": 0, "mse_baseline_sklearn": 85.43169175189539, "r2_baseline_sklearn": 0.038312998234188544, "mse_milp_val": 0.3471283407959073, "r2_milp_val": 0.9958550153047753, "label_mismatch_milp_val": 0.0, "mse_refit_milp_assignment_val": 0.3473391400743154, "r2_refit_milp_assignment_val": 0.9958524981960288, "label_mismatch_refit_milp_assignment_val": 0.0, "mse_greedy_val": 11.820495322161765, "label_mismatch_greedy_val": 0.12312500000000001, "mse_greedy_val_sem": 3.606017339489322, "label_mismatch_greedy_val_sem": 0.03932275146648231, "r2_greedy_val": 0.8588540132217469, "r2_greedy_val_sem": 0.04305867578725361, "mse_refit_ground_truth_assignment_val": 0.3473391400743154, "r2_refit_ground_truth_assignment_val": 0.9958524981960288, "label_mismatch_refit_ground_truth_assignment_val": 0.0, "mse_ground_truth_val": 0.33375055307582885, "r2_ground_truth_val": 0.9960147565844085, "label_mismatch_ground_truth_val": 0.0, "mse_baseline_sklearn_val": 83.81419821215229, "r2_baseline_sklearn_val": -0.0008072750134826556, "random_state": 4}