{"time_milp": 0.47634410858154297, "time_greedy": 1.0177597045898437, "time_refit_milp_assignment": 0.9930851459503174, "mse_refit_ground_truth_assignment": 22.33068424141094, "r2_refit_ground_truth_assignment": 0.8563683348519611, "weight_mismatch_refit_ground_truth_assignment": 3.5585859724967843, "refit-weight_mismatch_refit_ground_truth_assignment": 0.0, "rand_score_refit_ground_truth_assignment": 1.0, "label_mismatch_refit_ground_truth_assignment": 0.0, "mse_milp": 22.330691100008, "r2_milp": 0.8563682907372485, "weight_mismatch_milp": 3.552268051338584, "refit-weight_mismatch_milp": 0.007260693976914678, "rand_score_milp": 1.0, "label_mismatch_milp": 0.0, "mse_refit_milp_assignment": 22.33068424141094, "r2_refit_milp_assignment": 0.8563683348519611, "weight_mismatch_refit_milp_assignment": 3.5585859724967843, "refit-weight_mismatch_refit_milp_assignment": 0.0, "rand_score_refit_milp_assignment": 1.0, "label_mismatch_refit_milp_assignment": 0.0, "mse_greedy": 50.0266937030859, "r2_greedy": 0.6782267287134799, "weight_mismatch_greedy": 12.077914272473672, "refit-weight_mismatch_greedy": 12.76179800419158, "rand_score_greedy": 0.6550420168067227, "label_mismatch_greedy": 0.2791666666666667, "mse_greedy_sem": 4.0187123567400125, "r2_greedy_sem": 0.02584848459229736, "weight_mismatch_greedy_sem": 1.4331070288845342, "refit-weight_mismatch_greedy_sem": 2.008466021465259, "rand_score_greedy_sem": 0.04639564375181967, "label_mismatch_greedy_sem": 0.03986224451798589, "mse_ground_truth": 30.2361953856309, "r2_ground_truth": 0.80983091612832, "weight_mismatch_ground_truth": 0, "rand_score_ground_truth": 1, "label_mismatch_ground_truth": 0, "mse_baseline_sklearn": 150.48171025994378, "r2_baseline_sklearn": 0.032096894779485075, "mse_milp_val": 26.12896804180724, "r2_milp_val": 0.8405213536179845, "label_mismatch_milp_val": 0.0, "mse_refit_milp_assignment_val": 26.124388104497495, "r2_refit_milp_assignment_val": 0.840549307351232, "label_mismatch_refit_milp_assignment_val": 0.0, "mse_greedy_val": 73.19427818046529, "label_mismatch_greedy_val": 0.2699999999999999, "mse_greedy_val_sem": 6.587691461177823, "label_mismatch_greedy_val_sem": 0.04149151783957269, "r2_greedy_val": 0.5532573506748442, "r2_greedy_val_sem": 0.040208098357731197, "mse_refit_ground_truth_assignment_val": 26.124388104497495, "r2_refit_ground_truth_assignment_val": 0.840549307351232, "label_mismatch_refit_ground_truth_assignment_val": 0.0, "mse_ground_truth_val": 32.33232611388668, "r2_ground_truth_val": 0.8026590413071708, "label_mismatch_ground_truth_val": 0.0, "mse_baseline_sklearn_val": 164.56539457307994, "r2_baseline_sklearn_val": -0.004427971508277784, "random_state": 3}