{"ground_truth": [[-10, 0.2, 0.4, 0.3], [10, -0.2, -0.4, -0.3]], "milp": [[-12.061924785057597, -0.45979781617522875, 0.5609827430522395, 0.741364000777579], [11.77244583160788, -0.06556466669795567, 0.13933111698574976, -0.221431624506459]], "refit_milp_assignment": [[-12.065263408298938, -0.4593853953345189, 0.5614484067472975, 0.7419322259202674], [11.77584323116667, -0.06592109363762078, 0.1386117164039153, -0.22160570572668467]], "refit_ground_truth_assignment": [[-12.065263408298938, -0.4593853953345189, 0.5614484067472975, 0.7419322259202674], [11.77584323116667, -0.06592109363762078, 0.1386117164039153, -0.22160570572668467]]}