{"ground_truth": [[-10, -1.9837198957854243, -1.6459014992637753, -1.105755301062966, -1.5710366150119905], [1, 1.4326158442305643, 1.631361698526287, 1.9662635530759536, 1.5328056733697883], [10, 0.1, 0.1, 0.1, 0.1]], "milp": [[-1.1124886479970275, -1.7201642973954525, -3.097958760109566, -4.056781358729193, -2.6017648533131315], [0.38859612639139274, -1.1405438754370203, 2.7995906848469865, 0.343362835214292, -3.1705538100642876], [2.307597285784502, 1.3891708567761436, 1.4972842622882807, 1.547174828037437, 0.8132887337472916]], "greedy": [[[2.4081315565864294, 0.9886771762534593, 1.3700534778537337, 1.5844120979771616, 1.0299983831389043], [4.737820721313321, -3.8946868695768178, -3.3067314751789727, -1.765469435041969, -4.388176384616233], [-12.939602471318814, 5.507457365772981, 2.8159989121230558, -0.36913356516820267, 0.8027704446682863]], [[3.761442547621648, -2.7474676942121405, -3.613896313879962, -2.2230600791243513, -4.83721662152126], [-1.3914062982093673, 2.7920231869980427, 0.6769689809603338, 0.39454342255693103, 1.1118989655164522], [-13.774978778003515, -1.7977028789856433, 4.944498149776718, 2.0440355390194083, 5.035388723754674]], [[-12.996191152494188, -0.7895865938297717, 3.628453654534424, -0.41699978202810384, 2.3540048298686087], [4.822260746140387, -2.8406652371026384, -3.9022026486083874, -1.794267340000529, -5.1523920615586976], [1.6194869991995668, 1.2042550125971085, 1.5424679611635466, 1.6416158592500687, 1.4278155163468256]], [[0.8222054065381093, 1.5776249830632993, 1.622957174149695, 1.8552390691914558, 1.4201885290641907], [-10.33367994311157, -1.7596027974967914, -1.553227578986734, -1.1782571271871276, -1.6208734094671795], [10.0478235797768, 0.0801686931025649, -0.05201494031494467, -0.09121100462904924, 0.20661206718784086]], [[7.741287164086385, -1.5541876717313714, -5.320813929452342, 0.40902809659789946, 2.388633049191856], [-6.140993068416821, -1.1466151892669036, -0.5271119765525522, -3.71988804535057, -3.389406830763531], [1.3924909002215848, 1.4127394880027293, 1.6306627478930098, 1.4809360781910976, 1.4451772705818975]], [[4.728014024613123, 2.4751154361076972, -6.273990121366334, -3.262904300052121, 3.1483910872654977], [-8.78768022010058, -5.570929032576024, -1.8041697230137832, 0.4164387047911381, 2.118562722803934], [4.598647828832369, 0.45519289103416255, 1.6706596622083838, 2.736298755368484, -1.2572515978953764]], [[2.4296496499537668, -3.2328972138228504, -2.711487874189562, -4.257368692534555, -3.434631493887542], [-3.466972604750489, 3.8879539989272724, 0.40835475836619245, -0.9811940890877465, 1.8448621721818435], [-2.948469064790026, 1.3563956150893206, 2.5957272954694366, 3.6282437012579467, -0.052672000539376235]], [[-9.8160133062111, 4.205796469092459, 3.237655884826533, 0.7642637830748574, 0.9229381459003898], [8.394969292677715, -4.683282797544442, -7.151347934374349, 0.9419186905142176, -3.7382864982338755], [-1.8712944854520763, -4.429117136560912, -1.922664020405343, 4.459702252349453, 0.4485309478067091]], [[-21.213361809792, 8.657733624041056, -3.546551952884414, -2.218807880490681, 2.0345212195773086], [3.6932126361007054, -2.634419021640874, 2.118852688425093, 0.3129513828039782, -2.922097178756328], [4.944673088015439, 0.6208918027607455, -5.084303151676508, -2.821497175751248, 3.2955308150315283]], [[-2.2347993252610596, 0.34770368397788937, 0.9067948252566187, -6.801371486072204, -4.902511083366871], [-0.006670454455882435, -3.0827880429320507, -0.8228147881147222, 0.626870476497833, 6.100478200520802], [-2.971851289613862, -0.7739071606708933, 0.3312126269364778, 6.306386328041792, 0.7546667968376266]], [[-9.651336417541973, -1.752922490763346, -1.6669238672365565, -1.3362403032973578, -1.8156560658966863], [3.4363832871768096, -2.9974416220523623, -0.22663914810787525, -0.5430885825713756, -2.496582013622956], [5.800867907650057, 0.830701037400983, 0.8092108186437076, 1.053016431482438, 0.6756176007664157]], [[10.034009345407247, 0.029137791703396122, -0.044648900434079625, 0.0013216443515270747, 0.17188085810403064], [-10.33367994311157, -1.7596027974967914, -1.553227578986734, -1.1782571271871276, -1.6208734094671795], [0.8435219755320791, 1.587352121513008, 1.613597670292474, 1.8403417874101249, 1.4395068372293347]], [[9.182376935955007, -0.5954232525592399, -7.757643415841257, -4.314249462667864, 3.020460442775545], [-1.2893772427301542, -4.761723629857274, -0.14515371228462925, -3.2904854772214494, -0.9257532898576691], [-4.454608437117178, 2.912114194616096, 1.8056402815553159, 3.431863945605616, 0.3349634288381359]], [[-9.651336417541973, -1.752922490763346, -1.6669238672365565, -1.3362403032973578, -1.8156560658966863], [1.6122248214357042, -0.04711291021434082, 1.1220773243373694, 0.7133908820623627, -0.12295425768367249], [7.962949083329629, 0.6091733295992524, 0.6230485213940026, 0.38905479684670513, 0.6690610545747843]], [[6.246076475508879, -3.87997305755962, -4.009763056678365, -0.33450004227663643, -5.584046689450843], [-13.184184213539973, 0.7599922211700252, -2.8455569431557026, 2.568885463642914, 3.6784701100995587], [1.6177244131764565, 1.3515517984850924, 1.4912232910770187, 1.6892840648708625, 1.4110507877764122]], [[9.948730889599979, -0.10300922803207735, 0.20549824435007183, 0.3997195356257456, 0.02734197102694181], [1.092304735101992, 1.6256117573321687, 1.2798882272053174, 1.6466359837986344, 1.5021808681534978], [-9.651336417541973, -1.752922490763346, -1.6669238672365565, -1.3362403032973578, -1.8156560658966863]], [[-10.781634842101933, -1.7288363322336344, -1.5097308341237108, -0.9169121005685845, -1.392076388739907], [2.328322847258802, 1.2495031779307728, 1.522127376726842, 1.5333573645897314, 0.9373535094635366], [5.113783160612655, -3.2833792909760957, -3.142440092596132, -4.0519973377786895, -2.5747302176351083]], [[1.3532396754817064, 1.3082587093576732, 1.5701872359130338, 1.697142156178766, 1.3822078129948119], [-14.244607091332213, 1.7793768305370494, 5.896448211515862, -1.0748900496632008, 0.8466369434323873], [4.896466265609519, -2.863247483941634, -3.9601877781616466, -2.4301919294904772, -4.457673166140017]], [[0.7325041229422471, 1.5309833226157537, 1.7553137867782806, 1.6078107679854066, 1.4406413919818177], [-10.33367994311157, -1.7596027974967914, -1.553227578986734, -1.1782571271871276, -1.6208734094671795], [10.057837614041222, -0.40620387351853376, -0.13162382000313824, 0.7355991652849806, 0.07995031357894698]], [[-11.418479848189879, 1.917026414622692, -0.036810574980875865, 1.8424372235212316, 3.5557757694377723], [0.7620693736416531, -2.5019096357299433, -2.9206061523231166, -2.517314469629329, -4.572216133442723], [4.239177053165891, 0.8585576604703259, 1.3017226054192221, 1.4679724408768018, 0.40259279003235876]]], "refit_milp_assignment": [[-0.8764969055312015, -1.7303715265670496, -3.118107344208927, -4.22804350485742, -2.6773227667367516], [0.4547721098608193, -1.1571467319414992, 2.83198589854675, 0.335854262684438, -3.2743515137325465], [2.8172450094361796, 1.3446323524193906, 1.5022999462179616, 1.4812857225815914, 0.7494268030149127]], "refit_ground_truth_assignment": [[-10.016207273513064, -1.7866793350783183, -1.592892907816681, -1.273430871055507, -1.7161897071008816], [0.7864663028737349, 1.6241911176197341, 1.6153349819230314, 1.8744847525255015, 1.456544066501418], [10.001072373666087, 0.03527342949886695, -0.024967443493520643, -0.00020760643310942627, 0.16585854936930894]]}