{"time_milp": 464.39462399482727, "time_refit_milp_assignment": 465.3554530143738, "mse_refit_ground_truth_assignment": 16.952301500621864, "r2_refit_ground_truth_assignment": 0.9020047892948178, "weight_mismatch_refit_ground_truth_assignment": 41.29465590831025, "refit-weight_mismatch_refit_ground_truth_assignment": 0.0, "rand_score_refit_ground_truth_assignment": 1.0, "label_mismatch_refit_ground_truth_assignment": 0.0, "mse_milp": 5.390153237139952, "r2_milp": 0.96884144597196, "weight_mismatch_milp": 61.138402082519434, "refit-weight_mismatch_milp": 95.70046616367358, "rand_score_milp": 0.6829268292682927, "label_mismatch_milp": 0.4523809523809524, "mse_refit_milp_assignment": 5.382850838539774, "r2_refit_milp_assignment": 0.968883658534629, "weight_mismatch_refit_milp_assignment": 61.712257639115855, "refit-weight_mismatch_refit_milp_assignment": 96.32320744625169, "rand_score_refit_milp_assignment": 0.6829268292682927, "label_mismatch_refit_milp_assignment": 0.4523809523809524, "mse_greedy": NaN, "r2_greedy": NaN, "mse_ground_truth": 34.134832882604194, "r2_ground_truth": 0.802678701732961, "weight_mismatch_ground_truth": 0, "rand_score_ground_truth": 1, "label_mismatch_ground_truth": 0, "mse_baseline_sklearn": 167.19091214040296, "r2_baseline_sklearn": 0.03352894811424978, "random_state": 12}