{"ground_truth": [[-10, 0.2, 0.4, 0.3], [10, -0.2, -0.4, -0.3]], "milp": [[11.057770006023185, -0.062559896792376, -0.041215513824392924, -0.348891924214077], [-10.994442500471965, 0.15054870194468245, -0.24421732555528106, 0.5314038796502307]], "greedy": [[[3.1349278597486805, -0.670987889649997, -3.5785334015207373, -1.1697148212638648], [-3.8608590900146984, 0.545004337141299, 3.8154780880428074, 2.225763222539669]], [[-8.02736856280386, 1.4633761839661994, -2.5261352939080894, 2.9837943898243755], [9.895456380624369, -1.8842582946812696, 1.699877677766114, -2.7132773289586765]], [[-10.997636938218005, 0.15107003234620803, -0.24375260243483785, 0.5315913823907863], [11.060679780299198, -0.06289044790902713, -0.04123986608906463, -0.3495006838786711]], [[-10.997636938218005, 0.15107003234620803, -0.24375260243483785, 0.5315913823907863], [11.060679780299198, -0.06289044790902713, -0.04123986608906463, -0.3495006838786711]], [[-1.4491522590869275, 3.752513593264988, 1.7892935482275762, -3.340805218475593], [1.1968223320130025, -2.7238894166721748, -2.5944402174352206, 3.283383641223751]], [[-10.997636938218005, 0.15107003234620803, -0.24375260243483785, 0.5315913823907863], [11.060679780299198, -0.06289044790902713, -0.04123986608906463, -0.3495006838786711]], [[-3.039923757356253, 4.543701901010595, 0.6329851735525118, -2.2136744068029626], [1.8256118352227668, -3.320900232317729, -1.6766041649191392, 2.5895230527430577]], [[8.156275846262984, -1.4788921948985894, -3.2187811828696185, -0.17988019951200146], [-9.411196695266675, 1.0853109090776623, 3.875845731198632, 0.5535463227425417]], [[-10.997636938218005, 0.15107003234620803, -0.24375260243483785, 0.5315913823907863], [11.060679780299198, -0.06289044790902713, -0.04123986608906463, -0.3495006838786711]], [[-8.02736856280386, 1.4633761839661994, -2.5261352939080894, 2.9837943898243755], [9.895456380624369, -1.8842582946812696, 1.699877677766114, -2.7132773289586765]], [[-10.997636938218005, 0.15107003234620803, -0.24375260243483785, 0.5315913823907863], [11.060679780299198, -0.06289044790902713, -0.04123986608906463, -0.3495006838786711]], [[-0.24391391002843799, -1.9223774887044687, -3.5707044575244025, 1.6498721407536403], [-0.2339890755903058, 2.3447654284878103, 3.6965692108415333, -0.95226060548475]], [[-10.997636938218005, 0.15107003234620803, -0.24375260243483785, 0.5315913823907863], [11.060679780299198, -0.06289044790902713, -0.04123986608906463, -0.3495006838786711]], [[-10.997636938218005, 0.15107003234620803, -0.24375260243483785, 0.5315913823907863], [11.060679780299198, -0.06289044790902713, -0.04123986608906463, -0.3495006838786711]], [[-3.6441833545583107, 1.2474619300443524, 4.665734774791084, 0.6428924637697239], [2.376820392781128, -1.2811530334113632, -3.928421180458115, 0.24931421658008243]], [[4.101692787321394, -3.5942754584668752, -0.5284420679888714, -0.4900769982828237], [-4.343858345518367, 4.215610006109134, -0.32878758653272167, 1.1670045996837783]], [[-6.825482798533436, 1.0161266517795053, -1.5333434417644196, 4.438742320910947], [8.876326324875723, -1.3259849291045611, 0.41766665843413414, -3.8276740241845486]], [[-3.769658706622537, 2.716079642888423, 3.712002947220274, 0.4471107804225027], [2.3830985471387436, -2.154720628455402, -3.50716405803901, 0.5927377765056882]], [[-1.172639968849099, -1.1972528393507582, 4.284506032168693, -3.0600808773950052], [0.3439861383748286, 0.22638099932240818, -3.494761474823242, 3.672886693480757]], [[3.362428873200586, -0.6802158502732842, -3.555160929266298, -1.2331674498862484], [-4.068327431055531, 0.5728661292096934, 3.7751567025752824, 2.277841471881666]]], "refit_milp_assignment": [[11.060700993116017, -0.06288955562055283, -0.04123672662633678, -0.34952058056653407], [-10.99764286402515, 0.15107286427044095, -0.24377462121931195, 0.5316176816106406]], "refit_ground_truth_assignment": [[-10.99764286402515, 0.15107286427044095, -0.24377462121931195, 0.5316176816106406], [11.060700993116017, -0.06288955562055283, -0.04123672662633678, -0.34952058056653407]]}