{"ground_truth": [[10, -1.0615536624968824, -1.494718544669849, -1.42728495099156, -1.7951332269632276, -1.4078739128618545, -1.063441290015449, -1.5470894966342081, -1.5409301101036248, -1.5368539331244984, -1.3790298419352318, -1.2273531484949982, -1.3080613841075914], [-10, 1.8008016359798038, 1.629354465220298, 1.824054111351555, 1.8983293692250305, 1.0823653517630243, 1.5125094974458704, 1.3423318877070964, 1.5788891130309324, 1.0526795570651435, 1.6136185378464325, 1.008601172385998, 1.3023814294334]], "milp": [[9.951071585305126, -1.0150576498207022, -1.3812274831766556, -1.3902375830877625, -1.7965263996157084, -1.4854496090755362, -0.940424589013246, -1.6303947467323596, -1.5218749748426135, -1.5498211319260726, -1.3932367749911996, -1.1981563815574177, -1.3870183557759561], [-9.7000822745013, 1.7507974624100353, 1.6554243393611259, 1.7807557380669081, 1.9097696691212191, 1.1483130871317888, 1.4496524792068328, 1.1987976546073353, 1.4995816766575711, 1.052603347845225, 1.6233486939401514, 1.0493515350680176, 1.3301992514509902]], "greedy": [[[9.937776764648095, -1.0330741005911557, -1.3883348648147094, -1.3745946803289957, -1.7794299243490468, -1.465605058970997, -0.9589123792062123, -1.6018676241842171, -1.5730819406403818, -1.5382736337118748, -1.3734206816376846, -1.18990676055056, -1.3683880017303085], [-10.155347722946752, 1.7745190074420165, 1.6764690142233185, 1.8724948218239341, 1.9188671875505487, 1.0870692469299488, 1.4584791601899512, 1.2464243009931697, 1.624828620612966, 1.0411601063029943, 1.6217011797831615, 1.063381684187607, 1.3416612341372642]], [[-1.4197017400305354, -0.3151512746839363, 2.2267378272909415, 1.452636415193004, 1.0194296728721088, 3.017286028699608, -1.1430070961684036, -1.9287198565434915, -1.1939733495771996, 0.3014389182546934, 1.3238049582199725, 1.615244212379, 2.4239492547189196], [12.115716844211672, -0.9855609153279169, 0.7484245661554952, -1.9871731087823565, -1.4608116330997611, -3.5291885471109308, -1.082108830444095, 0.18810577981717116, 0.2850334692772197, -0.6373226836862288, -2.4844117877969305, 1.6144496376524309, 3.869084068179306]], [[-3.988552496335571, -0.45022157842141164, 1.4455033521238294, 0.6377060830054945, 2.342503452350974, -3.8012244381854345, -2.167958310201883, -0.7792605741985907, 0.012024848223954535, 1.3400064884986773, 2.145180583006977, 0.9201980922582187, 3.7013807985566314], [4.3670070857704495, -0.5139270083345014, 2.2014428834972297, 1.1352336457712022, -1.2428795268378021, 1.585154283759021, -0.3680763837365097, 0.31482284442498065, 0.30012560393451254, -1.5728095207109665, -1.3818870527512748, -0.5720027197435341, 0.5011415659029326]], [[1.548388283547324, 2.840829330119917, 1.1277838649797172, 1.8569677250550656, 0.794510924018815, 0.18456814667329463, -2.2011101067546877, -1.6095843459190664, -1.1297449978039174, -0.3130390306496425, 0.4675199606047523, -1.1760911626642234, 0.6782513399089085], [1.7543314542086184, -0.5729489619742396, 2.0668016281675574, -3.4487047553231718, 2.2670787010941718, -1.823383552365772, -1.3070942894691127, 1.9071169165024355, 0.8557214239376296, 0.5676236899084359, -2.6963259393317927, 2.0167702114401327, 2.786908401345384]], [[8.13173156355177, -1.8283392093581028, 0.9187618512652073, 2.2251855743794877, -1.1246863784825127, 1.1105740860027147, -0.6824843666205896, -0.5844667296681909, 1.5795642306538342, -2.845462604364254, -0.6403963051228558, -1.6836936432378458, 0.7688635853550745], [1.3345751955893657, 0.01980159223269276, -0.31518491174198854, -1.0969644367542295, 0.8862182620528752, -3.5719950010165418, -0.7977706876409548, -1.331937481594856, -0.679261206905126, 2.2781877450946206, 0.9664675257915638, 1.5314534628864604, 2.8193948561728503]], [[-1.2449660383738266, -2.8265782692385986, 3.1549462501178303, 2.665913836188161, -1.9808189125036078, 0.19233432590581193, 0.04640609374201599, 1.463633257671798, 1.576154043140697, -1.2577266720310394, 0.442526566294764, -1.2673965799113256, 0.36450114379158627], [-1.2097290329693902, 3.4996963060509754, 0.05482793873578907, -0.10087653614547268, 0.6646286721097766, -3.240033107452758, -0.11462898547726429, -2.2616069706170365, -1.537959545243432, 0.4571791548938298, -0.4667592248791104, 2.2335072273181087, 3.6684063813045027]], [[-10.736617010590956, 1.9899750238966205, 1.9171049706772816, 2.069642151738965, 1.9601760147860088, 0.6568679298029236, 0.9543569534842385, 1.064836700415035, 1.9188230340700525, 0.40476199386820655, 1.9604516927116415, 1.0935041567509978, 1.433513964643472], [6.4456293279453245, -1.140890133907471, -0.8452637521868074, 0.23124254404855513, -0.6859577677007571, -0.9639230171972334, -2.375247196519495, -0.9393846423481822, -2.044577355138346, 0.8220945042879754, -1.1262467203677837, -1.210247411585933, -0.5095586166413895]], [[9.937776764648095, -1.0330741005911557, -1.3883348648147094, -1.3745946803289957, -1.7794299243490468, -1.465605058970997, -0.9589123792062123, -1.6018676241842171, -1.5730819406403818, -1.5382736337118748, -1.3734206816376846, -1.18990676055056, -1.3683880017303085], [-10.155347722946752, 1.7745190074420165, 1.6764690142233185, 1.8724948218239341, 1.9188671875505487, 1.0870692469299488, 1.4584791601899512, 1.2464243009931697, 1.624828620612966, 1.0411601063029943, 1.6217011797831615, 1.063381684187607, 1.3416612341372642]], [[2.289795320547947, -1.2985397933855638, 2.282898134364035, 2.5091360031847856, 0.6231510904961148, 0.10855312846054625, -1.1295923318999186, -0.3345106307160276, 2.434520003996836, -2.1291378678072186, 1.395608647669731, -0.6592212111472365, -0.2951014948525989], [2.7107519393967285, 0.04044665652710447, -1.5460200831419695, -1.368038293260453, -0.37619517664312596, -1.7450217487788606, 1.6651057074490707, -3.2852828106792242, -1.5797556968008721, 5.853698149573861, -3.0349414730131365, 2.155844688690579, 3.3624054048346754]], [[21.422760221327408, -2.8088925665959006, -1.9578540510435487, -4.694617375396729, -5.939241462918936, -0.8274006270772708, 3.5383790038004443, -2.534542062905767, -4.129372694229387, -2.645431134847966, -2.978165688659339, 1.7311339190411903, 3.3913371337714], [-0.19268939702363674, 0.551767900452778, 1.4526250890320715, 0.9396341199757806, 1.1943689931962898, 0.9473031976721628, -1.4879676374222714, -0.6066007482539936, 2.2707808937038285, 0.044860976434236664, 1.414242971879702, -0.5589035933129874, 1.6290943263996318]], [[-3.9310598200599287, 0.8487639120578867, 2.57812373744226, 2.2969588160161445, 1.008289159551921, 0.762722655336794, -0.41912869586733426, 0.4910484027540581, 1.2776251503579732, -1.8466204932039811, 2.334268048718112, -0.5080251637731866, -0.3492018668486796], [-7.284475964532101, 2.035678855158532, 2.758061651256281, -0.08463410310635856, 1.348200988673511, -3.229163818117545, -1.6871273614555082, -2.997123720446644, 0.3255115359019409, 5.171285948105932, -2.5937829015981606, 3.3507389515949324, 4.424604313410648]], [[1.334167632938171, -0.8538882165911812, 2.58550112707312, 1.7061472746946347, -1.412489721840633, -0.2784881402866094, -1.282796021689327, 1.723328568587664, 1.8913400785330676, -2.0218559736750374, 0.49751923908112455, -2.7295887952483877, -0.8656650660482164], [1.9677044663155243, -0.2705483890522649, 0.7255005299473685, 0.24602231179420447, 1.383848898612133, -3.654257483158817, -0.5764573209011181, -1.6870296818853001, -0.06824106936884267, 0.6886868708331799, -0.7227415548812531, 1.4107923800705844, 5.1608542742768915]], [[3.7082104675951877, -1.0884424123981113, 1.0717716074749986, -0.5882957467386376, 1.6666471114569563, 2.4468424326796643, -1.1576463381316775, -0.9563048419425558, -0.7398306825226154, -0.35550276425171673, -1.9177020711431862, -2.6818212774419177, 3.5891935299445086], [0.27538396532798703, -0.12313529766269536, 0.7414775922146448, 1.7881785501574017, -0.6259487815878577, -2.1705979282467545, -0.23992944516767356, 0.6567989936981407, 0.9342300337112789, -0.2690371558852412, 1.6177995849885172, 1.7463258534983905, 