{"ground_truth": [[-10, -1.5826848885290346, -1.0255509418496929], [1, 1.3377979807316742, 1.6124765741267186], [10, 0.1, 0.1]], "milp": [[-11.04687911079874, -1.1912658086089458, -0.3365126165087832], [2.01352468580901, 0.358628485914586, 0.8935639610994154], [10.718947763188119, 0.24990438318620534, 0.3391393443703933]], "refit_milp_assignment": [[-11.058183773962337, -1.1904191725804125, -0.33454841382065814], [2.0157900153004737, 0.3585824568345534, 0.893144949905824], [10.731708445710264, 0.24856367457013992, 0.336405596091658]], "refit_ground_truth_assignment": [[-9.991006141206284, -1.9044229952199443, -0.6702728053321118], [-0.1753159966056641, 1.1941504708916422, 1.7996618034831944], [10.566210514887938, 0.030493709771948922, 0.01624623505766058]]}