{"time_milp": 39.83997678756714, "time_refit_milp_assignment": 40.46516299247742, "mse_refit_ground_truth_assignment": 13.926075900977915, "r2_refit_ground_truth_assignment": 0.854321504734014, "weight_mismatch_refit_ground_truth_assignment": 1.137958572112679, "refit-weight_mismatch_refit_ground_truth_assignment": 0.0, "rand_score_refit_ground_truth_assignment": 1.0, "label_mismatch_refit_ground_truth_assignment": 0.0, "mse_milp": 13.101751235843365, "r2_milp": 0.8629446357352608, "weight_mismatch_milp": 1.2270167618485615, "refit-weight_mismatch_milp": 0.4456196287862939, "rand_score_milp": 0.9508403361344537, "label_mismatch_milp": 0.025, "mse_refit_milp_assignment": 13.101746236441647, "r2_refit_milp_assignment": 0.8629446880332179, "weight_mismatch_refit_milp_assignment": 1.2261978229863577, "refit-weight_mismatch_refit_milp_assignment": 0.4454293738137317, "rand_score_refit_milp_assignment": 0.9508403361344537, "label_mismatch_refit_milp_assignment": 0.025, "mse_greedy": NaN, "r2_greedy": NaN, "mse_ground_truth": 15.11823332389606, "r2_ground_truth": 0.8414631066101781, "weight_mismatch_ground_truth": 0, "rand_score_ground_truth": 1, "label_mismatch_ground_truth": 0, "mse_baseline_sklearn": 94.86563047786515, "r2_baseline_sklearn": 0.007625522168524301, "mse_milp_val": 17.71291150871865, "r2_milp_val": 0.8135683098638724, "label_mismatch_milp_val": 0.0125, "mse_refit_milp_assignment_val": 17.714930463569107, "r2_refit_milp_assignment_val": 0.8135470599883287, "label_mismatch_refit_milp_assignment_val": 0.0125, "mse_refit_ground_truth_assignment_val": 16.933651315875874, "r2_refit_ground_truth_assignment_val": 0.8217701684197611, "label_mismatch_refit_ground_truth_assignment_val": 0.0125, "mse_ground_truth_val": 15.774660963678446, "r2_ground_truth_val": 0.8339687575735136, "label_mismatch_ground_truth_val": 0.0125, "mse_baseline_sklearn_val": 95.01525441941183, "r2_baseline_sklearn_val": -5.323582212857225e-05, "random_state": 8}