{"ground_truth": [[-10, -1.5826848885290346, -1.0255509418496929], [1, 1.3377979807316742, 1.6124765741267186], [10, 0.1, 0.1], [5, -3.4970737987345126, -3.414905837374687]], "milp": [[8.420877847089569, 0.18637137582003938, 0.7306454863107099], [0.3360411017872118, -2.591985401353493, -3.1706341072117787], [-6.7777741677596905, -0.615093486026236, 1.038736420560256], [0.0, 0.0, 0.0]], "greedy": [[[-4.806373549084848, -4.256086705895278, 0.20904248424137448], [17.631386562674447, -2.0971764201530654, -7.395751715637274], [2.1498244608447283, -1.520985982687194, -1.3335007918431228], [0.6019056409726788, 2.6614701699226235, 2.225585990293504]], [[-6.056294352486474, -0.33354660462998603, 3.554248089629802], [13.565517794409669, -0.27107243385264573, 0.21831466747705178], [-3.659194361539723, -0.7492137674647045, -3.462864475653169], [5.381123656378031, 1.5241273573517433, -1.6567793479530577]], [[-0.4197568587329146, -0.5956680507287428, -3.8239840428055634], [14.433874231527193, -0.48621589381996466, -1.0707783994818303], [-10.254749145947248, -0.8956661763503415, -0.31189375653380086], [2.498924431692659, 2.2509410169108683, 1.2638448893296095]], [[11.611227416733707, -2.889385512498938, 2.0972348131243717], [6.82065621244365, 0.7330002353150649, -6.274233968374267], [-3.501941290676355, -4.871348677113584, -0.12645747934821358], [-0.9171263723641394, 3.429470284481938, 1.8970672467872527]], [[-5.579326726407171, -2.37317404198553, -2.2737750376553216], [3.9289785606263767, 1.473106561319632, 1.2338136553414119], [14.433874231527193, -0.48621589381996466, -1.0707783994818303], [-6.22781790426454, 0.24184703812098224, 2.914114380774394]], [[-7.998798251299279, -0.32260214756291977, 2.404346961666816], [4.393705011497969, 2.074768564098474, 0.537315217460917], [0.2877003916036056, -2.511822121583191, -3.546653715417985], [17.624331586436693, 0.9718795841518831, -1.1334032675572312]], [[-5.454520632801995, 0.6246578856991019, -3.5907032903663367], [4.549397316362914, 2.259478160635132, -0.5565132212691901], [13.541108253645453, -0.3568996761657888, 0.2337231002320115], [-6.596518742571116, -0.3988772127878469, 3.3231433277234546]], [[-2.072165210769455, 2.0175177376278004, 0.4249191752391617], [2.406090783410742, 0.3190772107072175, 1.7705619104380121], [-9.630783452533345, -1.5444892658818261, -1.493439752515996], [10.960599147282789, -0.12613453138657024, 1.6924276765727502]], [[0.006755109546932481, 2.7590384579761085, 0.30205432046240327], [10.868673769353729, 0.6521612898457315, 0.8527099894768376], [-2.882744304720881, -3.9946131588535096, 3.271142823662576], [-8.952985950371204, -1.4378200338891522, -1.7343211309555253]], [[-0.024281219749673344, -3.8426120956013925, 1.1217001744479915], [2.67122284290549, 2.7062913165306575, -1.570950870284105], [1.8212638809728947, 2.9063521160954218, 2.1641185160412295], [-3.5812211576978985, -2.3331402671235972, -2.8747893337392654]], [[-6.439546219369152, -0.3760545922004945, 3.420296126221551], [13.565517794409669, -0.27107243385264573, 0.21831466747705178], [4.174132020692051, 1.9891559059330155, -0.7110404291895942], [-5.454520632801995, 0.6246578856991019, -3.5907032903663367]], [[13.513310360734128, 0.6522044079438691, 3.6181397404014946], [-0.07524357314127705, -4.7476928204501565, -2.444939621612309], [1.1590096503816305, 2.903057068421063, 1.5913024379279659], [-7.613256727464744, -0.8023672238342546, 2.9771856833979813]], [[1.497175271356665, 3.3690187056575644, 1.4030233458014107], [2.4163169558070834, -3.357398460104661, -0.710433245639864], [-9.45975018454816, -1.8034409501794526, -1.3414782882802183], [16.15687714697942, -1.4537019188167764, 0.34679231459309395]], [[2.0499326433040346, 1.2548887934628745, -0.40902822936897704], [-5.611187577011882, -0.007107403849126002, 3.5789516661799654], [-5.908886434766814, -2.2560615474630996, -2.2268576953489143], [13.433659504471535, -0.3996392311964214, 0.27778668569553006]], [[3.341191828503906, 1.8540813456036005, 0.5648194860663798], [-2.8468128980125345, 2.3076537978441025, 0.9428502568125147], [13.817175036417828, -0.03285415520890041, -0.35964821655926205], [-8.188972593479575, -2.241025819541816, -1.5748643146836994]], [[-5.579326726407171, -2.37317404198553, -2.2737750376553216], [-6.253533886794981, 0.1416048752223837, 3.3209015898454135], [13.726872060605052, -0.18841220555146337, 0.5380606017845808], [4.099820845814125, 1.2790630361164668, 0.8701121462254194]], [[-8.042900433249855, -1.6085430309244177, -1.9353886426347697], [13.77326511045181, -0.4262058919152072, -0.13852819624814075], [-6.236126635952344, 0.07765630999558719, 4.144002383560189], [1.5089581788703759, 1.6418459358011437, -0.4682937768879349]], [[11.661956029899358, -3.303738429789858, 0.8995940378780141], [-0.04880947596630847, -4.431220003144549, -0.19423564640516439], [5.070649660129105, 2.259605668923815, -6.085522415476041], [-11.35742898875536, -1.6618752492763729, -0.3455884390483533]], [[-3.5808973893490155, -4.76417485900616, -0.3169956397435697], [-0.5399873531109822, -2.182204111469054, -3.2339088703934005], [-0.5562157129135108, 2.2354511480763417, 2.529997127715539], [17.26459733026486, -1.664272914854812, -2.30632939283203]], [[1.3366672806592352, 2.3968900395819284, 1.90457830991443], [-9.159303372777174, -1.9068473070706895, -1.380033172897288], [14.433874231527193, -0.48621589381996466, -1.0707783994818303], [1.1132007774244952, -0.5514984168380511, -1.3103969405057176]]], "refit_milp_assignment": [[8.432432968954693, 0.18436547890146945, 0.7273141162851843], [0.3385517219022116, -2.5932030536661363, -3.1713021105882673], [-6.784516138446268, -0.6162806771149709, 1.038082650025539], [0.0, 0.0, 0.0]], "refit_ground_truth_assignment": [[-10.36134785039622, -1.536554240715718, -1.2289217277497635], [1.0805740421902617, 2.3686745801956848, 1.9382482484988846], [17.86051724939078, -2.2047396134058945, -3.0665175906343856], [2.6214861166144674, -4.544971458648017, -2.2101970691143067]]}