{"ground_truth": [[-10, -1.3594336860278102, -1.3801559627916706], [1, 1.3734055052288912, 1.313852669462697], [10, 0.1, 0.1]], "milp": [[-8.67672360054274, -0.48783078064225405, -0.24971117343269478], [7.0180448807835765, 0.48621493669718313, 0.25754512251807526], [-0.9229712246717865, -4.024445086561033, -2.614682652654321]], "greedy": [[[-1.013735279479926, 2.6313571721202687, 2.828938081073824], [12.05226865288941, -0.660107128677485, -2.2301423822955857], [-5.809329809270964, -2.1438419113006275, -3.0516057647328805]], [[-7.7121547522006555, -2.641983509665143, -0.15302134250042237], [-5.589649891381224, -0.23977933742153704, -4.042345350808426], [9.705148212248588, -0.05965805964194374, -0.7121456397744305]], [[-1.0447649963812147, 2.6188304801621505, 2.8205443670254464], [11.122360436598251, -0.4265094476474121, -1.9311217880976153], [-6.977105751515044, -1.9117933701962386, -2.621529224158252]], [[-11.340748886603754, -1.7811284473860471, -1.2636894002066896], [10.767558327316147, 0.04995319910564615, -0.7949371672011925], [0.47847470988290247, 0.3389568808405659, -1.0963050094708426]], [[9.396069971326089, 1.0249639903865602, -1.0880213053558485], [-4.682568429571049, -5.449185853817559, -0.24093555131195196], [-3.5965699817206156, 2.3993839592658723, -1.1952419595695625]], [[0.020030544627760882, 2.854976873622008, 0.6942484313085938], [11.31950393128768, -0.4585417944382059, -0.35276020018669496], [-9.59339009740519, -2.0595869339131756, -1.0152909385684445]], [[8.68003029033959, 0.8866379624639337, -2.0728704096331345], [5.067528371275992, 0.01577473091761929, 2.641509206800728], [-10.425959181919318, -1.4612238421344552, -1.3261253729148117]], [[8.595427382061999, 0.39899392415404467, -0.5909170505801611], [-11.31630115287346, -2.10962895462165, -1.3159386199628262], [4.106080274841587, -4.748619381646105, -2.158987778675664]], [[-2.249336856257848, -5.343893970808956, 0.9970500501720289], [-6.8094888256887245, 2.1496778702730195, -3.853345116162002], [8.881436868297511, 1.3851061204970156, -2.0584632752798884]], [[-10.425959181919318, -1.4612238421344552, -1.3261253729148117], [8.68003029033959, 0.8866379624639337, -2.0728704096331345], [5.067528371275992, 0.01577473091761929, 2.641509206800728]], [[2.5747767837891757, -5.7915947389290325, -2.1441271555445427], [4.430577730690567, 1.8698361825514862, 0.6136138444826799], [-10.83269089086713, 2.4126857621284405, 0.15859712096835848]], [[-10.2668606470415, -1.7572378260060182, -0.9148438137011227], [4.202022272652599, -0.24565523330456887, 1.9323189648014465], [9.734637847562665, 0.8149221713762439, -1.5343929879350038]], [[-0.8679429749168408, -2.694717790125741, -4.074911210239096], [-10.126513752913116, -0.5602713895587924, 0.014684505205288969], [10.25710078488759, -0.1815148943681114, -0.8310401561525036]], [[-10.22099826367829, -1.6762647848898296, -1.2324527595655768], [5.067528371275992, 0.01577473091761929, 2.641509206800728], [8.961962960572997, 0.7227477659625791, -2.070764996165871]], [[2.0035725865637746, -6.067594560774843, -1.6786203583356862], [4.609416271726714, 2.177195656620636, 0.5824219307772115], [-10.196209284589031, 3.125132808577579, 0.222499565866724]], [[10.003794942312153, -0.12033824024027302, -0.7295136422296898], [-0.293270044998307, -0.7933483024801774, -1.478609473250589], [-11.340748886603754, -1.7811284473860471, -1.2636894002066896]], [[15.30172378601217, -1.7060556824714452, -2.309648334344305], [-1.3453113523977676, 2.6668458548116023, 2.627654019998787], [-3.5786718525555177, -3.615784806303005, -2.541307435651414]], [[11.46939718591881, -0.4923571144321449, -0.9138378332357611], [2.3830942031468823, -2.271225156147267, -1.761379219317335], [-11.163041198649283, -1.98187818500083, -1.1750752499203672]], [[-9.653019886122893, -0.6529208311064335, 0.13162950239605303], [10.25710078488759, -0.1815148943681114, -0.8310401561525036], [-1.4363316110994067, -2.470023935651512, -4.260724636826984]], [[-10.741456402654304, -1.738883469818122, -1.132116076314209], [6.699175268393523, -6.348006106976673, -2.887287673859705], [9.055964198485961, 0.2614404740917837, -0.7082715240253932]]], "refit_milp_assignment": [[-8.684666006743187, -0.4900008653824728, -0.25217361281238854], [7.02354507402273, 0.484842680759348, 0.2559375958710223], [-0.9229707709107569, -4.02503974986284, -2.614682572759412]], "refit_ground_truth_assignment": [[-10.178658424617913, -1.7803255823437607, -0.9470402886174374], [1.6623446260796206, 1.2729472551972056, 0.8648089230592505], [11.178049348773882, -0.5144168968756984, -0.021497702079513764]]}