{"time_milp": 0.5930802822113037, "time_greedy": 0.9899756908416748, "time_refit_milp_assignment": 1.0892939567565918, "mse_refit_ground_truth_assignment": 23.2298084390172, "r2_refit_ground_truth_assignment": 0.8543826951296011, "weight_mismatch_refit_ground_truth_assignment": 4.905026538735093, "refit-weight_mismatch_refit_ground_truth_assignment": 0.0, "rand_score_refit_ground_truth_assignment": 1.0, "label_mismatch_refit_ground_truth_assignment": 0.0, "mse_milp": 23.22981790147592, "r2_milp": 0.8543826358136691, "weight_mismatch_milp": 4.896920708728884, "refit-weight_mismatch_milp": 0.009335995820641551, "rand_score_milp": 1.0, "label_mismatch_milp": 0.0, "mse_refit_milp_assignment": 23.2298084390172, "r2_refit_milp_assignment": 0.8543826951296011, "weight_mismatch_refit_milp_assignment": 4.905026538735093, "refit-weight_mismatch_refit_milp_assignment": 0.0, "rand_score_refit_milp_assignment": 1.0, "label_mismatch_refit_milp_assignment": 0.0, "mse_greedy": 45.74089373983189, "r2_greedy": 0.7132707449463833, "weight_mismatch_greedy": 14.552064566774956, "refit-weight_mismatch_greedy": 14.361179006124496, "rand_score_greedy": 0.7400980392156862, "label_mismatch_greedy": 0.2225, "mse_greedy_sem": 4.7418404531797735, "r2_greedy_sem": 0.02972448217686133, "weight_mismatch_greedy_sem": 2.6078169823056414, "refit-weight_mismatch_greedy_sem": 3.469836573208363, "rand_score_greedy_sem": 0.05461890209677499, "label_mismatch_greedy_sem": 0.04819133709247165, "mse_ground_truth": 37.31308882331181, "r2_ground_truth": 0.7847310076737103, "weight_mismatch_ground_truth": 0, "rand_score_ground_truth": 1, "label_mismatch_ground_truth": 0, "mse_baseline_sklearn": 159.00113948721142, "r2_baseline_sklearn": 0.003292796656843344, "mse_milp_val": 37.88519634944218, "r2_milp_val": 0.8047047968115493, "label_mismatch_milp_val": 0.0, "mse_refit_milp_assignment_val": 37.87890128056279, "r2_refit_milp_assignment_val": 0.8047372473957972, "label_mismatch_refit_milp_assignment_val": 0.0, "mse_greedy_val": 85.25257705089135, "label_mismatch_greedy_val": 0.20750000000000002, "mse_greedy_val_sem": 10.183937620553921, "label_mismatch_greedy_val_sem": 0.04736823830374104, "r2_greedy_val": 0.5605296801441015, "r2_greedy_val_sem": 0.05249739630540069, "mse_refit_ground_truth_assignment_val": 37.87890128056279, "r2_refit_ground_truth_assignment_val": 0.8047372473957972, "label_mismatch_refit_ground_truth_assignment_val": 0.0, "mse_ground_truth_val": 45.11237368950315, "r2_ground_truth_val": 0.767449266865564, "label_mismatch_ground_truth_val": 0.0, "mse_baseline_sklearn_val": 194.0792497605327, "r2_baseline_sklearn_val": -0.0004632460405180616, "random_state": 5}