{"ground_truth": [[-10, 0.2, 0.4, 0.3], [10, -0.2, -0.4, -0.3]], "milp": [[-13.249861746645124, 0.4804011060141764, 0.3416943499195251, 0.5636698714538897], [11.363897630434732, 0.47438550255519607, 0.16727329237781943, -0.2997414305391282]], "greedy": [[[8.259503879479354, -1.2807452291458363, -3.9308569641425426, 1.9212046704161465], [-8.82924375550319, 1.6759997719687076, 4.179048953596434, -2.5834439542167673]], [[-2.6693665773364907, 6.003018329639779, -1.5664040917319286, -1.9401053305631974], [-1.7834486627876398, -4.508073227427977, 2.958333803536033, 2.010174240225988]], [[11.367655527555334, 0.474024191320061, 0.16650257628313717, -0.30019355877836224], [-13.255063792856529, 0.48108710225193785, 0.3425499509573311, 0.5645073083014308]], [[11.367655527555334, 0.474024191320061, 0.16650257628313717, -0.30019355877836224], [-13.255063792856529, 0.48108710225193785, 0.3425499509573311, 0.5645073083014308]], [[11.367655527555334, 0.474024191320061, 0.16650257628313717, -0.30019355877836224], [-13.255063792856529, 0.48108710225193785, 0.3425499509573311, 0.5645073083014308]], [[-1.7834486627876398, -4.508073227427977, 2.958333803536033, 2.010174240225988], [-2.6693665773364907, 6.003018329639779, -1.5664040917319286, -1.9401053305631974]], [[8.259503879479354, -1.2807452291458363, -3.9308569641425426, 1.9212046704161465], [-8.82924375550319, 1.6759997719687076, 4.179048953596434, -2.5834439542167673]], [[-2.874073392920258, 4.317065529327013, -1.981322022374875, 1.99667646821132], [0.8024600659515373, -3.745473625998926, 2.4657476167390064, -2.601978349615351]], [[3.0108526147946004, 4.235452214069976, -0.6624152054853544, 0.471525054380818], [-4.5166693176059844, -3.3759423738521077, 1.3093621013034056, -1.3385674024948073]], [[-13.255063792856529, 0.48108710225193785, 0.3425499509573311, 0.5645073083014308], [11.367655527555334, 0.474024191320061, 0.16650257628313717, -0.30019355877836224]], [[-13.255063792856529, 0.48108710225193785, 0.3425499509573311, 0.5645073083014308], [11.367655527555334, 0.474024191320061, 0.16650257628313717, -0.30019355877836224]], [[4.89204244805295, 0.6032579047141736, -4.773269209794291, 0.6001367111010582], [-6.916210293943018, -0.8575389373665748, 5.6420231792860935, 0.294003641590403]], [[-6.822251443650087, -0.35547520950090233, 5.58371625164501, -0.11976635850042751], [5.2150026425777405, 0.13551971178435548, -4.778525199662238, 0.8583188074087333]], [[8.745467456673381, -3.454171560376345, -2.4661017257760887, -0.9173206308788756], [-10.197588103953045, 5.216108413739826, 2.5533584822466344, 0.8234059959939262]], [[7.702766372814765, -2.4285499806422917, -3.760980563525627, 0.41534263385659614], [-8.597750078139342, 3.9951191726796744, 4.120603823063505, -0.24245462681913224]], [[-0.04018896240740366, 2.315882231479358, -4.246536724448228, 1.0303912579760177], [-2.500921638451558, -2.193513795479316, 5.106415637048656, -0.46297526816487733]], [[-13.255063792856529, 0.48108710225193785, 0.3425499509573311, 0.5645073083014308], [11.367655527555334, 0.474024191320061, 0.16650257628313717, -0.30019355877836224]], [[-13.255063792856529, 0.48108710225193785, 0.3425499509573311, 0.5645073083014308], [11.367655527555334, 0.474024191320061, 0.16650257628313717, -0.30019355877836224]], [[11.367655527555334, 0.474024191320061, 0.16650257628313717, -0.30019355877836224], [-13.255063792856529, 0.48108710225193785, 0.3425499509573311, 0.5645073083014308]], [[11.367655527555334, 0.474024191320061, 0.16650257628313717, -0.30019355877836224], [-13.255063792856529, 0.48108710225193785, 0.3425499509573311, 0.5645073083014308]]], "refit_milp_assignment": [[-13.255146503682525, 0.48111602964377237, 0.3425595624512634, 0.5645427692121501], [11.367641106462525, 0.47405353920408094, 0.16651089656767354, -0.3002105638730207]], "refit_ground_truth_assignment": [[-13.255146503682525, 0.48111602964377237, 0.3425595624512634, 0.5645427692121501], [11.367641106462525, 0.47405353920408094, 0.16651089656767354, -0.3002105638730207]]}