{"ground_truth": [[-10, -1.5256128574147114, -1.2813623322785248, -1.1750964867942733], [1, 1.5493558978602802, 1.7666427402285338, 1.1926968169078815], [10, 0.1, 0.1, 0.1]], "milp": [[-22.205494656624374, -4.202240438788312, 4.4664234432131105, 9.543973411880444], [23.22828816296413, -8.670083528288208, -5.509957298243332, -8.545158049468053], [2.650725555787943, -1.4754282443628175, 1.9116145323053035, 6.048817037816327]], "refit_milp_assignment": [[-22.331428559141283, -4.180887519306918, 4.504773264459367, 9.58265126961672], [23.338219060748642, -8.669655219188131, -5.53321240994649, -8.61139773522797], [2.651047905383625, -1.477380247537222, 1.912034419064745, 6.051291158431492]], "refit_ground_truth_assignment": [[-8.877171073993932, -2.335025535259802, -1.520028897165472, -1.8383453272666082], [0.14341102628408464, -0.4777216702887994, 2.3888185475427224, 4.1450846345520365], [13.382560827755013, 0.3203364711897637, -0.8835659853671788, -0.7254656953438615]]}