{"time_milp": 596.6888220310211, "time_greedy": 0.4817036509513855, "time_refit_milp_assignment": 599.4148964881897, "mse_refit_ground_truth_assignment": 6.705515706471235, "r2_refit_ground_truth_assignment": 0.9419513905100092, "weight_mismatch_refit_ground_truth_assignment": 4.36871157871246, "refit-weight_mismatch_refit_ground_truth_assignment": 0.0, "rand_score_refit_ground_truth_assignment": 1.0, "label_mismatch_refit_ground_truth_assignment": 0.0, "mse_milp": 6.006993191188294, "r2_milp": 0.9479983915886129, "weight_mismatch_milp": 4.5827406088970335, "refit-weight_mismatch_milp": 1.2703027345397548, "rand_score_milp": 0.8309859154929577, "label_mismatch_milp": 0.16666666666666666, "mse_refit_milp_assignment": 6.006954983182262, "r2_refit_milp_assignment": 0.9479987223493953, "weight_mismatch_refit_milp_assignment": 4.580796945116335, "refit-weight_mismatch_refit_milp_assignment": 1.2403753026618782, "rand_score_refit_milp_assignment": 0.8309859154929577, "label_mismatch_refit_milp_assignment": 0.16666666666666666, "mse_greedy": 9.475920449025782, "r2_greedy": 0.9179684263250818, "weight_mismatch_greedy": 18.427162559778118, "refit-weight_mismatch_greedy": 16.569214208715092, "rand_score_greedy": 0.7430164319248826, "label_mismatch_greedy": 0.30416666666666664, "mse_greedy_sem": 1.1120443369527016, "r2_greedy_sem": 0.009626795354311948, "weight_mismatch_greedy_sem": 2.794449220979037, "refit-weight_mismatch_greedy_sem": 2.9445219978940016, "rand_score_greedy_sem": 0.02105537613755561, "label_mismatch_greedy_sem": 0.031217900993342738, "mse_ground_truth": 8.494496632181276, "r2_ground_truth": 0.9291394551847586, "weight_mismatch_ground_truth": 0, "rand_score_ground_truth": 1, "label_mismatch_ground_truth": 0, "mse_baseline_sklearn": 115.34594584972436, "r2_baseline_sklearn": 0.0014680361687114951, "mse_milp_val": 9.999826265984813, "r2_milp_val": 0.9208689215545973, "label_mismatch_milp_val": 0.16666666666666666, "mse_refit_milp_assignment_val": 10.00654922904676, "r2_refit_milp_assignment_val": 0.9208157210985803, "label_mismatch_refit_milp_assignment_val": 0.16666666666666666, "mse_greedy_val": 33.26490105332309, "label_mismatch_greedy_val": 0.3270833333333334, "mse_greedy_val_sem": 7.395017108683122, "label_mismatch_greedy_val_sem": 0.02954408070457367, "r2_greedy_val": 0.7367666772688841, "r2_greedy_val_sem": 0.0585185845600958, "mse_refit_ground_truth_assignment_val": 11.534738803337547, "r2_refit_ground_truth_assignment_val": 0.9087227820948304, "label_mismatch_refit_ground_truth_assignment_val": 0.20833333333333334, "mse_ground_truth_val": 7.671487229530413, "r2_ground_truth_val": 0.9392936395487375, "label_mismatch_ground_truth_val": 0.20833333333333334, "mse_baseline_sklearn_val": 126.44888939861447, "r2_baseline_sklearn_val": -0.0006210828254213929}