{"time_milp": 5.155937910079956, "time_refit_milp_assignment": 6.154787063598633, "mse_refit_ground_truth_assignment": 0.3780451217972287, "r2_refit_ground_truth_assignment": 0.6341839439828694, "weight_mismatch_refit_ground_truth_assignment": 2.7807807489266354, "refit-weight_mismatch_refit_ground_truth_assignment": 0.0, "rand_score_refit_ground_truth_assignment": 1.0, "label_mismatch_refit_ground_truth_assignment": 0.0, "mse_milp": 0.2138506560764786, "r2_milp": 0.7930670201200657, "weight_mismatch_milp": 3.972509046364853, "refit-weight_mismatch_milp": 4.586344733393341, "rand_score_milp": 0.5778894472361809, "label_mismatch_milp": 0.3, "mse_refit_milp_assignment": 0.21385226401394256, "r2_refit_milp_assignment": 0.7930654641964273, "weight_mismatch_refit_milp_assignment": 3.985086973161134, "refit-weight_mismatch_refit_milp_assignment": 4.59555905352516, "rand_score_refit_milp_assignment": 0.5778894472361809, "label_mismatch_refit_milp_assignment": 0.3, "mse_greedy": NaN, "r2_greedy": NaN, "mse_ground_truth": NaN, "r2_ground_truth": NaN, "weight_mismatch_ground_truth": 0, "rand_score_ground_truth": 1, "label_mismatch_ground_truth": 0, "mse_baseline_sklearn": 0.4017170911991063, "r2_baseline_sklearn": 0.6108827877601319}