{"ground_truth": [[0.13782992947414577, 0.26390107177138206, -0.3022560493111767, 0.4228068844236929, 2.038327668362444, -1.423307888575089, -0.5618174604912745, 0.0548562971213439], [0.19619306884640775, -0.2767441076926741, 0.23020318279247903, 0.18609734756534058, 0.4723147546880899, -0.35356763117828083, -0.12238870014106573, 0.8482971722737157]], "milp": [[0.7042206564997912, -0.7854981360390964, -0.12147752238946011, 0.40122239758298567, 2.879087847168852, -1.5891867682244654, -0.7433198114109918, 0.02481365930006113], [-0.5762380278338552, 0.12813054131061846, 0.2511683505791208, 0.15984506867952558, -1.4171944743136529, 0.7110059530143102, 0.3584890481648489, 0.16946698350743994]], "refit_milp_assignment": [[0.7042336289707343, -0.78577577213016, -0.12131624400243404, 0.4012773338404938, 2.8824368772516133, -1.5905469226278723, -0.7443530522140349, 0.023752777916172477], [-0.576678708662806, 0.1274165303021263, 0.25270023522508656, 0.15917734717451565, -1.4280910442011154, 0.7157066325251547, 0.36146255967997626, 0.1722956648563637]], "refit_ground_truth_assignment": [[0.19896360226967902, -0.29208815353822715, -0.0644982272993956, 0.654924851171466, 3.2004577272289825, -1.779918280086713, -0.908222872472962, -0.24806019741312293], [0.31168738751087544, -0.3839942207928539, 0.19965953103217862, 0.3554069684643438, 1.4931378141044416, -1.1529614880804102, -0.17583806277593558, 0.6959988325496443]]}