{"time_milp": 0.40478992462158203, "time_greedy": 1.1300483345985413, "time_refit_milp_assignment": 1.1108200550079346, "mse_refit_ground_truth_assignment": 9.969504265629082, "r2_refit_ground_truth_assignment": 0.8809041541230803, "weight_mismatch_refit_ground_truth_assignment": 3.0128411166772624, "refit-weight_mismatch_refit_ground_truth_assignment": 0.0, "rand_score_refit_ground_truth_assignment": 1.0, "label_mismatch_refit_ground_truth_assignment": 0.0, "mse_milp": 16.71667911733837, "r2_milp": 0.8003023032352526, "weight_mismatch_milp": 17.801358864159166, "refit-weight_mismatch_milp": 16.532957535734027, "rand_score_milp": 0.6904761904761905, "label_mismatch_milp": 0.4166666666666667, "mse_refit_milp_assignment": 16.716572641360322, "r2_refit_milp_assignment": 0.8003035751988662, "weight_mismatch_refit_milp_assignment": 17.81202608609623, "refit-weight_mismatch_refit_milp_assignment": 16.54179259260803, "rand_score_refit_milp_assignment": 0.6904761904761905, "label_mismatch_refit_milp_assignment": 0.4166666666666667, "mse_greedy": 10.677800931056087, "r2_greedy": 0.8724428316487367, "weight_mismatch_greedy": 12.59269352631058, "refit-weight_mismatch_greedy": 11.070237851659197, "rand_score_greedy": 0.6919047619047618, "label_mismatch_greedy": 0.35972222222222217, "mse_greedy_sem": 0.9175998160156711, "r2_greedy_sem": 0.01096166101675231, "weight_mismatch_greedy_sem": 0.9538612499796578, "refit-weight_mismatch_greedy_sem": 0.8888678203989496, "rand_score_greedy_sem": 0.013419333185227469, "label_mismatch_greedy_sem": 0.019793750531517863, "mse_ground_truth": 15.561454018532778, "r2_ground_truth": 0.8141026394059117, "weight_mismatch_ground_truth": 0, "rand_score_ground_truth": 1, "label_mismatch_ground_truth": 0, "mse_baseline_sklearn": 78.09652894431036, "r2_baseline_sklearn": 0.06695850388623226, "random_state": 8}