{"time_milp": 2.227799892425537, "time_refit_milp_assignment": 2.984391927719116, "mse_refit_ground_truth_assignment": 0.13024518467844384, "r2_refit_ground_truth_assignment": 0.9995385504761257, "weight_mismatch_refit_ground_truth_assignment": 1.3024714341084085, "refit-weight_mismatch_refit_ground_truth_assignment": 0.0, "rand_score_refit_ground_truth_assignment": 1.0, "label_mismatch_refit_ground_truth_assignment": 0.0, "mse_milp": 0.3925894530544103, "r2_milp": 0.9986090831946126, "weight_mismatch_milp": 15.427633999764057, "refit-weight_mismatch_milp": 14.856145791490052, "rand_score_milp": 0.7688734030197445, "label_mismatch_milp": 0.23809523809523808, "mse_refit_milp_assignment": 0.21612253751412314, "r2_refit_milp_assignment": 0.999234293058276, "weight_mismatch_refit_milp_assignment": 9.652902556250247, "refit-weight_mismatch_refit_milp_assignment": 8.780761574139754, "rand_score_refit_milp_assignment": 0.7688734030197445, "label_mismatch_refit_milp_assignment": 0.23809523809523808, "mse_greedy": NaN, "r2_greedy": NaN, "mse_ground_truth": 0.2758307701288738, "r2_ground_truth": 0.9990227509918306, "weight_mismatch_ground_truth": 0, "rand_score_ground_truth": 1, "label_mismatch_ground_truth": 0, "mse_baseline_sklearn": 246.97247807435718, "r2_baseline_sklearn": 0.12499388980225024, "random_state": 12}