{"ground_truth": [[-10, -1.1281392622060729, -1.7513651349943629, -1.6228254350977118], [1, 1.6444371693942874, 1.4470205250788553, 1.8701814353803043], [10, 0.1, 0.1, 0.1]], "milp": [[-8.073220457520627, -4.632719207785217, -3.207727903566827, -3.047320649412705], [17.393772312645805, -0.4420671519216306, -0.7440451062160746, -1.1392970049795974], [-2.308343632485543, 0.49957856310893045, 2.8057378188543836, 1.9420643425754798]], "refit_milp_assignment": [[-8.07668394153789, -4.632253685537975, -3.2071537720685424, -3.047200634105257], [17.40298647527809, -0.4432867715329944, -0.7456096095408951, -1.140645838930141], [-2.3099384367037485, 0.4997020408440219, 2.806146159089468, 1.9423482882170335]], "refit_ground_truth_assignment": [[-10.236514599265199, -2.9062060032284434, -2.961194999730929, -3.1454416248527117], [3.863541294797844, 1.2648692450728787, -0.013625779981696912, 1.4227886053533378], [13.988288844217271, 0.17298928526413918, 0.2497527037255462, -0.7113742170585979]]}