{"time_milp": 16.67114520072937, "time_refit_milp_assignment": 17.129112243652344, "mse_refit_ground_truth_assignment": 24.024437841102948, "r2_refit_ground_truth_assignment": 0.8815938986833926, "weight_mismatch_refit_ground_truth_assignment": 8.084087618583101, "refit-weight_mismatch_refit_ground_truth_assignment": 0.0, "rand_score_refit_ground_truth_assignment": 1.0, "label_mismatch_refit_ground_truth_assignment": 0.0, "mse_milp": 24.024449157264584, "r2_milp": 0.8815938429109083, "weight_mismatch_milp": 8.074834360389659, "refit-weight_mismatch_milp": 0.009883328236400438, "rand_score_milp": 1.0, "label_mismatch_milp": 0.0, "mse_refit_milp_assignment": 24.024437841102948, "r2_refit_milp_assignment": 0.8815938986833926, "weight_mismatch_refit_milp_assignment": 8.084087618583101, "refit-weight_mismatch_refit_milp_assignment": 0.0, "rand_score_refit_milp_assignment": 1.0, "label_mismatch_refit_milp_assignment": 0.0, "mse_greedy": NaN, "r2_greedy": NaN, "mse_ground_truth": 42.89935530465096, "r2_ground_truth": 0.7861171240103463, "weight_mismatch_ground_truth": 0, "rand_score_ground_truth": 1, "label_mismatch_ground_truth": 0, "mse_baseline_sklearn": 199.13422956575008, "r2_baseline_sklearn": 0.018553194979388343, "mse_milp_val": 23.355133529467462, "r2_milp_val": 0.8814902848388375, "label_mismatch_milp_val": 0.0, "mse_refit_milp_assignment_val": 23.355601878625052, "r2_refit_milp_assignment_val": 0.8814879083195515, "label_mismatch_refit_milp_assignment_val": 0.0, "mse_refit_ground_truth_assignment_val": 23.355601878625052, "r2_refit_ground_truth_assignment_val": 0.8814879083195515, "label_mismatch_refit_ground_truth_assignment_val": 0.0, "mse_ground_truth_val": 41.33078964515852, "r2_ground_truth_val": 0.7902773665561078, "label_mismatch_ground_truth_val": 0.0, "mse_baseline_sklearn_val": 197.0791000870238, "r2_baseline_sklearn_val": -2.8023220810524663e-05, "random_state": 12}