{"time_milp": 0.2098231315612793, "time_refit_milp_assignment": 0.671375036239624, "mse_refit_ground_truth_assignment": 0.2298214077066261, "r2_refit_ground_truth_assignment": 0.9955641416286104, "weight_mismatch_refit_ground_truth_assignment": 0.2433271983840395, "refit-weight_mismatch_refit_ground_truth_assignment": 0.0, "rand_score_refit_ground_truth_assignment": 1.0, "label_mismatch_refit_ground_truth_assignment": 0.0, "mse_milp": 0.2298495212634337, "r2_milp": 0.9955635989996292, "weight_mismatch_milp": 0.24340398376685413, "refit-weight_mismatch_milp": 0.016243199753455277, "rand_score_milp": 1.0, "label_mismatch_milp": 0.0, "mse_refit_milp_assignment": 0.2298214077066261, "r2_refit_milp_assignment": 0.9955641416286104, "weight_mismatch_refit_milp_assignment": 0.2433271983840395, "refit-weight_mismatch_refit_milp_assignment": 0.0, "rand_score_refit_milp_assignment": 1.0, "label_mismatch_refit_milp_assignment": 0.0, "mse_greedy": NaN, "r2_greedy": NaN, "mse_ground_truth": 0.28597097555462875, "r2_ground_truth": 0.9946060664463862, "weight_mismatch_ground_truth": 0, "rand_score_ground_truth": 1, "label_mismatch_ground_truth": 0, "mse_baseline_sklearn": 50.022545844865135, "r2_baseline_sklearn": 0.03449843529189489, "mse_milp_val": 6.463926385819898, "r2_milp_val": 0.8821028740553957, "label_mismatch_milp_val": 0.2, "mse_refit_milp_assignment_val": 6.469325281688242, "r2_refit_milp_assignment_val": 0.8820044022801681, "label_mismatch_refit_milp_assignment_val": 0.2, "mse_refit_ground_truth_assignment_val": 6.469325281688242, "r2_refit_ground_truth_assignment_val": 0.8820044022801681, "label_mismatch_refit_ground_truth_assignment_val": 0.2, "mse_ground_truth_val": 6.186911521058096, "r2_ground_truth_val": 0.8871554155680891, "label_mismatch_ground_truth_val": 0.2, "mse_baseline_sklearn_val": 54.8179510365419, "r2_baseline_sklearn_val": 0.00016205451254214243, "random_state": 3}