{"time_milp": 1.9461359977722168, "time_greedy": 0.1730176568031311, "time_refit_milp_assignment": 3.0334949493408203, "mse_refit_ground_truth_assignment": 43.74073522688954, "r2_refit_ground_truth_assignment": 0.8199598729127612, "weight_mismatch_refit_ground_truth_assignment": 43.96093381337289, "refit-weight_mismatch_refit_ground_truth_assignment": 0.0, "rand_score_refit_ground_truth_assignment": 1.0, "label_mismatch_refit_ground_truth_assignment": 0.0, "mse_milp": 53.72484794301744, "r2_milp": 0.7788645206526568, "weight_mismatch_milp": 20.68928373166857, "refit-weight_mismatch_milp": 40.68067164217472, "rand_score_milp": 0.6353077816492451, "label_mismatch_milp": 0.47619047619047616, "mse_refit_milp_assignment": 53.72308132467502, "r2_refit_milp_assignment": 0.7788717921854564, "weight_mismatch_refit_milp_assignment": 20.98067798480791, "refit-weight_mismatch_refit_milp_assignment": 41.64440756228474, "rand_score_refit_milp_assignment": 0.6353077816492451, "label_mismatch_refit_milp_assignment": 0.47619047619047616, "mse_greedy": 28.03268601877548, "r2_greedy": 0.8846153744961663, "weight_mismatch_greedy": 49.77251115551463, "refit-weight_mismatch_greedy": 54.38562750286401, "rand_score_greedy": 0.7047038327526132, "label_mismatch_greedy": 0.3369047619047619, "mse_greedy_sem": 3.0584812587448815, "r2_greedy_sem": 0.012588936872278628, "weight_mismatch_greedy_sem": 3.271282675091106, "refit-weight_mismatch_greedy_sem": 4.1174380916677435, "rand_score_greedy_sem": 0.012508206779664731, "label_mismatch_greedy_sem": 0.019022147756317057, "mse_ground_truth": 84.3632803070621, "r2_ground_truth": 0.6527544489320212, "weight_mismatch_ground_truth": 0, "rand_score_ground_truth": 1, "label_mismatch_ground_truth": 0, "mse_baseline_sklearn": 210.15498072899888, "r2_baseline_sklearn": 0.1349864321620876, "random_state": 12}