{"ground_truth": [[10, -1.7506821129891708, -1.8515283624552197, -1.352294851646346, -1.1504374165460387, -1.0619449275066253, -1.967332133963907, -1.2612168422598027, -1.8234272505910218, -1.2389891497498602, -1.546173736999983, -1.6220389820389989, -1.117727121796456], [-10, 1.7324840266450225, 1.14796630787107, 1.6246818883259087, 1.8928587054997847, 1.9988652204496185, 1.7974304484665504, 1.9809607136870535, 1.8229206485911655, 1.8125374877179246, 1.5403269343179047, 1.0729471299094229, 1.7787961183234633]], "milp": [[-12.098028667492844, 2.060357078763672, 1.7879496745295869, 1.098818134701724, 2.3982185619751735, 2.6298954002062644, 1.8727381695646605, 1.7211854266936788, 1.7112154416156944, 0.8902899663281965, 1.8211671572622221, 0.9484551005061467, 1.7650576486052891], [-5.008646943253936, -1.087954306394804, -0.32502507458741653, -0.14053946594673072, -0.017571775211084995, 0.9283002335762554, -1.7263866096483615, 3.1455150156231713, 1.1558969933870564, 1.44934252965252, -0.746166478884103, -0.6792865173095672, -1.8523020121211706]], "refit_milp_assignment": [[-12.119116746969356, 2.0603868326355834, 1.7910251523564507, 1.0992318759360318, 2.400537286304601, 2.6314434087884937, 1.8736248252996233, 1.724418029492876, 1.7122496176268944, 0.8918548679787676, 1.8231361914103774, 0.9497949104730528, 1.7664855832710193], [-5.020249518231892, -1.0883682879823784, -0.32475358239581115, -0.1387120553358619, -0.017083053917857843, 0.9304509497164877, -1.7250218419544736, 3.1461979464705077, 1.1571675418945695, 1.4501257455737635, -0.7449440617983757, -0.6797038292879701, -1.851576283452178]], "refit_ground_truth_assignment": [[10.138781511492368, -1.7843853498192155, -1.8319758820779732, -1.4010306113921258, -1.1808607378175053, -1.09580082365857, -1.9807664815936812, -1.2341311108281015, -1.943568451102501, -1.2695001318519148, -1.5702314746923325, -1.6456273650197355, -1.188413850178971], [-10.081674243620052, 1.712043625429424, 1.2236398403975353, 1.5898366242418305, 1.7637829210738543, 1.9973039402201975, 1.7476922543418159, 2.093124800802895, 1.852139131015707, 1.8375301976336813, 1.5642636683771252, 1.173222414069003, 1.706413762597832]]}