{"time_milp": 19216.01915383339, "time_refit_milp_assignment": 19219.262669801712, "mse_refit_ground_truth_assignment": 45.56941772667158, "r2_refit_ground_truth_assignment": 0.7835719444604972, "weight_mismatch_refit_ground_truth_assignment": 6.841868434580478, "refit-weight_mismatch_refit_ground_truth_assignment": 0.0, "rand_score_refit_ground_truth_assignment": 1.0, "label_mismatch_refit_ground_truth_assignment": 0.0, "mse_milp": 17.328409702751124, "r2_milp": 0.917700198847105, "weight_mismatch_milp": 52.6915675207427, "refit-weight_mismatch_milp": 53.0956551991404, "rand_score_milp": 0.7303921568627451, "label_mismatch_milp": 0.3416666666666667, "mse_refit_milp_assignment": 17.326383807773666, "r2_refit_milp_assignment": 0.9177098206621856, "weight_mismatch_refit_milp_assignment": 52.87239832580414, "refit-weight_mismatch_refit_milp_assignment": 53.26744842097658, "rand_score_refit_milp_assignment": 0.7303921568627451, "label_mismatch_refit_milp_assignment": 0.3416666666666667, "mse_greedy": NaN, "r2_greedy": NaN, "mse_ground_truth": 52.16994615032583, "r2_ground_truth": 0.7522232987342519, "weight_mismatch_ground_truth": 0, "rand_score_ground_truth": 1, "label_mismatch_ground_truth": 0, "mse_baseline_sklearn": 205.3846942009954, "r2_baseline_sklearn": 0.024458249450746483, "random_state": 6}