{"time_milp": 5.094486951828003, "time_refit_milp_assignment": 5.734167098999023, "mse_refit_ground_truth_assignment": 0.1906268844736945, "r2_refit_ground_truth_assignment": 0.996095673415026, "weight_mismatch_refit_ground_truth_assignment": 0.444034291401478, "refit-weight_mismatch_refit_ground_truth_assignment": 0.0, "rand_score_refit_ground_truth_assignment": 1.0, "label_mismatch_refit_ground_truth_assignment": 0.0, "mse_milp": 0.5667132339717696, "r2_milp": 0.9883928568021164, "weight_mismatch_milp": 0.7454165985726644, "refit-weight_mismatch_milp": 0.4618780023041449, "rand_score_milp": 0.8169491525423729, "label_mismatch_milp": 0.1, "mse_refit_milp_assignment": 0.5666841863768751, "r2_refit_milp_assignment": 0.9883934517407438, "weight_mismatch_refit_milp_assignment": 0.7296407456963483, "refit-weight_mismatch_refit_milp_assignment": 0.45276525610150675, "rand_score_refit_milp_assignment": 0.8169491525423729, "label_mismatch_refit_milp_assignment": 0.1, "mse_greedy": NaN, "r2_greedy": NaN, "mse_ground_truth": 0.25049620972932574, "r2_ground_truth": 0.9947802490049189, "weight_mismatch_ground_truth": 0, "rand_score_ground_truth": 1, "label_mismatch_ground_truth": 0, "mse_baseline_sklearn": 46.03320306219256, "r2_baseline_sklearn": 0.057170456289826976, "mse_milp_val": 6.776780087013421, "r2_milp_val": 0.8548583638752854, "label_mismatch_milp_val": 0.25, "mse_refit_milp_assignment_val": 6.774355572328517, "r2_refit_milp_assignment_val": 0.8549102909001639, "label_mismatch_refit_milp_assignment_val": 0.25, "mse_refit_ground_truth_assignment_val": 6.347808637387461, "r2_refit_ground_truth_assignment_val": 0.8640458566447227, "label_mismatch_refit_ground_truth_assignment_val": 0.2, "mse_ground_truth_val": 6.272242522725106, "r2_ground_truth_val": 0.8656642933324794, "label_mismatch_ground_truth_val": 0.2, "mse_baseline_sklearn_val": 46.764716575373505, "r2_baseline_sklearn_val": -0.0015829626322700907, "random_state": 6}