{"time_milp": 533.0702381134033, "time_greedy": 0.5323353171348572, "time_refit_milp_assignment": 536.1652104854584, "mse_refit_ground_truth_assignment": 6.8743715874323605, "r2_refit_ground_truth_assignment": 0.9425046213038966, "weight_mismatch_refit_ground_truth_assignment": 4.328369204907481, "refit-weight_mismatch_refit_ground_truth_assignment": 0.0, "rand_score_refit_ground_truth_assignment": 1.0, "label_mismatch_refit_ground_truth_assignment": 0.0, "mse_milp": 4.800142257472197, "r2_milp": 0.9598529126075921, "weight_mismatch_milp": 5.566500174515555, "refit-weight_mismatch_milp": 1.8830009116870026, "rand_score_milp": 0.8137715179968701, "label_mismatch_milp": 0.19444444444444445, "mse_refit_milp_assignment": 4.800086488566392, "r2_refit_milp_assignment": 0.9598533790435881, "weight_mismatch_refit_milp_assignment": 5.603589571903566, "refit-weight_mismatch_refit_milp_assignment": 1.8742962583595313, "rand_score_refit_milp_assignment": 0.8137715179968701, "label_mismatch_refit_milp_assignment": 0.19444444444444445, "mse_greedy": 9.985870151495883, "r2_greedy": 0.916480891574146, "weight_mismatch_greedy": 15.984525976838674, "refit-weight_mismatch_greedy": 14.541298405274773, "rand_score_greedy": 0.7405907668231613, "label_mismatch_greedy": 0.31875000000000003, "mse_greedy_sem": 1.8558243518232773, "r2_greedy_sem": 0.01552161132758666, "weight_mismatch_greedy_sem": 2.7286198554789256, "refit-weight_mismatch_greedy_sem": 2.9714734499201163, "rand_score_greedy_sem": 0.018948427733542602, "label_mismatch_greedy_sem": 0.02868537387134864, "mse_ground_truth": 9.4429562644153, "r2_ground_truth": 0.9242688874376752, "weight_mismatch_ground_truth": 0, "rand_score_ground_truth": 1, "label_mismatch_ground_truth": 0, "mse_baseline_sklearn": 118.75994908104339, "r2_baseline_sklearn": 0.00672400967854514, "mse_milp_val": 10.392425076472412, "r2_milp_val": 0.9214792313610322, "label_mismatch_milp_val": 0.10416666666666667, "mse_refit_milp_assignment_val": 10.38814779648648, "r2_refit_milp_assignment_val": 0.921511548679628, "label_mismatch_refit_milp_assignment_val": 0.10416666666666667, "mse_greedy_val": 35.37055989375721, "label_mismatch_greedy_val": 0.25520833333333337, "mse_greedy_val_sem": 7.8612854345580985, "label_mismatch_greedy_val_sem": 0.03498756436346661, "r2_greedy_val": 0.7327550086133319, "r2_greedy_val_sem": 0.05939654799237202, "mse_refit_ground_truth_assignment_val": 14.749966894332943, "r2_refit_ground_truth_assignment_val": 0.8885554883080782, "label_mismatch_refit_ground_truth_assignment_val": 0.25, "mse_ground_truth_val": 16.176709969861335, "r2_ground_truth_val": 0.8777756210377874, "label_mismatch_ground_truth_val": 0.25, "mse_baseline_sklearn_val": 132.39725165250834, "r2_baseline_sklearn_val": -0.0003376390922789074}