{"time_milp": 8.435964107513428, "time_refit_milp_assignment": 9.338503122329712, "mse_refit_ground_truth_assignment": 0.11932534698672995, "r2_refit_ground_truth_assignment": 0.9991890478970892, "weight_mismatch_refit_ground_truth_assignment": 1.0355320192124817, "refit-weight_mismatch_refit_ground_truth_assignment": 0.0, "rand_score_refit_ground_truth_assignment": 1.0, "label_mismatch_refit_ground_truth_assignment": 0.0, "mse_milp": 0.9209313189727006, "r2_milp": 0.9937412192076808, "weight_mismatch_milp": 4.134975887978776, "refit-weight_mismatch_milp": 3.8623335060018547, "rand_score_milp": 0.81068524970964, "label_mismatch_milp": 0.16666666666666666, "mse_refit_milp_assignment": 0.3956723425171558, "r2_refit_milp_assignment": 0.997310954241234, "weight_mismatch_refit_milp_assignment": 1.4549500409729748, "refit-weight_mismatch_refit_milp_assignment": 1.117653935390592, "rand_score_refit_milp_assignment": 0.81068524970964, "label_mismatch_refit_milp_assignment": 0.16666666666666666, "mse_greedy": NaN, "r2_greedy": NaN, "mse_ground_truth": 0.2638289674118459, "r2_ground_truth": 0.9982069806513513, "weight_mismatch_ground_truth": 0, "rand_score_ground_truth": 1, "label_mismatch_ground_truth": 0, "mse_baseline_sklearn": 144.09628931775165, "r2_baseline_sklearn": 0.020701034652127248, "random_state": 9}