{"ground_truth": [[-10, 0.2, 0.4, 0.3], [10, -0.2, -0.4, -0.3]], "milp": [[-9.950836738331164, 0.2973899079560169, 0.4278916753406688, 0.5842545079664875], [9.755120307792051, -0.14429612445643117, -0.40218968776183084, -0.23307574565267786]], "refit_milp_assignment": [[-9.953770014961012, 0.29782061125974135, 0.42829203813830463, 0.5846564284415032], [9.758935564273015, -0.14498322090525398, -0.4027695324560846, -0.23347470067337214]], "refit_ground_truth_assignment": [[-9.998255203730087, 0.24567797264190008, 0.48910006354344526, 0.4906387990494403], [9.696181570858133, -0.21662448100430995, -0.31018619953719445, -0.3179573790630622]]}