{"ground_truth": [[-10, -1.0960637819377972, -1.5498562895609074, -1.0206806260821342], [1, 1.0683339412880872, 1.5596770909835744, 1.9143009084987468], [10, 0.1, 0.1, 0.1]], "milp": [[3.383442173267213, 3.4927875363683825, 1.5013900824818478, 1.4320376609611294], [3.5100949264080965, 0.2723875680896235, 0.11417427381297206, -0.7851232423216381], [-12.333815728958665, 0.36673134991045186, -0.981398126539573, -2.244532562936411]], "greedy": [[[-29.630351699375343, 11.524375834648207, -0.4704403425891631, -3.155480537110275], [-5.859007074320272, 12.098558905721127, -5.253587935756285, -8.802350100167255], [1.5115403568116932, 5.966902884327086, 2.192984580349953, 1.172674795393202]], [[-3.407626337570119, 11.788601818552642, 13.212355304683932, -14.891055547671066], [-6.041152961280831, 4.9875943787272385, -9.425846500767111, -0.9156545737928657], [-19.2014461403816, 4.009338926804931, 9.81288194893215, 7.948942915402152]], [[-41.12737663174812, 15.837406408259696, 0.3759017233894781, -0.23487528967666338], [2.0090427759816434, 3.8731487183314863, 1.4596609308534862, 1.9052748861953819], [-11.345772788406276, -2.0563882281629895, -1.469582263924553, 1.791542909328012]], [[3.019587028114939, 0.7499276428380636, -4.133982605841698, 9.205690116974207], [-18.286492177970306, 8.763194187627795, 1.734284283557796, -8.18636336877952], [9.753190346533712, 3.4326597585703147, 0.22028877789786275, -2.756436810609383]], [[33.85515129796566, -0.3220236139885592, -16.877657063874402, -9.664688013752302], [-18.350641036406994, 2.882732980273198, 2.8339697747903627, -3.4999669660302755], [1.3676656237892368, 3.320133233915292, 0.9341188807920884, 3.1306128438459346]], [[3.4917414749387277, 2.925499562620814, 1.5855733390179045, 0.12595283643568247], [-2.133370484326958, 15.80472986026139, -17.694239709016124, 7.299480064667676], [-23.499453214852554, 7.527219267069036, 0.033211035394551114, -2.593311928641667]], [[3.7471720334205507, 3.6364448155233986, 2.0546683180590635, -0.2659351649797145], [-30.970838436060404, 10.336065102308597, 3.5345492577975186, 11.079162924294405], [-7.277800957542922, 12.518271575340812, -3.7833548475799583, -11.28795921834524]], [[-36.02256780517221, 13.743863104807795, -0.06469526103645232, -2.031087420363976], [3.020802436360931, 2.6647375541223264, 1.3718185641064404, 1.0933247269565953], [-27.043052381796226, 15.760076996983067, 7.071988500648115, 7.409344231061442]], [[-19.744072027182394, 10.420670203620865, 4.9532184383577444, 5.288637574114031], [9.351625741184096, -2.1914649847362906, -4.1953937240804295, -0.6174009839696549], [-46.71160146797777, 21.285742698318224, 0.5474783593751191, 2.2404177459251087]], [[-20.586260927899477, 10.856362669641769, -6.341130586376492, -1.0389881086916388], [1.9257800391443194, 5.3221710502221775, 1.975033759829674, 0.9085559115480987], [-20.27699202047242, 6.124336583528035, 8.734023485893534, -7.205212367575769]], [[-6.510121443029153, 11.813646848113756, -3.1497527734971706, -10.526926612906097], [-22.6026707305724, 0.8139215098089883, -4.4317169416482525, 18.653433668127448], [-14.077174572075027, -2.0298802653238948, 7.941983045229731, 3.0226261384434108]], [[-35.038735123781024, 12.521727416819783, 0.8241024456409743, -1.9522220373100991], [-5.050110666688505, 11.965554700592351, -5.401196536112207, -9.112197181424563], [-5.409192601523451, 5.183458173440592, 4.154471026403335, 2.997115206025855]], [[1.7832947786163, 4.900365298682284, 1.122141729328919, 2.5910353055338997], [-16.932680886143118, -0.5947392877846468, 2.915227715556674, 1.658787769035157], [-8.51578782399231, 13.636089309911522, -5.088521458793916, -9.743073360974993]], [[-1.7278681210631728, 6.431831542104957, -9.382981059608133, -2.347562250156006], [-7.224943921728124, -2.4784829226583422, 3.8149131513047148, 4.877933384455128], [-41.80906469425574, 13.994329781960312, 11.127509001962299, 6.919365444256156]], [[-19.321142944983233, 2.652316330112526, 10.805391607050204, 9.053526116772916], [17.402060451917567, 1.0909287198474076, 3.137532641647652, -5.159106481417582], [-9.338241903393065, 7.672686853909268, -4.887336715832957, -7.767103887892528]], [[-39.20685626832553, 18.123702448250725, 3.5832694963513916, 10.803535873705215], [3.162280542633482, 2.990137633291894, 1.1253434133993738, 1.4243383893368966], [-5.971966678454228, 11.252549849694192, -7.4103196301825225, -8.781421416848376]], [[-16.392260718243445, 5.821854245679573, -0.6125026777210374, 4.128528598680966], [-35.24990966325074, 16.108236588666248, 0.5598621955541827, -4.100986830601807], [1.7655063694048554, 5.508366747092506, 0.7824790278872391, 2.496497433586768]], [[-34.56481296374281, -1.7643999661565704, 4.7565454253839405, 21.31190643462632], [-4.198445016396716, 11.05508105644702, -4.109988058242608, -10.490388224908644], [-8.870141968407042, -2.4452119819316027, 5.539150792201373, 2.636840760020826]], [[-40.570062997501466, 16.23900441026801, 1.7275347587067005, 10.525744451784774], [-6.287458795799646, 6.406351323333204, 5.23846389353386, 3.929276609927503], [-5.310110065983171, 12.541342097051993, -4.9221821808198944, -11.044918248283077]], [[-20.833766472215384, 1.1831100049132968, 7.492219400126061, 4.057371963487515], [-27.08969160309165, 13.15703755202993, -1.7435835470788112, -4.929380923162169], [1.6992446882840389, 4.375184565551667, 1.992448691706856, 1.086595842482772]]], "refit_milp_assignment": [[3.3912242809003796, 3.4910571597141753, 1.500657010773845, 1.4298495499152992], [3.528432231596747, 0.29034255304907913, 0.11445383773065149, -0.7872553461419294], [-12.354912790565633, 0.37516371636081886, -0.9774166177600001, -2.239535178703311]], "refit_ground_truth_assignment": [[-19.894644613493824, 6.284538194154654, -0.6329291699155405, -4.1692366263281535], [-0.7073179637706075, 1.7649576940030953, 1.5390125005249287, 1.7883042901813264], [1.8373100376074145, 4.306609936166159, 0.09154832192127693, 3.546699282836678]]}