{"ground_truth": [[-10, 0.2, 0.4], [10, -0.2, -0.4]], "milp": [[9.821157339846504, -0.0705708500308975, -0.37929945957380373], [-10.053970343589153, 0.2854426676014534, 0.3794453315075805]], "greedy": [[[-10.083445400989271, 0.2928920258683927, 0.38149287332478726], [9.821300312867072, -0.06885681448246256, -0.38142513225103036]], [[-3.1613259285176634, 3.5159924134136586, -1.3877229092132797], [2.5304370121153505, -3.3232650197523483, 1.5644698350242676]], [[9.821300312867072, -0.06885681448246256, -0.38142513225103036], [-10.083445400989271, 0.2928920258683927, 0.38149287332478726]], [[9.821300312867072, -0.06885681448246256, -0.38142513225103036], [-10.083445400989271, 0.2928920258683927, 0.38149287332478726]], [[9.821300312867072, -0.06885681448246256, -0.38142513225103036], [-10.083445400989271, 0.2928920258683927, 0.38149287332478726]], [[-10.083445400989271, 0.2928920258683927, 0.38149287332478726], [9.821300312867072, -0.06885681448246256, -0.38142513225103036]], [[9.821300312867072, -0.06885681448246256, -0.38142513225103036], [-10.083445400989271, 0.2928920258683927, 0.38149287332478726]], [[-10.083445400989271, 0.2928920258683927, 0.38149287332478726], [9.821300312867072, -0.06885681448246256, -0.38142513225103036]], [[9.821300312867072, -0.06885681448246256, -0.38142513225103036], [-10.083445400989271, 0.2928920258683927, 0.38149287332478726]], [[-10.083445400989271, 0.2928920258683927, 0.38149287332478726], [9.821300312867072, -0.06885681448246256, -0.38142513225103036]], [[-10.083445400989271, 0.2928920258683927, 0.38149287332478726], [9.821300312867072, -0.06885681448246256, -0.38142513225103036]], [[9.821300312867072, -0.06885681448246256, -0.38142513225103036], [-10.083445400989271, 0.2928920258683927, 0.38149287332478726]], [[-10.083445400989271, 0.2928920258683927, 0.38149287332478726], [9.821300312867072, -0.06885681448246256, -0.38142513225103036]], [[-3.1613259285176634, 3.5159924134136586, -1.3877229092132797], [2.5304370121153505, -3.3232650197523483, 1.5644698350242676]], [[-10.083445400989271, 0.2928920258683927, 0.38149287332478726], [9.821300312867072, -0.06885681448246256, -0.38142513225103036]], [[-10.083445400989271, 0.2928920258683927, 0.38149287332478726], [9.821300312867072, -0.06885681448246256, -0.38142513225103036]], [[-10.083445400989271, 0.2928920258683927, 0.38149287332478726], [9.821300312867072, -0.06885681448246256, -0.38142513225103036]], [[9.821300312867072, -0.06885681448246256, -0.38142513225103036], [-10.083445400989271, 0.2928920258683927, 0.38149287332478726]], [[9.821300312867072, -0.06885681448246256, -0.38142513225103036], [-10.083445400989271, 0.2928920258683927, 0.38149287332478726]], [[9.821300312867072, -0.06885681448246256, -0.38142513225103036], [-10.083445400989271, 0.2928920258683927, 0.38149287332478726]]], "refit_milp_assignment": [[9.835474758117003, -0.07305847818738463, -0.3813670068161051], [-10.068865389044902, 0.28823280960095343, 0.3817745624354362]], "refit_ground_truth_assignment": [[-10.090577678395693, 0.2893805607390562, 0.3942510052322582], [9.807953610801059, -0.08675606972473986, -0.3674084537199435]]}