{"time_milp": 33.00527906417847, "time_refit_milp_assignment": 33.71895694732666, "mse_refit_ground_truth_assignment": 4.595146745896206, "r2_refit_ground_truth_assignment": 0.9468432760252532, "weight_mismatch_refit_ground_truth_assignment": 0.3813702524874677, "refit-weight_mismatch_refit_ground_truth_assignment": 0.0, "rand_score_refit_ground_truth_assignment": 1.0, "label_mismatch_refit_ground_truth_assignment": 0.0, "mse_milp": 5.56095496664139, "r2_milp": 0.9356707925678875, "weight_mismatch_milp": 0.630693729640333, "refit-weight_mismatch_milp": 0.3428595552202675, "rand_score_milp": 0.9833333333333333, "label_mismatch_milp": 0.008333333333333333, "mse_refit_milp_assignment": 5.560949366915564, "r2_refit_milp_assignment": 0.9356708573455969, "weight_mismatch_refit_milp_assignment": 0.6247554253237673, "refit-weight_mismatch_refit_milp_assignment": 0.33987258165238965, "rand_score_refit_milp_assignment": 0.9833333333333333, "label_mismatch_refit_milp_assignment": 0.008333333333333333, "mse_greedy": NaN, "r2_greedy": NaN, "mse_ground_truth": 5.135257086523174, "r2_ground_truth": 0.9417776035701159, "weight_mismatch_ground_truth": 0, "rand_score_ground_truth": 1, "label_mismatch_ground_truth": 0, "mse_baseline_sklearn": 82.51798785689772, "r2_baseline_sklearn": 0.045430723756977986, "mse_milp_val": 6.4224384578567, "r2_milp_val": 0.9292893809992829, "label_mismatch_milp_val": 0.0, "mse_refit_milp_assignment_val": 6.420629694046634, "r2_refit_milp_assignment_val": 0.9293092953681749, "label_mismatch_refit_milp_assignment_val": 0.0, "mse_refit_ground_truth_assignment_val": 5.823430461180694, "r2_refit_ground_truth_assignment_val": 0.9358844190847821, "label_mismatch_refit_ground_truth_assignment_val": 0.0, "mse_ground_truth_val": 5.887999430231778, "r2_ground_truth_val": 0.9351735190427186, "label_mismatch_ground_truth_val": 0.0, "mse_baseline_sklearn_val": 90.86961391392597, "r2_baseline_sklearn_val": -0.0004683875716242625, "random_state": 5}