{"time_milp": 51.39579510688782, "time_refit_milp_assignment": 52.27728891372681, "mse_refit_ground_truth_assignment": 6.5403389871975115, "r2_refit_ground_truth_assignment": 0.9402456262859937, "weight_mismatch_refit_ground_truth_assignment": 13.148233623547668, "refit-weight_mismatch_refit_ground_truth_assignment": 0.0, "rand_score_refit_ground_truth_assignment": 1.0, "label_mismatch_refit_ground_truth_assignment": 0.0, "mse_milp": 5.379219838834257, "r2_milp": 0.950853936903165, "weight_mismatch_milp": 17.592393054672876, "refit-weight_mismatch_milp": 25.281842422750913, "rand_score_milp": 0.7031746031746032, "label_mismatch_milp": 0.4722222222222222, "mse_refit_milp_assignment": 5.379119522585995, "r2_refit_milp_assignment": 0.950854853420581, "weight_mismatch_refit_milp_assignment": 17.60344836044512, "refit-weight_mismatch_refit_milp_assignment": 25.261581353079208, "rand_score_refit_milp_assignment": 0.7031746031746032, "label_mismatch_refit_milp_assignment": 0.4722222222222222, "mse_greedy": NaN, "r2_greedy": NaN, "mse_ground_truth": 12.398675901753014, "r2_ground_truth": 0.8867222150346593, "weight_mismatch_ground_truth": 0, "rand_score_ground_truth": 1, "label_mismatch_ground_truth": 0, "mse_baseline_sklearn": 108.7435346988039, "r2_baseline_sklearn": 0.006328994775406271, "random_state": 4}