{"time_milp": 245.0841360092163, "time_refit_milp_assignment": 245.5981409549713, "mse_refit_ground_truth_assignment": 15.95927295239577, "r2_refit_ground_truth_assignment": 0.843285627973513, "weight_mismatch_refit_ground_truth_assignment": 1.2582430839656393, "refit-weight_mismatch_refit_ground_truth_assignment": 0.0, "rand_score_refit_ground_truth_assignment": 1.0, "label_mismatch_refit_ground_truth_assignment": 0.0, "mse_milp": 15.215047421515806, "r2_milp": 0.8505936574223373, "weight_mismatch_milp": 1.7927021470729017, "refit-weight_mismatch_milp": 0.6954295438659923, "rand_score_milp": 0.9669467787114846, "label_mismatch_milp": 0.016666666666666666, "mse_refit_milp_assignment": 15.21504277295175, "r2_refit_milp_assignment": 0.8505937030695794, "weight_mismatch_refit_milp_assignment": 1.7909189195390494, "refit-weight_mismatch_refit_milp_assignment": 0.6951163358624232, "rand_score_refit_milp_assignment": 0.9669467787114846, "label_mismatch_refit_milp_assignment": 0.016666666666666666, "mse_greedy": NaN, "r2_greedy": NaN, "mse_ground_truth": 16.353987160544943, "r2_ground_truth": 0.8404015752692697, "weight_mismatch_ground_truth": 0, "rand_score_ground_truth": 1, "label_mismatch_ground_truth": 0, "mse_baseline_sklearn": 96.96686575309418, "r2_baseline_sklearn": 0.04781994021904268, "mse_milp_val": 15.834283155519682, "r2_milp_val": 0.8468774205468459, "label_mismatch_milp_val": 0.025, "mse_refit_milp_assignment_val": 15.831142271409437, "r2_refit_milp_assignment_val": 0.8469077939001579, "label_mismatch_refit_milp_assignment_val": 0.025, "mse_refit_ground_truth_assignment_val": 15.415381956204033, "r2_refit_ground_truth_assignment_val": 0.8509283290436334, "label_mismatch_refit_ground_truth_assignment_val": 0.025, "mse_ground_truth_val": 14.671285858660394, "r2_ground_truth_val": 0.858123976153, "label_mismatch_ground_truth_val": 0.025, "mse_baseline_sklearn_val": 103.4461894928912, "r2_baseline_sklearn_val": -0.00035771838711951, "random_state": 9}