{"ground_truth": [[10, -1.6081607316574447, -1.3430625657442237, -1.4439318339155167, -1.9680055852884717, -1.2683453389933284, -1.5594139722006353, -1.475558590587696, -1.4325114567412454, -1.5167364859418144, -1.1288270983090756, -1.824082697763452, -1.57944297484209], [-10, 1.3317434253163485, 1.1303893541219057, 1.0311555282531053, 1.4337850981160885, 1.869186511839363, 1.9930712726136313, 1.1935419773315463, 1.442811871291274, 1.6191263459841987, 1.6857952741656963, 1.25359994085118, 1.271586554744033]], "milp": [[9.252565519780909, -0.6737717303340882, -0.8995390263805062, -1.1900356148603708, -2.8203873182439803, -0.9952411976271044, -1.5804404844854294, -0.6050660073580978, -0.6592179891641783, -1.8613966213145674, -2.2663185400174752, -0.8845564908133131, -2.115688317464625], [-7.971943222780986, 1.5959772656705695, 1.5827100719774203, 0.11894297597930248, 1.8149167626105598, 1.8990008498567572, 2.0951384493648333, -0.0642891830098466, 1.4236172677431167, 1.2776060800833888, 0.9785551718051628, 1.9328321252149288, -0.15657811154289825]], "refit_milp_assignment": [[9.279440174832008, -0.6745135346511448, -0.9005585792149491, -1.1935722761315035, -2.8218037850898057, -0.9980363742126173, -1.5786722362020358, -0.606587103826304, -0.661184303425341, -1.863587174274664, -2.2667875433371742, -0.8894771492060984, -2.118249574768793], [-7.988675208672523, 1.5956852778187331, 1.5835286499355696, 0.12029687205364166, 1.814258813513089, 1.9012312342734647, 2.0965229515171644, -0.06221525855755416, 1.4232895879455953, 1.2794939786593962, 0.9798720520962257, 1.932059403311521, -0.15226544856699092]], "refit_ground_truth_assignment": [[10.143061986970475, -1.6356373171283187, -1.3415528230667937, -1.3709270337671051, -2.0567995468063796, -1.3540404561373165, -1.568312570937935, -1.4623821060733724, -1.435687101202822, -1.4432607536262272, -1.2399155656558085, -1.8466234379007063, -1.5033430221265516], [-10.021689196567262, 1.3393745980156455, 1.1669268838473679, 1.0448324839228922, 1.3626735225366668, 1.9059478518341424, 1.976035155430035, 1.1570431745270027, 1.432152240252786, 1.5651330998967736, 1.6522862869365362, 1.3064423609518458, 1.201261341017027]]}