{"ground_truth": [[-10, 0.2, 0.4, 0.3], [10, -0.2, -0.4, -0.3]], "milp": [[13.881640696910473, -0.27528419862852815, -0.27221027894581995, -1.0082496510514654], [-14.027105779880298, -0.020919000736372317, 1.0566884339887221, 0.09335427560049403]], "greedy": [[[13.885144371293942, -0.27583454415482905, -0.2724231395163936, -1.0089214227608623], [-14.030946107515472, -0.02035026773538275, 1.0571125669118262, 0.0936596084164491]], [[13.885144371293942, -0.27583454415482905, -0.2724231395163936, -1.0089214227608623], [-14.030946107515472, -0.02035026773538275, 1.0571125669118262, 0.0936596084164491]], [[13.885144371293942, -0.27583454415482905, -0.2724231395163936, -1.0089214227608623], [-14.030946107515472, -0.02035026773538275, 1.0571125669118262, 0.0936596084164491]], [[-14.030946107515472, -0.02035026773538275, 1.0571125669118262, 0.0936596084164491], [13.885144371293942, -0.27583454415482905, -0.2724231395163936, -1.0089214227608623]], [[13.885144371293942, -0.27583454415482905, -0.2724231395163936, -1.0089214227608623], [-14.030946107515472, -0.02035026773538275, 1.0571125669118262, 0.0936596084164491]], [[-14.030946107515472, -0.02035026773538275, 1.0571125669118262, 0.0936596084164491], [13.885144371293942, -0.27583454415482905, -0.2724231395163936, -1.0089214227608623]], [[-14.030946107515472, -0.02035026773538275, 1.0571125669118262, 0.0936596084164491], [13.885144371293942, -0.27583454415482905, -0.2724231395163936, -1.0089214227608623]], [[-11.155658601381782, 3.4872779092296775, 3.8549597044952915, -1.0316799337619782], [9.86904949634211, -3.075706979820487, -2.884844960325964, 0.7951399901887665]], [[-7.261673365599846, 1.5012952343248185, -0.25372174591569485, 4.555476129173861], [9.602233673467566, -2.6028259787583816, 1.5557191471153307, -5.030515192850208]], [[13.885144371293942, -0.27583454415482905, -0.2724231395163936, -1.0089214227608623], [-14.030946107515472, -0.02035026773538275, 1.0571125669118262, 0.0936596084164491]], [[-14.030946107515472, -0.02035026773538275, 1.0571125669118262, 0.0936596084164491], [13.885144371293942, -0.27583454415482905, -0.2724231395163936, -1.0089214227608623]], [[-14.030946107515472, -0.02035026773538275, 1.0571125669118262, 0.0936596084164491], [13.885144371293942, -0.27583454415482905, -0.2724231395163936, -1.0089214227608623]], [[3.9686898009070557, -1.7376439176516105, -3.2819427224928326, 3.270034614059638], [-2.704836186421603, -0.5160825710563717, 5.063253367121441, -3.685863401229164]], [[13.885144371293942, -0.27583454415482905, -0.2724231395163936, -1.0089214227608623], [-14.030946107515472, -0.02035026773538275, 1.0571125669118262, 0.0936596084164491]], [[2.0176542489194578, -0.7247820520723187, -2.6515230962675056, 3.8154270540238793], [1.4938784823120304, -2.721614560678787, 4.86226374666008, -4.477912538663514]], [[-11.108514772295933, 3.162150195187367, -0.46737931255628895, 2.231899018180191], [11.560295557584709, -3.443966038158693, 1.5440487415537247, -3.593286226906159]], [[-11.378252649598707, 4.439527763982984, 3.332147209208703, -0.6037468416446093], [9.837152885180796, -3.4428229297056223, -2.5559667450112316, 0.52520669004122]], [[13.885144371293942, -0.27583454415482905, -0.2724231395163936, -1.0089214227608623], [-14.030946107515472, -0.02035026773538275, 1.0571125669118262, 0.0936596084164491]], [[-5.422906611583298, 5.866706008585741, -0.7778256501744171, -0.6412583315784701], [4.905789843639111, -4.5148311671964905, 1.1941600994814214, -0.26093623996270077]], [[1.8763243619318182, -2.7913752743449494, 4.940647598136722, -4.502795254662058], [1.7154349888128542, -0.6954092899549662, -2.6819105295191474, 3.7992652137117067]]], "refit_milp_assignment": [[13.885208311963567, -0.27585071249759446, -0.2724272318630557, -1.0089725117656556], [-14.030979285688403, -0.020357911101012312, 1.0571565257306073, 0.09365869923023012]], "refit_ground_truth_assignment": [[-14.030979285688403, -0.020357911101012312, 1.0571565257306073, 0.09365869923023012], [13.885208311963567, -0.27585071249759446, -0.2724272318630557, -1.0089725117656556]]}