{"time_milp": 2.6174051761627197, "time_greedy": 1.0907954931259156, "time_refit_milp_assignment": 3.093143939971924, "mse_refit_ground_truth_assignment": 12.670982863219391, "r2_refit_ground_truth_assignment": 0.8841173273619768, "weight_mismatch_refit_ground_truth_assignment": 1.3490156085620257, "refit-weight_mismatch_refit_ground_truth_assignment": 0.0, "rand_score_refit_ground_truth_assignment": 1.0, "label_mismatch_refit_ground_truth_assignment": 0.0, "mse_milp": 12.703879569947803, "r2_milp": 0.8838164700143007, "weight_mismatch_milp": 0.9024067743775277, "refit-weight_mismatch_milp": 0.4857513346082162, "rand_score_milp": 1.0, "label_mismatch_milp": 0.0, "mse_refit_milp_assignment": 12.670982863219391, "r2_refit_milp_assignment": 0.8841173273619768, "weight_mismatch_refit_milp_assignment": 1.3490156085620257, "refit-weight_mismatch_refit_milp_assignment": 0.0, "rand_score_refit_milp_assignment": 1.0, "label_mismatch_refit_milp_assignment": 0.0, "mse_greedy": 23.02003883010442, "r2_greedy": 0.7894698735954415, "weight_mismatch_greedy": 7.278582661567105, "refit-weight_mismatch_greedy": 6.6850434240310594, "rand_score_greedy": 0.8586353467561523, "label_mismatch_greedy": 0.11566666666666667, "mse_greedy_sem": 3.6439244523844385, "r2_greedy_sem": 0.03332556826819554, "weight_mismatch_greedy_sem": 2.277162290316819, "refit-weight_mismatch_greedy_sem": 2.527575061006407, "rand_score_greedy_sem": 0.04962458291646107, "label_mismatch_greedy_sem": 0.041088337298901545, "mse_ground_truth": 13.037174096586796, "r2_ground_truth": 0.8807683196900931, "weight_mismatch_ground_truth": 0, "rand_score_ground_truth": 1, "label_mismatch_ground_truth": 0, "mse_baseline_sklearn": 108.94361966483174, "r2_baseline_sklearn": 0.003649623003835978, "random_state": 9}