{"time_milp": 4.030704021453857, "time_refit_milp_assignment": 4.480304002761841, "mse_refit_ground_truth_assignment": 9.238122866735027, "r2_refit_ground_truth_assignment": 0.918617630121899, "weight_mismatch_refit_ground_truth_assignment": 1.85793433715555, "refit-weight_mismatch_refit_ground_truth_assignment": 0.0, "rand_score_refit_ground_truth_assignment": 1.0, "label_mismatch_refit_ground_truth_assignment": 0.0, "mse_milp": 9.238129310405414, "r2_milp": 0.918617573356994, "weight_mismatch_milp": 1.853528767940686, "refit-weight_mismatch_milp": 0.007521833152214255, "rand_score_milp": 1.0, "label_mismatch_milp": 0.0, "mse_refit_milp_assignment": 9.238122866735027, "r2_refit_milp_assignment": 0.918617630121899, "weight_mismatch_refit_milp_assignment": 1.85793433715555, "refit-weight_mismatch_refit_milp_assignment": 0.0, "rand_score_refit_milp_assignment": 1.0, "label_mismatch_refit_milp_assignment": 0.0, "mse_greedy": NaN, "r2_greedy": NaN, "mse_ground_truth": 8.6013198739526, "r2_ground_truth": 0.9214459164300339, "weight_mismatch_ground_truth": 0, "rand_score_ground_truth": 1, "label_mismatch_ground_truth": 0, "mse_baseline_sklearn": 110.42041996780277, "r2_baseline_sklearn": 0.027261751164505243, "mse_milp_val": 5.744925369701501, "r2_milp_val": 0.9443875469501435, "label_mismatch_milp_val": 0.0, "mse_refit_milp_assignment_val": 5.743837111683453, "r2_refit_milp_assignment_val": 0.9443980815861989, "label_mismatch_refit_milp_assignment_val": 0.0, "mse_refit_ground_truth_assignment_val": 5.743837111683453, "r2_refit_ground_truth_assignment_val": 0.9443980815861989, "label_mismatch_refit_ground_truth_assignment_val": 0.0, "mse_ground_truth_val": 5.294989746322311, "r2_ground_truth_val": 0.9487430471734533, "label_mismatch_ground_truth_val": 0.0, "mse_baseline_sklearn_val": 103.56849925902395, "r2_baseline_sklearn_val": -0.002571475142737034, "random_state": 8}