{"time_greedy": 1.2522297620773315, "mse_refit_ground_truth_assignment": 12.955157995327648, "r2_refit_ground_truth_assignment": 0.7163796327595461, "weight_mismatch_refit_ground_truth_assignment": 0.10164311145031649, "refit-weight_mismatch_refit_ground_truth_assignment": 0.0, "rand_score_refit_ground_truth_assignment": 1.0, "label_mismatch_refit_ground_truth_assignment": 0.0, "mse_milp": NaN, "r2_milp": NaN, "mse_refit_milp_assignment": NaN, "r2_refit_milp_assignment": NaN, "mse_greedy": 3.5796738782546, "r2_greedy": 0.9216321082060296, "weight_mismatch_greedy": 9.813204667456965, "refit-weight_mismatch_greedy": 9.815734228578702, "rand_score_greedy": 0.5005565638233515, "label_mismatch_greedy": 0.4424137931034482, "mse_greedy_sem": 0.12409381006512955, "r2_greedy_sem": 0.0027167196259306635, "weight_mismatch_greedy_sem": 0.15169648785523396, "refit-weight_mismatch_greedy_sem": 0.15162061342314762, "rand_score_greedy_sem": 0.0014140749682300835, "label_mismatch_greedy_sem": 0.005086311262183814, "mse_ground_truth": NaN, "r2_ground_truth": NaN, "weight_mismatch_ground_truth": 0, "rand_score_ground_truth": 1, "label_mismatch_ground_truth": 0, "mse_baseline_sklearn": 0.4146269348703211, "r2_baseline_sklearn": 0.47321352160112906}