{"ground_truth": [[-10, -1.5826848885290346, -1.0255509418496929], [1, 1.3377979807316742, 1.6124765741267186], [10, 0.1, 0.1]], "milp": [[-9.821446708282132, -1.9066928550759081, 0.1573924735845842], [-8.151661188839334, -2.0197531511946334, -1.4366122621759603], [7.155852309622853, 0.6639048989374072, -0.23259723832470336]], "greedy": [[[-9.546179329136121, 0.0705655282318271, 3.4400320254736703], [5.57631842202426, 1.1092631787141505, 1.5852422561343926], [0.3812028859141643, -1.514102284370919, -3.373470944725561]], [[-4.334577322531834, -0.18591248185619555, 2.144988100033941], [7.900253625382671, 0.5464803155587203, 0.34843737402454894], [-12.087978575557985, -2.131801076786437, -0.615535290407075]], [[-10.626599496486245, -1.8368565123439553, -0.6495864791453111], [17.245773143815953, -2.4025350186616663, -5.8581542197222705], [6.673249689716083, 1.1189967794994204, 0.109024547187842]], [[0.3812028859141643, -1.514102284370919, -3.373470944725561], [-8.826044448303472, -0.3543200611234542, 3.1859549050211937], [7.830071210030232, 0.46261126994703333, 0.6165360951413735]], [[-6.328653057904348, -2.072988749878703, 3.54841211367305], [7.084449155004904, 2.1531784104276745, -0.16110916730144942], [-6.769769374018734, 4.740485958169459, -3.9923922939375087]], [[3.7245344863043055, 1.8112463361989422, -0.7732137616455429], [10.519378373654954, 1.8816536434834943, -0.3535693979737], [-10.650107185214654, -1.9563426974248288, -0.832321532893667]], [[-8.437424292359283, 3.8530266945716116, 3.243944195097679], [0.41809612386074235, -0.06546325908025892, -3.807941452519447], [-1.5954628537109778, -0.5595561522875018, 8.459292879028368]], [[10.519378373654954, 1.8816536434834943, -0.3535693979737], [-10.650107185214654, -1.9563426974248288, -0.832321532893667], [3.7245344863043055, 1.8112463361989422, -0.7732137616455429]], [[-8.874215235532793, -0.5373926139262074, 3.3672817620519186], [8.069196197987125, 0.6814738864391036, 0.06878686057869393], [-1.347430002731831, -1.8443117304981278, -2.956461235008461]], [[-5.467593627413949, -0.8335424108891717, 2.959165519415233], [7.69661896125072, 0.764822307917304, 0.19397956276037856], [-13.052372801969145, -2.160951180834905, -0.3431617948353049]], [[-5.627573882939629, -0.037297823520042114, 2.605184869323386], [-12.66016329861209, -2.275119277469929, -0.4597709150465579], [7.900253625382671, 0.5464803155587203, 0.34843737402454894]], [[-8.872078418733778, -0.5394889876868405, 3.3466335565557124], [-1.347430002731831, -1.8443117304981278, -2.956461235008461], [8.080348685630065, 0.6762689188600105, 0.0439047818225694]], [[-5.965518300741628, 5.014778739658833, 0.6409689941283319], [-6.826744758120139, -4.476756323344735, -0.7113410378686553], [7.354136609847785, 3.655143350256478, -0.06208385884764885]], [[3.9447684872283277, 1.0129349418937876, 0.3649257638468009], [10.339842797712533, 1.1634502715758273, 1.3893538208657357], [-10.65073676684714, -1.9556572185884449, -0.8323024494285233]], [[10.519378373654954, 1.8816536434834943, -0.3535693979737], [3.689137472143079, 1.8328686500741063, -0.773267627285179], [-10.65073676684714, -1.9556572185884449, -0.8323024494285233]], [[10.519378373654954, 1.8816536434834943, -0.3535693979737], [3.689137472143079, 1.8328686500741063, -0.773267627285179], [-10.65073676684714, -1.9556572185884449, -0.8323024494285233]], [[-4.334577322531834, -0.18591248185619555, 2.144988100033941], [-12.087978575557985, -2.131801076786437, -0.615535290407075], [7.900253625382671, 0.5464803155587203, 0.34843737402454894]], [[-8.434507270272038, -0.5770764311389732, 3.055717351937192], [8.642247432395031, 0.3867831256345477, 0.2571229599439705], [6.013541392886959, -1.5372455770650417, -4.511974470624722]], [[-7.796984855440235, -4.070584422763702, -0.8631002483588005], [-4.780618140189858, 3.953589107817396, 1.8153701849462782], [8.287587848677955, 4.0019458243133235, 1.4355433911541529]], [[-1.347430002731831, -1.8443117304981278, -2.956461235008461], [-8.90925979195607, -0.36004026044229726, 3.1910846805138027], [8.269021275322228, 0.45201591595951035, 0.31888924932935503]]], "refit_milp_assignment": [[-9.831414489249193, -1.9089771159512312, 0.15434428676376122], [-8.847837150327948, -2.039016115344576, -1.2849872773079882], [7.161463596169167, 0.6629808426758517, -0.23389345116429747]], "refit_ground_truth_assignment": [[-10.653978316690702, -1.9570028134993802, -0.8322829491995792], [3.1512989171073515, 1.5340965099355433, 0.35880481224343685], [8.627298121865227, 0.7730240149260985, -0.1643684795465671]]}