{"time_milp": 0.6597249507904053, "time_refit_milp_assignment": 1.1820321083068848, "mse_refit_ground_truth_assignment": 2.0639441275955654, "r2_refit_ground_truth_assignment": 0.9768629877689441, "weight_mismatch_refit_ground_truth_assignment": 0.6775431821160105, "refit-weight_mismatch_refit_ground_truth_assignment": 0.0, "rand_score_refit_ground_truth_assignment": 1.0, "label_mismatch_refit_ground_truth_assignment": 0.0, "mse_milp": 2.0639494252260424, "r2_milp": 0.9768629283819967, "weight_mismatch_milp": 0.6710799419771215, "refit-weight_mismatch_milp": 0.006646010408902307, "rand_score_milp": 1.0, "label_mismatch_milp": 0.0, "mse_refit_milp_assignment": 2.0639441275955654, "r2_refit_milp_assignment": 0.9768629877689441, "weight_mismatch_refit_milp_assignment": 0.6775431821160105, "refit-weight_mismatch_refit_milp_assignment": 0.0, "rand_score_refit_milp_assignment": 1.0, "label_mismatch_refit_milp_assignment": 0.0, "mse_greedy": NaN, "r2_greedy": NaN, "mse_ground_truth": 2.6249422523063317, "r2_ground_truth": 0.9703565030470113, "weight_mismatch_ground_truth": 0, "rand_score_ground_truth": 1, "label_mismatch_ground_truth": 0, "mse_baseline_sklearn": 88.46018920177109, "r2_baseline_sklearn": 0.008305432486935382, "mse_milp_val": 3.4567319113891317, "r2_milp_val": 0.9604313898521866, "label_mismatch_milp_val": 0.0, "mse_refit_milp_assignment_val": 3.4573231417635313, "r2_refit_milp_assignment_val": 0.9604246221407204, "label_mismatch_refit_milp_assignment_val": 0.0, "mse_refit_ground_truth_assignment_val": 3.4573231417635313, "r2_refit_ground_truth_assignment_val": 0.9604246221407204, "label_mismatch_refit_ground_truth_assignment_val": 0.0, "mse_ground_truth_val": 3.331566519720748, "r2_ground_truth_val": 0.9618641363635972, "label_mismatch_ground_truth_val": 0.0, "mse_baseline_sklearn_val": 87.70233460436472, "r2_baseline_sklearn_val": -0.003913400278306112, "random_state": 2}