{"time_milp": 226.32739996910095, "time_refit_milp_assignment": 226.98965167999268, "mse_CLR": 3.0420812635100916, "r2_CLR": 0.9529152099017371, "rand_score_CLR": 1.0, "label_mismatch_CLR": 0.0, "time_CLR": 0.011452913284301758, "mse_refit_ground_truth_assignment": 3.0420963007382005, "r2_refit_ground_truth_assignment": 0.9550408736015144, "weight_mismatch_refit_ground_truth_assignment": 1.8360408066283236, "refit-weight_mismatch_refit_ground_truth_assignment": 0.0, "rand_score_refit_ground_truth_assignment": 1.0, "label_mismatch_refit_ground_truth_assignment": 0.0, "mse_milp": 6.105476262934806, "r2_milp": 0.9097671960740921, "weight_mismatch_milp": 22.74306863399713, "refit-weight_mismatch_milp": 23.232730900626514, "rand_score_milp": 0.5076604554865425, "label_mismatch_milp": 0.4142857142857143, "mse_refit_milp_assignment": 6.105450261411407, "r2_refit_milp_assignment": 0.9097675803504797, "weight_mismatch_refit_milp_assignment": 22.755184804413904, "refit-weight_mismatch_refit_milp_assignment": 23.24469038848208, "rand_score_refit_milp_assignment": 0.5076604554865425, "label_mismatch_refit_milp_assignment": 0.4142857142857143, "mse_greedy": NaN, "r2_greedy": NaN, "mse_ground_truth": 3.2635477082226005, "r2_ground_truth": 0.951768044329871, "weight_mismatch_ground_truth": 0, "rand_score_ground_truth": 1, "label_mismatch_ground_truth": 0, "mse_baseline_sklearn": 15.410483791537233, "r2_baseline_sklearn": 0.7722717652738074, "random_state": 42}