{"time_milp": 12209.403605937958, "time_refit_milp_assignment": 12210.135727882385, "mse_refit_ground_truth_assignment": 12.85035199117034, "r2_refit_ground_truth_assignment": 0.8886559097667204, "weight_mismatch_refit_ground_truth_assignment": 2.212390133691203, "refit-weight_mismatch_refit_ground_truth_assignment": 0.0, "rand_score_refit_ground_truth_assignment": 1.0, "label_mismatch_refit_ground_truth_assignment": 0.0, "mse_milp": 7.400522899193494, "r2_milp": 0.9358768934868525, "weight_mismatch_milp": 3.227201465371852, "refit-weight_mismatch_milp": 4.014492680351041, "rand_score_milp": 0.7493133583021223, "label_mismatch_milp": 0.24444444444444444, "mse_refit_milp_assignment": 7.400519640048165, "r2_refit_milp_assignment": 0.9358769217262791, "weight_mismatch_refit_milp_assignment": 3.2388360460483, "refit-weight_mismatch_refit_milp_assignment": 4.028328580143878, "rand_score_refit_milp_assignment": 0.7493133583021223, "label_mismatch_refit_milp_assignment": 0.24444444444444444, "mse_greedy": NaN, "r2_greedy": NaN, "mse_ground_truth": 14.213840768743621, "r2_ground_truth": 0.8768417261874303, "weight_mismatch_ground_truth": 0, "rand_score_ground_truth": 1, "label_mismatch_ground_truth": 0, "mse_baseline_sklearn": 109.92797932408536, "r2_baseline_sklearn": 0.047608336060135814, "random_state": 12}