{"time_greedy": 1.7979946374893188, "mse_refit_ground_truth_assignment": 308.02953753037065, "r2_refit_ground_truth_assignment": 0.0503995302278728, "weight_mismatch_refit_ground_truth_assignment": 0.007044940675081489, "refit-weight_mismatch_refit_ground_truth_assignment": 0.0, "rand_score_refit_ground_truth_assignment": 1.0, "label_mismatch_refit_ground_truth_assignment": 0.0, "mse_milp": NaN, "r2_milp": NaN, "mse_refit_milp_assignment": NaN, "r2_refit_milp_assignment": NaN, "mse_greedy": 40.34888598959135, "r2_greedy": 0.8756115358361689, "weight_mismatch_greedy": 16.94795926207162, "refit-weight_mismatch_greedy": 16.951277166512867, "rand_score_greedy": 0.959861803202445, "label_mismatch_greedy": 0.021149425287356322, "mse_greedy_sem": 2.126932632191534, "r2_greedy_sem": 0.006556956332486811, "weight_mismatch_greedy_sem": 0.19116107453797146, "refit-weight_mismatch_greedy_sem": 0.1911270674602393, "rand_score_greedy_sem": 0.0060540827851969965, "label_mismatch_greedy_sem": 0.003908045977011493, "mse_ground_truth": NaN, "r2_ground_truth": NaN, "weight_mismatch_ground_truth": 0, "rand_score_ground_truth": 1, "label_mismatch_ground_truth": 0, "mse_baseline_sklearn": 1.7724235192464601, "r2_baseline_sklearn": 0.04843677248890543}