{"ground_truth": [[-10, 0.2, 0.4, 0.3], [10, -0.2, -0.4, -0.3]], "milp": [[-10.530288912087311, 0.06568792995166159, 0.44045260742541553, 0.1158908983293888], [8.546071561434061, 0.32761144861930386, -0.43296784571759017, -0.1692632964781147]], "refit_milp_assignment": [[-10.534961159538739, 0.06656113575625883, 0.44099994357771255, 0.11680844962274747], [8.548821029777512, 0.32723903886990413, -0.4333375217369667, -0.16971501614360374]], "refit_ground_truth_assignment": [[-10.489553042219516, 0.09730558725400261, 0.6359308812522709, 0.027555338139146908], [8.55927975537133, 0.3309275802546957, -0.32329207202273225, -0.2062211941711328]]}