{"time_milp": 3929.981775045395, "time_greedy": 0.4668317437171936, "time_refit_milp_assignment": 3932.7275767326355, "mse_refit_ground_truth_assignment": 3.7782118917715968, "r2_refit_ground_truth_assignment": 0.9677555206438656, "weight_mismatch_refit_ground_truth_assignment": 3.2733693121406264, "refit-weight_mismatch_refit_ground_truth_assignment": 0.0, "rand_score_refit_ground_truth_assignment": 1.0, "label_mismatch_refit_ground_truth_assignment": 0.0, "mse_milp": 5.218683342472259, "r2_milp": 0.955462072503391, "weight_mismatch_milp": 17.044896459077272, "refit-weight_mismatch_milp": 15.143183724667264, "rand_score_milp": 0.7570422535211268, "label_mismatch_milp": 0.3333333333333333, "mse_refit_milp_assignment": 5.218653439057009, "r2_refit_milp_assignment": 0.9554623277087854, "weight_mismatch_refit_milp_assignment": 17.054982199557138, "refit-weight_mismatch_refit_milp_assignment": 15.169050467884889, "rand_score_refit_milp_assignment": 0.7570422535211268, "label_mismatch_refit_milp_assignment": 0.3333333333333333, "mse_greedy": 7.209874304282896, "r2_greedy": 0.9384686063608347, "weight_mismatch_greedy": 15.18857171598176, "refit-weight_mismatch_greedy": 13.99245906273427, "rand_score_greedy": 0.7694053208137716, "label_mismatch_greedy": 0.27777777777777773, "mse_greedy_sem": 1.1494471544313563, "r2_greedy_sem": 0.009809752894682241, "weight_mismatch_greedy_sem": 2.6643839671290386, "refit-weight_mismatch_greedy_sem": 2.7468545044726733, "rand_score_greedy_sem": 0.02100429489078946, "label_mismatch_greedy_sem": 0.03183141712694067, "mse_ground_truth": 4.645018145509324, "r2_ground_truth": 0.9603709098023346, "weight_mismatch_ground_truth": 0, "rand_score_ground_truth": 1, "label_mismatch_ground_truth": 0, "mse_baseline_sklearn": 112.24352532479608, "r2_baseline_sklearn": 0.04207753856333274, "mse_milp_val": 9.626733161475588, "r2_milp_val": 0.9179000166563057, "label_mismatch_milp_val": 0.3333333333333333, "mse_refit_milp_assignment_val": 9.63370767209995, "r2_refit_milp_assignment_val": 0.9178405357091884, "label_mismatch_refit_milp_assignment_val": 0.3333333333333333, "mse_greedy_val": 13.92357179539801, "label_mismatch_greedy_val": 0.3114583333333333, "mse_greedy_val_sem": 3.7330935555127236, "label_mismatch_greedy_val_sem": 0.026286133234817866, "r2_greedy_val": 0.8812551471706433, "r2_greedy_val_sem": 0.03183706389147163, "mse_refit_ground_truth_assignment_val": 6.766576843269088, "r2_refit_ground_truth_assignment_val": 0.9422923813501582, "label_mismatch_refit_ground_truth_assignment_val": 0.14583333333333334, "mse_ground_truth_val": 4.635995019601509, "r2_ground_truth_val": 0.9604626920154092, "label_mismatch_ground_truth_val": 0.14583333333333334, "mse_baseline_sklearn_val": 117.28574300961276, "r2_baseline_sklearn_val": -0.000251838918328362}