{"ground_truth": [[-10, -1.8618020349556201, -1.0704239210450157], [1, 1.185298186979812, 1.6156190177277885], [10, 0.1, 0.1]], "milp": [[-11.79212404135477, -1.7088296268324463, -0.8038692846006293], [9.609201031568498, 1.1948859508466914, 0.43251363708055923], [-0.7806709514091063, 1.10557463779454, 1.602509552710502]], "refit_milp_assignment": [[-11.801318277158208, -1.7084863599873388, -0.8006695769007262], [9.616812647696836, 1.1926241075578976, 0.4308333233494165], [-0.7813726581801101, 1.1057894899175293, 1.602782296946753]], "refit_ground_truth_assignment": [[-10.391008218410214, -1.8180691324007974, -1.2417383531738164], [0.13255532699255768, 0.8679426100572961, 1.7663053953048415], [9.229981151724598, 0.9191867549164988, 0.32820873536871825]]}