{"time_milp": 18057.541136026382, "time_refit_milp_assignment": 18060.43823504448, "mse_refit_ground_truth_assignment": 264.51282074167216, "r2_refit_ground_truth_assignment": 0.5452104267912952, "weight_mismatch_refit_ground_truth_assignment": 17.11809417121066, "refit-weight_mismatch_refit_ground_truth_assignment": 0.0, "rand_score_refit_ground_truth_assignment": 1.0, "label_mismatch_refit_ground_truth_assignment": 0.0, "mse_milp": 163.0862334055442, "r2_milp": 0.71959802069799, "weight_mismatch_milp": 25.861050807405217, "refit-weight_mismatch_milp": 13.759514568681707, "rand_score_milp": 0.677170868347339, "label_mismatch_milp": 0.38333333333333336, "mse_refit_milp_assignment": 163.08622353377527, "r2_refit_milp_assignment": 0.7195980376709955, "weight_mismatch_refit_milp_assignment": 25.881278675157017, "refit-weight_mismatch_refit_milp_assignment": 13.774914470527285, "rand_score_refit_milp_assignment": 0.677170868347339, "label_mismatch_refit_milp_assignment": 0.38333333333333336, "mse_greedy": NaN, "r2_greedy": NaN, "mse_ground_truth": 311.78730031847147, "r2_ground_truth": 0.4639291477587246, "weight_mismatch_ground_truth": 0, "rand_score_ground_truth": 1, "label_mismatch_ground_truth": 0, "mse_baseline_sklearn": 569.9283124701504, "r2_baseline_sklearn": 0.020101833784667567, "random_state": 7}