{"time_milp": 2.698777198791504, "time_greedy": 1.2656310200691223, "time_refit_milp_assignment": 3.300694227218628, "mse_refit_ground_truth_assignment": 0.15476999933501714, "r2_refit_ground_truth_assignment": 0.9994569693480662, "weight_mismatch_refit_ground_truth_assignment": 0.6532284857471793, "refit-weight_mismatch_refit_ground_truth_assignment": 0.0, "rand_score_refit_ground_truth_assignment": 1.0, "label_mismatch_refit_ground_truth_assignment": 0.0, "mse_milp": 0.2162421519334527, "r2_milp": 0.9992412863135974, "weight_mismatch_milp": 0.9651449068854256, "refit-weight_mismatch_milp": 0.7278319225748143, "rand_score_milp": 0.9666666666666667, "label_mismatch_milp": 0.016666666666666666, "mse_refit_milp_assignment": 0.21609150220555604, "r2_refit_milp_assignment": 0.9992418148877417, "weight_mismatch_refit_milp_assignment": 0.9477639496006104, "refit-weight_mismatch_refit_milp_assignment": 0.6519687281807174, "rand_score_refit_milp_assignment": 0.9666666666666667, "label_mismatch_refit_milp_assignment": 0.016666666666666666, "mse_greedy": 35.627514627102975, "r2_greedy": 0.874996235847634, "weight_mismatch_greedy": 35.47539438782945, "refit-weight_mismatch_greedy": 35.529898110120044, "rand_score_greedy": 0.5153107344632768, "label_mismatch_greedy": 0.4133333333333334, "mse_greedy_sem": 2.5833975916352907, "r2_greedy_sem": 0.009064186111115969, "weight_mismatch_greedy_sem": 2.248514284552946, "refit-weight_mismatch_greedy_sem": 2.264543247829098, "rand_score_greedy_sem": 0.007351137356198771, "label_mismatch_greedy_sem": 0.014838309829508591, "mse_ground_truth": 0.31757421627582394, "r2_ground_truth": 0.9989476035018716, "weight_mismatch_ground_truth": 0, "rand_score_ground_truth": 1, "label_mismatch_ground_truth": 0, "mse_baseline_sklearn": 222.33249474278014, "r2_baseline_sklearn": 0.21991755453266837, "mse_milp_val": 39.65168853591605, "r2_milp_val": 0.8761917532318888, "label_mismatch_milp_val": 0.175, "mse_refit_milp_assignment_val": 39.712627363553864, "r2_refit_milp_assignment_val": 0.876001478121584, "label_mismatch_refit_milp_assignment_val": 0.175, "mse_greedy_val": 740.5340183394651, "label_mismatch_greedy_val": 0.4125, "mse_greedy_val_sem": 94.07728829272668, "label_mismatch_greedy_val_sem": 0.017443517873109014, "r2_greedy_val": -1.3122399541625305, "r2_greedy_val_sem": 0.29374648481036136, "mse_refit_ground_truth_assignment_val": 39.83610125234846, "r2_refit_ground_truth_assignment_val": 0.8756159438289031, "label_mismatch_refit_ground_truth_assignment_val": 0.175, "mse_ground_truth_val": 39.15581596248161, "r2_ground_truth_val": 0.8777400634351655, "label_mismatch_ground_truth_val": 0.175, "mse_baseline_sklearn_val": 331.42435985249926, "r2_baseline_sklearn_val": -0.03483787058435639, "random_state": 8}