{"time_milp": 26.121975898742676, "time_greedy": 2.227232873439789, "time_refit_milp_assignment": 26.564682006835938, "mse_refit_ground_truth_assignment": 11.446547980723361, "r2_refit_ground_truth_assignment": 0.8885309347442641, "weight_mismatch_refit_ground_truth_assignment": 0.3323420831298447, "refit-weight_mismatch_refit_ground_truth_assignment": 0.0, "rand_score_refit_ground_truth_assignment": 1.0, "label_mismatch_refit_ground_truth_assignment": 0.0, "mse_milp": 11.448169738575102, "r2_milp": 0.8885151417006226, "weight_mismatch_milp": 0.280107534429186, "refit-weight_mismatch_milp": 0.09852148569391142, "rand_score_milp": 1.0, "label_mismatch_milp": 0.0, "mse_refit_milp_assignment": 11.446547980723361, "r2_refit_milp_assignment": 0.8885309347442641, "weight_mismatch_refit_milp_assignment": 0.3323420831298447, "refit-weight_mismatch_refit_milp_assignment": 0.0, "rand_score_refit_milp_assignment": 1.0, "label_mismatch_refit_milp_assignment": 0.0, "mse_greedy": 12.990163702360798, "r2_greedy": 0.8734988567854985, "weight_mismatch_greedy": 0.987523564565332, "refit-weight_mismatch_greedy": 0.6848259547101875, "rand_score_greedy": 0.9751463550361714, "label_mismatch_greedy": 0.022833333333333334, "mse_greedy_sem": 1.5436156570298467, "r2_greedy_sem": 0.015032077329602211, "weight_mismatch_greedy_sem": 0.6563989199948586, "refit-weight_mismatch_greedy_sem": 0.6831794253332468, "rand_score_greedy_sem": 0.0248536449638286, "label_mismatch_greedy_sem": 0.02283333333333333, "mse_ground_truth": 11.490570059959655, "r2_ground_truth": 0.8881022378103633, "weight_mismatch_ground_truth": 0, "rand_score_ground_truth": 1, "label_mismatch_ground_truth": 0, "mse_baseline_sklearn": 102.39026922501083, "r2_baseline_sklearn": 0.002891920671677095, "random_state": 20}