{"time_milp": 0.28549718856811523, "time_greedy": 0.9392238736152649, "time_refit_milp_assignment": 0.7165014743804932, "mse_refit_ground_truth_assignment": 13.907903174585131, "r2_refit_ground_truth_assignment": 0.8594677367583934, "weight_mismatch_refit_ground_truth_assignment": 0.5882339220983981, "refit-weight_mismatch_refit_ground_truth_assignment": 0.0, "rand_score_refit_ground_truth_assignment": 1.0, "label_mismatch_refit_ground_truth_assignment": 0.0, "mse_milp": 13.96683750767284, "r2_milp": 0.8588722354015401, "weight_mismatch_milp": 0.9061790037938378, "refit-weight_mismatch_milp": 0.6261945665785279, "rand_score_milp": 1.0, "label_mismatch_milp": 0.0, "mse_refit_milp_assignment": 13.907903174585131, "r2_refit_milp_assignment": 0.8594677367583934, "weight_mismatch_refit_milp_assignment": 0.5882339220983981, "refit-weight_mismatch_refit_milp_assignment": 0.0, "rand_score_refit_milp_assignment": 1.0, "label_mismatch_refit_milp_assignment": 0.0, "mse_greedy": 30.609049188469907, "r2_greedy": 0.6907111802453533, "weight_mismatch_greedy": 9.216747906340636, "refit-weight_mismatch_greedy": 8.926147321935142, "rand_score_greedy": 0.6751414141414142, "label_mismatch_greedy": 0.26449999999999996, "mse_greedy_sem": 2.5534004049493606, "r2_greedy_sem": 0.025800807883484014, "weight_mismatch_greedy_sem": 1.382465773280224, "refit-weight_mismatch_greedy_sem": 1.4073132249421194, "rand_score_greedy_sem": 0.04855580373100955, "label_mismatch_greedy_sem": 0.042136838489553734, "mse_ground_truth": 14.128445303476457, "r2_ground_truth": 0.8572392711065864, "weight_mismatch_ground_truth": 0, "rand_score_ground_truth": 1, "label_mismatch_ground_truth": 0, "mse_baseline_sklearn": 97.03506966743954, "r2_baseline_sklearn": 0.019438974746609827, "random_state": 20}