{"ground_truth": [[-10, 0.2, 0.4, 0.3], [10, -0.2, -0.4, -0.3]], "milp": [[-10.368318384050664, -0.005767382852296887, 0.2509730526146663, 0.2228886213366389], [11.318781646659701, 0.002148825224167039, -0.30000453296740526, -0.7154416902681633]], "greedy": [[[11.321341997172443, 0.0017682587692573134, -0.30030472656549645, -0.7155171569831518], [-10.371646203983442, -0.004995685332585305, 0.2513571629671857, 0.22304663812030076]], [[4.599541023013692, -2.259873721705639, 1.9555638398612065, -2.695672234233502], [-3.5540099191834353, 1.7524964490853687, -1.734001239400425, 2.1881022947863227]], [[11.321341997172443, 0.0017682587692573134, -0.30030472656549645, -0.7155171569831518], [-10.371646203983442, -0.004995685332585305, 0.2513571629671857, 0.22304663812030076]], [[-0.5343788241442979, 1.553044168713857, 0.40851953209506264, 3.1223713191232307], [1.231966729620566, -1.2474007756005079, 0.007056538336084617, -3.2376920527313757]], [[11.321341997172443, 0.0017682587692573134, -0.30030472656549645, -0.7155171569831518], [-10.371646203983442, -0.004995685332585305, 0.2513571629671857, 0.22304663812030076]], [[-10.371646203983442, -0.004995685332585305, 0.2513571629671857, 0.22304663812030076], [11.321341997172443, 0.0017682587692573134, -0.30030472656549645, -0.7155171569831518]], [[11.321341997172443, 0.0017682587692573134, -0.30030472656549645, -0.7155171569831518], [-10.371646203983442, -0.004995685332585305, 0.2513571629671857, 0.22304663812030076]], [[-10.371646203983442, -0.004995685332585305, 0.2513571629671857, 0.22304663812030076], [11.321341997172443, 0.0017682587692573134, -0.30030472656549645, -0.7155171569831518]], [[-10.371646203983442, -0.004995685332585305, 0.2513571629671857, 0.22304663812030076], [11.321341997172443, 0.0017682587692573134, -0.30030472656549645, -0.7155171569831518]], [[11.321341997172443, 0.0017682587692573134, -0.30030472656549645, -0.7155171569831518], [-10.371646203983442, -0.004995685332585305, 0.2513571629671857, 0.22304663812030076]], [[-10.371646203983442, -0.004995685332585305, 0.2513571629671857, 0.22304663812030076], [11.321341997172443, 0.0017682587692573134, -0.30030472656549645, -0.7155171569831518]], [[-10.371646203983442, -0.004995685332585305, 0.2513571629671857, 0.22304663812030076], [11.321341997172443, 0.0017682587692573134, -0.30030472656549645, -0.7155171569831518]], [[11.321341997172443, 0.0017682587692573134, -0.30030472656549645, -0.7155171569831518], [-10.371646203983442, -0.004995685332585305, 0.2513571629671857, 0.22304663812030076]], [[-10.371646203983442, -0.004995685332585305, 0.2513571629671857, 0.22304663812030076], [11.321341997172443, 0.0017682587692573134, -0.30030472656549645, -0.7155171569831518]], [[-3.0179015009708254, 1.363572587330495, -0.08364315287988901, 3.5733618616037846], [3.484898932102969, -1.1439780379824698, 0.6550972009704098, -3.7040060417364087]], [[-10.371646203983442, -0.004995685332585305, 0.2513571629671857, 0.22304663812030076], [11.321341997172443, 0.0017682587692573134, -0.30030472656549645, -0.7155171569831518]], [[-10.371646203983442, -0.004995685332585305, 0.2513571629671857, 0.22304663812030076], [11.321341997172443, 0.0017682587692573134, -0.30030472656549645, -0.7155171569831518]], [[-10.371646203983442, -0.004995685332585305, 0.2513571629671857, 0.22304663812030076], [11.321341997172443, 0.0017682587692573134, -0.30030472656549645, -0.7155171569831518]], [[-3.480384380750614, 1.2363509888238338, 1.112186410673671, 3.4332896680868825], [3.5722128881066757, -0.9124020821301247, -0.5985636182080929, -3.4826430052222257]], [[-10.371646203983442, -0.004995685332585305, 0.2513571629671857, 0.22304663812030076], [11.321341997172443, 0.0017682587692573134, -0.30030472656549645, -0.7155171569831518]]], "refit_milp_assignment": [[-10.371658543680017, -0.004997314578859329, 0.2513651708878837, 0.22305450202747984], [11.321354673150573, 0.0017737101485877011, -0.3003128663777346, -0.7155425373927387]], "refit_ground_truth_assignment": [[-10.371658543680017, -0.004997314578859329, 0.2513651708878837, 0.22305450202747984], [11.321354673150573, 0.0017737101485877011, -0.3003128663777346, -0.7155425373927387]]}