{"time_milp": 9.872374057769775, "time_greedy": 1.252525234222412, "time_refit_milp_assignment": 10.418698072433472, "mse_refit_ground_truth_assignment": 0.13113564438915945, "r2_refit_ground_truth_assignment": 0.9996019655574663, "weight_mismatch_refit_ground_truth_assignment": 0.7513382902723673, "refit-weight_mismatch_refit_ground_truth_assignment": 0.0, "rand_score_refit_ground_truth_assignment": 1.0, "label_mismatch_refit_ground_truth_assignment": 0.0, "mse_milp": 0.22080921937092604, "r2_milp": 0.9993297804349991, "weight_mismatch_milp": 1.242234850162072, "refit-weight_mismatch_milp": 1.071399268642014, "rand_score_milp": 0.9666666666666667, "label_mismatch_milp": 0.016666666666666666, "mse_refit_milp_assignment": 0.22068478893375662, "r2_refit_milp_assignment": 0.9993301581172068, "weight_mismatch_refit_milp_assignment": 1.2633758739100278, "refit-weight_mismatch_refit_milp_assignment": 1.0781875652166562, "rand_score_refit_milp_assignment": 0.9666666666666667, "label_mismatch_refit_milp_assignment": 0.016666666666666666, "mse_greedy": 37.83068404027979, "r2_greedy": 0.8851729802161428, "weight_mismatch_greedy": 39.18552951070184, "refit-weight_mismatch_greedy": 39.2660423407547, "rand_score_greedy": 0.5029661016949152, "label_mismatch_greedy": 0.4458333333333333, "mse_greedy_sem": 2.834226144477977, "r2_greedy_sem": 0.008602692492088788, "weight_mismatch_greedy_sem": 3.0925809101691395, "refit-weight_mismatch_greedy_sem": 3.1233565339697433, "rand_score_greedy_sem": 0.005028244411254934, "label_mismatch_greedy_sem": 0.011900845220364154, "mse_ground_truth": 0.27316884255830864, "r2_ground_truth": 0.9991207561712744, "weight_mismatch_ground_truth": 0, "rand_score_ground_truth": 1, "label_mismatch_ground_truth": 0, "mse_baseline_sklearn": 272.4195731144025, "r2_baseline_sklearn": 0.17312814967312729, "mse_milp_val": 39.277046070398605, "r2_milp_val": 0.8582658006997427, "label_mismatch_milp_val": 0.225, "mse_refit_milp_assignment_val": 39.39892344043968, "r2_refit_milp_assignment_val": 0.8578259969674398, "label_mismatch_refit_milp_assignment_val": 0.225, "mse_greedy_val": 824.0694071652824, "label_mismatch_greedy_val": 0.3975, "mse_greedy_val_sem": 51.83318945775978, "label_mismatch_greedy_val_sem": 0.019693373184104874, "r2_greedy_val": -1.973716948648926, "r2_greedy_val_sem": 0.18704399490242934, "mse_refit_ground_truth_assignment_val": 40.12103060147115, "r2_refit_ground_truth_assignment_val": 0.8552202185162209, "label_mismatch_refit_ground_truth_assignment_val": 0.2, "mse_ground_truth_val": 38.024277534026325, "r2_ground_truth_val": 0.86278651096632, "label_mismatch_ground_truth_val": 0.2, "mse_baseline_sklearn_val": 286.17258334872776, "r2_baseline_sklearn_val": -0.03267546876919325, "random_state": 9}