{"ground_truth": [[10, -1.2038227485714086, -1.3698742683584153, -1.575160511766722, -1.585131118989381, -1.481519424816021, -1.1829621423234258, -1.3249749363843253, -1.0626156825917679, -1.8271697402388711, -1.5262611182172157, -1.047456761930837, -1.2600416925908238, -1.023108138691289, -1.391963556308142, -1.4680317070827864, -1.695881740450432], [-10, 1.412283172500843, 1.0309307498448044, 1.9268270334297788, 1.2944111891743582, 1.4067532051410927, 1.4520943437730844, 1.3976977872602665, 1.8823266451899006, 1.6942005397842101, 1.183923533229354, 1.0973517767769239, 1.281905286781937, 1.5582360815758247, 1.8861319722402596, 1.934282239781623, 1.7409971885748277]], "milp": [[-9.664212778403497, 1.3882336507418147, 1.2419632775503582, 1.8536296560870638, 1.3365644876715757, 1.235612721277637, 1.6781089900532147, 1.3999662641843398, 1.9060916113558248, 1.6211286904268656, 1.3126450359987727, 0.7459822508508697, 1.0233690382566767, 1.4239816985167704, 1.5374294659374124, 2.055535250624542, 1.9156882955691032], [10.305301131799139, -1.2595593201612845, -1.4050924991515337, -1.5800736894967589, -1.4331533418687088, -1.555312125962061, -1.2209227886449776, -1.2799028019056329, -1.1914022013046948, -1.8473093902300644, -1.597146237224211, -1.0751147128962195, -1.1854831430141082, -0.8760428026244809, -1.3484474380444644, -1.5178688154645803, -1.7957998289669734]], "greedy": [[[-5.741647164258761, 5.7847249664170315, 5.308232818439083, 3.024773189784991, 2.4213783044557253, 1.7260511464357164, 5.89720793223494, -0.192564322256231, 1.8873838059273078, -1.6953416601402804, -3.7040842397157476, -3.701762208982643, -0.6683554594818526, -9.257239993141905, -0.7961884805383693, 7.038715779664878, -1.464091086164913], [-5.950680926594256, 4.277192458645384, 2.2507215475285047, -1.6455559067235226, 0.9733456522832232, -1.5329165072927557, -1.0180936163400298, -1.2913718314637068, 3.2786956068984794, 2.306647762774426, 3.630226845875422, -0.9285465207637019, 0.4049599160954523, 0.1393117659157326, 1.340374855293261, -3.3947321994587787, 1.7385761085919975]], [[-12.406109548771788, 5.135002419467891, 7.377585637661907, 5.704380262618716, 2.990227626956821, 1.3095336886821223, 1.0887010174989888, -5.697942838531812, 3.105985154562732, -3.808334696803977, -2.505247311425563, -4.115663709990273, -2.1319400378369626, -4.483601584458355, 4.246280252927791, 4.2979067023500175, -0.45495767154312444], [-1.918710786147157, -1.4833745513919956, -1.6103111561156593, -4.459485471095868, 0.7918537290695687, 0.38449630027397563, 1.6813905802902975, 0.36463066565053437, -2.5705415341542337, -1.4577697670950023, 2.1757724375269603, 2.0973621266666833, 0.41111607736032413, -0.4965743719732848, -2.077505016782872, 3.0271832666123295, 6.774897740834674]], [[6.951836269607242, 8.807585340880406, 3.8399756721835416, 2.250538865876092, 2.3678798337183884, 3.562525441017329, 2.7202825444910483, -1.6568565612917474, 1.7856336581844776, -1.570720477408123, -7.386082305008258, -7.078505561712009, 3.4099949592255756, -7.420353422931734, 2.4515403582593867, 0.8143372424975229, 0.7836205042171377], [-1.1087724428633128, -2.664325378193817, 0.8005945331557727, -1.038036412712045, -1.3498959265594408, 1.9175373544861383, 0.905949719878168, -2.206271090116006, -1.2274728675082283, -1.9480963471247796, 3.098555393259362, -0.07832178005552085, -4.8847408664069984, 6.03663617708875, 0.21750227568573638, -3.5405485327778345, 5.1921988325170725]], [[-6.472147021422554, -5.894759460225723, -1.8394484119704435, -2.61233988436675, -3.208144156470611, 10.78212370224293, 1.647866196918002, 7.886018851826538, -1.4780778969370099, -2.662993792935123, -1.4350298003717594, -6.072361384369017, -4.419741798487204, -8.889197403408259, -1.0104595904107885, 0.02644399653584644, 7.1619027687262005], [10.375842343285429, 3.7867886819756427, 4.361873109582638, -2.2321401924279476, -2.2709625380527414, 0.7743217017536718, 3.5802626595653053, -4.663927460646275, -0.46189693899137074, -6.196927182519166, -0.3561971452681118, -1.979879288955064, 2.4943994082057195, 3.3382363713842182, -4.560843563093068, -0.07361577154562098, 0.6208548589124222]], [[-17.944461122298787, 10.003684341921428, 4.997459114326834, 0.9697773742635035, 0.6728152560633832, 1.4154065029218434, 1.1721474034485486, -1.2973195184323896, 2.7404187458469393, 0.7303186972872627, 2.8106357799544073, -4.267051905174342, -0.9287622417432642, 0.7175318307938375, 1.3301312191428336, -0.3485123580913887, 1.1413633944740527], [3.35826639518793, -5.913092491601519, -2.1846829736728797, 0.11953644346827931, -0.2602295380158643, -0.49281485758756727, 2.1025956686868312, 1.3348383365543113, 2.7068848464928537, -1.0580740033645406, -3.9148496137119846, 1.6067711879243554, -0.2878959692346314, 0.5169902844180346, -2.677629240532668, -0.9177243866759958, 1.8379394550511343]], [[-15.05094314852409, 7.745684401370291, 6.849938120545812, 1.9179127199333665, 3.757689309663812, 0.8359192353540068, 3.065685647668272, -6.668611733727964, 5.282181519190257, 0.00021534006587574283, -2.6883229622276184, 0.9083164108757071, -1.303094183181581, -7.14269079270324, 1.8029351865450804, 4.757859629529259, 4.3199286962226715], [22.175723433602336, -3.875681749617561, -2.6844793918866694, -6.4352786977613645, -0.9871931742949995, -0.9159158629999107, -3.641065027568792, 2.607529111423231, 0.477148038407802, -4.208290987872898, -0.3198292331390174, -4.379050630761827, 0.2036297561645124, -3.028385706955401, -0.052612232728633315, 3.5178298584850456, -0.47940662871613166]], [[-15.26948910414922, 2.2440814853386266, 2.5599451431332505, 1.3798715764111917, 2.449198995525029, 2.9176653903706757, 5.787961478775851, -3.266022347804511, 3.7628707924647355, -2.4796448990265687, -3.0445806489546445, -0.8377194284383896, 3.5939698562041538, -6.153401024326842, -0.03311206260338747, 7.567198776897677, 2.57430215348126], [-4.762911742708382, 5.914225998275516, 1.2355158992321689, 1.1263478654273562, -1.277364521822444, -2.007924599411053, 1.6260559358297417, -2.101485733023186, -0.7227534055168939, -3.5417756446797894, 0.6124799434322722, -2.044693772905358, -0.6380103727738913, 5.384893192237677, 4.175829105141538, -4.263823508834275, 1.1471299896328055]], [[12.961794554413995, -1.6274942089110722, -3.803419244325171, -2.951499753088741, -0.5858417982330872, -4.777532855831592, 2.471534021898464, -7.298500320928341, 0.9611705099663878, 0.26206759759065285, -7.825470451868569, 3.914888410309544, 3.2769664496174897, 3.4816634270149627, 1.7442089701685355, 5.475706952205158, 4.980840212214147], [6.354667760046494, 2.263810252598779, 3.0781434962349987, -1.9994129645898013, -2.983394910868838, 2.214516959248397, -0.8324562598785822, -0.8448778424427258, 0.4472609319597734, -2.81157414211128, 3.8805606474874135, -1.9793156931205729, -0.22737417098118415, -1.5272681700458905, -4.262378118019371, 1.7073190466682726, -0.8325692039474168]], [[-12.786927295604045, -2.1614530272726866, -0.8423294333016889, 1.7486806344496246, 1.9993003695920235, 4.2659663986214085, 2.919228285740618, -1.254337568078495, -0.25968358412726095, -2.7470905242394097, 1.342222804305268, 1.579947490508019, -2.9910867499962346, 5.894814391594598, -4.097914624026286, 1.8846128160356717, 3.928735518772302], [29.861271389113853, 1.988254849250033, 3.887793136581807, -8.788386655415696, 3.783489046045103, -5.0545422773348925, -3.219518893712135, 3.048389052091358, -1.0821506398534613, -2.6858114579973895, -5.012483516406374, -3.7458525845071944, -1.4527085394536012, -8.471659209620674, 1.4367570529813565, 3.5886661447324975, -3.308102963569978]], [[-8.316558655274845, 2.8349903006705244, 0.49877559336959726, -1.4330243939172032, 0.8171885011099377, -0.19360755550338038, 3.458834300849656, 1.170593728771524, 0.0228707944701139, -0.8738155580158111, 2.5818072296560475, -1.8645153379447563, 2.1347816140698463, 0.3447706273615311, -2.4157920307760348, 4.685451039171442, 2.3773622420502214], [-0.0229303568914091, -2.885465843350316, 