{"time_milp": 5.070363998413086, "time_refit_milp_assignment": 5.598473072052002, "mse_refit_ground_truth_assignment": 0.15569738791862134, "r2_refit_ground_truth_assignment": 0.9961856795575181, "weight_mismatch_refit_ground_truth_assignment": 1.0024859448925456, "refit-weight_mismatch_refit_ground_truth_assignment": 0.0, "rand_score_refit_ground_truth_assignment": 1.0, "label_mismatch_refit_ground_truth_assignment": 0.0, "mse_milp": 1.2624568800454135, "r2_milp": 0.9690719597182582, "weight_mismatch_milp": 4.3780486227370385, "refit-weight_mismatch_milp": 3.52197592985085, "rand_score_milp": 0.6954802259887005, "label_mismatch_milp": 0.18333333333333332, "mse_refit_milp_assignment": 1.2624077240564513, "r2_refit_milp_assignment": 0.9690731639561461, "weight_mismatch_refit_milp_assignment": 4.376000234730148, "refit-weight_mismatch_refit_milp_assignment": 3.5174350008864996, "rand_score_refit_milp_assignment": 0.6954802259887005, "label_mismatch_refit_milp_assignment": 0.18333333333333332, "mse_greedy": NaN, "r2_greedy": NaN, "mse_ground_truth": 0.2787092705375627, "r2_ground_truth": 0.9946014562042816, "weight_mismatch_ground_truth": 0, "rand_score_ground_truth": 1, "label_mismatch_ground_truth": 0, "mse_baseline_sklearn": 36.95475489496882, "r2_baseline_sklearn": 0.09467153606674128, "mse_milp_val": 16.531972066137964, "r2_milp_val": 0.7355954818952799, "label_mismatch_milp_val": 0.225, "mse_refit_milp_assignment_val": 16.531252003169843, "r2_refit_milp_assignment_val": 0.7356069982407789, "label_mismatch_refit_milp_assignment_val": 0.225, "mse_refit_ground_truth_assignment_val": 14.054836925554582, "r2_refit_ground_truth_assignment_val": 0.7752136061278854, "label_mismatch_refit_ground_truth_assignment_val": 0.225, "mse_ground_truth_val": 13.232025052489899, "r2_ground_truth_val": 0.7883732688661332, "label_mismatch_ground_truth_val": 0.225, "mse_baseline_sklearn_val": 71.39426185849862, "r2_baseline_sklearn_val": -0.14184595320020832, "random_state": 12}