{"ground_truth": [[-10, -1.3981733022941352, -1.3585342636401798, -1.0581712333239741, -1.0844722254588817, -1.4286923722948157, -1.6797506457826135, -1.5328474265340297, -1.1363565942442488], [1, 1.37212184027113, 1.379697337782145, 1.1583705894260277, 1.192730853206918, 1.5695674644002149, 1.5423212824507502, 1.8724500229486976, 1.781134311749301], [10, 0.1, 0.1, 0.1, 0.1, 0.1, 0.1, 0.1, 0.1]], "milp": [[-4.809581429494747, -2.0255736051257176, -2.3375911674339305, -1.9042540992580155, -1.31031520751163, -1.5760136981591066, -1.6373750047121176, -1.7803972405586774, -2.187018851983893], [-0.6242111860312514, 0.008581888023435406, 1.909224273290277, 0.4637878728877035, 1.1726448187987388, 0.15710031035204278, 2.776404662020929, 2.988169299422879, 2.977830589480776], [1.2810066530378856, 0.9858441672897769, -0.8642068965752293, 1.7151505218601517, 1.5605662347079972, 2.072966450850826, 0.9219477164148299, 0.9014932204560535, -0.21318637166613416]], "refit_milp_assignment": [[-9.28550368226346, -1.6581823825398294, -1.4790558386287131, -1.0063561508069647, -1.1458297693323816, -1.4109122821454494, -1.7898882083350511, -1.5543528722248245, -1.5387886856812028], [-1.068267066658235, -0.05308791093993452, 1.9241858726937937, 0.41524789017953007, 1.2296052186488955, 0.09916641388700197, 2.9347770105196527, 3.1573369772214472, 3.142463322964959], [1.4228572905135515, 0.9633871090541858, -0.8953314679240867, 1.7333805545278127, 1.596585720586251, 2.109193962702135, 0.8824023492199918, 0.8727045367025063, -0.24858388853019525]], "refit_ground_truth_assignment": [[-9.890151782728001, -1.5461803420301938, -1.37879608111158, -0.9438149598612869, -1.0844645952172274, -1.4206699074056424, -1.7840891503520717, -1.5479148865399621, -1.4074259895872105], [1.014072205903263, 1.3858721581272666, 1.3390642995130702, 1.1478842302132963, 1.2316865348741344, 1.6342301650613669, 1.4303062211722766, 1.9392424422580856, 1.6618036537669119], [9.463752355834565, 0.1789055799279664, 0.18277278843319972, 0.22046407438736565, 0.32618731931398576, 0.19316718306474556, 0.045018798218246184, -0.01200150199639046, 0.11148081224364405]]}