{"time_milp": 2.3524200916290283, "time_greedy": 0.24706482887268066, "time_refit_milp_assignment": 3.50097918510437, "mse_refit_ground_truth_assignment": 17.541198589587715, "r2_refit_ground_truth_assignment": 0.8795333115889311, "weight_mismatch_refit_ground_truth_assignment": 8.291520765732184, "refit-weight_mismatch_refit_ground_truth_assignment": 0.0, "rand_score_refit_ground_truth_assignment": 1.0, "label_mismatch_refit_ground_truth_assignment": 0.0, "mse_milp": 13.944929305306184, "r2_milp": 0.9042312048998821, "weight_mismatch_milp": 19.045115763544594, "refit-weight_mismatch_milp": 13.381919741727616, "rand_score_milp": 0.7456445993031359, "label_mismatch_milp": 0.30952380952380953, "mse_refit_milp_assignment": 13.944820484699605, "r2_refit_milp_assignment": 0.9042319522409511, "weight_mismatch_refit_milp_assignment": 19.06360669378453, "refit-weight_mismatch_refit_milp_assignment": 13.390574838120044, "rand_score_refit_milp_assignment": 0.7456445993031359, "label_mismatch_refit_milp_assignment": 0.30952380952380953, "mse_greedy": 13.370478556439542, "r2_greedy": 0.9081763275217934, "weight_mismatch_greedy": 33.444426745677, "refit-weight_mismatch_greedy": 28.994146753763044, "rand_score_greedy": 0.7097560975609756, "label_mismatch_greedy": 0.3666666666666667, "mse_greedy_sem": 1.1017159206535008, "r2_greedy_sem": 0.007566191549171587, "weight_mismatch_greedy_sem": 3.018925142167468, "refit-weight_mismatch_greedy_sem": 3.4057643801537263, "rand_score_greedy_sem": 0.011129590466899843, "label_mismatch_greedy_sem": 0.014389763106224234, "mse_ground_truth": 23.8056536044923, "r2_ground_truth": 0.8365112714192459, "weight_mismatch_ground_truth": 0, "rand_score_ground_truth": 1, "label_mismatch_ground_truth": 0, "mse_baseline_sklearn": 140.64852400885601, "r2_baseline_sklearn": 0.034076159008365914, "random_state": 4}