{"ground_truth": [[-10, -1.1281392622060729, -1.7513651349943629, -1.6228254350977118], [1, 1.6444371693942874, 1.4470205250788553, 1.8701814353803043], [10, 0.1, 0.1, 0.1]], "milp": [[-9.154587903949096, -6.465048205191, -3.7249046847364937, -3.9918089865468613], [-1.1879567849349855, 0.17700828400518315, 4.044298463872721, -0.25464091248185694], [20.496352488441516, 0.2727130928857261, -2.7609207513403264, -0.08184616747950285]], "refit_milp_assignment": [[-9.157573320780577, -6.465031129345708, -3.724455265901438, -3.991632865885598], [-1.1891904418752155, 0.1771788056216871, 4.044723414179375, -0.2545727659517713], [20.50708528601911, 0.2715266028050906, -2.76303706960711, -0.08296841726348854]], "refit_ground_truth_assignment": [[-12.279304004943672, -3.633686530992084, -2.810860074308662, -4.151999728424653], [8.43393673576024, -0.4815343414316021, 0.32302925083410844, -0.7737111533912129], [15.184427303165775, 0.9847172941357067, -0.3663696160138723, -0.5328892347366904]]}