{"ground_truth": [[-10, -1.337719620706157, -1.6626352006348812, -1.0611537685933308], [1, 1.6272285743807728, 1.565890653114534, 1.026132378542826], [10, 0.1, 0.1, 0.1]], "milp": [[-9.516652837367857, -1.2582663057895995, -1.8172898210622612, -1.2433928234440645], [11.855569160451486, 0.7438675674817319, -0.4196047700743811, -0.490664609766508], [1.4295666758139078, 2.7149950249873203, 0.26920577216733405, 0.33182833725714483]], "greedy": [[[-12.164658935757833, 3.830663795104432, -1.5633215245166732, 4.946022470224555], [16.11610424132901, -1.2439905658466865, -5.608898004350616, -8.389099971588971], [-3.4282532055593657, -2.75690200615485, 8.949429488638161, -0.19695620369847305]], [[-7.0480885933789486, 0.34577877362713383, 5.008460190984775, -3.3333584849754523], [9.553312219933172, 0.5802002074879579, 0.8420499347050605, -1.390384943489204], [-10.18024144412053, -0.9877884986264659, -1.7968322170928535, -1.399355359824176]], [[10.075873413408438, 0.6554144868442533, 0.6499326639771479, -1.5515057800021725], [10.517136232155758, -4.73843547237953, -1.0445667402299526, -7.314499988354853], [-6.672229928358581, -3.0130236749047103, -2.4980601187528766, -2.1480956900734807]], [[11.043179599007784, -0.54930038341157, -0.04084811754935817, -1.4006682989675123], [-9.252833471875068, -1.2002805505137069, -2.024427274793966, -1.2365059109288337], [-7.3813854743033955, 3.1468328838804007, 7.345431078086413, -2.607274630228809]], [[4.795920491488954, 1.5908393071414841, -3.7079243452269983, 3.038777960220688], [-9.714824822030144, -1.0950493670111183, -2.2043449992591913, -1.0058961811585092], [8.814028117970908, 0.23485127604018916, 1.7408108747838225, -1.4986672494657773]], [[12.973441353552431, 1.2936245763440037, -7.255096299473701, -5.690069946031152], [-8.422209881581377, -1.7158986802430176, -2.06697292056032, -1.469073887883833], [8.20097014949523, 0.9714393785985442, 1.054143664800751, -1.208815688928535]], [[13.026947856660312, 0.2760418919262588, -7.329802654620398, -5.713465089036823], [9.074772196797493, 1.238907756428263, 0.6809768612611368, -1.564024082070849], [-8.422209881581377, -1.7158986802430176, -2.06697292056032, -1.469073887883833]], [[13.882364785120139, -1.0017950988901763, -9.293683772850873, -5.128773716099611], [-4.829732726171366, -4.04286394823643, 2.1848300792581417, 5.723350862411808], [-8.960850667794237, 3.9441661206598, 7.8076011582882945, -3.735693442150541]], [[0.6939992494375244, 5.5043094647486, -3.6577862039724875, -3.4960402903455057], [-11.998046215162056, 1.1740588441843196, 8.363098454372546, -1.4202379563880647], [10.243909870601573, -4.849008086546269, -4.321614724383495, 3.107649469730129]], [[13.026947856660312, 0.2760418919262588, -7.329802654620398, -5.713465089036823], [-8.422209881581377, -1.7158986802430176, -2.06697292056032, -1.469073887883833], [9.074772196797493, 1.238907756428263, 0.6809768612611368, -1.564024082070849]], [[1.0346800519539618, 2.490669588929363, 2.0816414455217838, -0.07100441807817], [13.217723264009901, -1.286322549408953, -0.9828535448507759, -1.1443237771464811], [-9.533642789634653, -1.2541543304221452, -1.8127964865244188, -1.2385805708718451]], [[-7.2579031686350985, 0.6125825863716036, -0.15489051907157886, 6.96107189666453], [11.43920129822531, -0.338698757855999, 0.1693190505294418, -1.3399294475807397], [-8.135018181664439, -1.4177207736572206, -1.8766874552043828, -2.0333349982064006]], [[-7.6520702176059, 5.558692857290641, 1.2491937610824575, -3.124941045752728], [-9.61361601865161, -2.9485842148962913, -0.8691460475225146, -0.4190215194039158], [10.2992402054498, -0.07055159882335725, 0.23329702607287, -1.3416537685719525]], [[-7.276368840344755, 3.095205587941037, 7.263360825860969, -2.328631522238428], [10.921159699431689, -0.5034599722202094, 0.0256485352849725, -1.329781732774899], [-9.252833471875068, -1.2002805505137069, -2.024427274793966, -1.2365059109288337]], [[9.312638986417412, 0.8713188978795726, 0.3591765937746604, -1.2113686790458207], [4.394908274666927, -2.7369615361804422, -7.982117852405116, -1.941848107737018], [-9.222946603334165, -1.8643211407594882, -1.0628452758485025, -1.471815778934879]], [[-10.143700550632143, 3.8363269179374138, 8.204516623151576, -2.396969235369488], [12.999097553995375, -6.1681650828858965, -1.5130443772422282, -7.44635294567051], [3.212560719277031, 0.8173599473031578, -6.207575991606719, 2.667109808311036]], [[-14.978310860632, 6.396455890529558, 0.9655408389599854, -1.2556100319507246], [11.22684614923166, -0.4631017969621967, -0.32708252851707753, -1.122481821325246], [-2.177051197066083, -2.226401110620985, -5.028090018883382, -1.3823353395399145]], [[-5.9811258343528655, -3.6484938243217653, -0.9697538575753105, 4.275898172645619], [10.261180636526662, 0.4547807882595286, 0.14290285499558336, -1.0446619456320376], [-8.686412225941153, -1.3727662868843682, -1.7491356503341005, -1.9407513356625519]], [[-11.701048460508328, 4.648221112455838, -3.2737254429022316, 3.902059342729257], [9.87921202742301, -5.0180685713753155, -4.528777876555331, 3.899301642911213], [-4.832435218884907, 2.848779738269427, 6.938477437888562, -5.901124755403057]], [[9.832876140470473, -5.105054289545848, -4.438902521669981, 3.846759340341449], [-4.832435218884907, 2.848779738269427, 6.938477437888562, -5.901124755403057], [-11.84151635392903, 4.625898533058845, -3.161212731809607, 3.860788047824406]]], "refit_milp_assignment": [[-9.531617663449975, -1.2549146470015016, -1.8135448504232092, -1.2392078606858015], [11.872249511283222, 0.743608720329113, -0.42631907308387196, -0.49498999383460285], [1.4306717428163607, 2.7156553481091885, 0.26881191292288004, 0.33120417790695805]], "refit_ground_truth_assignment": [[-9.531617663449975, -1.2549146470015016, -1.8135448504232092, -1.2392078606858015], [2.0720114242255363, 1.8745460143452581, 1.0498158088655705, 0.5829029288774585], [12.246833791491966, 0.3894204665384302, -0.47284435699308747, -1.352030291101781]]}