{"time_milp": 5128.172322750092, "time_greedy": 0.5307615876197815, "time_refit_milp_assignment": 5131.2391946315765, "mse_refit_ground_truth_assignment": 3.3911065209611655, "r2_refit_ground_truth_assignment": 0.9704758394004296, "weight_mismatch_refit_ground_truth_assignment": 2.5827446559037113, "refit-weight_mismatch_refit_ground_truth_assignment": 0.0, "rand_score_refit_ground_truth_assignment": 1.0, "label_mismatch_refit_ground_truth_assignment": 0.0, "mse_milp": 5.943536993082429, "r2_milp": 0.9482534861029619, "weight_mismatch_milp": 7.864848954405244, "refit-weight_mismatch_milp": 8.207456087897157, "rand_score_milp": 0.7664319248826291, "label_mismatch_milp": 0.2777777777777778, "mse_refit_milp_assignment": 5.943475156317536, "r2_refit_milp_assignment": 0.9482540244754861, "weight_mismatch_refit_milp_assignment": 7.89871532850618, "refit-weight_mismatch_refit_milp_assignment": 8.208763964838901, "rand_score_refit_milp_assignment": 0.7664319248826291, "label_mismatch_refit_milp_assignment": 0.2777777777777778, "mse_greedy": 8.743417620822992, "r2_greedy": 0.9238767451182497, "weight_mismatch_greedy": 17.130756264910882, "refit-weight_mismatch_greedy": 16.71626787183074, "rand_score_greedy": 0.7780125195618153, "label_mismatch_greedy": 0.2784722222222223, "mse_greedy_sem": 1.650701195779692, "r2_greedy_sem": 0.014371582521769054, "weight_mismatch_greedy_sem": 3.79526011916113, "refit-weight_mismatch_greedy_sem": 3.9757929109571863, "rand_score_greedy_sem": 0.026799445023517946, "label_mismatch_greedy_sem": 0.04046105458273077, "mse_ground_truth": 4.225589526031081, "r2_ground_truth": 0.9626817954973053, "weight_mismatch_ground_truth": 0, "rand_score_ground_truth": 1, "label_mismatch_ground_truth": 0, "mse_baseline_sklearn": 111.69224923161904, "r2_baseline_sklearn": 0.02756817467742123, "mse_milp_val": 10.963870555192964, "r2_milp_val": 0.9005491460447116, "label_mismatch_milp_val": 0.3125, "mse_refit_milp_assignment_val": 10.979109830872682, "r2_refit_milp_assignment_val": 0.9004109139329425, "label_mismatch_refit_milp_assignment_val": 0.3125, "mse_greedy_val": 15.975362989454306, "label_mismatch_greedy_val": 0.27083333333333337, "mse_greedy_val_sem": 3.7817787869504937, "label_mismatch_greedy_val_sem": 0.0338299086504567, "r2_greedy_val": 0.8550910024385109, "r2_greedy_val_sem": 0.03430368207458299, "mse_refit_ground_truth_assignment_val": 4.248404980545805, "r2_refit_ground_truth_assignment_val": 0.9614636545427779, "label_mismatch_refit_ground_truth_assignment_val": 0.10416666666666667, "mse_ground_truth_val": 4.466191605420062, "r2_ground_truth_val": 0.9594881600570714, "label_mismatch_ground_truth_val": 0.10416666666666667, "mse_baseline_sklearn_val": 111.15760500031054, "r2_baseline_sklearn_val": -0.008286141764919153}