{"ground_truth": [[-10, 0.2, 0.4, 0.3], [10, -0.2, -0.4, -0.3]], "milp": [[-10.571040497307298, 0.4886359921024034, 0.005898257588627626, 0.31739240582681305], [9.2400555468204, 0.13347193988358885, -0.4597785843125687, -0.0970446271487032]], "refit_milp_assignment": [[-10.574696738319613, 0.48944740328108854, 0.005994861993080031, 0.31811541724339726], [9.242663957193068, 0.13318525182872884, -0.4602423636569045, -0.09737896524143855]], "refit_ground_truth_assignment": [[-10.574696738319613, 0.48944740328108854, 0.005994861993080031, 0.31811541724339726], [9.242663957193068, 0.13318525182872884, -0.4602423636569045, -0.09737896524143855]]}