{"ground_truth": [[-10, 0.2, 0.4, 0.3], [10, -0.2, -0.4, -0.3]], "milp": [[-10.147443122534588, 0.22879451045955726, 0.37967403879074585, 0.332787196515085], [10.097594202521153, -0.225043597259584, -0.41107863450106835, -0.34154664150033137]], "refit_milp_assignment": [[-10.150586889126274, 0.22903884413589526, 0.3800466758979801, 0.3334661777174505], [10.100744821403728, -0.22549866323651763, -0.41133981952116466, -0.3422339728518579]], "refit_ground_truth_assignment": [[-10.150586889126274, 0.22903884413589526, 0.3800466758979801, 0.3334661777174505], [10.100744821403728, -0.22549866323651763, -0.41133981952116466, -0.3422339728518579]]}