{"ground_truth": [[-10, -1.4359949021420038, -1.0259262318278912], [1, 1.4503375221212909, 1.5646776073817232], [10, 0.1, 0.1]], "milp": [[-10.833670766860063, -1.3891867534411335, -1.3807206666303231], [0.45150543398204157, 1.6015507814314307, 1.2560568774179184], [9.002388787375834, 0.9846161881274472, 0.4009009327072641]], "refit_milp_assignment": [[-10.84098851958642, -1.387211858796071, -1.3794417838989466], [0.45151516015951865, 1.6016151902544655, 1.2561195364264865], [9.006593897532554, 0.9842946136551392, 0.40019504825922747]], "refit_ground_truth_assignment": [[-10.243820786747955, -2.137394686244952, -1.3150131641814768], [1.0092233261256909, 1.3475644470897101, 1.4821135814953446], [8.80348972321256, 0.513894533097978, 0.3100489009118346]]}