{"time_milp": 410.84702491760254, "time_refit_milp_assignment": 411.4719638824463, "mse_refit_ground_truth_assignment": 2.171973567749439e-23, "r2_refit_ground_truth_assignment": 1.0, "weight_mismatch_refit_ground_truth_assignment": 3.373138176503816e-10, "refit-weight_mismatch_refit_ground_truth_assignment": 0.0, "rand_score_refit_ground_truth_assignment": 1.0, "label_mismatch_refit_ground_truth_assignment": 0.0, "mse_milp": 4.5461613213009385e-06, "r2_milp": 0.9999959459706669, "weight_mismatch_milp": 0.7635268260827954, "refit-weight_mismatch_milp": 0.76352682592558, "rand_score_milp": 0.5200153964588144, "label_mismatch_milp": 0.3972286374133949, "mse_refit_milp_assignment": 4.7262137018656195e-23, "r2_refit_milp_assignment": 1.0, "weight_mismatch_refit_milp_assignment": 0.6830184229779247, "refit-weight_mismatch_refit_milp_assignment": 0.683018422823117, "rand_score_refit_milp_assignment": 0.5200153964588144, "label_mismatch_refit_milp_assignment": 0.3972286374133949, "mse_greedy": NaN, "r2_greedy": NaN, "mse_ground_truth": NaN, "r2_ground_truth": NaN, "weight_mismatch_ground_truth": 0, "rand_score_ground_truth": 1, "label_mismatch_ground_truth": 0, "mse_baseline_sklearn": 2.3429580466919293e-06, "r2_baseline_sklearn": 0.9999979106723285}