{"ground_truth": [[10, -1.816763575616882, -1.2878484332826234, -1.2813641353032832, -1.6410133158704445, -1.8099461455224921, -1.364130646774104, -1.7042933439039891, -1.0212602051285562, -1.5332739111606128, -1.4892720237024162, -1.0700823714171006, -1.2319450676830552], [-10, 1.814317316390322, 1.1286818487304764, 1.5996475849542249, 1.8175507324924478, 1.3671047785127477, 1.778167992874181, 1.2502367982797713, 1.3985086286873443, 1.383562662542429, 1.188456632057926, 1.2307109851345421, 1.7898006020811876]], "milp": [[-10.365945567643317, 1.8638130631503442, 1.2026495520820215, 1.6203158679758674, 1.8223208454685103, 1.318452763858045, 1.6656831546264077, 1.3472002496742967, 1.5089459167908301, 1.5065553929346147, 1.2361248376956522, 1.2040045135374655, 1.722457700973186], [9.336080592530898, -1.8249260183466953, -1.1776992775557849, -1.1713712901047526, -1.6253017559808343, -1.6948681689550193, -1.3565567591976724, -1.6174433098373215, -1.0797923001202028, -1.4703702962773697, -1.4208277995544205, -0.9906786303844827, -1.295771259352319]], "greedy": [[[-15.312135133631937, 1.369082087255144, -1.473322312258547, 2.439923320303144, 4.2172461828644225, 0.3615193754972264, -0.12971188413053952, 0.4503710938205804, 1.9302851618724817, 1.1793753669863842, 0.48256238485544456, 2.9755096203871503, 0.833103247790434], [-7.7252692677454355, -0.762537986596314, 3.5172672425664, 3.772589649116234, -1.1998667934890792, -1.4659215107417072, 0.5885593986619498, 3.294461135259173, -1.553234861069869, -3.7003012613822874, 0.5515858533416633, -1.0240044562624495, 0.23073590198964197]], [[-18.126545171417625, 0.3637334345840192, 1.0188796177313462, 1.9910737139541035, 1.8536679769284043, 0.9877007323949111, 1.3843302410232756, -0.28822661303817576, 1.076494227275681, -1.280772111858027, 2.9535497268954027, 4.721396003440044, 3.081704321060555], [3.25344640316669, -0.6456453195363641, -0.7479886964449834, 1.5997436931710285, -1.213623585926113, -1.1028810380756526, -1.9211786142554714, 0.04030206848107782, 2.5151321175694226, -1.3288162118471651, -1.444533914619028, -2.5630224653994294, 0.3772534742064258]], [[9.453977878989921, -1.819592264134725, -1.207698283566978, -1.1830718936391067, -1.618066094033257, -1.6851718957190567, -1.3623741337647972, -1.6272084607376929, -1.0452215721865696, -1.512905172507726, -1.471618274466173, -1.0270904880448857, -1.261783883037781], [-9.98289852056069, 1.8233705509501454, 1.159180767405382, 1.6437658919698408, 1.7448696971726616, 1.3229328156630245, 1.72937051094024, 1.2312456871155677, 1.4406825642191017, 1.4772929603378775, 1.197997610214282, 1.1874420087594866, 1.7589817375323413]], [[-8.026731648797071, -3.2412871177857574, -2.442976867691475, 2.230987138644419, 3.536546737894147, 6.531402828683763, 0.30055043909767815, 0.5982647595653996, 2.7947411106501776, -1.493449843671166, 0.7016880682178114, -0.4813273103422469, 2.6518722547341795], [-10.287260948428713, 2.042683385678912, 1.7095537591713168, 2.162913309603725, -2.226709106612345, -2.1572707939082325, -0.3546101738524154, 0.5959988406163156, 2.8053994850756494, 0.7949545932568985, 2.00443042534443, 1.584022405089599, 0.6806925858940704]], [[-10.619880736849236, 0.664277755237336, 1.3386695788294205, 4.968289407109109, -0.4496352124391127, -0.23243083432555975, 1.180301689609975, -0.28716185214114004, 0.8478365521225669, -1.5668879415023906, 0.9325819408789561, 0.539581022907032, 1.0948859029399132], [3.84836626249397, -3.657142030394754, 0.6718482250780171, -1.5692410864204236, 2.058690315485407, 3.173672629192762, -5.531562628051992, 4.7817597219612775, 0.3012547761376126, -0.6340109296757921, -5.786937954750118, -0.4782468131010837, 5.486430088167855]], [[-3.4392709210540184, 1.7005030665378658, -0.4167128639272376, 2.8178057898593836, -2.4799229900030113, -3.8499493085189735, 0.181122056321342, 1.3933501976888067, 1.5961271545760747, 0.24096817246997693, 0.2992816612349524, -1.9605780867898783, 0.43285709522449023], [1.0686089457448118, -3.969248060593964, 0.9721298078687678, 2.988307193673913, 4.126822016436334, 3.5221147151122487, -1.5921524750506428, -0.67714600106977, -1.5139698710838543, -0.7365312142644097, -4.740684050565978, 0.643911795192285, 3.293531523053268]], [[7.48239809311334, -0.5051313696429021, -1.7680224124572688, -0.8353559948292238, -2.3327464688677875, -1.057959351820884, -2.662430216620018, -0.49595826564714157, 0.38189171445453396, -1.890488517694863, 1.1813996979317198, -0.5784331388090994, -1.8913596370297907], [-16.9247852320391, 0.2283651140692054, 2.2835014532085127, 3.2768674035769276, 2.793481903937768, 0.648745837180256, 2.3450569013069225, 1.4477917820029202, 2.001988753727167, -0.26598219615022467, 0.5019717186729563, 2.019565740862943, 2.2121537531826454]], [[7.77100644360928, -0.5761852363633139, 0.1350884136007613, 2.4166880865206735, -0.4057017175067328, -2.042820238457494, -2.4267195318744395, -1.327040345056423, 1.5224903104322718, -1.9338842692224432, 0.3103467523590242, -3.867832670715182, -0.4168602700292847], [-3.914325339125422, -2.5608413020902216, 0.6456159924528786, 0.34848208301353717, -1.5142083158149158, 0.36498519717406125, -0.08494677681691719, 1.0063970472492276, 0.7282169010241556, 0.9430907957427305, -1.8210355050234526, 4.23582270650984, 3.5117627101999114]], [[-10.261250167462089, -0.14535432712382976, -2.6066164137778833, 3.1301125329653017, 0.17461146823722917, -0.18900389762604022, -1.4220983395750544, 1.1232116758214963, 1.0010685769777103, -0.44432232776338865, 1.918403700840901, 1.911463969512648, -1.1085523889742441], [-7.342268273837853, 0.6119865788062309, 2.3632157904913726, 0.5564374508424449, 1.1684653152594167, 0.34883486055215057, 0.1694146768668079, 0.866931475733023, 2.2635136286218063, 0.7476998327307638, -0.9541599492038875, 0.5403092043034018, 3.308036845738095]], [[-17.54840006703848, -1.9780927062380431, 2.068231441189927, 3.718486515251264, 3.2861376739934527, 0.6118888866102845, 1.9489390704510003, 1.12969883772054, 1.5954890254895324, -0.5111138559874667, -0.022970089468695106, 3.1936826000356633, 2.565526627529238], [12.505291452814738, 1.3965668707062824, -4.246890489582978, 0.6001955607549213, -2.715799447504945, -1.6433099403231284, -3.906960346711888, 0.4399390081281323, 0.7846143789455231, -2.786107613862214, 0.8896103419643464, -2.0872811745442945, -1.2008401651901925]], [[-12.768050657648347, -2.4533218042865657, 2.3570949242727814, 0.7959143175511018, 3.438485086683579, 2.5253287866553, -0.8244695567797578, 2.4516262918987644, 0.2036984200578062, -3.2206388805501613, 0.9795723135301064, 2.5516936038317577, 4.1707177320850555], [-5.211097467889553, 3.2008455527017947, -0.7601687792694136, 3.3178448874466793, 1.3418766367736372, -5.60537711683025, -1.0592005331675227, 0.4486610379157104, 1.3395824380414927, 1.154227136717362, -0.2816578035307614, -1.322765369942885, -1.1792526451146548]], [[-10.01561182134662, 0.8931558473950718, -2.917923011515161, 4.292623196840155, 3.251619278750822, -0.0937163954187941, 1.5236445955767137, -1.3100052454617321, 1.374311772710678, 0.8193598085486087, -4.5493399654897555, -3.265379087234891, 5.442441198744065], [8.144172475956616, -3.4227594286725234, 0.5076778909850718, 1.207350820609131, -1.8537779701704156, 0.3638478744656125, -0.3613931050708314, 0.6931125390940448, -0.6123915725954076, -4.204985678786797, -1.2522067478013084, 1.643990807688732, -0.2581485670575761]], [[-3.697604044514227, 3.092991127606982, 0.5927265996245678, 3.4386257092079133, -2.576640695420728, 0.6925772521819212, -0.07136843762603154, -0.12616931034634457, -0.011076539484879362, -1.8134220322923815, 0.36988157174034064, 0.7139263554704023, 0.14728197377668165], [-7.66352066830553, -2.2386265312063665, 0.6634704783037105, 3.869175547075144, 4.673903119700507, 0.8733397937737396, -1.6876292302810771, 0.08607149701081579, -0.3571488844240954, 1.1374794531373726, -5.892290982832469, -1.3988409325107003, 3.283327000491182]], [[-9.340603859520881, -1.6071232482950768,