{"time_milp": 41.46633005142212, "time_refit_milp_assignment": 42.52330493927002, "mse_refit_ground_truth_assignment": 24.940522902475518, "r2_refit_ground_truth_assignment": 0.8703934609780006, "weight_mismatch_refit_ground_truth_assignment": 13.917126516414482, "refit-weight_mismatch_refit_ground_truth_assignment": 0.0, "rand_score_refit_ground_truth_assignment": 1.0, "label_mismatch_refit_ground_truth_assignment": 0.0, "mse_milp": 15.133037038391189, "r2_milp": 0.9213592849232951, "weight_mismatch_milp": 31.238366531813103, "refit-weight_mismatch_milp": 23.410575224872108, "rand_score_milp": 0.6480836236933798, "label_mismatch_milp": 0.35714285714285715, "mse_refit_milp_assignment": 15.132715256234833, "r2_refit_milp_assignment": 0.9213609571044185, "weight_mismatch_refit_milp_assignment": 31.29462617766174, "refit-weight_mismatch_refit_milp_assignment": 23.448502033175235, "rand_score_refit_milp_assignment": 0.6480836236933798, "label_mismatch_refit_milp_assignment": 0.35714285714285715, "mse_greedy": NaN, "r2_greedy": NaN, "mse_ground_truth": 43.41075269572201, "r2_ground_truth": 0.7744106073784841, "weight_mismatch_ground_truth": 0, "rand_score_ground_truth": 1, "label_mismatch_ground_truth": 0, "mse_baseline_sklearn": 171.84980599206014, "r2_baseline_sklearn": 0.1069610419426198, "random_state": 4}