{"ground_truth": [[-10, -1.8085751671049515, -1.3145454730891515, -1.4312256333395998], [1, 1.6164379345957802, 1.6406448655678303, 1.7084465536495328], [10, 0.1, 0.1, 0.1]], "milp": [[-13.055108477676203, 11.251516213425356, -1.5770108535019174, -3.980392630441135], [12.209151599867496, -9.686739013830278, -4.84271146882219, 2.2851644582050206], [4.3716070724483975, 5.8712680463208935, -0.5893878899928771, -0.2504231026180488]], "refit_milp_assignment": [[-13.09773263254564, 11.266374124466235, -1.5590748337483764, -3.980834435687514], [12.245293254473685, -9.697332213685788, -4.853443281457408, 2.2758939751309084], [4.38531081381975, 5.8736898723599476, -0.5959741187702419, -0.25724115759557886]], "refit_ground_truth_assignment": [[-9.283409379206528, 2.038612661691398, -4.471182112744196, -3.211923232769316], [5.359436449694084, 4.213310271065098, -1.838956803220052, -1.1466170088315883], [11.464122271860603, -0.6054854915994264, -0.3417104149300785, -0.5364597383504143]]}