{"time_milp": 42.61203980445862, "time_refit_milp_assignment": 43.09635090827942, "mse_refit_ground_truth_assignment": 31.051398328636502, "r2_refit_ground_truth_assignment": 0.8503913892262753, "weight_mismatch_refit_ground_truth_assignment": 8.831673102399735, "refit-weight_mismatch_refit_ground_truth_assignment": 0.0, "rand_score_refit_ground_truth_assignment": 1.0, "label_mismatch_refit_ground_truth_assignment": 0.0, "mse_milp": 31.051407436958318, "r2_milp": 0.8503913453415086, "weight_mismatch_milp": 8.824157666899556, "refit-weight_mismatch_milp": 0.007681220775505709, "rand_score_milp": 1.0, "label_mismatch_milp": 0.0, "mse_refit_milp_assignment": 31.051398328636502, "r2_refit_milp_assignment": 0.8503913892262753, "weight_mismatch_refit_milp_assignment": 8.831673102399735, "refit-weight_mismatch_refit_milp_assignment": 0.0, "rand_score_refit_milp_assignment": 1.0, "label_mismatch_refit_milp_assignment": 0.0, "mse_greedy": NaN, "r2_greedy": NaN, "mse_ground_truth": 51.98521225555738, "r2_ground_truth": 0.7592866031478672, "weight_mismatch_ground_truth": 0, "rand_score_ground_truth": 1, "label_mismatch_ground_truth": 0, "mse_baseline_sklearn": 205.18990040918112, "r2_baseline_sklearn": 0.011375409889165855, "mse_milp_val": 38.02852206768771, "r2_milp_val": 0.8329090568971379, "label_mismatch_milp_val": 0.0, "mse_refit_milp_assignment_val": 38.026379483802906, "r2_refit_milp_assignment_val": 0.8329184710511076, "label_mismatch_refit_milp_assignment_val": 0.0, "mse_refit_ground_truth_assignment_val": 38.026379483802906, "r2_refit_ground_truth_assignment_val": 0.8329184710511076, "label_mismatch_refit_ground_truth_assignment_val": 0.0, "mse_ground_truth_val": 56.85058013675655, "r2_ground_truth_val": 0.7502080929127971, "label_mismatch_ground_truth_val": 0.0, "mse_baseline_sklearn_val": 229.25685345428064, "r2_baseline_sklearn_val": -0.0073161346709054165, "random_state": 6}