{"time_milp": 19.625209093093872, "time_refit_milp_assignment": 20.110392332077026, "mse_refit_ground_truth_assignment": 0.12406096376416548, "r2_refit_ground_truth_assignment": 0.9996897672341686, "weight_mismatch_refit_ground_truth_assignment": 0.7108017486214927, "refit-weight_mismatch_refit_ground_truth_assignment": 0.0, "rand_score_refit_ground_truth_assignment": 1.0, "label_mismatch_refit_ground_truth_assignment": 0.0, "mse_milp": 0.11590781556601491, "r2_milp": 0.9997101553855984, "weight_mismatch_milp": 0.8473430178517978, "refit-weight_mismatch_milp": 0.3927994703960255, "rand_score_milp": 0.9666666666666667, "label_mismatch_milp": 0.016666666666666666, "mse_refit_milp_assignment": 0.11570006948213338, "r2_refit_milp_assignment": 0.9997106748853687, "weight_mismatch_refit_milp_assignment": 0.7509718365425921, "refit-weight_mismatch_refit_milp_assignment": 0.2812390100295625, "rand_score_refit_milp_assignment": 0.9666666666666667, "label_mismatch_refit_milp_assignment": 0.016666666666666666, "mse_greedy": NaN, "r2_greedy": NaN, "mse_ground_truth": 0.2787092705375629, "r2_ground_truth": 0.9992295058494907, "weight_mismatch_ground_truth": 0, "rand_score_ground_truth": 1, "label_mismatch_ground_truth": 0, "mse_baseline_sklearn": 284.9826521153378, "r2_baseline_sklearn": 0.28735878154400196, "mse_milp_val": 4.024666969761782, "r2_milp_val": 0.9867500893450603, "label_mismatch_milp_val": 0.075, "mse_refit_milp_assignment_val": 4.027559577177192, "r2_refit_milp_assignment_val": 0.9867405663733207, "label_mismatch_refit_milp_assignment_val": 0.075, "mse_refit_ground_truth_assignment_val": 4.138632532201268, "r2_refit_ground_truth_assignment_val": 0.9863748946938237, "label_mismatch_refit_ground_truth_assignment_val": 0.075, "mse_ground_truth_val": 3.7243265426511423, "r2_ground_truth_val": 0.9877388627902127, "label_mismatch_ground_truth_val": 0.075, "mse_baseline_sklearn_val": 304.93779904492874, "r2_baseline_sklearn_val": -0.003908801154402175, "random_state": 12}