{"time_milp": 55.581571102142334, "time_refit_milp_assignment": 56.29854607582092, "mse_refit_ground_truth_assignment": 15.252036936903664, "r2_refit_ground_truth_assignment": 0.8350882335663476, "weight_mismatch_refit_ground_truth_assignment": 1.0371198883267052, "refit-weight_mismatch_refit_ground_truth_assignment": 0.0, "rand_score_refit_ground_truth_assignment": 1.0, "label_mismatch_refit_ground_truth_assignment": 0.0, "mse_milp": 13.806677707794304, "r2_milp": 0.8507160965586593, "weight_mismatch_milp": 0.9171382620985682, "refit-weight_mismatch_milp": 0.2662996298932708, "rand_score_milp": 0.9669467787114846, "label_mismatch_milp": 0.016666666666666666, "mse_refit_milp_assignment": 13.806673051742951, "r2_refit_milp_assignment": 0.8507161469019451, "weight_mismatch_refit_milp_assignment": 0.9164590377471561, "refit-weight_mismatch_refit_milp_assignment": 0.2693723990870589, "rand_score_refit_milp_assignment": 0.9669467787114846, "label_mismatch_refit_milp_assignment": 0.016666666666666666, "mse_greedy": NaN, "r2_greedy": NaN, "mse_ground_truth": 14.948517381686786, "r2_ground_truth": 0.839688212768126, "weight_mismatch_ground_truth": 0, "rand_score_ground_truth": 1, "label_mismatch_ground_truth": 0, "mse_baseline_sklearn": 91.62891790094588, "r2_baseline_sklearn": 0.0092676296313291, "mse_milp_val": 15.90978729646909, "r2_milp_val": 0.8314344625424533, "label_mismatch_milp_val": 0.025, "mse_refit_milp_assignment_val": 15.910593198101441, "r2_refit_milp_assignment_val": 0.8314259239467283, "label_mismatch_refit_milp_assignment_val": 0.025, "mse_refit_ground_truth_assignment_val": 16.578354466357272, "r2_refit_ground_truth_assignment_val": 0.8243509370233106, "label_mismatch_refit_ground_truth_assignment_val": 0.025, "mse_ground_truth_val": 14.081609918477232, "r2_ground_truth_val": 0.8508041559611277, "label_mismatch_ground_truth_val": 0.025, "mse_baseline_sklearn_val": 94.38136291723646, "r2_baseline_sklearn_val": 2.1504394935645266e-05, "random_state": 6}