{"ground_truth": [[-10, 0.2, 0.4, 0.3], [10, -0.2, -0.4, -0.3]], "milp": [[-11.097456112011773, 0.4779871481027195, 0.6073718530669978, -0.27155781158440995], [9.07338342141513, -0.16846766998168952, -0.39500290525914356, -0.1774808951054045]], "greedy": [[[-11.506521287929882, 0.5846012723209334, 0.6554581707262048, -0.23128452603660407], [8.733825445938027, -0.06446933392749, -0.3692689327152116, -0.11254900282614208]], [[8.733825445938027, -0.06446933392749, -0.3692689327152116, -0.11254900282614208], [-11.506521287929882, 0.5846012723209334, 0.6554581707262048, -0.23128452603660407]], [[-11.506521287929882, 0.5846012723209334, 0.6554581707262048, -0.23128452603660407], [8.733825445938027, -0.06446933392749, -0.3692689327152116, -0.11254900282614208]], [[-5.101926223864833, -1.8892507707178365, 2.8828328239311176, 0.3574039226886589], [1.7469449006383355, 2.744889104039683, -1.970926206991221, -0.4759926895029478]], [[-11.506521287929882, 0.5846012723209334, 0.6554581707262048, -0.23128452603660407], [8.733825445938027, -0.06446933392749, -0.3692689327152116, -0.11254900282614208]], [[-11.506521287929882, 0.5846012723209334, 0.6554581707262048, -0.23128452603660407], [8.733825445938027, -0.06446933392749, -0.3692689327152116, -0.11254900282614208]], [[8.733825445938027, -0.06446933392749, -0.3692689327152116, -0.11254900282614208], [-11.506521287929882, 0.5846012723209334, 0.6554581707262048, -0.23128452603660407]], [[0.6513929100808775, 3.06785828075835, -2.0117664773834374, -0.8535642227574868], [-4.295373380970614, -2.0328633368643048, 2.896599003629709, 0.6128860818065235]], [[-11.506521287929882, 0.5846012723209334, 0.6554581707262048, -0.23128452603660407], [8.733825445938027, -0.06446933392749, -0.3692689327152116, -0.11254900282614208]], [[-11.506521287929882, 0.5846012723209334, 0.6554581707262048, -0.23128452603660407], [8.733825445938027, -0.06446933392749, -0.3692689327152116, -0.11254900282614208]], [[8.733825445938027, -0.06446933392749, -0.3692689327152116, -0.11254900282614208], [-11.506521287929882, 0.5846012723209334, 0.6554581707262048, -0.23128452603660407]], [[-11.506521287929882, 0.5846012723209334, 0.6554581707262048, -0.23128452603660407], [8.733825445938027, -0.06446933392749, -0.3692689327152116, -0.11254900282614208]], [[-11.506521287929882, 0.5846012723209334, 0.6554581707262048, -0.23128452603660407], [8.733825445938027, -0.06446933392749, -0.3692689327152116, -0.11254900282614208]], [[-11.506521287929882, 0.5846012723209334, 0.6554581707262048, -0.23128452603660407], [8.733825445938027, -0.06446933392749, -0.3692689327152116, -0.11254900282614208]], [[-7.126353116011288, 1.6470008530315488, -2.277337947439105, 0.6032025834699571], [5.0130200282856245, -1.5812157417729766, 2.541806662263885, -1.5957553547670302]], [[-5.533089997354942, 0.6867785113612785, -1.4076753174066214, 2.8993020717579485], [5.021827342707826, -0.7440441214855926, 1.842130898206116, -3.258242491856497]], [[-6.033240987362596, 2.0199033878756865, -2.5683374926428515, 0.6786839289630916], [3.167545047507645, -1.7162376603620184, 3.084647520555938, -1.4807580932046618]], [[8.570353569261329, 0.07199680165746372, -0.26835096340371783, -0.02848490696795608], [-11.614325686676422, 0.6278841347670099, 0.7722340614753225, -0.170623732476431]], [[-11.506521287929882, 0.5846012723209334, 0.6554581707262048, -0.23128452603660407], [8.733825445938027, -0.06446933392749, -0.3692689327152116, -0.11254900282614208]], [[8.733825445938027, -0.06446933392749, -0.3692689327152116, -0.11254900282614208], [-11.506521287929882, 0.5846012723209334, 0.6554581707262048, -0.23128452603660407]]], "refit_milp_assignment": [[-11.10042325253287, 0.4785443764968906, 0.607716057736975, -0.27144955512926183], [9.075695602769578, -0.16889800276774747, -0.39519435424879057, -0.17775906902156136]], "refit_ground_truth_assignment": [[-11.208741076949613, 0.523502480585029, 0.7351712412542646, -0.20563858927588105], [8.91619930941719, -0.04339563001786859, -0.30455294149816, -0.10041311033718968]]}