{"ground_truth": [[-10, -1.7164128638552185, -1.0626478006853317, -1.5333122552573073, -1.3800996657935105], [1, 1.6397242355913781, 1.392426830086019, 1.0002804444760447, 1.8959394701497105], [10, 0.1, 0.1, 0.1, 0.1]], "milp": [[-8.543253825807613, -1.9038726838934295, -0.9560947275754363, -1.62346868746347, -1.710863192331777], [0.8950618232753405, 1.6235453234039865, 1.3865473073161667, 1.0153164661058143, 1.8137959006618825], [8.998246239149555, 0.06883437383032243, 0.020322755561761486, 0.19183095953415386, 0.25019388166830775]], "refit_milp_assignment": [[-9.857346913713574, -1.705678669146449, -1.0058778389672434, -1.5735882909370307, -1.502844796052182], [0.9434062304577431, 1.629084173476423, 1.4011418810482972, 0.9981282722890562, 1.8417183016101784], [9.834873534027556, 0.012928976747849307, 0.05876198436259546, 0.1613079294196929, 0.1014035675390581]], "refit_ground_truth_assignment": [[-9.766886659404225, -1.723993484316807, -1.0022233190909897, -1.576435405557746, -1.524664583159437], [0.9111156389559811, 1.6397241368911575, 1.3991284186837596, 0.9991857360390148, 1.8503222971448248], [9.834873534027556, 0.012928976747849307, 0.05876198436259546, 0.1613079294196929, 0.1014035675390581]]}