{"time_milp": 0.12680292129516602, "time_greedy": 0.7633001923561096, "time_refit_milp_assignment": 0.5506229400634766, "mse_refit_ground_truth_assignment": 13.431736251711744, "r2_refit_ground_truth_assignment": 0.8202278424577087, "weight_mismatch_refit_ground_truth_assignment": 1.533912282301942, "refit-weight_mismatch_refit_ground_truth_assignment": 0.0, "rand_score_refit_ground_truth_assignment": 1.0, "label_mismatch_refit_ground_truth_assignment": 0.0, "mse_milp": 15.995748216144294, "r2_milp": 0.7859107628060332, "weight_mismatch_milp": 2.05472085185786, "refit-weight_mismatch_milp": 2.591253742754621, "rand_score_milp": 0.7968253968253968, "label_mismatch_milp": 0.1111111111111111, "mse_refit_milp_assignment": 15.995746215131387, "r2_refit_milp_assignment": 0.7859107895878581, "weight_mismatch_refit_milp_assignment": 2.053750619676605, "refit-weight_mismatch_refit_milp_assignment": 2.590188663686232, "rand_score_refit_milp_assignment": 0.7968253968253968, "label_mismatch_refit_milp_assignment": 0.1111111111111111, "mse_greedy": 13.393250398011341, "r2_greedy": 0.8207429422798704, "weight_mismatch_greedy": 5.731132861281865, "refit-weight_mismatch_greedy": 5.284337841511214, "rand_score_greedy": 0.7165079365079365, "label_mismatch_greedy": 0.18888888888888888, "mse_greedy_sem": 0.8688020464901104, "r2_greedy_sem": 0.011628162990081108, "weight_mismatch_greedy_sem": 0.6066571212592324, "refit-weight_mismatch_greedy_sem": 0.6497237046899669, "rand_score_greedy_sem": 0.028111116064204866, "label_mismatch_greedy_sem": 0.028470885006396152, "mse_ground_truth": 15.561454018532778, "r2_ground_truth": 0.7917234145324823, "weight_mismatch_ground_truth": 0, "rand_score_ground_truth": 1, "label_mismatch_ground_truth": 0, "mse_baseline_sklearn": 71.35601745599052, "r2_baseline_sklearn": 0.04478645291671102, "random_state": 8}