{"ground_truth": [[-10, -1.5826848885290346, -1.0255509418496929], [1, 1.3377979807316742, 1.6124765741267186]], "milp": [[1.6265855479513514, 1.3594074663145592, 1.6285686437908091], [-8.712293229396792, -1.0110133388013949, -0.7955076729633841]], "greedy": [[[-7.040425527190863, 3.0660260256259195, 3.6393957906045973], [0.5494415623762823, -0.25135089284363965, -2.8555529664547588]], [[-8.295266072917, -1.6244223876601431, -0.9990715437054246], [-3.6290799282522714, 2.7142132436238042, 3.464019036463573]], [[-3.387942874159202, 2.8631541334316957, 3.2069330791191075], [-8.759684341624768, -1.853835310925567, -0.7896717903287095]], [[-10.585324517983434, 0.7990682209412123, -1.0382120006327937], [1.175639812858574, 1.7649580221092513, 1.3090092836373317]], [[1.175639812858574, 1.7649580221092513, 1.3090092836373317], [-10.585324517983434, 0.7990682209412123, -1.0382120006327937]], [[-3.6290799282522714, 2.7142132436238042, 3.464019036463573], [-8.295266072917, -1.6244223876601431, -0.9990715437054246]], [[-3.387942874159202, 2.8631541334316957, 3.2069330791191075], [-8.759684341624768, -1.853835310925567, -0.7896717903287095]], [[-3.8536362106628568, 2.8287021184294168, 3.493516729180673], [-8.046865843485177, -1.7291488620273865, -1.0296961932380857]], [[-10.848420266412331, 0.6323739847404917, -0.8861874932164002], [0.606059904437358, 1.79150322370791, 1.5773389067934862]], [[-0.467925803076052, 1.360887417832861, 2.3125387189376485], [-13.043863304396853, -1.368810382263977, 0.20753461437044965]], [[-11.923012398051833, 0.006752312641591084, -0.4390639252756615], [-0.2991212457521044, 1.7826091351123905, 1.918299490721007]], [[0.13713125105438806, 1.8050129492115994, 1.7611285826281862], [-11.29859115247324, 0.4160645468480292, -0.7025948824607865]], [[-13.043863304396853, -1.368810382263977, 0.20753461437044965], [-0.467925803076052, 1.360887417832861, 2.3125387189376485]], [[-8.759684341624768, -1.853835310925567, -0.7896717903287095], [-3.387942874159202, 2.8631541334316957, 3.2069330791191075]], [[-0.2991212457521044, 1.7826091351123905, 1.918299490721007], [-11.923012398051833, 0.006752312641591084, -0.4390639252756615]], [[-7.040425527190863, 3.0660260256259195, 3.6393957906045973], [0.5494415623762823, -0.25135089284363965, -2.8555529664547588]], [[-3.8536362106628568, 2.8287021184294168, 3.493516729180673], [-8.046865843485177, -1.7291488620273865, -1.0296961932380857]], [[1.175639812858574, 1.7649580221092513, 1.3090092836373317], [-10.585324517983434, 0.7990682209412123, -1.0382120006327937]], [[1.175639812858574, 1.7649580221092513, 1.3090092836373317], [-10.585324517983434, 0.7990682209412123, -1.0382120006327937]], [[-3.8536362106628568, 2.8287021184294168, 3.493516729180673], [-8.046865843485177, -1.7291488620273865, -1.0296961932380857]]], "refit_milp_assignment": [[1.6297702954037536, 1.3588719954427113, 1.6277123100393613], [-8.71678762618021, -1.0113843983717639, -0.7949569277008819]], "refit_ground_truth_assignment": [[-10.167279502757944, -0.793670928856297, -0.4621285877201504], [0.6037698605302348, 1.5789648728611276, 1.9081173575771004]]}