{"ground_truth": [[-10, -1.6870368007974692, -1.0411896385845223], [1, 1.4056789574708217, 1.0276907093412397], [10, 0.1, 0.1]], "milp": [[1.0210487151717949, -5.222495703304224, -1.0083945154245881], [6.073380768573291, 0.8844511701563094, 0.4845839138723096], [-9.32535950387413, -1.3939645223543036, -0.6354605201227984]], "greedy": [[[-2.3763280024638123, 3.496323944548251, -0.20647591579906144], [-4.1590571973556605, -3.077629217354438, -2.17066874388756], [12.844714011095748, -0.5761794898175517, -1.4247246944125562]], [[0.9731274295708823, -4.709691786431702, -1.8218099560504735], [10.986786577995478, 0.23909857177835356, -0.9081262970273012], [-5.6438270642303685, -0.693915631675186, -2.426215133126426]], [[7.811360239604335, -1.9404528802516048, 0.792447009720704], [-9.667862423555292, -2.327823625409296, -1.063758437748336], [8.951054539671361, 1.2335392148411133, -0.9228482339194624]], [[4.925711271697942, -3.052962118602607, -1.169551365658668], [12.616379429827429, -0.3066591365138056, -1.1331395931762227], [-9.667862423555292, -2.327823625409296, -1.063758437748336]], [[-6.11990050899842, -3.190507914663771, -3.052385767830202], [10.943368647875515, -4.155210787563435, -3.5028593990622805], [2.745637394070759, 2.058506199314747, 0.9158261987257388]], [[-7.494667314213627, -2.930532896424794, -1.063584336610912], [-5.2819242926303, 5.165229995892613, -0.07320949248453261], [10.56229775212873, -0.9028711780457995, -0.537316677458016]], [[7.217369838103867, -2.2249983815250145, 0.3780289083019688], [-9.66580861339439, -2.0138665358108674, -1.4214054294654608], [7.658563756782743, 1.9523701090101047, -1.470556049630068]], [[7.811360239604335, -1.9404528802516048, 0.792447009720704], [-9.667862423555292, -2.327823625409296, -1.063758437748336], [8.951054539671361, 1.2335392148411133, -0.9228482339194624]], [[-5.3040053232426905, 1.0320814342388518, 3.263233055910339], [9.33039909714367, 1.2221566087737266, -1.4243245483279483], [1.2810968612279332, -4.0566772284242685, -2.5873493462267088]], [[12.344683739223177, -0.3497382439210005, -1.1175943467298004], [-10.770509164761648, -1.6915369931875133, -2.6420459857594327], [-0.05724686110701649, -1.9603239452409094, -2.758016228446168]], [[5.004717377082791, 1.8201554933444435, 0.5013750578780737], [-12.460055268733882, 0.6511003904482566, 1.5417647942906356], [3.9129039724002483, -4.999246581868143, -1.591648202301218]], [[-7.494667314213627, -2.930532896424794, -1.063584336610912], [-3.997343057685767, 5.274255327743819, -0.5972896069422495], [9.01574240448839, -1.6667618876905894, -0.015901441335524787]], [[-4.976942554935638, -5.0717163542315555, 0.3375220529552019], [-1.1292102702086495, 3.468430267443441, 0.5872128147948331], [10.734714506571184, 0.6004971443699757, -0.5110645729754588]], [[6.329450737780311, -5.175284073368296, -2.283855000972458], [-3.144233222144133, 3.4889515255176837, -5.084348045367989], [-2.2681506948800676, 2.9984805508204757, 2.002303905850045]], [[11.029198075236925, 0.24627994437854994, -0.36640293375430993], [-1.090480910801031, 3.5873293561227535, 0.5997550815067075], [-4.810125497602797, -5.328351213464042, 0.6404204807915561]], [[-4.976942554935638, -5.0717163542315555, 0.3375220529552019], [10.304994125590953, 0.35529365208311303, -0.6699096259260735], [-2.0723425071880337, 2.1207801780359943, -0.520701645197794]], [[-1.2667417548897504, -6.755957604249267, -0.252903720160468], [16.233589804860827, -7.306661626760444, -0.4877440070635346], [0.8739527000381186, 3.3258212435426757, 0.34544234342364316]], [[10.038567045891067, -2.015940306071223, 0.4731061168431068], [5.936097837599265, 1.5391427150325412, -0.12857871857111114], [-9.667862423555292, -2.327823625409296, -1.063758437748336]], [[-2.999303669799785, 4.347167136140879, 1.0881359506830242], [-7.46099165144107, -3.658992323836296, -0.2509213338021032], [11.308052128012886, -0.20304976303233757, -0.42066436180694566]], [[7.811360239604335, -1.9404528802516048, 0.792447009720704], [-9.667862423555292, -2.327823625409296, -1.063758437748336], [8.951054539671361, 1.2335392148411133, -0.9228482339194624]]], "refit_milp_assignment": [[1.0227687564959194, -5.2233821531404985, -1.0083652415358555], [6.087051867302719, 0.8799027797766324, 0.482423812253735], [-9.348830228196364, -1.398475176958858, -0.6309730677810715]], "refit_ground_truth_assignment": [[-9.670050757532032, -2.329087542233082, -1.064076523239704], [4.016675146235827, 0.5332123756199163, 0.9101158358868489], [11.598196373114709, -0.1413946270336512, -0.4902962302302991]]}