{"ground_truth": [[-10, 0.2, 0.4, 0.3], [10, -0.2, -0.4, -0.3]], "milp": [[13.772084273883461, -0.8929430958705559, -0.28780169170037057, -0.082922269786885], [-13.350354688022971, -0.3791782717493193, 0.8388632812064569, 0.19930390580345964]], "greedy": [[[-13.354846710103995, -0.3782616412311363, 0.839634045171769, 0.1997281626531688], [13.777229345797839, -0.893781245140452, -0.2879383449434049, -0.0840810815654531]], [[-13.354846710103995, -0.3782616412311363, 0.839634045171769, 0.1997281626531688], [13.777229345797839, -0.893781245140452, -0.2879383449434049, -0.0840810815654531]], [[-8.89738883259583, 4.105122783140397, 2.2415759867780545, -1.3660753740510951], [6.1081246853803, -5.179204543044876, -2.0076269150380215, 2.859462476909558]], [[13.777229345797839, -0.893781245140452, -0.2879383449434049, -0.0840810815654531], [-13.354846710103995, -0.3782616412311363, 0.839634045171769, 0.1997281626531688]], [[9.191457440629573, -0.0510859622017673, -4.249129759531831, -1.4386701590988091], [-8.082393531649867, -2.0244685451614837, 3.2886161242254226, 2.1466260779361517]], [[-7.55729836797065, 4.260756888475574, 0.7094477192726636, -1.1831016160568264], [4.928613030218276, -5.726077158689552, -0.7119770595450743, 2.6301248258690784]], [[-10.09797074053314, 3.437747257043757, 2.368870165751724, -1.9604975889229594], [6.977426981495179, -4.0567865205897435, -2.4103473404315374, 3.4451925668905425]], [[-13.354846710103995, -0.3782616412311363, 0.839634045171769, 0.1997281626531688], [13.777229345797839, -0.893781245140452, -0.2879383449434049, -0.0840810815654531]], [[-1.2206261949618047, 2.8872610189122234, -0.9642972388690351, -3.187636286219548], [1.4507773566656228, -4.673749553404633, 0.17887213291545753, 3.6600037173401834]], [[-13.354846710103995, -0.3782616412311363, 0.839634045171769, 0.1997281626531688], [13.777229345797839, -0.893781245140452, -0.2879383449434049, -0.0840810815654531]], [[-13.354846710103995, -0.3782616412311363, 0.839634045171769, 0.1997281626531688], [13.777229345797839, -0.893781245140452, -0.2879383449434049, -0.0840810815654531]], [[-7.55729836797065, 4.260756888475574, 0.7094477192726636, -1.1831016160568264], [4.928613030218276, -5.726077158689552, -0.7119770595450743, 2.6301248258690784]], [[13.777229345797839, -0.893781245140452, -0.2879383449434049, -0.0840810815654531], [-13.354846710103995, -0.3782616412311363, 0.839634045171769, 0.1997281626531688]], [[-13.354846710103995, -0.3782616412311363, 0.839634045171769, 0.1997281626531688], [13.777229345797839, -0.893781245140452, -0.2879383449434049, -0.0840810815654531]], [[0.9682529833430369, -6.051881499610817, 1.9801577366674517, 2.366760963446806], [-0.9945714650399924, 3.043286778079913, -0.910929884005795, -0.19981885024285514]], [[0.986611814852216, -4.809778127476733, -0.24374538526849607, 3.754666024990315], [-0.45605158771730164, 3.0035187475243323, -0.39223999887480043, -3.2760538271963013]], [[-7.55729836797065, 4.260756888475574, 0.7094477192726636, -1.1831016160568264], [4.928613030218276, -5.726077158689552, -0.7119770595450743, 2.6301248258690784]], [[13.777229345797839, -0.893781245140452, -0.2879383449434049, -0.0840810815654531], [-13.354846710103995, -0.3782616412311363, 0.839634045171769, 0.1997281626531688]], [[-7.549192158834238, 4.205977613307536, 0.6550053890031237, -1.295702625695689], [4.944916093671657, -5.656380025450538, -0.6909343875399351, 2.693698110948256]], [[-4.378533975832787, -4.066178029966555, 2.730694359943775, 1.6890008852998206], [5.825365388304094, 1.4867282355448814, -3.4238562295696457, -0.7371089200534646]]], "refit_milp_assignment": [[13.777293674836585, -0.8938181974239904, -0.2879502847237829, -0.08408832539122336], [-13.354875562268472, -0.378273014568345, 0.8396650510072308, 0.199736688493969]], "refit_ground_truth_assignment": [[-13.354875562268472, -0.378273014568345, 0.8396650510072308, 0.199736688493969], [13.777293674836585, -0.8938181974239904, -0.2879502847237829, -0.08408832539122336]]}