{"X": [[-2.5868711703897262, -0.683494731312408], [2.0057628343160854, -1.4905761732144631], [-1.1159044377246778, -0.8180152298536987], [2.102908089092849, 5.584416025629915], [1.083078785996807, -1.2358508902270335], [2.0781166411615777, -0.19231939961293398], [0.9617390069576971, 3.350002439000582], [-0.4957418985877249, 1.0180505019466501], [-0.756215786480684, 0.6871316592307527], [1.5131409040025914, -0.9775580975392435], [0.3223560679416073, 0.5276319382947974], [-0.27531002496860246, -1.3752245727705685], [-1.8424344546082536, 0.6930096086461017], [0.461886079567973, 5.462733577773209], [-3.8695351530420883, 1.2254530096332978], [1.7408890733264686, 3.7192677253451922], [2.0037144135626264, -0.6884274076597237], [1.0000195229431923, 2.0847051442980584], [0.37298360601318226, 2.542023476138823], [-2.736181309127527, 4.462369331960936], [3.9353560211468257, 0.3286453229523051], [2.2226815591474347, 1.0959411837363768], [-0.6582705780295575, 1.1754204368166628], [3.00073177310139, 0.2378149649693001], [0.2486611538420127, 0.8510584742120381], [1.8669926601531417, 3.5567584605437363], [-0.26935861035872466, 2.0167924853668637], [1.432232012527364, -2.717224772246995], [0.1613670356946223, 0.7353422031265133], [0.9208595206127886, 1.6520068667739611], [-3.0806460974574303, 1.0925110462833938], [-0.355351154656083, -1.8788780534772362], [2.0485928600206975, 2.470559152130405], [-0.3065005355840713, 2.6849125631426802], [0.23696703646982764, 1.1329780182922897], [-1.197477893992113, 4.168974112791353], [-4.318898912766977, 0.8170947542186837], [2.390239210093983, -3.066933092245227], [0.6210614705752384, 0.8455626692940856], [2.649406010873963, 3.496425841194068], [0.19221546132412104, -1.7690373330717297], [3.734470847854249, 3.4357712661125808], [0.07598930369323909, 1.7017769881754927], [1.763732468253394, 2.132550882884912], [1.408415957828224, 3.813392483322741]], "y": [-4.039754808555033, -12.50908953997475, 0.9493555207191386, -19.631286639355068, -9.90376932287416, -7.248175476096717, -18.000221107037326, -12.403290178878459, -8.96241308918906, -12.324504981196743, -15.178889259961839, -8.910845030833423, -9.321151566574933, -14.155477121421296, -11.52735148817845, 6.89370503868669, 6.858763781737212, 12.212915819564593, 0.22927087758080678, 6.270749237756332, 3.78969087970422, 2.9394470526519902, -1.16713762367365, 4.24539988266985, 6.179814133079844, 11.766424274691406, 3.971973992346196, -2.4459490018927603, 2.3961210959655794, 4.549658719828429, 12.57687311299949, 7.566076374913914, 10.430233021514953, 9.884104561423506, 9.953915977494706, 11.169411426857101, 10.341629902793915, 14.604300621630411, 9.842597792015209, 16.079946212277918, 8.771832238742032, 9.04496425092294, 10.530360289821855, 11.633662988336562, 11.46582426667855], "z": [0, 0, 0, 0, 0, 0, 0, 0, 0, 0, 0, 0, 0, 0, 0, 1, 1, 1, 1, 1, 1, 1, 1, 1, 1, 1, 1, 1, 1, 1, 2, 2, 2, 2, 2, 2, 2, 2, 2, 2, 2, 2, 2, 2, 2], "regression_weights": [[[-10], -1.4359949021420038, -1.0259262318278912], [[1], 1.4503375221212909, 1.5646776073817232], [[10], 0.1, 0.1]], "ground_truth_mse": 8.980590884295703, "ground_truth_r2": 0.9092018074875072, "train": [0, 1, 2, 3, 4, 5, 6, 7, 8, 9, 10, 11, 12, 13, 14, 15, 16, 17, 18, 19, 20, 21, 22, 23, 24, 25, 26, 27, 28, 29, 30, 31, 32, 33, 34, 35, 36, 37, 38, 39, 40, 41, 42, 43, 44], "val": null, "input_args": {"N": 45, "K": 3, "D": 2, "noise_std": 3.5, "outlier_ratio": 0.0}}