{"time_milp": 0.36457014083862305, "time_greedy": 1.0126074075698852, "time_refit_milp_assignment": 0.7951152324676514, "mse_refit_ground_truth_assignment": 30.695372431517566, "r2_refit_ground_truth_assignment": 0.8497102891604105, "weight_mismatch_refit_ground_truth_assignment": 8.769872516748599, "refit-weight_mismatch_refit_ground_truth_assignment": 0.0, "rand_score_refit_ground_truth_assignment": 1.0, "label_mismatch_refit_ground_truth_assignment": 0.0, "mse_milp": 30.695383680013038, "r2_milp": 0.849710234085883, "weight_mismatch_milp": 8.760691914091938, "refit-weight_mismatch_milp": 0.009438384661072441, "rand_score_milp": 1.0, "label_mismatch_milp": 0.0, "mse_refit_milp_assignment": 30.695372431517566, "r2_refit_milp_assignment": 0.8497102891604105, "weight_mismatch_refit_milp_assignment": 8.769872516748599, "refit-weight_mismatch_refit_milp_assignment": 0.0, "rand_score_refit_milp_assignment": 1.0, "label_mismatch_refit_milp_assignment": 0.0, "mse_greedy": 42.53234272889457, "r2_greedy": 0.7917544898887593, "weight_mismatch_greedy": 10.389491444603518, "refit-weight_mismatch_greedy": 4.7689464888059305, "rand_score_greedy": 0.9036904761904762, "label_mismatch_greedy": 0.08041666666666666, "mse_greedy_sem": 5.445850663122001, "r2_greedy_sem": 0.026663801628802344, "weight_mismatch_greedy_sem": 0.8614721654979616, "refit-weight_mismatch_greedy_sem": 2.2430431578969774, "rand_score_greedy_sem": 0.04422608852958203, "label_mismatch_greedy_sem": 0.0371315968207151, "mse_ground_truth": 41.177416420433055, "r2_ground_truth": 0.7825952945069943, "weight_mismatch_ground_truth": 0, "rand_score_ground_truth": 1, "label_mismatch_ground_truth": 0, "mse_baseline_sklearn": 200.25381985115868, "r2_baseline_sklearn": 0.01952358626371742, "mse_milp_val": 27.417725911423684, "r2_milp_val": 0.8358050573668787, "label_mismatch_milp_val": 0.0, "mse_refit_milp_assignment_val": 27.437869410278626, "r2_refit_milp_assignment_val": 0.8356844251653022, "label_mismatch_refit_milp_assignment_val": 0.0, "mse_greedy_val": 44.38837721644024, "label_mismatch_greedy_val": 0.07749999999999999, "mse_greedy_val_sem": 8.011143189431083, "label_mismatch_greedy_val_sem": 0.03561720828919343, "r2_greedy_val": 0.7341739036207215, "r2_greedy_val_sem": 0.047975867898887095, "mse_refit_ground_truth_assignment_val": 27.437869410278626, "r2_refit_ground_truth_assignment_val": 0.8356844251653022, "label_mismatch_refit_ground_truth_assignment_val": 0.0, "mse_ground_truth_val": 30.292926903470583, "r2_ground_truth_val": 0.8185865081891319, "label_mismatch_ground_truth_val": 0.0, "mse_baseline_sklearn_val": 167.2557127958218, "r2_baseline_sklearn_val": -0.0016345723307928939, "random_state": 12}