{"ground_truth": [[-10, 0.2, 0.4, 0.3], [10, -0.2, -0.4, -0.3]], "milp": [[-15.055178663041, 0.9965075635522891, 0.28689097418991744, 0.3779882998666515], [13.61717262578179, 0.11211022349861471, -0.2933335071860185, -0.04238144742801997]], "greedy": [[[-15.060863840175678, 0.9976297636147051, 0.2875859114214207, 0.37842234100832606], [13.620569536989843, 0.11160332871838234, -0.2936563577542634, -0.04279822083280986]], [[-15.060863840175678, 0.9976297636147051, 0.2875859114214207, 0.37842234100832606], [13.620569536989843, 0.11160332871838234, -0.2936563577542634, -0.04279822083280986]], [[-15.060863840175678, 0.9976297636147051, 0.2875859114214207, 0.37842234100832606], [13.620569536989843, 0.11160332871838234, -0.2936563577542634, -0.04279822083280986]], [[5.548162402158946, -1.0781805693587119, -4.489592994760141, 3.015907329837956], [-4.566903802318203, 0.11597314754324599, 5.69688497704609, -2.6016879005072586]], [[-5.76604785452165, -0.05325387609986856, 5.739671863745875, -2.275956236543796], [6.573835109371936, -0.8883078945074415, -4.529637292312993, 2.6671375674575057]], [[-15.060863840175678, 0.9976297636147051, 0.2875859114214207, 0.37842234100832606], [13.620569536989843, 0.11160332871838234, -0.2936563577542634, -0.04279822083280986]], [[13.620569536989843, 0.11160332871838234, -0.2936563577542634, -0.04279822083280986], [-15.060863840175678, 0.9976297636147051, 0.2875859114214207, 0.37842234100832606]], [[-4.721091102083169, -0.17633502875029394, 6.307955147081824, -1.8386929045552047], [5.768694728729615, -0.8582205439649842, -4.754245572694921, 2.141185002483771]], [[1.0249472908646733, 0.6893025958185542, -3.9462193897354148, -1.3553927942643114], [-0.4458132862710187, -1.2024224095079992, 5.3871798334871155, 1.829206528913309]], [[-15.060863840175678, 0.9976297636147051, 0.2875859114214207, 0.37842234100832606], [13.620569536989843, 0.11160332871838234, -0.2936563577542634, -0.04279822083280986]], [[-15.060863840175678, 0.9976297636147051, 0.2875859114214207, 0.37842234100832606], [13.620569536989843, 0.11160332871838234, -0.2936563577542634, -0.04279822083280986]], [[-15.060863840175678, 0.9976297636147051, 0.2875859114214207, 0.37842234100832606], [13.620569536989843, 0.11160332871838234, -0.2936563577542634, -0.04279822083280986]], [[-15.060863840175678, 0.9976297636147051, 0.2875859114214207, 0.37842234100832606], [13.620569536989843, 0.11160332871838234, -0.2936563577542634, -0.04279822083280986]], [[-15.060863840175678, 0.9976297636147051, 0.2875859114214207, 0.37842234100832606], [13.620569536989843, 0.11160332871838234, -0.2936563577542634, -0.04279822083280986]], [[-15.060863840175678, 0.9976297636147051, 0.2875859114214207, 0.37842234100832606], [13.620569536989843, 0.11160332871838234, -0.2936563577542634, -0.04279822083280986]], [[-15.060863840175678, 0.9976297636147051, 0.2875859114214207, 0.37842234100832606], [13.620569536989843, 0.11160332871838234, -0.2936563577542634, -0.04279822083280986]], [[13.620569536989843, 0.11160332871838234, -0.2936563577542634, -0.04279822083280986], [-15.060863840175678, 0.9976297636147051, 0.2875859114214207, 0.37842234100832606]], [[-15.060863840175678, 0.9976297636147051, 0.2875859114214207, 0.37842234100832606], [13.620569536989843, 0.11160332871838234, -0.2936563577542634, -0.04279822083280986]], [[-15.060863840175678, 0.9976297636147051, 0.2875859114214207, 0.37842234100832606], [13.620569536989843, 0.11160332871838234, -0.2936563577542634, -0.04279822083280986]], [[13.620569536989843, 0.11160332871838234, -0.2936563577542634, -0.04279822083280986], [-15.060863840175678, 0.9976297636147051, 0.2875859114214207, 0.37842234100832606]]], "refit_milp_assignment": [[-15.060962391493483, 0.9976763281707426, 0.287594786366909, 0.37843175151323327], [13.62057365496588, 0.11160833837210687, -0.2936705314933211, -0.04279826184978559]], "refit_ground_truth_assignment": [[-15.060962391493483, 0.9976763281707426, 0.287594786366909, 0.37843175151323327], [13.62057365496588, 0.11160833837210687, -0.2936705314933211, -0.04279826184978559]]}