{"time_milp": 0.0737307071685791, "time_greedy": 0.8150200605392456, "time_refit_milp_assignment": 0.5024318695068359, "mse_refit_ground_truth_assignment": 11.749304482417285, "r2_refit_ground_truth_assignment": 0.8845949703516824, "weight_mismatch_refit_ground_truth_assignment": 2.6515841894129406, "refit-weight_mismatch_refit_ground_truth_assignment": 0.0, "rand_score_refit_ground_truth_assignment": 1.0, "label_mismatch_refit_ground_truth_assignment": 0.0, "mse_milp": 10.572445862744605, "r2_milp": 0.8961544123678844, "weight_mismatch_milp": 2.4003239122062645, "refit-weight_mismatch_milp": 1.2823509546342962, "rand_score_milp": 0.96, "label_mismatch_milp": 0.02, "mse_refit_milp_assignment": 10.290921148427794, "r2_refit_milp_assignment": 0.8989196286452467, "weight_mismatch_refit_milp_assignment": 2.171092812356933, "refit-weight_mismatch_refit_milp_assignment": 0.6923472577498146, "rand_score_refit_milp_assignment": 0.96, "label_mismatch_refit_milp_assignment": 0.02, "mse_greedy": 19.939524984173268, "r2_greedy": 0.8041482816778229, "weight_mismatch_greedy": 8.228276545530681, "refit-weight_mismatch_greedy": 7.322500082607007, "rand_score_greedy": 0.8321632653061224, "label_mismatch_greedy": 0.128, "mse_greedy_sem": 3.415796881357467, "r2_greedy_sem": 0.03355093409619315, "weight_mismatch_greedy_sem": 2.5227515239369236, "refit-weight_mismatch_greedy_sem": 2.6632347661841744, "rand_score_greedy_sem": 0.04550197745628315, "label_mismatch_greedy_sem": 0.039320545051638005, "mse_ground_truth": 15.680109381916523, "r2_ground_truth": 0.8459854801774069, "weight_mismatch_ground_truth": 0, "rand_score_ground_truth": 1, "label_mismatch_ground_truth": 0, "mse_baseline_sklearn": 100.12127268250508, "r2_baseline_sklearn": 0.016511558668704907, "random_state": 8}