{"time_milp": 1.2644720077514648, "time_greedy": 1.0746488690376281, "time_refit_milp_assignment": 1.6866810321807861, "mse_refit_ground_truth_assignment": 11.525852241055079, "r2_refit_ground_truth_assignment": 0.8872289592881958, "weight_mismatch_refit_ground_truth_assignment": 1.0238468290471525, "refit-weight_mismatch_refit_ground_truth_assignment": 0.0, "rand_score_refit_ground_truth_assignment": 1.0, "label_mismatch_refit_ground_truth_assignment": 0.0, "mse_milp": 11.516868114209394, "r2_milp": 0.8873168616240131, "weight_mismatch_milp": 0.4999495317837367, "refit-weight_mismatch_milp": 0.5798002250150481, "rand_score_milp": 0.9866666666666667, "label_mismatch_milp": 0.006666666666666667, "mse_refit_milp_assignment": 11.483939184576121, "r2_refit_milp_assignment": 0.8876390442779815, "weight_mismatch_refit_milp_assignment": 0.9289621551114682, "refit-weight_mismatch_refit_milp_assignment": 0.5104780158746764, "rand_score_refit_milp_assignment": 0.9866666666666667, "label_mismatch_refit_milp_assignment": 0.006666666666666667, "mse_greedy": 16.583116919826814, "r2_greedy": 0.8377477591953573, "weight_mismatch_greedy": 2.8748335941608922, "refit-weight_mismatch_greedy": 2.5878757387682034, "rand_score_greedy": 0.898523489932886, "label_mismatch_greedy": 0.07599999999999998, "mse_greedy_sem": 2.3414826792986836, "r2_greedy_sem": 0.02290949363489367, "weight_mismatch_greedy_sem": 0.9782941438414178, "refit-weight_mismatch_greedy_sem": 1.0465420976482485, "rand_score_greedy_sem": 0.040547251074188106, "label_mismatch_greedy_sem": 0.032301213925371774, "mse_ground_truth": 11.7922560386346, "r2_ground_truth": 0.88462241593901, "weight_mismatch_ground_truth": 0, "rand_score_ground_truth": 1, "label_mismatch_ground_truth": 0, "mse_baseline_sklearn": 98.7833375154436, "r2_baseline_sklearn": 0.03344342111297949, "random_state": 3}