{"time_milp": 0.6962110996246338, "time_refit_milp_assignment": 1.3887290954589844, "mse_refit_ground_truth_assignment": 3.0420856952655706, "r2_refit_ground_truth_assignment": 0.9624071330529508, "weight_mismatch_refit_ground_truth_assignment": 0.7165707534208274, "refit-weight_mismatch_refit_ground_truth_assignment": 0.0, "rand_score_refit_ground_truth_assignment": 1.0, "label_mismatch_refit_ground_truth_assignment": 0.0, "mse_milp": 2.9244639677876725, "r2_milp": 0.9638606548778095, "weight_mismatch_milp": 0.9815404232408904, "refit-weight_mismatch_milp": 0.27458988194722417, "rand_score_milp": 0.8906832298136645, "label_mismatch_milp": 0.05714285714285714, "mse_refit_milp_assignment": 2.9244493160853677, "r2_refit_milp_assignment": 0.9638608359376317, "weight_mismatch_refit_milp_assignment": 0.9813255836793425, "refit-weight_mismatch_refit_milp_assignment": 0.27379782805233627, "rand_score_refit_milp_assignment": 0.8906832298136645, "label_mismatch_refit_milp_assignment": 0.05714285714285714, "mse_greedy": NaN, "r2_greedy": NaN, "mse_ground_truth": 3.2635477082226, "r2_ground_truth": 0.959670394899954, "weight_mismatch_ground_truth": 0, "rand_score_ground_truth": 1, "label_mismatch_ground_truth": 0, "mse_baseline_sklearn": 80.58538980250431, "r2_baseline_sklearn": 0.004125247680621724, "random_state": 42}