{"ground_truth": [[-5, 2, 4], [5, -2, -4]], "milp": [[4.568416306920346, -1.8201221973595958, -4.128342277438484], [-5.4242292778372265, 2.257300871407549, 4.022674254603027]], "refit_milp_assignment": [[4.57120210526342, -1.8207600432284572, -4.129038023984895], [-5.426678688782726, 2.2576616853130322, 4.023431939562928]], "refit_ground_truth_assignment": [[-5.372874103073576, 2.2210391639769855, 4.039664572041638], [4.762264330957663, -1.8973001555199882, -4.109819253591968]]}