{"time_milp": 3.5661280155181885, "time_refit_milp_assignment": 4.034444808959961, "mse_refit_ground_truth_assignment": 14.77388537522417, "r2_refit_ground_truth_assignment": 0.886796788546627, "weight_mismatch_refit_ground_truth_assignment": 2.744992603457068, "refit-weight_mismatch_refit_ground_truth_assignment": 0.0, "rand_score_refit_ground_truth_assignment": 1.0, "label_mismatch_refit_ground_truth_assignment": 0.0, "mse_milp": 14.77389231156392, "r2_milp": 0.8867967353977149, "weight_mismatch_milp": 2.7383112592191576, "refit-weight_mismatch_milp": 0.007595411993336969, "rand_score_milp": 1.0, "label_mismatch_milp": 0.0, "mse_refit_milp_assignment": 14.77388537522417, "r2_refit_milp_assignment": 0.886796788546627, "weight_mismatch_refit_milp_assignment": 2.744992603457068, "refit-weight_mismatch_refit_milp_assignment": 0.0, "rand_score_refit_milp_assignment": 1.0, "label_mismatch_refit_milp_assignment": 0.0, "mse_greedy": NaN, "r2_greedy": NaN, "mse_ground_truth": 21.483530036993326, "r2_ground_truth": 0.8467854841927761, "weight_mismatch_ground_truth": 0, "rand_score_ground_truth": 1, "label_mismatch_ground_truth": 0, "mse_baseline_sklearn": 123.52532312626538, "r2_baseline_sklearn": 0.05350130188778013, "mse_milp_val": 22.52924778745064, "r2_milp_val": 0.8541908892253982, "label_mismatch_milp_val": 0.0, "mse_refit_milp_assignment_val": 22.523679623736513, "r2_refit_milp_assignment_val": 0.8542269263362446, "label_mismatch_refit_milp_assignment_val": 0.0, "mse_refit_ground_truth_assignment_val": 22.523679623736513, "r2_refit_ground_truth_assignment_val": 0.8542269263362446, "label_mismatch_refit_ground_truth_assignment_val": 0.0, "mse_ground_truth_val": 26.134429708505376, "r2_ground_truth_val": 0.8308581807812897, "label_mismatch_ground_truth_val": 0.0, "mse_baseline_sklearn_val": 155.00990002418183, "r2_baseline_sklearn_val": -0.003222828255086574, "random_state": 7}