{"time_milp": 96.3871397972107, "time_refit_milp_assignment": 97.00408172607422, "mse_refit_ground_truth_assignment": 26.72523887074349, "r2_refit_ground_truth_assignment": 0.8592701503005753, "weight_mismatch_refit_ground_truth_assignment": 6.244593245419596, "refit-weight_mismatch_refit_ground_truth_assignment": 0.0, "rand_score_refit_ground_truth_assignment": 1.0, "label_mismatch_refit_ground_truth_assignment": 0.0, "mse_milp": 26.72524739138878, "r2_milp": 0.8592701054325336, "weight_mismatch_milp": 6.237205788464495, "refit-weight_mismatch_milp": 0.008141840556710573, "rand_score_milp": 1.0, "label_mismatch_milp": 0.0, "mse_refit_milp_assignment": 26.72523887074349, "r2_refit_milp_assignment": 0.8592701503005753, "weight_mismatch_refit_milp_assignment": 6.244593245419596, "refit-weight_mismatch_refit_milp_assignment": 0.0, "rand_score_refit_milp_assignment": 1.0, "label_mismatch_refit_milp_assignment": 0.0, "mse_greedy": NaN, "r2_greedy": NaN, "mse_ground_truth": 46.125951094588245, "r2_ground_truth": 0.7735244309436244, "weight_mismatch_ground_truth": 0, "rand_score_ground_truth": 1, "label_mismatch_ground_truth": 0, "mse_baseline_sklearn": 174.31985538662357, "r2_baseline_sklearn": 0.0820659389862165, "mse_milp_val": 34.94876809281415, "r2_milp_val": 0.8436403011586593, "label_mismatch_milp_val": 0.0, "mse_refit_milp_assignment_val": 34.940345179789816, "r2_refit_milp_assignment_val": 0.8436779850089271, "label_mismatch_refit_milp_assignment_val": 0.0, "mse_refit_ground_truth_assignment_val": 34.940345179789816, "r2_refit_ground_truth_assignment_val": 0.8436779850089271, "label_mismatch_refit_ground_truth_assignment_val": 0.0, "mse_ground_truth_val": 54.8180785012057, "r2_ground_truth_val": 0.7547456258616493, "label_mismatch_ground_truth_val": 0.0, "mse_baseline_sklearn_val": 224.8303316214295, "r2_baseline_sklearn_val": -0.0058838940864873734, "random_state": 5}