{"ground_truth": [[-10, 0.2, 0.4, 0.3], [10, -0.2, -0.4, -0.3]], "milp": [[-13.076976083992149, -0.4410456428351543, 0.672512811354105, 0.3345426101534352], [12.988696712319706, -0.6090438396482538, 0.23109841668908393, -0.25603212801381225]], "refit_milp_assignment": [[-13.080720012470504, -0.44047666230287896, 0.6727841264642439, 0.33547807790938494], [12.992764597473919, -0.6096058229748982, 0.23013595102457696, -0.2563744103471387]], "refit_ground_truth_assignment": [[-13.080720012470504, -0.44047666230287896, 0.6727841264642439, 0.33547807790938494], [12.992764597473919, -0.6096058229748982, 0.23013595102457696, -0.2563744103471387]]}