{"ground_truth": [[-10, -1.4359949021420038, -1.0259262318278912], [1, 1.4503375221212909, 1.5646776073817232], [10, 0.1, 0.1]], "milp": [[-10.066646620245164, -1.811605269141154, -0.7313968623516856], [10.262445975283608, 0.6655155844327477, 0.26269218996369814], [-0.6885675887127507, 2.2334913541452233, 1.1705869969813336]], "refit_milp_assignment": [[-10.072659578598866, -1.8105255687428594, -0.7305520801002305], [10.26712913288357, 0.6652059775791549, 0.2619657773829951], [-0.6893678449264922, 2.2337745828728193, 1.1708171454483491]], "refit_ground_truth_assignment": [[-10.489855722630926, -1.6094458180129425, -0.54005531536797], [1.4833127504634853, 1.2306382516777252, 1.538791351398763], [10.764675103216423, 0.08295953237414017, 0.2564211047522746]]}