{"time_milp": 36447.30507826805, "time_greedy": 0.5398812294006348, "time_refit_milp_assignment": 36450.460663080215, "mse_refit_ground_truth_assignment": 6.146540506154515, "r2_refit_ground_truth_assignment": 0.9503750800974529, "weight_mismatch_refit_ground_truth_assignment": 2.47584049633107, "refit-weight_mismatch_refit_ground_truth_assignment": 0.0, "rand_score_refit_ground_truth_assignment": 1.0, "label_mismatch_refit_ground_truth_assignment": 0.0, "mse_milp": 5.031016792702483, "r2_milp": 0.9593814105485448, "weight_mismatch_milp": 3.1416386815333834, "refit-weight_mismatch_milp": 2.069312626615415, "rand_score_milp": 0.8748043818466353, "label_mismatch_milp": 0.1111111111111111, "mse_refit_milp_assignment": 5.030963333619476, "r2_refit_milp_assignment": 0.9593818421576279, "weight_mismatch_refit_milp_assignment": 3.156146882835916, "refit-weight_mismatch_refit_milp_assignment": 2.033522865351308, "rand_score_refit_milp_assignment": 0.8748043818466353, "label_mismatch_refit_milp_assignment": 0.1111111111111111, "mse_greedy": 10.552765000021445, "r2_greedy": 0.9148008351442396, "weight_mismatch_greedy": 20.750521397964626, "refit-weight_mismatch_greedy": 20.583814698073574, "rand_score_greedy": 0.7238262910798121, "label_mismatch_greedy": 0.35416666666666663, "mse_greedy_sem": 1.9728683121039094, "r2_greedy_sem": 0.015928217160270777, "weight_mismatch_greedy_sem": 2.2459958695380218, "refit-weight_mismatch_greedy_sem": 2.3011993413298284, "rand_score_greedy_sem": 0.016359866181136423, "label_mismatch_greedy_sem": 0.02605202035893428, "mse_ground_truth": 7.193440021378157, "r2_ground_truth": 0.9422003489668482, "weight_mismatch_ground_truth": 0, "rand_score_ground_truth": 1, "label_mismatch_ground_truth": 0, "mse_baseline_sklearn": 116.39148018881673, "r2_baseline_sklearn": 0.06029776002850462, "mse_milp_val": 6.816618155309658, "r2_milp_val": 0.9454910068464866, "label_mismatch_milp_val": 0.10416666666666667, "mse_refit_milp_assignment_val": 6.822519897547348, "r2_refit_milp_assignment_val": 0.9454438136460023, "label_mismatch_refit_milp_assignment_val": 0.10416666666666667, "mse_greedy_val": 31.770045074602955, "label_mismatch_greedy_val": 0.3427083333333333, "mse_greedy_val_sem": 6.209768365277534, "label_mismatch_greedy_val_sem": 0.023920164103345822, "r2_greedy_val": 0.7459512723168402, "r2_greedy_val_sem": 0.04965632716923705, "mse_refit_ground_truth_assignment_val": 8.315181755825925, "r2_refit_ground_truth_assignment_val": 0.9335077636634987, "label_mismatch_refit_ground_truth_assignment_val": 0.14583333333333334, "mse_ground_truth_val": 8.075248301147157, "r2_ground_truth_val": 0.9354263882278212, "label_mismatch_ground_truth_val": 0.14583333333333334, "mse_baseline_sklearn_val": 125.55115423926492, "r2_baseline_sklearn_val": -0.003968074918950126}