{"ground_truth": [[-10, -1.337719620706157, -1.6626352006348812, -1.0611537685933308], [1, 1.6272285743807728, 1.565890653114534, 1.026132378542826], [10, 0.1, 0.1, 0.1]], "milp": [[-10.95760887513907, -1.3875942319176013, -1.716919780155277, -0.5083009806140117], [1.481739353577052, 1.3382245728465043, 1.6300488747288715, 0.3842583698387027], [9.348509792205522, 1.0758259306253408, 0.2021105195764298, 0.07396089755652566]], "greedy": [[[-17.956496332320853, 4.504083552494492, 1.9065692610696114, 0.35418701688230825], [-0.12190173019980222, -7.95458181223061, -3.3052926978703634, -0.40075721426795774], [7.218976228737412, 0.4377215193485698, 0.77745527563015, 0.44984004982489145]], [[-9.778240198649538, -5.08214609482376, 4.739434996805139, 5.666638709571868], [7.349155145991039, 3.7667823966868177, -9.110123365037216, -0.9224478425890859], [-4.2462344883234, 6.529190770405495, 4.51414407706329, -5.22249200184919]], [[6.171879096002551, 2.6184148647354504, -2.410129088717115, 1.0625388544886887], [-10.98590739595243, -1.3751715053316365, -1.7075531330136722, -0.5030618645956794], [5.785764953032896, -0.5357213385212579, 2.73833209431836, 0.7832320940050329]], [[7.507245704314856, 0.23409015280869488, 0.7225961573436661, 0.3929767738811046], [-18.624859208257064, 6.31130533281388, 4.207854207121886, -0.5617584748213238], [-0.08178961910752314, -8.053520992244671, -3.378880977164457, -0.7086315481021812]], [[7.494474819795217, 0.6794049576925493, 0.5115977860956125, 0.21952296544786162], [-6.727279369427737, -5.939940420949677, 0.33917541914407623, 0.6625687354371325], [-1.7551469553544017, -1.3602781083030793, -5.536495179701578, -2.3767123580566665]], [[-13.767435139595248, 0.501800015148144, 8.334048348335227, 3.0906891378382992], [-3.1140135902147907, 6.921962536409145, 0.1800723280159101, -5.611296368550286], [8.451940861907962, -7.190943219585367, -4.5641426032392864, 3.94802736108436]], [[-1.9403925470937504, 1.2220681855343039, 4.493146145396677, -1.0922275508676844], [-10.637530413768289, -1.9958795901495396, -1.541390270185075, -0.7740460715972391], [7.800365274962353, 0.49489916486924385, 1.5734756189015695, 0.03438716932376983]], [[2.346648251579751, 1.5598384453630316, -8.458772260828718, -2.7206512923207917], [4.827847880675302, -5.352010162527832, 5.624396091609016, -2.3174532639965477], [-8.330015745367977, 0.23602227481304683, 2.479879697774277, 6.765058609614415]], [[-1.686783137430389, -8.224429760894038, -2.4349159881002755, -0.4509260207751818], [-19.02881981198817, 6.3881716756026465, 4.442320244119674, -0.5518606487883801], [7.507245704314856, 0.23409015280869488, 0.7225961573436661, 0.3929767738811046]], [[-5.21255056274641, -0.08730672058802998, 1.2075226455227526, 5.3875780567229095], [-13.46032251753636, -0.7895007190793912, -1.1864232921764253, 0.3508734338769996], [7.472572999419481, 0.48525169319078354, 0.2587262012115762, 1.6236259103735973]], [[-0.5594696326759347, 0.3736382022221505, 2.28138519664118, 3.270051947411343], [12.106299066971339, 0.24137404991753358, -2.035242444142562, -4.2002459072149], [-6.961637169570453, -2.3445946720280877, -3.1312653294223227, -2.416861906013719]], [[-10.98590739595243, -1.3751715053316365, -1.7075531330136722, -0.5030618645956794], [1.483866802671864, 1.3378798944999153, 1.62927157547016, 0.3839984871828578], [9.364049794858532, 1.0742018994440181, 0.19710638888357, 0.07013070047087056]], [[5.100905601198697, -0.4360258900377837, 1.8113466727226664, 1.5157952081198052], [-5.900179910517908, -6.117899723546326, -1.8097651201473275, -0.36367071868910933], [-6.10661299977952, 7.898008923745752, 6.266740274691981, -8.47223959456838]], [[7.179325621699187, 0.8204495175725902, 0.9299026703962399, 0.2209645869763528], [-10.637530413768289, -1.9958795901495396, -1.541390270185075, -0.7740460715972391], [-2.4535219244696655, 0.5507313296766015, 4.79743338946911, -0.23745824681353114]], [[6.117289478342792, 1.2729696964828892, 0.15773106145335639, 0.738524271560273], [-13.836164736713634, -0.048451926429261806, -1.4825330679249042, -0.24299704357602384], [7.354368214197174, -6.295178752294203, -13.645130632568724, 0.7409688116920293]], [[-22.496477419300525, 6.488069436365052, 2.668185730007215, 7.067350684778597], [6.0645341300413715, 1.382767463350181, 0.31152259715780095, 0.6983364180830698], [-8.424957678372794, -2.490536948249028, -2.1413174983781116, -1.0002353604665417]], [[-14.789059132957263, -0.6371355077012598, -0.7073230049380953, -0.15692384237688206], [-15.023576980468606, 5.343083654259095, 3.680219774890811, -0.7198210990251511], [5.804266335404754, 1.1705567422030358, 0.4955911599849217, 0.6615899976736854]], [[-12.750000034811652, -0.8008286511677506, -1.438675627099483, 0.09010089639747312], [-4.417728645535373, 0.0954327196526338, 0.9672766234714315, 5.022479487533549], [7.472572999419481, 0.48525169319078354, 0.2587262012115762, 1.6236259103735973]], [[6.663730297508474, 2.5332963455221535, 0.24189440080197772, -1.4705167392304324], [7.481291752453217, -2.6058340257723764, 0.7280230241656138, 2.049031789508522], [-10.98590739595243, -1.3751715053316365, -1.7075531330136722, -0.5030618645956794]], [[6.567869122594125, 0.08060131256449436, 1.1191676474447172, 0.7926396155126852], [-4.247689131863149, 5.627081523010656, -1.0084074037519306, -3.570495140371895], [-5.591278112330581, -6.015497288754784, -1.8119331722043697, 0.6452720641932106]]], "refit_milp_assignment": [[-10.982644671767819, -1.3770010904857048, -1.708997962013772, -0.503513741460684], [1.4826329592894094, 1.3383323185157652, 1.6303014273408782, 0.383665667146226], [9.363728889680479, 1.0745916661144774, 0.19714102758566843, 0.07004741100234659]], "refit_ground_truth_assignment": [[-10.982644671767819, -1.3770010904857048, -1.708997962013772, -0.503513741460684], [1.6199070934456676, 1.330157294420009, 1.4447189227921295, 1.0553275310576438], [9.91427345975249, 0.11409338215899312, -0.2860990231301233, 0.6102552551384894]]}