{"time_milp": 36454.84309840202, "time_greedy": 0.5900437235832214, "time_refit_milp_assignment": 36457.84035491943, "mse_refit_ground_truth_assignment": 8.342217025358444, "r2_refit_ground_truth_assignment": 0.9289226096432104, "weight_mismatch_refit_ground_truth_assignment": 4.872793683948911, "refit-weight_mismatch_refit_ground_truth_assignment": 0.0, "rand_score_refit_ground_truth_assignment": 1.0, "label_mismatch_refit_ground_truth_assignment": 0.0, "mse_milp": 6.5463952121196245, "r2_milp": 0.9442233777295368, "weight_mismatch_milp": 13.45899525016086, "refit-weight_mismatch_milp": 11.114707866544958, "rand_score_milp": 0.7703442879499217, "label_mismatch_milp": 0.2361111111111111, "mse_refit_milp_assignment": 6.546329965946914, "r2_refit_milp_assignment": 0.9442239336402345, "weight_mismatch_refit_milp_assignment": 13.48074779952215, "refit-weight_mismatch_refit_milp_assignment": 11.132275363475355, "rand_score_refit_milp_assignment": 0.7703442879499217, "label_mismatch_refit_milp_assignment": 0.2361111111111111, "mse_greedy": 10.91813487320282, "r2_greedy": 0.9069752642502884, "weight_mismatch_greedy": 20.222360331781463, "refit-weight_mismatch_greedy": 18.34309220564653, "rand_score_greedy": 0.7355242566510173, "label_mismatch_greedy": 0.3076388888888889, "mse_greedy_sem": 1.2175123742141511, "r2_greedy_sem": 0.01037345372617211, "weight_mismatch_greedy_sem": 2.8581191827634598, "refit-weight_mismatch_greedy_sem": 3.0206668511170234, "rand_score_greedy_sem": 0.02025244899717495, "label_mismatch_greedy_sem": 0.028432971090430196, "mse_ground_truth": 10.567857496545049, "r2_ground_truth": 0.913337702466464, "weight_mismatch_ground_truth": 0, "rand_score_ground_truth": 1, "label_mismatch_ground_truth": 0, "mse_baseline_sklearn": 117.1742776811995, "r2_baseline_sklearn": 0.0016512577885581248, "mse_milp_val": 24.935371830046844, "r2_milp_val": 0.8063485415552106, "label_mismatch_milp_val": 0.2916666666666667, "mse_refit_milp_assignment_val": 25.009819306117453, "r2_refit_milp_assignment_val": 0.805770372421946, "label_mismatch_refit_milp_assignment_val": 0.2916666666666667, "mse_greedy_val": 35.57126491995231, "label_mismatch_greedy_val": 0.3364583333333333, "mse_greedy_val_sem": 6.641454325552034, "label_mismatch_greedy_val_sem": 0.02771591704686204, "r2_greedy_val": 0.7237487623034256, "r2_greedy_val_sem": 0.051578429433638405, "mse_refit_ground_truth_assignment_val": 14.951073529892787, "r2_refit_ground_truth_assignment_val": 0.8838879478472336, "label_mismatch_refit_ground_truth_assignment_val": 0.20833333333333334, "mse_ground_truth_val": 10.573311885920186, "r2_ground_truth_val": 0.9178862348131175, "label_mismatch_ground_truth_val": 0.20833333333333334, "mse_baseline_sklearn_val": 128.83292696450476, "r2_baseline_sklearn_val": -0.0005338750282637417}