{"time_milp": 2.153761148452759, "time_greedy": 1.0825740575790406, "time_refit_milp_assignment": 2.5805041790008545, "mse_refit_ground_truth_assignment": 10.862656175055326, "r2_refit_ground_truth_assignment": 0.8897424816850574, "weight_mismatch_refit_ground_truth_assignment": 0.5222210170769762, "refit-weight_mismatch_refit_ground_truth_assignment": 0.0, "rand_score_refit_ground_truth_assignment": 1.0, "label_mismatch_refit_ground_truth_assignment": 0.0, "mse_milp": 10.897482925297936, "r2_milp": 0.88938898517455, "weight_mismatch_milp": 0.5535934917984615, "refit-weight_mismatch_milp": 0.5504202184203068, "rand_score_milp": 1.0, "label_mismatch_milp": 0.0, "mse_refit_milp_assignment": 10.862656175055326, "r2_refit_milp_assignment": 0.8897424816850574, "weight_mismatch_refit_milp_assignment": 0.5222210170769762, "refit-weight_mismatch_refit_milp_assignment": 0.0, "rand_score_refit_milp_assignment": 1.0, "label_mismatch_refit_milp_assignment": 0.0, "mse_greedy": 18.344623783710325, "r2_greedy": 0.8137994372446509, "weight_mismatch_greedy": 9.693584636087564, "refit-weight_mismatch_greedy": 9.399226336360925, "rand_score_greedy": 0.8576912751677852, "label_mismatch_greedy": 0.11399999999999999, "mse_greedy_sem": 2.622197600922149, "r2_greedy_sem": 0.026615681777076936, "weight_mismatch_greedy_sem": 3.2158696076079147, "refit-weight_mismatch_greedy_sem": 3.290426108696882, "rand_score_greedy_sem": 0.049870430739751684, "label_mismatch_greedy_sem": 0.03994996871087635, "mse_ground_truth": 11.05530929220278, "r2_ground_truth": 0.8877870249118702, "weight_mismatch_ground_truth": 0, "rand_score_ground_truth": 1, "label_mismatch_ground_truth": 0, "mse_baseline_sklearn": 96.19843749892813, "r2_baseline_sklearn": 0.02362017706998487, "random_state": 11}