{"ground_truth": [[-10, 0.2, 0.4], [10, -0.2, -0.4]], "milp": [[-9.824077695887764, 0.4320056566037672, 0.2008443507456644], [9.856655780888685, -0.23217373439433542, -0.2630614985178776]], "greedy": [[[-10.027736639467632, 0.46993823689290387, 0.23735987302824682], [10.171666268390485, -0.2883785262644234, -0.3457931190147298]], [[10.171666268390485, -0.2883785262644234, -0.3457931190147298], [-10.027736639467632, 0.46993823689290387, 0.23735987302824682]], [[-10.027736639467632, 0.46993823689290387, 0.23735987302824682], [10.171666268390485, -0.2883785262644234, -0.3457931190147298]], [[-5.319168189526941, 2.8046288762232625, 4.310354777049287], [4.20095609670347, -2.0015928722536747, -3.0054238624993173]], [[-10.027736639467632, 0.46993823689290387, 0.23735987302824682], [10.171666268390485, -0.2883785262644234, -0.3457931190147298]], [[10.171666268390485, -0.2883785262644234, -0.3457931190147298], [-10.027736639467632, 0.46993823689290387, 0.23735987302824682]], [[-10.027736639467632, 0.46993823689290387, 0.23735987302824682], [10.171666268390485, -0.2883785262644234, -0.3457931190147298]], [[10.171666268390485, -0.2883785262644234, -0.3457931190147298], [-10.027736639467632, 0.46993823689290387, 0.23735987302824682]], [[-10.027736639467632, 0.46993823689290387, 0.23735987302824682], [10.171666268390485, -0.2883785262644234, -0.3457931190147298]], [[-5.29921731386671, 3.0176034624231596, 3.988903454219111], [4.346795625629577, -1.442344052382138, -3.7418217401254465]], [[-10.027736639467632, 0.46993823689290387, 0.23735987302824682], [10.171666268390485, -0.2883785262644234, -0.3457931190147298]], [[-10.027736639467632, 0.46993823689290387, 0.23735987302824682], [10.171666268390485, -0.2883785262644234, -0.3457931190147298]], [[4.20095609670347, -2.0015928722536747, -3.0054238624993173], [-5.319168189526941, 2.8046288762232625, 4.310354777049287]], [[-5.319168189526941, 2.8046288762232625, 4.310354777049287], [4.20095609670347, -2.0015928722536747, -3.0054238624993173]], [[10.171666268390485, -0.2883785262644234, -0.3457931190147298], [-10.027736639467632, 0.46993823689290387, 0.23735987302824682]], [[10.171666268390485, -0.2883785262644234, -0.3457931190147298], [-10.027736639467632, 0.46993823689290387, 0.23735987302824682]], [[10.171666268390485, -0.2883785262644234, -0.3457931190147298], [-10.027736639467632, 0.46993823689290387, 0.23735987302824682]], [[10.171666268390485, -0.2883785262644234, -0.3457931190147298], [-10.027736639467632, 0.46993823689290387, 0.23735987302824682]], [[4.20095609670347, -2.0015928722536747, -3.0054238624993173], [-5.319168189526941, 2.8046288762232625, 4.310354777049287]], [[-5.319168189526941, 2.8046288762232625, 4.310354777049287], [4.20095609670347, -2.0015928722536747, -3.0054238624993173]]], "refit_milp_assignment": [[-10.031364560845882, 0.47140935083779356, 0.23830493881701853], [10.176621590924515, -0.2897833016603617, -0.3483897793050054]], "refit_ground_truth_assignment": [[-10.031364560845882, 0.47140935083779356, 0.23830493881701853], [10.176621590924515, -0.2897833016603617, -0.3483897793050054]]}