{"ground_truth": [[-10, -1.9651611059215952, -1.1901277185717456], [1, 1.0318152878691587, 1.1948357204076974], [10, 0.1, 0.1]], "milp": [[-6.525594610279589, -3.052155882474922, -1.6924307749962997], [8.992831915430507, 0.3797796329539712, 0.13782083063792716], [0.9919954756372115, 1.0165567433675742, 1.3023011397881652]], "refit_milp_assignment": [[-9.5071098801508, -2.0909587517099486, -1.2944587376402021], [9.930693993352577, 0.1401445809533043, 0.029082263919600435], [1.0517342885173306, 1.029611995831363, 1.3123245671470796]], "refit_ground_truth_assignment": [[-9.5071098801508, -2.0909587517099486, -1.2944587376402021], [1.0517342885173306, 1.029611995831363, 1.3123245671470796], [9.930693993352577, 0.1401445809533043, 0.029082263919600435]]}