{"time_milp": 2.833338737487793, "time_refit_milp_assignment": 3.505645751953125, "mse_refit_ground_truth_assignment": 0.3046526858657927, "r2_refit_ground_truth_assignment": 0.9964206827684193, "weight_mismatch_refit_ground_truth_assignment": 0.18603009123066205, "refit-weight_mismatch_refit_ground_truth_assignment": 0.0, "rand_score_refit_ground_truth_assignment": 1.0, "label_mismatch_refit_ground_truth_assignment": 0.0, "mse_milp": 0.30465800394666276, "r2_milp": 0.9964206202871106, "weight_mismatch_milp": 0.18540540471268746, "refit-weight_mismatch_milp": 0.006501274454926899, "rand_score_milp": 1.0, "label_mismatch_milp": 0.0, "mse_refit_milp_assignment": 0.3046526858657927, "r2_refit_milp_assignment": 0.9964206827684193, "weight_mismatch_refit_milp_assignment": 0.18603009123066205, "refit-weight_mismatch_refit_milp_assignment": 0.0, "rand_score_refit_milp_assignment": 1.0, "label_mismatch_refit_milp_assignment": 0.0, "mse_greedy": NaN, "r2_greedy": NaN, "mse_ground_truth": 0.41999076036901317, "r2_ground_truth": 0.995115108900446, "weight_mismatch_ground_truth": 0, "rand_score_ground_truth": 1, "label_mismatch_ground_truth": 0, "mse_baseline_sklearn": 84.91884059674591, "r2_baseline_sklearn": 0.0023016912850026827, "mse_milp_val": 0.5651941525313042, "r2_milp_val": 0.993519268575164, "label_mismatch_milp_val": 0.0, "mse_refit_milp_assignment_val": 0.5654679281333577, "r2_refit_milp_assignment_val": 0.9935161293598349, "label_mismatch_refit_milp_assignment_val": 0.0, "mse_refit_ground_truth_assignment_val": 0.5654679281333577, "r2_refit_ground_truth_assignment_val": 0.9935161293598349, "label_mismatch_refit_ground_truth_assignment_val": 0.0, "mse_ground_truth_val": 0.5330506431553198, "r2_ground_truth_val": 0.9938878382965324, "label_mismatch_ground_truth_val": 0.0, "mse_baseline_sklearn_val": 87.30990439557756, "r2_baseline_sklearn_val": -0.0011286185139751659, "random_state": 2}