{"ground_truth": [[-10, 0.2, 0.4, 0.3], [10, -0.2, -0.4, -0.3]], "milp": [[-12.544468093128048, 0.06576890298452846, 0.35218136422154883, 0.17390151105322157], [11.70791891401844, -0.04691342218385282, 0.15021596206185275, -0.6448245733960142]], "refit_milp_assignment": [[-12.548381506763882, 0.06625469281163386, 0.3527772245133069, 0.17476640558394327], [11.711328752006683, -0.0472415769014887, 0.1497457303773046, -0.6453736858971362]], "refit_ground_truth_assignment": [[-12.548381506763882, 0.06625469281163386, 0.3527772245133069, 0.17476640558394327], [11.711328752006683, -0.0472415769014887, 0.1497457303773046, -0.6453736858971362]]}