{"ground_truth": [[-10, 0.2, 0.4, 0.3], [10, -0.2, -0.4, -0.3]], "milp": [[-12.186701467524504, 0.4873728842323978, 0.03396981939268057, -0.12775113478177935], [11.825583903645231, 0.6105712821607154, -0.5130812523603898, -0.8939052570264381]], "refit_milp_assignment": [[-12.191174607075995, 0.48797818262490517, 0.03431493375914593, -0.12688682715615568], [11.828815088650472, 0.6099886038736603, -0.513414010807338, -0.8942613694849549]], "refit_ground_truth_assignment": [[-12.235296582051168, 0.47429680904763355, -0.030784864870191365, 0.005704307544770414], [12.028650877076101, 0.5703747560366341, -0.7185994815213883, -0.4271815719878552]]}