{"ground_truth": [[-10, 0.2, 0.4, 0.3], [10, -0.2, -0.4, -0.3]], "milp": [[-10.179584441240625, 0.1111702433926541, 0.45736061131752914, 0.3606782471136652], [9.892625040720818, -0.20726061497667986, -0.4410072513533118, -0.26487962447946456]], "refit_milp_assignment": [[-10.182134614860987, 0.11141055200516704, 0.4574492055180678, 0.3612450127191015], [9.895249665939716, -0.2075432464444929, -0.44149090558963394, -0.2653144690459638]], "refit_ground_truth_assignment": [[-10.182134614860987, 0.11141055200516704, 0.4574492055180678, 0.3612450127191015], [9.895249665939716, -0.2075432464444929, -0.44149090558963394, -0.2653144690459638]]}