{"time_milp": 18035.340106487274, "time_refit_milp_assignment": 18042.124444246292, "mse_refit_ground_truth_assignment": 197.83998069366055, "r2_refit_ground_truth_assignment": 0.5908267126178561, "weight_mismatch_refit_ground_truth_assignment": 23.39679544902173, "refit-weight_mismatch_refit_ground_truth_assignment": 0.0, "rand_score_refit_ground_truth_assignment": 1.0, "label_mismatch_refit_ground_truth_assignment": 0.0, "mse_milp": 88.9926772275299, "r2_milp": 0.8159450573819569, "weight_mismatch_milp": 29.695685863359977, "refit-weight_mismatch_milp": 24.971888011375604, "rand_score_milp": 0.7001400560224089, "label_mismatch_milp": 0.39166666666666666, "mse_refit_milp_assignment": 88.99254787054467, "r2_refit_milp_assignment": 0.8159453249184917, "weight_mismatch_refit_milp_assignment": 29.73024046480998, "refit-weight_mismatch_refit_milp_assignment": 25.00471044340859, "rand_score_refit_milp_assignment": 0.7001400560224089, "label_mismatch_refit_milp_assignment": 0.39166666666666666, "mse_greedy": NaN, "r2_greedy": NaN, "mse_ground_truth": 255.0404623688657, "r2_ground_truth": 0.47252449157626397, "weight_mismatch_ground_truth": 0, "rand_score_ground_truth": 1, "label_mismatch_ground_truth": 0, "mse_baseline_sklearn": 464.2401914734445, "r2_baseline_sklearn": 0.03980107070731187, "random_state": 4}