{"ground_truth": [[10, -1.7268997061616576, -1.6442174273999064, -1.2623583249889483, -1.0374328028553688, -1.6141178717355316, -1.0931409844124698, -1.9043813659853377, -1.8585982023499297, -1.523350351453462, -1.9669715871711282, -1.3053001504727884, -1.8574584837827017, -1.0840592297194154, -1.7267372102769047, -1.5291283151528718, -1.8012828201220774], [-10, 1.7350454277138092, 1.688278165831199, 1.623040150696988, 1.374856808027165, 1.648596445315032, 1.0154019515879966, 1.2023381298444538, 1.9288646336069066, 1.8201154636949644, 1.940569767933209, 1.4476866457524489, 1.5289965613597873, 1.9728105780591865, 1.2898535320677493, 1.7233306724103594, 1.7102077300651812]], "milp": [[-9.855599051927276, 1.7344358257203472, 1.6491523213776285, 1.6270879040918274, 1.4283896963252363, 1.7255744234096597, 1.0058370795939424, 1.1180680727623775, 1.9527657248536494, 1.66592562373225, 2.022745644170486, 1.3976946119763243, 1.4943519516219115, 1.9430403280182058, 1.328715231305488, 1.7539542085397721, 1.774843892249613], [10.040437331518417, -1.7950679973590076, -1.62187024712262, -1.3589592232497676, -1.024191734946366, -1.5675122133339356, -1.0361490345751856, -1.8599173614750488, -1.9509482770778765, -1.4958134836654937, -1.9835115040913143, -1.306816353725151, -1.8930155227286447, -1.1043751038000638, -1.8030197561631973, -1.525224884053093, -1.6799125972109228]], "greedy": [[[5.239626845472566, 2.504780348892756, 5.300602222338956, -8.215944258298888, -3.2524328729098313, 1.3464791409406935, -1.0116539727830265, -3.3298702819092934, 0.3992085572268478, -4.6518065955355, 4.416129503972452, -1.768718143392196, 0.49546393791285437, -0.9561696243374921, -1.491486033284685, 0.910117722716715, 4.163440949595263], [-43.76417756942626, 7.859036370592658, -4.600153526484035, 8.919095821492736, 4.7031323250213095, -7.181152252256815, -0.6835807209421213, -2.2656812035918765, 1.7100309104241975, 4.052544359476292, -3.591011187343478, 8.442244296248697, -3.5101905423982127, 6.078419779386964, 4.946085696463823, 7.662555064840178, -2.0937341441574775]], [[-9.519148101835677, 0.3944518247766901, -1.8099541619403399, -2.392662568611945, -0.8958143747058108, 0.3846326046287185, 1.2586849198120573, 1.6866050349556398, 0.8421916045725605, 4.989052576637857, -0.45585544397870614, 2.761203030958008, 1.3656201404303647, 3.796208198361944, 0.8475021653677167, 0.7084182974977972, 3.923775502943799], [-15.9480014710042, 5.92546503416548, 4.293401632200638, 4.030112850809266, 3.8076829289619476, 0.19648444231628684, 0.6882091973225513, 4.195726351837947, -0.9580263191540871, -5.875768605063128, 0.4345550413559655, -3.5175076673123327, 1.649709962520154, -4.562405530448864, 3.817128579659539, -1.2234303708289311, -4.6114962869348535]], [[-23.5759957762503, -5.594052718856645, 7.499343712992385, 3.886484622412223, -2.2435529674760284, 4.430140213773627, 2.5634665278817854, -1.2876462795338093, -2.7948638444745746, -3.7511407061599202, 1.2073202336281956, 0.7459561256765411, -7.013791646220747, 3.034748793870907, 6.387299945641498, 0.20663009264538515, 1.563057943131464], [14.098269443990304, 3.6987932260445473, 2.849674820774593, -2.936205725620454, -0.045482716930380244, -2.721490559212773, -0.4276443196156046, -7.433002875824731, 0.054799445860353235, 3.3448609289768028, -2.8415175802492296, -2.4004133697528633, 3.224769061811782, -0.03360007934680204, 0.03517267884749076, -1.7233525524357998, -2.983936513589839]], [[-0.32005111823332744, 1.5243036572985578, 7.700979125163816, -1.0211927580759506, 0.6649349627825925, -0.1825396953342693, -0.16454783280922697, 3.320094707794642, -0.6214549575381414, -4.665790679362256, -2.086250592216018, 5.075674777994452, 4.06603787521421, -2.901037334927479, 0.5640854195689634, -5.0193679605143116, -2.6467288561677735], [5.908579177791171, -0.47418007081721236, 1.5473004829766788, -2.1326549880557204, -5.631734097373918, 3.794570567509532, -2.299503810450214, -2.8379944254786573, 0.5001428453977025, -0.6787543584004057, 2.189986994013242, -7.490336017077247, -1.225532718298831, 4.367423645089055, 0.8593105318890074, 5.939381908893523, 2.23886705170489]], [[14.7900066546922, 2.0655593094812827, 3.973213650513595, -10.11237765740174, -4.7362180489513035, 4.274472027801766, -4.475349105850466, -5.03112465733971, 1.0152760399194478, -4.151559240794424, 5.178852410936278, -7.00467301909744, 1.7108313172586638, -2.377721976570205, -0.4573055982322319, 0.033011867092587584, -1.0459739547971663], [-24.324924755859985, 2.205815041697489, 5.612289118148639, 4.540424351800999, -1.1275722226477047, -1.4450422189300518, -0.16720217227527256, 2.6772969376903997, -0.40704351880510947, -0.17974471700844477, -3.604375434880839, 7.010782787468424, -1.4143913435978561, 3.710490865526624, 4.69693844868099, 2.2920347636507667, -0.014384189679252781]], [[-46.954821669992064, 7.538056123509445, 7.484020526356803, 5.137829833632331, 4.569128270191295, 3.9819835139466355, -5.100022634188554, 0.23506313821325048, 5.242559634343742, 1.0020788171867696, 3.239924977179031, 4.453681768108936, -6.142122276223707, 7.075441798610428, -2.2475142830348607, 3.168439159067722, 3.1981618607044746], [8.756603584578396, 3.7665008492193643, -0.6880879671499692, -2.8075143191024448, -1.278607885788412, -1.6341920008488455, 4.167730234852098, -5.599555300408022, -2.751565441453326, 0.8259879108694403, -1.5621974500871159, -1.7321440146591416, 3.325880064894172, -0.04839049321598295, 2.1460748181116847, -1.3296129105493681, -1.9865274720736195]], [[-16.55202600796747, 1.010971827426387, -6.974332917372517, -1.4087459810349474, 3.197719095993333, 2.3359491866140134, 2.3016563236221246, 8.106840981829915, 1.68341958748836, -0.6462660863096977, -3.3315440032370707, -1.2494919625118803, -1.6613602093470292, 8.489130067717053, 2.5560242358468837, 4.91915436945828, 4.1627824523598145], [-2.0681812625314357, 4.686630983114125, 5.42202005028432, -0.15799568195818353, -0.0929709272036284, -1.6568235720109978, 4.950780044850511, -3.219770111442026, -0.885120506591509, -1.3626267779852221, 1.7276931001870277, -0.3714826998050254, 2.525789765588351, -5.25361899058691, -0.2583673514652082, -0.9409091181994823, -0.20324502183897344]], [[-14.637782863510328, 3.0645410002624565, -2.2386151492395103, -1.93520063786246, -2.9630303886071077, 6.395802435962796, 0.9115099337780415, -2.87444008149082, -1.0719762876262713, 0.4212286949648703, 3.0631290717412636, -1.486466646839426, 2.412110423409225, 4.467543526884965, 3.9905349163011006, 2.618439867243534, 2.095421091322649], [-11.038987750526733, 1.0416970298600305, 6.569825886229711, 3.632332551004657, -0.5239688185645061, -4.688332650170069, -2.445920561487279, -2.521134592456029, 0.3634430846045378, 0.50727599767765, -2.1362370128973773, 6.128438813280879, -4.852897710918317, -1.1107704100263274, 0.4290777265076062, -0.45690578106535257, 2.046969622830904]], [[10.677451894386882, -0.21356863252634395, -0.39609991779115766, -1.65208363868677, 0.5077835671986494, -2.9990308562288805, -1.2512365926353028, -0.698334107065619, -2.7896362463170257, -0.1198424813741985, -3.549469810137792, -0.11645377583603517, -0.4745929881129315, 0.6191002806197979, -4.599277137091548, 1.6626777668838848, -0.9226420788445299], [-39.594486136524225, 2.246716196285986, 5.956032176317296, 1.658850310003422, -4.155243891750902, 3.5527848682342236, 3.4730119013393925, -2.0800697716595042, 0.8657747337978277, 2.0436243246723955, 3.263655322004703, 0.4032471407568271, -0.143756579930752, 0.43992607252241, 6.321215048262201, -0.0023710684065086987, 6.539273171375591]], [[7.057516876104962, 4.04623692309767, 2.969305010448375, -1.6979947893280896, -0.29947484582251094, -2.0437755290567376, 3.4214918078668544, -4.575863112890912, 0.648865422739912, 1.4027545600893876, -1.9207424333301926, 1.6854066698157602, 3.206103911024496, -1.0190322458968801, 1.0963063083238604, -1.9025926706571492, -3.7713271195097846], [-31.350439360342474, -7.670626790120272, 2.6001815511386934, 