{"ground_truth": [[-10, -1.2720531724698234, -1.0703700159201661], [1, 1.6039484906755543, 1.1489683574896898], [10, 0.1, 0.1]], "milp": [[-3.093247512247128, -2.071289943514214, 1.4019274891894835], [-4.923929696978073, -2.3225828375468422, -2.7725841656028383], [9.741472724003494, 1.1934240593124799, -1.2135896203778513]], "greedy": [[[-4.026632114545128, -2.037913124894233, 1.2360262828783486], [14.133711852328757, -0.19633769553916094, -5.671924080735559], [-4.770869078870259, 4.644930237355634, -1.0288570182222099]], [[-5.815941159154058, -1.0981264676765659, -2.7968749543079707], [12.431829924941635, 1.400915303452499, -2.2723662357916394], [-1.6001926795968706, -0.33818897286320126, 2.7019136641989894]], [[-1.123012476249173, -0.03425743311461479, 2.5080213938933626], [-6.514118883051986, -1.381557158326456, -2.6240562646302514], [12.431829924941635, 1.400915303452499, -2.2723662357916394]], [[4.36609480912095, 6.441653075284873, -7.140025751480669], [1.1857450035850015, -2.681086206860101, -3.5792630195247255], [0.33892658783589624, -0.8998966341798962, 2.5409546794626783]], [[-8.272276578059335, -0.6604631107590343, -2.3317057939547814], [-0.7456502785864749, -1.5654434029458866, 1.6152246463341497], [10.881023162405338, 1.1418069665882877, -1.4554840282509585]], [[-3.2957117975418613, -2.0356717370326276, 1.190791604396241], [11.082879376339388, -1.034221033560194, -5.483679356251139], [2.7224273334073334, 0.9193278169630098, 1.0597703998483143]], [[11.891323893886664, 1.3644683485298716, -1.8726127796378806], [-3.39026344483804, 2.316706450149175, -2.3026150291067524], [3.424404421867168, -5.000102685967668, -2.1029783923017633]], [[12.431829924941635, 1.400915303452499, -2.2723662357916394], [-1.6001926795968706, -0.33818897286320126, 2.7019136641989894], [-5.815941159154058, -1.0981264676765659, -2.7968749543079707]], [[-8.178144876404897, -0.626352006661424, -2.5155859131587164], [2.6645869114388177, -0.21776378461354207, 1.9546428008849854], [12.682545165846726, 0.4626305414504137, -4.441628389040663]], [[-4.723033238829303, -2.017608477020236, -0.6283602604729751], [10.423803301684703, -0.8422872839945975, -5.428800780023297], [-0.3801003751705192, 0.26926551021463463, 2.463986705460359]], [[-6.076671035804905, -0.4700276150240112, -2.682125370609201], [21.69737721766026, -7.200327774172723, 2.7298515779953565], [6.933003076677652, 0.4231837212405291, 0.3670347637809488]], [[-3.5936311372204255, -1.9202880113017444, 1.3659382305328283], [10.87164765592894, 0.6794332751436458, -7.05665947903138], [12.959819165163424, 2.57795260621321, -3.329626689754086]], [[8.839678296236258, 0.21690519904267555, -5.163325391295005], [-0.7093645027616309, -3.1726106730776578, -2.2716142386775133], [0.36240387686278197, 0.3872470069901665, 2.211876681472239]], [[10.423803301684703, -0.8422872839945975, -5.428800780023297], [-0.3801003751705192, 0.26926551021463463, 2.463986705460359], [-4.723033238829303, -2.017608477020236, -0.6283602604729751]], [[8.839678296236258, 0.21690519904267555, -5.163325391295005], [0.707723699634619, -1.067808346836692, 4.622813536193864], [-9.828971028228624, -0.5961091248986163, 4.1913625218871635]], [[12.431829924941635, 1.400915303452499, -2.2723662357916394], [-1.6001926795968706, -0.33818897286320126, 2.7019136641989894], [-5.815941159154058, -1.0981264676765659, -2.7968749543079707]], [[12.123929552429251, 1.0282236779869323, -1.5053593526154854], [-1.5191824638253388, -0.3865256456453521, 2.6396997138673703], [-1.8773972666928973, -2.2578814617826795, -3.2841729523525665]], [[-1.7069947973353055, -0.025978619748129178, 2.511491331233025], [-4.303110677159874, -2.419552493124657, -2.3017928389386837], [10.913126550928247, 2.7040714298003503, -3.5447340137583057]], [[-4.313319640685693, -1.9348802709555843, -2.5630636109942033], [-4.675576348325269, 4.372100801725558, -4.051429323201686], [10.498556047465785, 0.40510543159445733, -0.49378390074295214]], [[-5.5399897974602785, -0.35730581382395843, -3.491934229257367], [13.653071187300306, 1.5730303172727658, -4.021865019822418], [-1.555144541386114, -0.21604487991378687, 2.745233942095826]]], "refit_milp_assignment": [[-3.0960244766805443, -2.0716528881865672, 1.4022755072940112], [-4.95806149778894, -2.3265484448427207, -2.767078394486017], [9.762424503172495, 1.1915911246943949, -1.2180736564558965]], "refit_ground_truth_assignment": [[-7.0288790416387, -0.9411489894981567, -2.514470748529338], [0.3838569537352523, 1.5077041944724323, 1.1650929972788042], [10.50814673243884, 0.43053239310469765, -0.20594175411406612]]}