{"time_milp": 0.41747570037841797, "time_greedy": 1.004638636112213, "time_refit_milp_assignment": 0.9046666622161865, "mse_refit_ground_truth_assignment": 1.9210564275864792, "r2_refit_ground_truth_assignment": 0.9789250448118411, "weight_mismatch_refit_ground_truth_assignment": 0.44215642127742194, "refit-weight_mismatch_refit_ground_truth_assignment": 0.0, "rand_score_refit_ground_truth_assignment": 1.0, "label_mismatch_refit_ground_truth_assignment": 0.0, "mse_milp": 1.9210604925243444, "r2_milp": 0.9789250002174283, "weight_mismatch_milp": 0.43942292287912943, "refit-weight_mismatch_milp": 0.005459375623354121, "rand_score_milp": 1.0, "label_mismatch_milp": 0.0, "mse_refit_milp_assignment": 1.9210564275864792, "r2_refit_milp_assignment": 0.9789250448118411, "weight_mismatch_refit_milp_assignment": 0.44215642127742194, "refit-weight_mismatch_refit_milp_assignment": 0.0, "rand_score_refit_milp_assignment": 1.0, "label_mismatch_refit_milp_assignment": 0.0, "mse_greedy": 9.584554486799952, "r2_greedy": 0.8948526168169085, "weight_mismatch_greedy": 2.9172301205452706, "refit-weight_mismatch_greedy": 2.6636056017967946, "rand_score_greedy": 0.8611554621848739, "label_mismatch_greedy": 0.09625, "mse_greedy_sem": 2.458110808762874, "r2_greedy_sem": 0.026966711856190168, "weight_mismatch_greedy_sem": 0.8476688005017724, "refit-weight_mismatch_greedy_sem": 0.9037808689902892, "rand_score_greedy_sem": 0.043771814943525264, "label_mismatch_greedy_sem": 0.030900679178364518, "mse_ground_truth": 2.0485471964331303, "r2_ground_truth": 0.9768719651918434, "weight_mismatch_ground_truth": 0, "rand_score_ground_truth": 1, "label_mismatch_ground_truth": 0, "mse_baseline_sklearn": 88.2595009398429, "r2_baseline_sklearn": 0.03173906268358906, "mse_milp_val": 2.170181421543071, "r2_milp_val": 0.9743682450821334, "label_mismatch_milp_val": 0.0, "mse_refit_milp_assignment_val": 2.170726837994964, "r2_refit_milp_assignment_val": 0.9743618032332242, "label_mismatch_refit_milp_assignment_val": 0.0, "mse_greedy_val": 13.766424814104038, "label_mismatch_greedy_val": 0.10062499999999999, "mse_greedy_val_sem": 3.626192239008565, "label_mismatch_greedy_val_sem": 0.03186209749183106, "r2_greedy_val": 0.8374063921902628, "r2_greedy_val_sem": 0.04282852568576964, "mse_refit_ground_truth_assignment_val": 2.170726837994964, "r2_refit_ground_truth_assignment_val": 0.9743618032332242, "label_mismatch_refit_ground_truth_assignment_val": 0.0, "mse_ground_truth_val": 2.0859409567239298, "r2_ground_truth_val": 0.9753631992030087, "label_mismatch_ground_truth_val": 0.0, "mse_baseline_sklearn_val": 84.76300403041128, "r2_baseline_sklearn_val": -0.001125769413707678, "random_state": 4}