{"time_milp": 267.9843740463257, "time_refit_milp_assignment": 268.8200180530548, "mse_refit_ground_truth_assignment": 0.5761123929323917, "r2_refit_ground_truth_assignment": 0.3912844974222095, "weight_mismatch_refit_ground_truth_assignment": 0.010742988850623676, "refit-weight_mismatch_refit_ground_truth_assignment": 0.0, "rand_score_refit_ground_truth_assignment": 1.0, "label_mismatch_refit_ground_truth_assignment": 0.0, "mse_milp": 0.20952875712037297, "r2_milp": 0.7786136797963393, "weight_mismatch_milp": 6.425907734352162, "refit-weight_mismatch_milp": 6.431821611832592, "rand_score_milp": 0.49940029985007495, "label_mismatch_milp": 0.45689655172413796, "mse_refit_milp_assignment": 0.20952890385222533, "r2_refit_milp_assignment": 0.7786135247606998, "weight_mismatch_refit_milp_assignment": 6.39697813781651, "refit-weight_mismatch_refit_milp_assignment": 6.402934411784255, "rand_score_refit_milp_assignment": 0.49940029985007495, "label_mismatch_refit_milp_assignment": 0.45689655172413796, "mse_greedy": NaN, "r2_greedy": NaN, "mse_ground_truth": NaN, "r2_ground_truth": NaN, "weight_mismatch_ground_truth": 0, "rand_score_ground_truth": 1, "label_mismatch_ground_truth": 0, "mse_baseline_sklearn": 0.6865654156197525, "r2_baseline_sklearn": 0.27675709638124346}