{"time_milp": 4164.2089331150055, "time_greedy": 0.5010158300399781, "time_refit_milp_assignment": 4166.926525354385, "mse_refit_ground_truth_assignment": 2.001193521659618, "r2_refit_ground_truth_assignment": 0.9836065059513005, "weight_mismatch_refit_ground_truth_assignment": 1.877042249565056, "refit-weight_mismatch_refit_ground_truth_assignment": 0.0, "rand_score_refit_ground_truth_assignment": 1.0, "label_mismatch_refit_ground_truth_assignment": 0.0, "mse_milp": 3.968999525191819, "r2_milp": 0.9674865177249009, "weight_mismatch_milp": 9.359512085886173, "refit-weight_mismatch_milp": 8.349889454605218, "rand_score_milp": 0.7758215962441315, "label_mismatch_milp": 0.25, "mse_refit_milp_assignment": 3.9689553682613976, "r2_refit_milp_assignment": 0.9674868794522243, "weight_mismatch_refit_milp_assignment": 9.337282948004994, "refit-weight_mismatch_refit_milp_assignment": 8.351551949770478, "rand_score_refit_milp_assignment": 0.7758215962441315, "label_mismatch_refit_milp_assignment": 0.25, "mse_greedy": 6.289218326946318, "r2_greedy": 0.9484796137415727, "weight_mismatch_greedy": 14.748554526747228, "refit-weight_mismatch_greedy": 14.210008228867, "rand_score_greedy": 0.7889475743348983, "label_mismatch_greedy": 0.23819444444444446, "mse_greedy_sem": 1.3684161974758096, "r2_greedy_sem": 0.011209871782344925, "weight_mismatch_greedy_sem": 2.411046194428046, "refit-weight_mismatch_greedy_sem": 2.4729207426646527, "rand_score_greedy_sem": 0.022376212429634616, "label_mismatch_greedy_sem": 0.03149916907946234, "mse_ground_truth": 2.8785407514489374, "r2_ground_truth": 0.9756181730466449, "weight_mismatch_ground_truth": 0, "rand_score_ground_truth": 1, "label_mismatch_ground_truth": 0, "mse_baseline_sklearn": 120.68868935822837, "r2_baseline_sklearn": 0.01133534097259703, "mse_milp_val": 11.883266076640448, "r2_milp_val": 0.8934984740350481, "label_mismatch_milp_val": 0.2708333333333333, "mse_refit_milp_assignment_val": 11.885765101148328, "r2_refit_milp_assignment_val": 0.893476077000277, "label_mismatch_refit_milp_assignment_val": 0.2708333333333333, "mse_greedy_val": 15.630053477880233, "label_mismatch_greedy_val": 0.25833333333333336, "mse_greedy_val_sem": 3.7225214145561627, "label_mismatch_greedy_val_sem": 0.033809645151393675, "r2_greedy_val": 0.8599186001918877, "r2_greedy_val_sem": 0.03336239452441219, "mse_refit_ground_truth_assignment_val": 4.481391360034251, "r2_refit_ground_truth_assignment_val": 0.9598363770354345, "label_mismatch_refit_ground_truth_assignment_val": 0.125, "mse_ground_truth_val": 4.342254445179939, "r2_ground_truth_val": 0.9610833653343138, "label_mismatch_ground_truth_val": 0.125, "mse_baseline_sklearn_val": 112.35858701244605, "r2_baseline_sklearn_val": -0.006992597398304712}