{"ground_truth": [[-10, -1.337719620706157, -1.6626352006348812, -1.0611537685933308], [1, 1.6272285743807728, 1.565890653114534, 1.026132378542826], [10, 0.1, 0.1, 0.1]], "milp": [[-9.551001483999954, -1.9194719704623529, -2.0519019517771584, -0.8568246653575735], [3.3688576514157, 1.4451966958258429, -2.9878101797818903, 3.6793911762926896], [8.165666553023133, -0.9108182928349045, 1.7756527605004004, -0.36431553665449057]], "greedy": [[[-9.530701820646085, -1.9214977901663197, -2.0262143124468732, -0.8862238830606819], [8.230113081017846, -0.2525645556367841, -0.8463372091160938, -2.2946670727814307], [6.310502723620361, 0.18601987429917277, 1.4270325079931883, 0.8729411124260688]], [[5.952638555793312, -6.675800348993098, 1.1277241874145092, -6.561999493899811], [-13.46101683532391, 6.428030114059696, -2.2968248836660727, 0.945650239643984], [7.061272289096015, -0.447871860314511, 0.8952453173725894, 0.787125212536427]], [[2.249865647099325, 0.8150587924578004, 1.0835715025590835, 0.2362063072201825], [9.303016278371413, 0.12033604089160273, 0.5274913556417999, 0.01520405229503583], [-9.530701820646085, -1.9214977901663197, -2.0262143124468732, -0.8862238830606819]], [[-7.5602894370260625, -2.3766848911739435, -2.3660132425488727, -1.5408977646778932], [8.722385094675234, -0.7004674806393767, 0.6776585484871864, 0.24399018900004216], [-9.517344294366103, -0.2350836127076248, 1.4888178240135295, 7.994243808685397]], [[8.332610840779816, -0.11983189018601556, 0.4987236582063968, 0.03779651899259576], [-11.130801457235242, 6.61708175690962, -0.9939863285869865, -0.685470634537248], [-4.181225742104196, -6.671834144112699, -1.1893887544384296, 0.6399676548786098]], [[7.472138065156466, -0.19074478602635328, 1.1593254903812498, 0.2730964271610913], [-0.21909365061349728, -0.9311386849478444, 1.0507354823130117, 1.108789069912661], [-9.530701820646085, -1.9214977901663197, -2.0262143124468732, -0.8862238830606819]], [[2.249865647099325, 0.8150587924578004, 1.0835715025590835, 0.2362063072201825], [9.303016278371413, 0.12033604089160273, 0.5274913556417999, 0.01520405229503583], [-9.530701820646085, -1.9214977901663197, -2.0262143124468732, -0.8862238830606819]], [[8.985570748232512, 0.24696950704169673, -1.1942956039243595, -2.221961583180308], [5.07196202389949, -0.04860370037142063, 2.1296476243492024, 1.1308308646998906], [-9.530701820646085, -1.9214977901663197, -2.0262143124468732, -0.8862238830606819]], [[-3.3524925684399003, 0.32012860023327283, 6.355763445584577, 1.093308177469356], [3.519712015043284, -4.8807839630200505, -4.435178838897992, 5.485898290639713], [6.094930619437914, -3.0136678124348597, -3.0114260544174414, -7.593951899825252]], [[-9.530701820646085, -1.9214977901663197, -2.0262143124468732, -0.8862238830606819], [9.327460998129448, -0.3810820633717887, 0.40457144487901264, 0.7062640004521077], [-0.10422410018780592, 1.15671674387205, 1.4830593633663003, 1.913656094856523]], [[9.57432384837315, 0.1247097992108478, 0.14845777966176338, 0.5634777890106256], [-9.530701820646085, -1.9214977901663197, -2.0262143124468732, -0.8862238830606819], [1.8791334925137386, 0.9161848527685638, 0.6890345049129638, 1.2233254704697103]], [[-9.20820268013735, -0.13605253615704915, 1.394873776043006, 7.839446338692723], [8.925651301010967, -0.5882907740335809, 0.41014363206295706, 0.3994166487094885], [-7.41288387523665, -2.3837826817582126, -2.2798060333070684, -1.684926966083495]], [[-9.376495330293448, 0.3612701343228568, 0.9891627205671913, 7.024057142318358], [-3.570624759619621, -3.521462054172848, -3.4293219055808124, -2.2670814250328446], [7.57344173628016, -0.5162906416637343, 1.4578049406550206, -0.1194072575228523]], [[-4.026945968676523, -2.7560879720914255, -3.946607877885168, -1.931979123685422], [3.9964303310771383, -1.2195858135035456, 5.223094344689297, -4.182236927396092], [-4.646234026954291, 0.056185749417947024, 1.098639017080298, 5.696140841731203]], [[8.480408206397723, 0.011794739211683787, -0.7988469694564417, -2.504661351714537], [-9.530701820646085, -1.9214977901663197, -2.0262143124468732, -0.8862238830606819], [5.9711163202075825, -0.056408445100873505, 1.517962359888088, 1.1328507729128603]], [[5.820092641088343, -0.7279608505469927, 2.5961360199304733, -2.0083102099204195], [-9.530701820646085, -1.9214977901663197, -2.0262143124468732, -0.8862238830606819], [5.718248634448161, 1.2206979666542208, 0.02211957366601721, 0.9721714050955557]], [[9.303016278371413, 0.12033604089160273, 0.5274913556417999, 0.01520405229503583], [-9.530701820646085, -1.9214977901663197, -2.0262143124468732, -0.8862238830606819], [2.249865647099325, 0.8150587924578004, 1.0835715025590835, 0.2362063072201825]], [[3.2029923812075576, -1.9751425445922832, 5.569492979540874, -7.700272186317144], [9.071360081322773, -5.177142865888423, -4.30282015674173, 2.8189185121717646], [-18.921805140183473, 5.922337334491707, -0.19996345735446247, 5.72277031368532]], [[-9.530701820646085, -1.9214977901663197, -2.0262143124468732, -0.8862238830606819], [2.249865647099325, 0.8150587924578004, 1.0835715025590835, 0.2362063072201825], [9.303016278371413, 0.12033604089160273, 0.5274913556417999, 0.01520405229503583]], [[5.988342740912754, -0.03685480864795273, 1.519799709371976, 1.1138117735636295], [8.46418554299226, 0.07334523442960743, -0.7510476529066519, -2.5145620773022017], [-9.530701820646085, -1.9214977901663197, -2.0262143124468732, -0.8862238830606819]]], "refit_milp_assignment": [[-9.568917424740718, -1.9148276584120858, -2.0488351589987217, -0.8515728516486735], [3.3728871438700065, 1.4449419466307065, -2.9906436396535927, 3.6797000859482583], [8.183922756271654, -0.9155309590922538, 1.769491479867848, -0.3678475616575782]], "refit_ground_truth_assignment": [[-9.528191278599204, -1.9226527280564412, -2.026965036025172, -0.8867814234000446], [1.3579352099258832, 1.3954564229807742, 1.3851183705855936, 1.1383068751489163], [10.28654364171912, -0.34642071519347417, 0.03383530814075394, 0.2174399442128503]]}