{"time_milp": 27.30222797393799, "time_refit_milp_assignment": 27.951250076293945, "mse_refit_ground_truth_assignment": 0.07196519978352578, "r2_refit_ground_truth_assignment": 0.9997734280688575, "weight_mismatch_refit_ground_truth_assignment": 1.1494020187466614, "refit-weight_mismatch_refit_ground_truth_assignment": 0.0, "rand_score_refit_ground_truth_assignment": 1.0, "label_mismatch_refit_ground_truth_assignment": 0.0, "mse_milp": 0.7000624700071155, "r2_milp": 0.9977959554586514, "weight_mismatch_milp": 22.472351572802587, "refit-weight_mismatch_milp": 22.44167552996036, "rand_score_milp": 0.6329849012775842, "label_mismatch_milp": 0.42857142857142855, "mse_refit_milp_assignment": 0.5976380938691703, "r2_refit_milp_assignment": 0.9981184236622755, "weight_mismatch_refit_milp_assignment": 22.270967914526643, "refit-weight_mismatch_refit_milp_assignment": 22.27302263628016, "rand_score_refit_milp_assignment": 0.6329849012775842, "label_mismatch_refit_milp_assignment": 0.42857142857142855, "mse_greedy": NaN, "r2_greedy": NaN, "mse_ground_truth": 0.22555199939620932, "r2_ground_truth": 0.9992898824399851, "weight_mismatch_ground_truth": 0, "rand_score_ground_truth": 1, "label_mismatch_ground_truth": 0, "mse_baseline_sklearn": 168.72939232613317, "r2_baseline_sklearn": 0.46878012741105324, "random_state": 42}