{"time_milp": 0.5163981914520264, "time_greedy": 1.017296826839447, "time_refit_milp_assignment": 0.9526453018188477, "mse_refit_ground_truth_assignment": 4.236070681355898, "r2_refit_ground_truth_assignment": 0.9560670623711881, "weight_mismatch_refit_ground_truth_assignment": 1.0921351020735097, "refit-weight_mismatch_refit_ground_truth_assignment": 0.0, "rand_score_refit_ground_truth_assignment": 1.0, "label_mismatch_refit_ground_truth_assignment": 0.0, "mse_milp": 4.236076526354841, "r2_milp": 0.9560670017518091, "weight_mismatch_milp": 1.0881546333730447, "refit-weight_mismatch_milp": 0.006777079771217489, "rand_score_milp": 1.0, "label_mismatch_milp": 0.0, "mse_refit_milp_assignment": 4.236070681355898, "r2_refit_milp_assignment": 0.9560670623711881, "weight_mismatch_refit_milp_assignment": 1.0921351020735097, "refit-weight_mismatch_refit_milp_assignment": 0.0, "rand_score_refit_milp_assignment": 1.0, "label_mismatch_refit_milp_assignment": 0.0, "mse_greedy": 20.32049342802499, "r2_greedy": 0.7892530513503251, "weight_mismatch_greedy": 10.87929032925958, "refit-weight_mismatch_greedy": 10.893978726828845, "rand_score_greedy": 0.7403991596638655, "label_mismatch_greedy": 0.21875, "mse_greedy_sem": 3.3432593023705164, "r2_greedy_sem": 0.034673454117383956, "weight_mismatch_greedy_sem": 2.349014426515363, "refit-weight_mismatch_greedy_sem": 2.555997523957887, "rand_score_greedy_sem": 0.05436783274771883, "label_mismatch_greedy_sem": 0.04711670141925874, "mse_ground_truth": 9.533594617796462, "r2_ground_truth": 0.9139524558875768, "weight_mismatch_ground_truth": 0, "rand_score_ground_truth": 1, "label_mismatch_ground_truth": 0, "mse_baseline_sklearn": 91.72937543005727, "r2_baseline_sklearn": 0.04866060256372806, "mse_milp_val": 16.76765541183284, "r2_milp_val": 0.8726998967863188, "label_mismatch_milp_val": 0.0, "mse_refit_milp_assignment_val": 16.765784885168294, "r2_refit_milp_assignment_val": 0.8727140978318205, "label_mismatch_refit_milp_assignment_val": 0.0, "mse_greedy_val": 53.77146268399073, "label_mismatch_greedy_val": 0.21625, "mse_greedy_val_sem": 7.803049113040863, "label_mismatch_greedy_val_sem": 0.04629443100530844, "r2_greedy_val": 0.5917668522224002, "r2_greedy_val_sem": 0.0592407783362806, "mse_refit_ground_truth_assignment_val": 16.765784885168294, "r2_refit_ground_truth_assignment_val": 0.8727140978318205, "label_mismatch_refit_ground_truth_assignment_val": 0.0, "mse_ground_truth_val": 16.888655211979636, "r2_ground_truth_val": 0.8717812658466197, "label_mismatch_ground_truth_val": 0.0, "mse_baseline_sklearn_val": 132.81629840602207, "r2_baseline_sklearn_val": -0.008341839110919569, "random_state": 5}