{"time_milp": 23.270447254180908, "time_greedy": 2.255196523666382, "time_refit_milp_assignment": 23.724307537078857, "mse_refit_ground_truth_assignment": 12.06653556643527, "r2_refit_ground_truth_assignment": 0.8793251465504128, "weight_mismatch_refit_ground_truth_assignment": 0.35298309935427685, "refit-weight_mismatch_refit_ground_truth_assignment": 0.0, "rand_score_refit_ground_truth_assignment": 1.0, "label_mismatch_refit_ground_truth_assignment": 0.0, "mse_milp": 12.035634024691062, "r2_milp": 0.8796341862910093, "weight_mismatch_milp": 0.385444356439151, "refit-weight_mismatch_milp": 0.12432182732890942, "rand_score_milp": 0.9933444629938787, "label_mismatch_milp": 0.0033333333333333335, "mse_refit_milp_assignment": 12.033905753519678, "r2_refit_milp_assignment": 0.8796514703630761, "weight_mismatch_refit_milp_assignment": 0.33242830946279983, "refit-weight_mismatch_refit_milp_assignment": 0.07490856326427507, "rand_score_refit_milp_assignment": 0.9933444629938787, "label_mismatch_refit_milp_assignment": 0.0033333333333333335, "mse_greedy": 13.751227877584245, "r2_greedy": 0.8624768973875747, "weight_mismatch_greedy": 0.9248927117493047, "refit-weight_mismatch_greedy": 0.6827826213823358, "rand_score_greedy": 0.9739343350027824, "label_mismatch_greedy": 0.01666666666666667, "mse_greedy_sem": 1.71732211495678, "r2_greedy_sem": 0.017174572884416338, "weight_mismatch_greedy_sem": 0.5932590766534926, "refit-weight_mismatch_greedy_sem": 0.6081934779032131, "rand_score_greedy_sem": 0.019410127991096274, "label_mismatch_greedy_sem": 0.013333333333333334, "mse_ground_truth": 12.211021348905549, "r2_ground_truth": 0.8778801749983751, "weight_mismatch_ground_truth": 0, "rand_score_ground_truth": 1, "label_mismatch_ground_truth": 0, "mse_baseline_sklearn": 99.87917728048181, "r2_baseline_sklearn": 0.0011104725336175125, "random_state": 30}