{"ground_truth": [[-10, 0.2, 0.4], [10, -0.2, -0.4]], "milp": [[-9.92169675942514, 0.028319056322037024, 0.5357535964972969], [9.861055967130682, -0.1694677175867218, -0.4562888690682795]], "greedy": [[[-9.970894641100926, 0.035856283275868935, 0.5454743577093558], [9.913660520865886, -0.1784835418499305, -0.4653171568356532]], [[-9.970894641100926, 0.035856283275868935, 0.5454743577093558], [9.913660520865886, -0.1784835418499305, -0.4653171568356532]], [[9.913660520865886, -0.1784835418499305, -0.4653171568356532], [-9.970894641100926, 0.035856283275868935, 0.5454743577093558]], [[9.913660520865886, -0.1784835418499305, -0.4653171568356532], [-9.970894641100926, 0.035856283275868935, 0.5454743577093558]], [[9.913660520865886, -0.1784835418499305, -0.4653171568356532], [-9.970894641100926, 0.035856283275868935, 0.5454743577093558]], [[9.913660520865886, -0.1784835418499305, -0.4653171568356532], [-9.970894641100926, 0.035856283275868935, 0.5454743577093558]], [[-9.970894641100926, 0.035856283275868935, 0.5454743577093558], [9.913660520865886, -0.1784835418499305, -0.4653171568356532]], [[-9.970894641100926, 0.035856283275868935, 0.5454743577093558], [9.913660520865886, -0.1784835418499305, -0.4653171568356532]], [[9.913660520865886, -0.1784835418499305, -0.4653171568356532], [-9.970894641100926, 0.035856283275868935, 0.5454743577093558]], [[-9.970894641100926, 0.035856283275868935, 0.5454743577093558], [9.913660520865886, -0.1784835418499305, -0.4653171568356532]], [[-9.970894641100926, 0.035856283275868935, 0.5454743577093558], [9.913660520865886, -0.1784835418499305, -0.4653171568356532]], [[-4.726838675283158, 2.1931982643188848, -1.5063124009976325], [4.721462924620609, -2.5061361610975834, 2.014613521964156]], [[-9.970894641100926, 0.035856283275868935, 0.5454743577093558], [9.913660520865886, -0.1784835418499305, -0.4653171568356532]], [[9.913660520865886, -0.1784835418499305, -0.4653171568356532], [-9.970894641100926, 0.035856283275868935, 0.5454743577093558]], [[9.913660520865886, -0.1784835418499305, -0.4653171568356532], [-9.970894641100926, 0.035856283275868935, 0.5454743577093558]], [[-9.970894641100926, 0.035856283275868935, 0.5454743577093558], [9.913660520865886, -0.1784835418499305, -0.4653171568356532]], [[-9.970894641100926, 0.035856283275868935, 0.5454743577093558], [9.913660520865886, -0.1784835418499305, -0.4653171568356532]], [[9.913660520865886, -0.1784835418499305, -0.4653171568356532], [-9.970894641100926, 0.035856283275868935, 0.5454743577093558]], [[-9.970894641100926, 0.035856283275868935, 0.5454743577093558], [9.913660520865886, -0.1784835418499305, -0.4653171568356532]], [[9.913660520865886, -0.1784835418499305, -0.4653171568356532], [-9.970894641100926, 0.035856283275868935, 0.5454743577093558]]], "refit_milp_assignment": [[-9.9716247218579, 0.03607261092928344, 0.546163215772973], [9.913350397927697, -0.1780370790896038, -0.4657662258340684]], "refit_ground_truth_assignment": [[-9.97453763373337, 0.017703397634716195, 0.5127767936522385], [9.905893856026653, -0.19090756812997592, -0.4993071746520015]]}