{"time_milp": 4.031101226806641, "time_greedy": 1.1333197712898255, "time_refit_milp_assignment": 4.702653408050537, "mse_refit_ground_truth_assignment": 0.07610261878493785, "r2_refit_ground_truth_assignment": 0.9997001129386672, "weight_mismatch_refit_ground_truth_assignment": 1.1688005617174047, "refit-weight_mismatch_refit_ground_truth_assignment": 0.0, "rand_score_refit_ground_truth_assignment": 1.0, "label_mismatch_refit_ground_truth_assignment": 0.0, "mse_milp": 2.964984385292595, "r2_milp": 0.988316296227391, "weight_mismatch_milp": 21.66486125322034, "refit-weight_mismatch_milp": 21.94016100579103, "rand_score_milp": 0.7038327526132404, "label_mismatch_milp": 0.38095238095238093, "mse_refit_milp_assignment": 2.311964730636219, "r2_refit_milp_assignment": 0.9908895604376656, "weight_mismatch_refit_milp_assignment": 28.8401561273139, "refit-weight_mismatch_refit_milp_assignment": 29.167426673920744, "rand_score_refit_milp_assignment": 0.7038327526132404, "label_mismatch_refit_milp_assignment": 0.38095238095238093, "mse_greedy": 5.402212993990481, "r2_greedy": 0.9787122466305685, "weight_mismatch_greedy": 36.68836700314067, "refit-weight_mismatch_greedy": 37.0322225666696, "rand_score_greedy": 0.6198025551684088, "label_mismatch_greedy": 0.4904761904761905, "mse_greedy_sem": 1.0135337547299625, "r2_greedy_sem": 0.003993892248655622, "weight_mismatch_greedy_sem": 2.341232957547302, "refit-weight_mismatch_greedy_sem": 2.343646358825432, "rand_score_greedy_sem": 0.011537207553790934, "label_mismatch_greedy_sem": 0.01614840472172683, "mse_ground_truth": 0.19512351284168777, "r2_ground_truth": 0.9992311037675539, "weight_mismatch_ground_truth": 0, "rand_score_ground_truth": 1, "label_mismatch_ground_truth": 0, "mse_baseline_sklearn": 193.65517742078424, "r2_baseline_sklearn": 0.23688983380828044, "random_state": 5}