{"ground_truth": [[10, -1.4259847986064305, -1.3852926693336904, -1.9687359226469712, -1.4769997556111507, -1.7445634514260386, -1.2236373053715193, -1.9264043617031061, -1.5402128484645008, -1.0946373174264665, -1.4237831963276433, -1.2430386522251298, -1.7629995471848008, -1.542699822261357, -1.406865308445624, -1.2677899185166341, -1.9342477495329131], [-10, 1.1280534922755612, 1.0778042480036056, 1.2657260875119727, 1.8347696582214523, 1.6134993531920392, 1.3641010410336913, 1.139236039400102, 1.9078053376580648, 1.5841719376183327, 1.621530597291578, 1.8502499775783445, 1.7902800606778093, 1.0348273261612246, 1.5217070954650969, 1.0234078164595475, 1.3075450262222121]], "milp": [[-7.604224843570768, -1.4591706866661664, 1.9849222335416383, 3.398294264181578, 0.17117839429121684, 0.5218929660370459, 1.8004178373908326, -1.6979454657061988, 2.2404812678989727, 2.389887157768939, 2.3862366788041944, -1.2582256049506948, 3.8062094314298593, -2.452794165746191, 2.326276368279493, -0.9852519791365063, 3.8370108369747857], [26.47317124423777, 0.6179837882889263, 3.014564110344186, -4.804632001255536, -0.5481296573862988, -3.669897139774707, -4.283313540888029, 2.2912243191858375, -4.443677477580865, -3.5670890284032906, -5.423266064904871, -0.27985705618992984, -2.9054813401482438, -0.1749345646762009, -0.9257098720510123, -1.1181152554459244, -2.8092906930024615]], "refit_milp_assignment": [[-7.619638832854502, -1.459994803973179, 1.9844286380342855, 3.3987219422567376, 0.17245344548528138, 0.5234231947209812, 1.800751933587315, -1.6979706864546416, 2.2425548644785787, 2.390547903869897, 2.3880596030135934, -1.257929272410169, 3.807187561086659, -2.4516384015566244, 2.328031877243756, -0.984365529097612, 3.8378751811437746], [26.570389440389665, 0.6133461387875043, 3.0174082005545855, -4.8078330859167275, -0.562009456866735, -3.6846988274547106, -4.2889964289338485, 2.2920267667158525, -4.448087549780498, -3.568508696854354, -5.430285109196252, -0.28450266583628525, -2.910092593140326, -0.17509809620682815, -0.9259346020838829, -1.1239706169040176, -2.812380602353845]], "refit_ground_truth_assignment": [[10.232046817710032, -1.3662113924354855, -1.3034835774961615, -1.9973014140942, -1.5076610839464128, -1.848666091384414, -1.2245688330306435, -1.873346227785302, -1.5983239082200549, -1.114189612026476, -1.5110097957840596, -1.236613650372602, -1.8128873446687317, -1.5300950838376857, -1.382661759125376, -1.2930217827329877, -2.0212101406229745], [-9.983319694100041, 1.1241855308817152, 1.1195732443358444, 1.3817159488505673, 1.815859468526666, 1.7158941599708863, 1.3664071895959258, 1.0546003888295414, 2.0213213331159547, 1.5766228215183007, 1.7016507540541632, 1.71859146691494, 1.7322731829413534, 0.9468359701560832, 1.5600614699780968, 0.9605839723363008, 1.2706381631315238]]}