{"time_milp": 0.8616578578948975, "time_greedy": 1.6368635296821594, "time_refit_milp_assignment": 1.5209400653839111, "mse_refit_ground_truth_assignment": 13.566663087636723, "r2_refit_ground_truth_assignment": 0.8564108852796561, "weight_mismatch_refit_ground_truth_assignment": 0.5777141680877406, "refit-weight_mismatch_refit_ground_truth_assignment": 0.0, "rand_score_refit_ground_truth_assignment": 1.0, "label_mismatch_refit_ground_truth_assignment": 0.0, "mse_milp": 13.246558688361581, "r2_milp": 0.8597988596852335, "weight_mismatch_milp": 1.0376259066816318, "refit-weight_mismatch_milp": 0.5940627034330591, "rand_score_milp": 0.9669467787114846, "label_mismatch_milp": 0.016666666666666666, "mse_refit_milp_assignment": 13.246554041352516, "r2_refit_milp_assignment": 0.8597989088690242, "weight_mismatch_refit_milp_assignment": 1.0379401788899758, "refit-weight_mismatch_refit_milp_assignment": 0.5941467909729867, "rand_score_refit_milp_assignment": 0.9669467787114846, "label_mismatch_refit_milp_assignment": 0.016666666666666666, "mse_greedy": 24.058592465446345, "r2_greedy": 0.7453646507460554, "weight_mismatch_greedy": 8.971377586849936, "refit-weight_mismatch_greedy": 8.622916808969677, "rand_score_greedy": 0.797170868347339, "label_mismatch_greedy": 0.16416666666666666, "mse_greedy_sem": 3.1386390578902277, "r2_greedy_sem": 0.033219252283183086, "weight_mismatch_greedy_sem": 2.4136226671668295, "refit-weight_mismatch_greedy_sem": 2.438623907811109, "rand_score_greedy_sem": 0.04864660597476187, "label_mismatch_greedy_sem": 0.04391770280744475, "mse_ground_truth": 15.531968503661775, "r2_ground_truth": 0.8420849060912641, "weight_mismatch_ground_truth": 0, "rand_score_ground_truth": 1, "label_mismatch_ground_truth": 0, "mse_baseline_sklearn": 93.88445052867945, "r2_baseline_sklearn": 0.006330071710557883, "mse_milp_val": 19.454594789121206, "r2_milp_val": 0.8130917143554748, "label_mismatch_milp_val": 0.0, "mse_refit_milp_assignment_val": 19.45520626941474, "r2_refit_milp_assignment_val": 0.8130858396130498, "label_mismatch_refit_milp_assignment_val": 0.0, "mse_greedy_val": 35.35779790110114, "label_mismatch_greedy_val": 0.15625000000000003, "mse_greedy_val_sem": 5.040987703653605, "label_mismatch_greedy_val_sem": 0.04241380578364351, "r2_greedy_val": 0.6603031077493375, "r2_greedy_val_sem": 0.04843084011042452, "mse_refit_ground_truth_assignment_val": 18.26319644404627, "r2_refit_ground_truth_assignment_val": 0.8245379677784554, "label_mismatch_refit_ground_truth_assignment_val": 0.0125, "mse_ground_truth_val": 17.250937539392147, "r2_ground_truth_val": 0.834263154992486, "label_mismatch_ground_truth_val": 0.0125, "mse_baseline_sklearn_val": 104.21017754639006, "r2_baseline_sklearn_val": -0.001189993574119308, "random_state": 5}