{"ground_truth": [[-10, 0.2, 0.4], [10, -0.2, -0.4]], "milp": [[-9.983401829597693, 0.33611737582979695, 0.16592857211145762], [9.534770252862577, -0.09508382072503418, -0.40713961932983533]], "refit_milp_assignment": [[-10.162545781275904, 0.35401829251003547, 0.19496848230875777], [9.700909582576418, -0.11503173461588799, -0.4353772910770486]], "refit_ground_truth_assignment": [[-10.180876507774725, 0.4208138503596073, 0.25503046204162744], [9.663170481839737, -0.028444165573293982, -0.3468843879319149]]}