{"time_milp": 0.7861998081207275, "time_refit_milp_assignment": 1.3460094928741455, "mse_refit_ground_truth_assignment": 11.896545939502587, "r2_refit_ground_truth_assignment": 0.8411307207789774, "weight_mismatch_refit_ground_truth_assignment": 2.9124372540360834, "refit-weight_mismatch_refit_ground_truth_assignment": 0.0, "rand_score_refit_ground_truth_assignment": 1.0, "label_mismatch_refit_ground_truth_assignment": 0.0, "mse_milp": 9.688235592465267, "r2_milp": 0.8706210177873891, "weight_mismatch_milp": 3.0063073530073297, "refit-weight_mismatch_milp": 1.0234015930880107, "rand_score_milp": 0.753968253968254, "label_mismatch_milp": 0.1388888888888889, "mse_refit_milp_assignment": 9.688241490874832, "r2_refit_milp_assignment": 0.8706209390186371, "weight_mismatch_refit_milp_assignment": 3.00766954814794, "refit-weight_mismatch_refit_milp_assignment": 1.029852794177497, "rand_score_refit_milp_assignment": 0.753968253968254, "label_mismatch_refit_milp_assignment": 0.1388888888888889, "mse_greedy": NaN, "r2_greedy": NaN, "mse_ground_truth": 14.984623331024169, "r2_ground_truth": 0.7998918072435179, "weight_mismatch_ground_truth": 0, "rand_score_ground_truth": 1, "label_mismatch_ground_truth": 0, "mse_baseline_sklearn": 74.35444513725551, "r2_baseline_sklearn": 0.007155871289642457, "random_state": 12}