{"ground_truth": [[-0.12316107902555692, 0.004279600411196313], [0.19305444687789167, 0.2081988852847645]], "milp": [[-0.16528724669116082, -0.015141023616492392], [1.4844979680343602, 1.0142169553629907]], "refit_milp_assignment": [[-0.1652884706152515, -0.015141167352598132], [1.4845742112112958, 1.0142690636150868]], "refit_ground_truth_assignment": [[-0.12363009143032058, 0.004553788866908781], [0.19222209542044333, 0.20666837849068279]]}