{"ground_truth": [[-10, -1.5826848885290346, -1.0255509418496929], [1, 1.3377979807316742, 1.6124765741267186], [10, 0.1, 0.1], [5, -3.4970737987345126, -3.414905837374687]], "milp": [[0.5805777468725848, -0.4418795442748435, -3.5807800015425024], [10.66026555086489, 0.9340286891415845, -0.18445973548320094], [5.581567476562339, 0.6963635525428562, -0.5904152217536983], [-11.071527008276316, -1.8511351754200362, -0.2526191774107089]], "refit_milp_assignment": [[0.5829434192883212, -0.44136518930438673, -3.582153122896493], [10.677544061035814, 0.9324576915104752, -0.18830131622593138], [5.603054494510134, 0.6865418729587067, -0.5936355695138855], [-11.085298112899908, -1.851415600859732, -0.25006221124056444]], "refit_ground_truth_assignment": [[-10.589108938903856, -2.27850519077024, -0.7130725391499566], [2.299473249111043, 1.7672034428969978, 0.4330724812503593], [10.496423790814003, 0.3587484543305046, -0.7305934341560095], [3.701841416037267, -2.450187596018185, -3.7514693691916317]]}