{"time_milp": 3.4668469429016113, "time_greedy": 1.2645861983299256, "time_refit_milp_assignment": 4.034128904342651, "mse_refit_ground_truth_assignment": 11.356335358920054, "r2_refit_ground_truth_assignment": 0.8868087685969461, "weight_mismatch_refit_ground_truth_assignment": 2.921286757388111, "refit-weight_mismatch_refit_ground_truth_assignment": 0.0, "rand_score_refit_ground_truth_assignment": 1.0, "label_mismatch_refit_ground_truth_assignment": 0.0, "mse_milp": 11.807137384726529, "r2_milp": 0.8823155201318992, "weight_mismatch_milp": 4.978362250673292, "refit-weight_mismatch_milp": 3.324735246421341, "rand_score_milp": 0.731638418079096, "label_mismatch_milp": 0.3333333333333333, "mse_refit_milp_assignment": 11.807129433629298, "r2_refit_milp_assignment": 0.8823155993823315, "weight_mismatch_refit_milp_assignment": 4.971151814469565, "refit-weight_mismatch_refit_milp_assignment": 3.3175636202575967, "rand_score_refit_milp_assignment": 0.731638418079096, "label_mismatch_refit_milp_assignment": 0.3333333333333333, "mse_greedy": 7.697298306257745, "r2_greedy": 0.9232792405097827, "weight_mismatch_greedy": 11.166038890784055, "refit-weight_mismatch_greedy": 10.003569239490187, "rand_score_greedy": 0.7037570621468926, "label_mismatch_greedy": 0.36416666666666664, "mse_greedy_sem": 0.2653471542823219, "r2_greedy_sem": 0.002644776698930487, "weight_mismatch_greedy_sem": 1.1564372931385307, "refit-weight_mismatch_greedy_sem": 1.1532841444295074, "rand_score_greedy_sem": 0.010331276202841065, "label_mismatch_greedy_sem": 0.01769936563438501, "mse_ground_truth": 13.470576434193935, "r2_ground_truth": 0.8657356368841534, "weight_mismatch_ground_truth": 0, "rand_score_ground_truth": 1, "label_mismatch_ground_truth": 0, "mse_baseline_sklearn": 90.69425160059656, "r2_baseline_sklearn": 0.0960606865210768, "random_state": 9}