{"ground_truth": [[0.030230781420625387, 0.31263009781917395, 0.09344062813630899, -0.34855985650438365, 0.048602979314883846, -0.11364537829391778, -0.1650304875538062, 0.14130057089776582, 0.6199174927905232, -0.3157224746512111, -0.16791063818270383, -41.406480450899515, 40.80966461392263, -0.2907218065641656, -0.13118150922666785, 0.44448510722225065], [-0.08362551878666152, 0.2492259881957475, 0.07669729407250435, -0.40737069504406065, 0.19524405558905913, 0.10519338973652283, -0.26369902992966193, -1.217136437865789, 2.087287697051579, -0.39968959760529665, -0.27039632072348047, 624.5161136624592, -625.3561819166539, 0.1457977799960153, -0.3959726164041783, 0.41373919340542625]], "milp": [[-0.7968114270446358, 0.13923800581969872, 0.0175813377416283, -0.0550952222737288, 0.4411873539399064, 0.07195504731279269, -0.0835315700453097, -0.2080490045706316, -0.9218042164760344, -0.22782568937169667, 0.3648743825965505, -0.17401215218526783, 0.8899049470802017, 0.06548812533779816, 0.04128658273289592, -0.17928285966805657], [0.8524907510737045, 0.14565445689089615, 0.07805166384634557, -0.04993473168915738, -0.2140032777760879, -0.032427284549392435, 0.020197756574152424, 0.15887872597580624, 0.23788979770750857, -0.09839603006763199, 0.0635354226375398, 0.7718596074507754, -0.9295377804894149, -0.13660328128046673, -0.1433363398622914, 0.11799198896727447]], "greedy": [[[0.8623380241842392, 0.16949788966170368, 0.08269898828047609, -0.013947293343017841, -0.19005489715816182, -0.026096166457439136, 0.007019157214446162, 0.45481092624237784, 0.21621625011133117, -0.14859628191552424, -0.1258712096303516, 0.8936199269357782, -1.2444398817269202, 0.13356699761152116, -0.2465779507058493, 0.047176478985158116], [-0.7586058627744539, 0.18397842376399848, -0.02549938093132216, -0.06946120806443279, 0.4511113254920814, 0.04455688840361246, -0.10463976538132735, 0.06139075903848305, -0.677428049459498, -0.40051990021584566, 0.30989913430184624, 0.12363292269066874, 0.311994885657549, -0.13726308842283574, 0.06520823816079098, 0.056179553276183736]], [[0.0734003196135157, 0.10156138988063904, 0.0011104640895494857, -0.2729476956826305, -0.03226533616080606, -0.08187217935433674, 0.6815297193090509, 0.4648842017116583, 0.08865952264791707, -0.23024462268593848, -0.7468756011311855, -0.5309144882269607, 0.2650075851729877, 0.09582159635872246, -0.021266749219003924, 0.5134327290085428], [-0.043024363543599786, 0.41916637564965176, -0.05710163217348435, -0.1827409577586079, 0.12636749114601864, 0.0461155209704207, -0.7408985144221524, 0.40205783585877447, -0.3250267327801237, -0.07949414732500537, 0.48199962574925764, 1.3193619757770343, -1.6101897109647363, -0.2916581751888999, -0.2599599207075581, 0.2675182876759275]], [[-0.19831474808264848, 0.3984081740281754, -0.26311819931303515, 0.7517826571459734, 0.8551091409479398, 0.7448018080205694, -0.20819166857880886, 0.06946072304134114, -0.42471316147527627, -1.0670560704475618, -0.2117197598618484, -0.2768590233083131, 1.0606532818102568, 0.7001510600855686, -0.25750102644807926, 0.15475443014870213], [0.20399482445649222, 0.05944262611465194, 0.23412187666842368, -1.088377782381819, -0.6125370075986974, -0.6113543741693391, 0.02900696499993144, 0.9491135719711152, 0.18824042768998125, 0.006536211177223061, -0.2967322927283013, 1.4347264247312799, -2.444600031813282, 0.14126276266852678, -0.2693243217359048, 0.06424273265448213]], [[0.8923013347772835, 0.210645189534994, 0.08460555442741362, 0.027139988784938927, -0.2776341907720582, -0.05031154691071138, 0.031175944861283094, 0.342600616409992, 0.28019842225419794, -0.08092934753985223, -0.04827654194736235, 0.8348940654940962, -1.1510353884203808, -0.14733419884136797, -0.11173301619734191, 0.22099515383828783], [-0.7250166997722814, 0.1930540927995136, 0.04525957949406788, -0.05506881802682027, 0.828696446215841, 0.0017134862525892637, -0.11644461229529483, 0.21746602987829106, -1.0454630354153207, -0.5342104341970608, 0.10207475699775911, -0.044823457652390104, 0.4911810961732437, 0.350432169824347, -0.04979912918797293, -0.13043876230620313]], [[-0.7352433013477857, 0.2073715815540997, 0.10488955564184566, -0.07129435763596167, 0.6857305008314132, -0.005643943308387127, -0.1221112571293005, 0.2642683867453706, -0.9168959351898767, -0.47458075202528893, -0.005912105618193914, 0.0800424174965784, 0.2861458219401136, -0.07169308899476406, 0.0063925706504329065, 0.17381357407742268], [0.9023798917396054, 0.23678949057183005, 0.10049248619726195, 0.045514472070982755, -0.21269644749259078, -0.06424558463964783, 0.055617546240779935, 0.3479701647915752, -0.10709582584490875, -0.02521961018157153, -0.07669889928396224, 0.9568328951312857, -1.0200414582442077, -0.17236573782451542, 0.044063583218914945, 0.14614739671989718]], [[-0.0065853844798012574, 0.08698835378102938, -0.12242317840170999, -0.3738419162179014, 0.3916418048385586, -0.17579959698259687, 0.6276259699481986, 0.2032652619867169, 0.6732917611083011, -0.8935275868825153, -0.7481935010320209, -0.8767776357262087, 0.5573758441741832, 0.20648216141859593, 0.12978466630846833, 0.3324174005591457], [0.07688036618174181, 0.4904648217367219, -0.007459971246283024, -0.2364283177209826, 0.0202815316452759, 0.13844680429666584, -0.7228648784031624, 0.23808490898791956, -0.1620319606026306, 0.15756467463418622, 0.10137376469599736, 1.2782396381223202, -1.8108663476374278, -0.20877707825548109, -0.3470236299940929, 0.6390516688000947]], [[0.8264937820972081, 0.23462670776231648, 0.09757329365290147, -0.11007755934444265, -0.32644607788667623, 0.0016833646056263333, -0.021204593284766534, 0.42674598566927313, 0.5629971727988238, -0.07560632791711092, -0.11615067797242065, 0.20333170345866014, -0.835653170679791, -0.032571518499543824, -0.26378189915614514, 0.09737244231366486], [-0.7333297726803724, 0.21048150882865638, 0.07126329287323817, -0.0770948730311166, 0.2142391314012763, 0.049575742911243476, -0.12182167220336745, -0.5188850861880897, 0.8884469429068115, -0.3704179163510328, 0.1977088483240467, -0.6631877198728325, 0.44476857380066964, -0.32103714797138067, 0.08102117736628063, 0.13726361384163996]], [[-0.1759130876604921, -0.1874947892498604, -0.05595478814332358, 0.37426034483565457, 0.5459222005213071, 0.3025106151429414, -0.7060947305395397, 0.49464493427377343, -0.18981207943176734, -0.7456123223876818, -0.3952543187293562, 1.0129674001177622, -0.9351074735444125, 0.05743815766788379, -0.15757372686157511, 0.5545982395576664], [0.1686759707754224, 0.4180442418718478, 0.23224887465548325, -0.6565501734938021, -0.4788804057489373, -0.13074094544774667, 0.3367221348115496, 0.98694161306175, -0.591937314783816, 0.11494702266277516, -1.017800908911838, 0.15997299406077886, -0.4624743590428062, -0.15079423798329813, -0.0295731246628263, 0.9064887421146941]], [[-0.7264120087651078, 0.19854146958628852, 0.0483210046028915, -0.07583244792707326, 0.4917034650042282, -0.001483111145747845, -0.1108182073904744, -0.08164962127833802, -0.20227520683559022, -0.5602080277351182, 0.15875274982975762, 0.09445946513082958, 0.18527663452786736, -0.16095698265264596, 0.14962487263173307, 0.0645013815206239], [0.8756074820950547, 0.20078132322484107, 0.1282540873727631, -0.0054140277372575814, -0.1546408804764192, -0.05438673432452935, 0.02074390336510021, 0.45220497601753207, 0.21711109237267753, -0.06055637816804574, -0.2605972559478364, 0.8443595068300027, -1.2659774523610434, -0.1312771746868614, -0.14972086035149956, 0.22851334416371538]], [[0.15103425932466089, -0.06443236990412284, 0.0689604812955108, 0.652735617204269, 0.13193406046190467, -0.5860129001570044, 0.10877442536212723, -0.035155262032259486, 0.4931291810759273, 0.3048367016761588, -0.1387190578028246, 0.8666127491410052, -1.3564150407656679, -0.10471039826928662, 0.2888481985272355, 0.1309344943164126], [0.06707575104832775, 0.4974429514581561, 0.17456020366618666, -0.5430210786186427, -0.07142325778194723, 0.2074492182805445, 