{"ground_truth": [[-5, 2, 4], [5, -2, -4]], "milp": [[4.72037283548775, -1.97820604359277, -3.839627511345626], [-6.243010327322864, 2.2815746542658584, 4.39489256507676]], "refit_milp_assignment": [[4.725649313968183, -1.9804270504377504, -3.8420599901090675], [-6.250334232432501, 2.2835890782722683, 4.398541035555542]], "refit_ground_truth_assignment": [[-5.635269648720292, 2.4448809171852344, 4.077608059211695], [4.578566858705129, -1.8028194799136557, -3.9811456570603965]]}