{"time_milp": 1.5586440563201904, "time_refit_milp_assignment": 2.075054168701172, "mse_refit_ground_truth_assignment": 11.874918837819203, "r2_refit_ground_truth_assignment": 0.9012133555933383, "weight_mismatch_refit_ground_truth_assignment": 3.422692243827149, "refit-weight_mismatch_refit_ground_truth_assignment": 0.0, "rand_score_refit_ground_truth_assignment": 1.0, "label_mismatch_refit_ground_truth_assignment": 0.0, "mse_milp": 11.874928243441937, "r2_milp": 0.9012132773486007, "weight_mismatch_milp": 3.413217648795766, "refit-weight_mismatch_milp": 0.00971310963515725, "rand_score_milp": 1.0, "label_mismatch_milp": 0.0, "mse_refit_milp_assignment": 11.874918837819203, "r2_refit_milp_assignment": 0.9012133555933383, "weight_mismatch_refit_milp_assignment": 3.422692243827149, "refit-weight_mismatch_refit_milp_assignment": 0.0, "rand_score_refit_milp_assignment": 1.0, "label_mismatch_refit_milp_assignment": 0.0, "mse_greedy": NaN, "r2_greedy": NaN, "mse_ground_truth": 15.226377398864143, "r2_ground_truth": 0.8747036330185359, "weight_mismatch_ground_truth": 0, "rand_score_ground_truth": 1, "label_mismatch_ground_truth": 0, "mse_baseline_sklearn": 114.63987501659058, "r2_baseline_sklearn": 0.046318655078247284, "mse_milp_val": 15.624661094478274, "r2_milp_val": 0.8734272097990285, "label_mismatch_milp_val": 0.0, "mse_refit_milp_assignment_val": 15.627459072576007, "r2_refit_milp_assignment_val": 0.873404543842141, "label_mismatch_refit_milp_assignment_val": 0.0, "mse_refit_ground_truth_assignment_val": 15.627459072576007, "r2_refit_ground_truth_assignment_val": 0.873404543842141, "label_mismatch_refit_ground_truth_assignment_val": 0.0, "mse_ground_truth_val": 17.095978802836065, "r2_ground_truth_val": 0.8615083088710105, "label_mismatch_ground_truth_val": 0.0, "mse_baseline_sklearn_val": 123.50983273318506, "r2_baseline_sklearn_val": -0.0005326868701927001, "random_state": 9}