{"time_milp": 100.56559014320374, "time_refit_milp_assignment": 101.62462830543518, "mse_refit_ground_truth_assignment": 54.12806110169647, "r2_refit_ground_truth_assignment": 0.8189824288382331, "weight_mismatch_refit_ground_truth_assignment": 24.73338030474947, "refit-weight_mismatch_refit_ground_truth_assignment": 0.0, "rand_score_refit_ground_truth_assignment": 1.0, "label_mismatch_refit_ground_truth_assignment": 0.0, "mse_milp": 43.011630571418316, "r2_milp": 0.8561585111442073, "weight_mismatch_milp": 37.03694095319579, "refit-weight_mismatch_milp": 31.251061651652208, "rand_score_milp": 0.6852497096399536, "label_mismatch_milp": 0.30952380952380953, "mse_refit_milp_assignment": 43.01122803389149, "r2_refit_milp_assignment": 0.856159857328865, "weight_mismatch_refit_milp_assignment": 37.07522425582704, "refit-weight_mismatch_refit_milp_assignment": 31.240968845299193, "rand_score_refit_milp_assignment": 0.6852497096399536, "label_mismatch_refit_milp_assignment": 0.30952380952380953, "mse_greedy": NaN, "r2_greedy": NaN, "mse_ground_truth": 85.01542415368365, "r2_ground_truth": 0.7156874774680431, "weight_mismatch_ground_truth": 0, "rand_score_ground_truth": 1, "label_mismatch_ground_truth": 0, "mse_baseline_sklearn": 262.5731163245332, "r2_baseline_sklearn": 0.12189081223244869, "random_state": 12}