{"time_milp": 18056.94653892517, "time_refit_milp_assignment": 18060.25384259224, "mse_refit_ground_truth_assignment": 139.42502793520373, "r2_refit_ground_truth_assignment": 0.5920314843638702, "weight_mismatch_refit_ground_truth_assignment": 8.75745845147716, "refit-weight_mismatch_refit_ground_truth_assignment": 0.0, "rand_score_refit_ground_truth_assignment": 1.0, "label_mismatch_refit_ground_truth_assignment": 0.0, "mse_milp": 102.81747710643064, "r2_milp": 0.6991480357740625, "weight_mismatch_milp": 17.858510381861656, "refit-weight_mismatch_milp": 13.296719969985201, "rand_score_milp": 0.6780112044817928, "label_mismatch_milp": 0.4166666666666667, "mse_refit_milp_assignment": 102.81746959677416, "r2_refit_milp_assignment": 0.6991480577479035, "weight_mismatch_refit_milp_assignment": 17.871874108073975, "refit-weight_mismatch_refit_milp_assignment": 13.30442956581121, "rand_score_refit_milp_assignment": 0.6780112044817928, "label_mismatch_refit_milp_assignment": 0.4166666666666667, "mse_greedy": NaN, "r2_greedy": NaN, "mse_ground_truth": 150.7508811153991, "r2_ground_truth": 0.5588911538316476, "weight_mismatch_ground_truth": 0, "rand_score_ground_truth": 1, "label_mismatch_ground_truth": 0, "mse_baseline_sklearn": 333.8585779089184, "r2_baseline_sklearn": 0.023106153094333393, "random_state": 7}