{"ground_truth": [[-10, -1.036023495068408, -1.20778884719084, -1.1893977016340138], [1, 1.1600991782834624, 1.257058276714367, 1.7553237794057512], [10, 0.1, 0.1, 0.1]], "milp": [[-15.468803898464119, -5.011173031761159, 0.38997591606389864, 1.273210642147125], [8.78256367526456, -1.1166046870026514, 2.4282523522944452, 1.23368444050276], [57.1779971460128, 2.7638317452001937, -26.732957356695835, -16.933034097602913]], "refit_milp_assignment": [[-15.474294619871056, -5.011227306241467, 0.39069336362669216, 1.2740702413070553], [8.785841658791176, -1.1173352571950332, 2.4278069181796393, 1.2334998467060172], [57.330283738642954, 2.7629391095172036, -26.78942925285091, -16.964570592883288]], "refit_ground_truth_assignment": [[-13.77894343892629, -1.808679817605178, -2.6295286385503047, -1.3202544418004183], [0.017141986989908986, 1.6794159073504773, 3.400981055911425, 3.390606490121647], [14.545495925408074, 0.4850929520869373, 0.8302638590890616, -0.9108746833142772]]}