{"time_milp": 3616.4162209033966, "time_refit_milp_assignment": 3617.1828939914703, "mse_refit_ground_truth_assignment": 0.10113749794430837, "r2_refit_ground_truth_assignment": 0.9996144292740924, "weight_mismatch_refit_ground_truth_assignment": 1.1352639625362895, "refit-weight_mismatch_refit_ground_truth_assignment": 0.0, "rand_score_refit_ground_truth_assignment": 1.0, "label_mismatch_refit_ground_truth_assignment": 0.0, "mse_milp": 6.509086929990959, "r2_milp": 0.9751851348549805, "weight_mismatch_milp": 30.574066555383453, "refit-weight_mismatch_milp": 30.249040940345818, "rand_score_milp": 0.5807200929152149, "label_mismatch_milp": 0.5476190476190477, "mse_refit_milp_assignment": 4.931376269926578, "r2_refit_milp_assignment": 0.9811999073858202, "weight_mismatch_refit_milp_assignment": 32.37157807765816, "refit-weight_mismatch_refit_milp_assignment": 32.19728052075021, "rand_score_refit_milp_assignment": 0.5807200929152149, "label_mismatch_refit_milp_assignment": 0.5476190476190477, "mse_greedy": NaN, "r2_greedy": NaN, "mse_ground_truth": 0.26138140890157, "r2_ground_truth": 0.9990035246904719, "weight_mismatch_ground_truth": 0, "rand_score_ground_truth": 1, "label_mismatch_ground_truth": 0, "mse_baseline_sklearn": 171.59067079418998, "r2_baseline_sklearn": 0.3458217283642775, "random_state": 4}