{"ground_truth": [[-10, -1.0740390925819066, -1.9706929735289045, -1.4542515722776483, -1.1744965600104416, -1.8505408933981937, -1.8356433101487666, -1.6553599782944073, -1.5955612145990883], [1, 1.044416265307237, 1.3144494277028964, 1.7910806873117295, 1.9465631572955677, 1.4407709250789797, 1.2571189897017332, 1.1116064379700556, 1.3920201963803405], [10, 0.1, 0.1, 0.1, 0.1, 0.1, 0.1, 0.1, 0.1]], "milp": [[-2.309387716460202, 3.4255679669985204, -2.626969182571587, 1.9900124363646299, -2.9333216248233054, -4.3452025689774905, -4.928780257245337, -0.7939418182544178, 6.66340524425879], [3.132663075317694, 1.2371177598461671, 1.308982531716891, -1.7821318803394688, 0.6659441966927931, 0.850195871664706, 0.661730046148063, -0.3498976403829105, 2.3010136963390533], [-9.008111651006148, 2.3765771424671893, 1.3937548286797512, 6.49213150907114, -0.09324117367903598, 1.2165485898935415, -0.41274886486250956, -3.502207971557562, -0.45247240424291496]], "refit_milp_assignment": [[-2.656297491755921, 3.5818319151776206, -2.6705277275389725, 2.0265041565336666, -3.0527680428854933, -4.428482576855531, -4.9788578389828375, -0.825896914943519, 6.881974964718567], [3.9239463800081067, 1.2144161744587048, 1.26147372892694, -2.0289720708563532, 0.5927757237021039, 0.7593828234961242, 0.4409241454803609, -0.3659755243719526, 2.252224494275552], [-15.723590707405542, 2.2121089418000497, 1.587698034100106, 7.1368918995694655, 0.31251990448798095, 1.74355458052307, 0.010432312445375387, -2.176994408538724, 0.40427108838618947]], "refit_ground_truth_assignment": [[-9.731140776692754, -1.0688783268630435, -2.0152114784686805, -1.5002002828450562, -1.271095388659181, -2.0229584492482826, -1.768853852191783, -1.7209880044602417, -1.540948298384664], [1.0830472718886135, 1.2432646279011172, 1.1261957247176817, 1.7074655017514686, 2.0035179614220766, 1.1368633244766402, 1.1087920721211824, 1.128286989577874, 1.3904685628344933], [9.91710777478146, 0.1295470033671919, 0.19792015138523444, 0.05614844324225022, 0.2521735708706212, -0.08783234400986474, 0.1925134471432598, 0.01672842135031781, 0.20825405976112732]]}