{"time_milp": 0.5305190086364746, "time_refit_milp_assignment": 1.00697922706604, "mse_refit_ground_truth_assignment": 1.9232840420085358, "r2_refit_ground_truth_assignment": 0.9767660728454953, "weight_mismatch_refit_ground_truth_assignment": 1.0581890717798883, "refit-weight_mismatch_refit_ground_truth_assignment": 0.0, "rand_score_refit_ground_truth_assignment": 1.0, "label_mismatch_refit_ground_truth_assignment": 0.0, "mse_milp": 1.9232880063857636, "r2_milp": 0.9767660249544664, "weight_mismatch_milp": 1.0614202262112238, "refit-weight_mismatch_milp": 0.0057034703735102995, "rand_score_milp": 1.0, "label_mismatch_milp": 0.0, "mse_refit_milp_assignment": 1.9232840420085358, "r2_refit_milp_assignment": 0.9767660728454953, "weight_mismatch_refit_milp_assignment": 1.0581890717798883, "refit-weight_mismatch_refit_milp_assignment": 0.0, "rand_score_refit_milp_assignment": 1.0, "label_mismatch_refit_milp_assignment": 0.0, "mse_greedy": NaN, "r2_greedy": NaN, "mse_ground_truth": 2.2088619101193436, "r2_ground_truth": 0.9743069548305999, "weight_mismatch_ground_truth": 0, "rand_score_ground_truth": 1, "label_mismatch_ground_truth": 0, "mse_baseline_sklearn": 77.01385296273646, "r2_baseline_sklearn": 0.06960556890810943, "mse_milp_val": 2.136406600295141, "r2_milp_val": 0.976458264065314, "label_mismatch_milp_val": 0.0, "mse_refit_milp_assignment_val": 2.134396762848671, "r2_refit_milp_assignment_val": 0.9764804110959541, "label_mismatch_refit_milp_assignment_val": 0.0, "mse_refit_ground_truth_assignment_val": 2.134396762848671, "r2_refit_ground_truth_assignment_val": 0.9764804110959541, "label_mismatch_refit_ground_truth_assignment_val": 0.0, "mse_ground_truth_val": 2.0099109358219414, "r2_ground_truth_val": 0.9778521595576324, "label_mismatch_ground_truth_val": 0.0, "mse_baseline_sklearn_val": 90.74153185562794, "r2_baseline_sklearn_val": 9.053475168263603e-05, "random_state": 7}