{"time_milp": 0.7436418533325195, "time_refit_milp_assignment": 1.2979490756988525, "mse_refit_ground_truth_assignment": 0.3027350775926991, "r2_refit_ground_truth_assignment": 0.9964514386701102, "weight_mismatch_refit_ground_truth_assignment": 0.16489380686537136, "refit-weight_mismatch_refit_ground_truth_assignment": 0.0, "rand_score_refit_ground_truth_assignment": 1.0, "label_mismatch_refit_ground_truth_assignment": 0.0, "mse_milp": 0.3027397647096066, "r2_milp": 0.9964513837292625, "weight_mismatch_milp": 0.16868839245574305, "refit-weight_mismatch_milp": 0.00579561738437481, "rand_score_milp": 1.0, "label_mismatch_milp": 0.0, "mse_refit_milp_assignment": 0.3027350775926991, "r2_refit_milp_assignment": 0.9964514386701102, "weight_mismatch_refit_milp_assignment": 0.16489380686537136, "refit-weight_mismatch_refit_milp_assignment": 0.0, "rand_score_refit_milp_assignment": 1.0, "label_mismatch_refit_milp_assignment": 0.0, "mse_greedy": NaN, "r2_greedy": NaN, "mse_ground_truth": 0.34946929133238996, "r2_ground_truth": 0.9959153324377324, "weight_mismatch_ground_truth": 0, "rand_score_ground_truth": 1, "label_mismatch_ground_truth": 0, "mse_baseline_sklearn": 84.59682083287923, "r2_baseline_sklearn": 0.008383800693712362, "mse_milp_val": 0.4228283295639321, "r2_milp_val": 0.9950783791989926, "label_mismatch_milp_val": 0.0, "mse_refit_milp_assignment_val": 0.4226537073783527, "r2_refit_milp_assignment_val": 0.9950804117595397, "label_mismatch_refit_milp_assignment_val": 0.0, "mse_refit_ground_truth_assignment_val": 0.4226537073783527, "r2_refit_ground_truth_assignment_val": 0.9950804117595397, "label_mismatch_refit_ground_truth_assignment_val": 0.0, "mse_ground_truth_val": 0.40069561339951615, "r2_ground_truth_val": 0.9953359987307063, "label_mismatch_ground_truth_val": 0.0, "mse_baseline_sklearn_val": 85.921906055107, "r2_baseline_sklearn_val": -0.0001104716401960637, "random_state": 5}