{"ground_truth": [[-10, 0.2, 0.4, 0.3], [10, -0.2, -0.4, -0.3]], "milp": [[-9.779018373659436, 0.10455388281553366, 0.2642389291971997, 0.16169130614945115], [10.383935654109148, -0.557775869811093, -0.28035530843048745, -0.4578020839958843]], "greedy": [[[-9.781814603183467, 0.10519728319337521, 0.26463687546803644, 0.16188094823963917], [10.387025117796846, -0.5581633565936899, -0.280794169146206, -0.4583305557726767]], [[10.387025117796846, -0.5581633565936899, -0.280794169146206, -0.4583305557726767], [-9.781814603183467, 0.10519728319337521, 0.26463687546803644, 0.16188094823963917]], [[5.1078705598892125, -3.472469444528951, -0.8167154358880808, 1.3708412482505963], [-6.687339714048304, 3.2360782993413575, 1.065347619796885, -1.4715256768950316]], [[-3.1302320454673627, -2.1589978642342977, -0.015516132501206165, 3.042298821662289], [4.251844887760978, 1.4185123694718138, -0.2772795954964482, -3.2752398394683477]], [[-1.9353546203838126, 1.5980690071727928, -3.1336507214587543, 0.6866564971925321], [1.0797499630422913, -1.668388167216338, 2.705360763637439, -0.5226453642352288]], [[1.743456070789501, 1.2359314223992481, -0.015175017002554978, -3.6539030397988537], [-1.6213535213830117, -1.889192722621654, -0.11532419261928514, 3.3655071552231233]], [[10.387025117796846, -0.5581633565936899, -0.280794169146206, -0.4583305557726767], [-9.781814603183467, 0.10519728319337521, 0.26463687546803644, 0.16188094823963917]], [[3.257079851696057, -1.373545591028077, 2.178234452165087, -1.8862478350837004], [-3.8865021727146516, 0.905928176651613, -2.254763796112853, 2.37362662218692]], [[-9.781814603183467, 0.10519728319337521, 0.26463687546803644, 0.16188094823963917], [10.387025117796846, -0.5581633565936899, -0.280794169146206, -0.4583305557726767]], [[-1.9353546203838126, 1.5980690071727928, -3.1336507214587543, 0.6866564971925321], [1.0797499630422913, -1.668388167216338, 2.705360763637439, -0.5226453642352288]], [[-3.365198637127829, -0.13793644570699296, -1.8991123496650026, 2.97323332454002], [3.208737882535341, -0.8061158304783321, 1.972808051504345, -2.475505978674518]], [[-9.781814603183467, 0.10519728319337521, 0.26463687546803644, 0.16188094823963917], [10.387025117796846, -0.5581633565936899, -0.280794169146206, -0.4583305557726767]], [[-1.9353546203838126, 1.5980690071727928, -3.1336507214587543, 0.6866564971925321], [1.0797499630422913, -1.668388167216338, 2.705360763637439, -0.5226453642352288]], [[-9.781814603183467, 0.10519728319337521, 0.26463687546803644, 0.16188094823963917], [10.387025117796846, -0.5581633565936899, -0.280794169146206, -0.4583305557726767]], [[10.387025117796846, -0.5581633565936899, -0.280794169146206, -0.4583305557726767], [-9.781814603183467, 0.10519728319337521, 0.26463687546803644, 0.16188094823963917]], [[2.5233648652646234, 1.1512834305851818, -3.5486146265032943, -0.5221252993041173], [-2.7748091811405025, -1.3825393232127685, 2.996122708503382, 0.38067453136488877]], [[-3.599115676768414, 0.9327335109585992, -1.091530288851324, 3.319331444644538], [3.243417503719796, -1.4172549120546625, 1.3716928962520984, -2.794606010448593]], [[3.357774548372679, -1.1768271277362656, 2.110585224255369, -2.1126432914270192], [-3.802979118453636, 0.5527198106790386, -2.1304604904753113, 2.611617344758551]], [[3.7319132045720416, -2.103480156595771, 1.9171902376315053, 0.37578383953082317], [-4.54658483086091, 2.163004592950824, -2.505058626944226, -0.4706014812873854]], [[3.450910656689461, -1.546160506210471, 2.3006127144644752, -1.1864933781403264], [-4.287343054183161, 1.1749612779518608, -2.5320151831453552, 1.6162325168886165]]], "refit_milp_assignment": [[-9.781835434049135, 0.10520410702715113, 0.2646500018791365, 0.1618869343675286], [10.387081141961765, -0.558187583368062, -0.2808071047696077, -0.4583514622965827]], "refit_ground_truth_assignment": [[-9.781835434049135, 0.10520410702715113, 0.2646500018791365, 0.1618869343675286], [10.387081141961765, -0.558187583368062, -0.2808071047696077, -0.4583514622965827]]}