{"time_milp": 29.40853500366211, "time_greedy": 1.2626384496688843, "time_refit_milp_assignment": 30.084933280944824, "mse_refit_ground_truth_assignment": 13.267097818751111, "r2_refit_ground_truth_assignment": 0.8830451233327913, "weight_mismatch_refit_ground_truth_assignment": 2.163445381537138, "refit-weight_mismatch_refit_ground_truth_assignment": 0.0, "rand_score_refit_ground_truth_assignment": 1.0, "label_mismatch_refit_ground_truth_assignment": 0.0, "mse_milp": 19.03651810848485, "r2_milp": 0.8321853311125649, "weight_mismatch_milp": 9.51865052579336, "refit-weight_mismatch_milp": 9.97413840473448, "rand_score_milp": 0.717103620474407, "label_mismatch_milp": 0.34444444444444444, "mse_refit_milp_assignment": 19.036514277521533, "r2_refit_milp_assignment": 0.8321853648840685, "weight_mismatch_refit_milp_assignment": 16.101591337648355, "refit-weight_mismatch_refit_milp_assignment": 17.618876105810823, "rand_score_refit_milp_assignment": 0.717103620474407, "label_mismatch_refit_milp_assignment": 0.34444444444444444, "mse_greedy": 11.508653484583133, "r2_greedy": 0.8985465271091394, "weight_mismatch_greedy": 9.438984527957112, "refit-weight_mismatch_greedy": 8.784005992705897, "rand_score_greedy": 0.7363171036204743, "label_mismatch_greedy": 0.29333333333333333, "mse_greedy_sem": 0.9434945399435637, "r2_greedy_sem": 0.008317289060711218, "weight_mismatch_greedy_sem": 1.542218626670674, "refit-weight_mismatch_greedy_sem": 1.6040591455200341, "rand_score_greedy_sem": 0.012973435906503137, "label_mismatch_greedy_sem": 0.02343752842753312, "mse_ground_truth": 14.485689191697102, "r2_ground_truth": 0.8723027435239087, "weight_mismatch_ground_truth": 0, "rand_score_ground_truth": 1, "label_mismatch_ground_truth": 0, "mse_baseline_sklearn": 107.44903600661407, "r2_baseline_sklearn": 0.052769146317926174, "random_state": 3}