{"time_milp": 600.8548798561096, "time_greedy": 0.48906888961791994, "time_refit_milp_assignment": 603.59179520607, "mse_refit_ground_truth_assignment": 0.6620976201926531, "r2_refit_ground_truth_assignment": 0.9940253553348696, "weight_mismatch_refit_ground_truth_assignment": 1.3432869946485826, "refit-weight_mismatch_refit_ground_truth_assignment": 0.0, "rand_score_refit_ground_truth_assignment": 1.0, "label_mismatch_refit_ground_truth_assignment": 0.0, "mse_milp": 0.662139434429451, "r2_milp": 0.9940249780110442, "weight_mismatch_milp": 1.3137684271128849, "refit-weight_mismatch_milp": 0.034759897038672244, "rand_score_milp": 1.0, "label_mismatch_milp": 0.0, "mse_refit_milp_assignment": 0.6620976201926531, "r2_refit_milp_assignment": 0.9940253553348696, "weight_mismatch_refit_milp_assignment": 1.3432869946485826, "refit-weight_mismatch_refit_milp_assignment": 0.0, "rand_score_refit_milp_assignment": 1.0, "label_mismatch_refit_milp_assignment": 0.0, "mse_greedy": 4.8089934898923685, "r2_greedy": 0.9566045452773683, "weight_mismatch_greedy": 9.430989443534056, "refit-weight_mismatch_greedy": 8.902986073000866, "rand_score_greedy": 0.8104068857589984, "label_mismatch_greedy": 0.21944444444444447, "mse_greedy_sem": 1.7354217236480334, "r2_greedy_sem": 0.015660119938096566, "weight_mismatch_greedy_sem": 2.662543570063839, "refit-weight_mismatch_greedy_sem": 2.7384564687979225, "rand_score_greedy_sem": 0.02732230042950722, "label_mismatch_greedy_sem": 0.03986861137335367, "mse_ground_truth": 0.90948805876057, "r2_ground_truth": 0.9919886686980003, "weight_mismatch_ground_truth": 0, "rand_score_ground_truth": 1, "label_mismatch_ground_truth": 0, "mse_baseline_sklearn": 110.37820297932691, "r2_baseline_sklearn": 0.0039678115966717, "mse_milp_val": 1.5109869209487403, "r2_milp_val": 0.9871499424911744, "label_mismatch_milp_val": 0.0625, "mse_refit_milp_assignment_val": 1.5128584108452496, "r2_refit_milp_assignment_val": 0.9871340265673076, "label_mismatch_refit_milp_assignment_val": 0.0625, "mse_greedy_val": 11.461368463764888, "label_mismatch_greedy_val": 0.19166666666666665, "mse_greedy_val_sem": 4.240777376009138, "label_mismatch_greedy_val_sem": 0.041956230674330845, "r2_greedy_val": 0.9025277837635128, "r2_greedy_val_sem": 0.036065324198589085, "mse_refit_ground_truth_assignment_val": 1.5128584108452496, "r2_refit_ground_truth_assignment_val": 0.9871340265673076, "label_mismatch_refit_ground_truth_assignment_val": 0.0625, "mse_ground_truth_val": 1.5010460922938085, "r2_ground_truth_val": 0.9872344834081936, "label_mismatch_ground_truth_val": 0.0625, "mse_baseline_sklearn_val": 117.58495155274458, "r2_baseline_sklearn_val": 8.955288298917452e-06}