{"ground_truth": [[-10, -1.337719620706157, -1.6626352006348812, -1.0611537685933308], [1, 1.6272285743807728, 1.565890653114534, 1.026132378542826], [10, 0.1, 0.1, 0.1]], "milp": [[-10.474155768404072, -1.22161677045582, -1.450553686534187, -1.0732054161807807], [10.184787113856391, 0.16634175614445665, -0.019765999935335864, -0.11844994226712492], [1.2274113892142824, 1.4239582925231273, 1.8272225253580143, 0.7934336573859899]], "greedy": [[[-12.818129038094337, 2.8718693047347776, -1.5233045453286926, 4.488020377770044], [13.080023398380654, -2.5977302859199365, -6.255557218930731, -7.267623372492572], [-3.4008209199810224, 0.6953969168809238, 7.226395021491327, -0.41644403602068675]], [[10.363808087708426, -0.15089723472895883, -0.10854701662417328, -0.15605254559369497], [-10.492782110558673, -1.2156612097883888, -1.4466642729130503, -1.0671910861202996], [1.2867035183060151, 1.5983398833696483, 1.87084241402396, 0.549032717580571]], [[8.511319994876024, -0.6758445229391352, 0.15296569317850195, 0.9920188868618258], [6.271145960597047, 0.5643294563165849, 0.8436513567291288, -1.9501471716082726], [-10.492782110558673, -1.2156612097883888, -1.4466642729130503, -1.0671910861202996]], [[10.376166796555168, -0.06947936093897014, -0.1157308940809854, -0.2973367029816847], [1.786604060664319, 1.18802369196474, 1.4076900433249662, 0.5556208868621704], [-10.492782110558673, -1.2156612097883888, -1.4466642729130503, -1.0671910861202996]], [[-10.585441310467457, -1.2574957621549614, -1.409715848183926, -0.9224804076564737], [-2.8030715841572498, -3.574386314231103, -0.7073614260868973, -4.119728802794293], [7.722190247290239, 0.01567144073961905, 0.9726332020066575, -0.5320683311642255]], [[0.882924431745129, -2.23676313664325, -5.643362139173582, 4.731643699788322], [5.77748021761665, -4.936442051004313, 4.540235855579108, -3.8556486037161966], [-11.402227485596397, 6.005754463522114, 5.529600042412647, -2.4323706610391915]], [[8.784045792843857, 0.2617334867773141, -0.009716115599010254, -0.34033314201993287], [-8.162591063745847, -1.7771317014220784, -1.5286429092969713, -2.4124439795253907], [-1.6767280708410386, -0.2996717633727455, -3.416843512278663, 3.1755891787502875]], [[-10.492782110558673, -1.2156612097883888, -1.4466642729130503, -1.0671910861202996], [6.117119031880361, 1.4729930960492732, -2.1569998794046827, 0.6186064181883106], [7.343237658350384, -0.230710527734644, 2.069910943822021, -0.7850688731058748]], [[-10.492782110558673, -1.2156612097883888, -1.4466642729130503, -1.0671910861202996], [10.331726982530641, -0.05057080772426241, -0.0611093331822041, -0.27325162881903386], [1.6691035850143683, 1.2307797270566563, 1.5168930883934062, 0.5973204361216368]], [[1.6691035850143683, 1.2307797270566563, 1.5168930883934062, 0.5973204361216368], [10.331726982530641, -0.05057080772426241, -0.0611093331822041, -0.27325162881903386], [-10.492782110558673, -1.2156612097883888, -1.4466642729130503, -1.0671910861202996]], [[-10.492782110558673, -1.2156612097883888, -1.4466642729130503, -1.0671910861202996], [10.318055158455406, 0.0002987940838964193, -0.09527548586542385, -0.2149381350821041], [1.5402875418080022, 1.2796638427610272, 1.552147137345431, 0.6901550203735083]], [[-10.492782110558673, -1.2156612097883888, -1.4466642729130503, -1.0671910861202996], [10.331726982530641, -0.05057080772426241, -0.0611093331822041, -0.27325162881903386], [1.6691035850143683, 1.2307797270566563, 1.5168930883934062, 0.5973204361216368]], [[-15.760210448173392, 2.332639913453235, 4.983459519122185, 6.109003352658443], [-1.5565922262387812, 1.104635601249405, 4.3779236329451, -6.95918659400387], [10.632863493325939, -2.938013275908615, -7.390713489015545, -1.1503379743656699]], [[10.277954601054383, 0.01682862957931927, -0.05711896716499074, -0.19423138105099405], [1.4342594052940947, 1.3158371381701202, 1.6559401197058656, 0.7198197439648716], [-10.492782110558673, -1.2156612097883888, -1.4466642729130503, -1.0671910861202996]], [[-10.492782110558673, -1.2156612097883888, -1.4466642729130503, -1.0671910861202996], [5.653118723020064, 1.5024849710070776, -1.771920789800076, 1.0110937983708148], [7.73734950313691, -0.3209035742206087, 1.9067571530687755, -1.120448831539163]], [[-10.492782110558673, -1.2156612097883888, -1.4466642729130503, -1.0671910861202996], [10.022938160663848, -0.3333994783757777, -0.08076775869000362, -0.03358862010991112], [1.4927675784060979, 0.8706631138967027, 0.8782246933809978, 1.2418516973166867]], [[10.488607725338113, -1.5257615623723766, 0.2689602252459137, -1.032784536514142], [-10.492782110558673, -1.2156612097883888, -1.4466642729130503, -1.0671910861202996], [1.2828111981875674, 1.8816653356931143, 1.4926554302769721, 1.0994324789373182]], [[-8.677804134924894, -1.6938361352256504, -1.6677681034021712, -2.032961097267635], [-0.6918544482168318, 1.0267133239579065, 1.8736866764915416, 2.1088154665876324], [9.63132868982426, -0.7734453070791636, 0.5053029599335797, -0.36378287646948476]], [[10.331726982530641, -0.05057080772426241, -0.0611093331822041, -0.27325162881903386], [1.6691035850143683, 1.2307797270566563, 1.5168930883934062, 0.5973204361216368], [-10.492782110558673, -1.2156612097883888, -1.4466642729130503, -1.0671910861202996]], [[3.3219885766791526, 0.12112346836588148, 2.317859279161743, 1.2724647848001351], [10.743244160483703, 0.33579736653049763, -1.8700290681431329, -2.36049889011574], [-10.492782110558673, -1.2156612097883888, -1.4466642729130503, -1.0671910861202996]]], "refit_milp_assignment": [[-10.490939847158977, -1.2164198770299044, -1.4472514367659837, -1.0679048401169307], [10.198595011245994, 0.16384001640774384, -0.02510436560757379, -0.1210310150632026], [1.227825096956102, 1.4240790135803814, 1.8278456810803407, 0.7929885367120907]], "refit_ground_truth_assignment": [[-10.490939847158977, -1.2164198770299044, -1.4472514367659837, -1.0679048401169307], [1.227825096956102, 1.4240790135803814, 1.8278456810803407, 0.7929885367120907], [10.198595011245994, 0.16384001640774384, -0.02510436560757379, -0.1210310150632026]]}