{"time_milp": 0.7538602352142334, "time_greedy": 0.1429694652557373, "time_refit_milp_assignment": 1.3403942584991455, "mse_refit_ground_truth_assignment": 0.49228615827148653, "r2_refit_ground_truth_assignment": 0.4006935847776152, "weight_mismatch_refit_ground_truth_assignment": 117395115837756.6, "refit-weight_mismatch_refit_ground_truth_assignment": 0.0, "rand_score_refit_ground_truth_assignment": 1.0, "label_mismatch_refit_ground_truth_assignment": 0.0, "mse_milp": 0.16703810624471196, "r2_milp": 0.7966487438717563, "weight_mismatch_milp": 117395115837762.31, "refit-weight_mismatch_milp": 7.890313400391774, "rand_score_milp": 0.5361875637104995, "label_mismatch_milp": 0.3577981651376147, "mse_refit_milp_assignment": 0.1670375799363639, "r2_refit_milp_assignment": 0.7966493845965951, "weight_mismatch_refit_milp_assignment": 117395115837762.36, "refit-weight_mismatch_refit_milp_assignment": 7.964305400708836, "rand_score_refit_milp_assignment": 0.5361875637104995, "label_mismatch_refit_milp_assignment": 0.3577981651376147, "mse_greedy": 0.12636767648139785, "r2_greedy": 0.8461606975545243, "weight_mismatch_greedy": 117395115837761.16, "refit-weight_mismatch_greedy": 7.518873478356729, "rand_score_greedy": 0.5797315664288142, "label_mismatch_greedy": 0.30688073394495413, "mse_greedy_sem": 0.015596865536159396, "r2_greedy_sem": 0.018987536854583643, "weight_mismatch_greedy_sem": 0.9303458526984593, "refit-weight_mismatch_greedy_sem": 0.5455869498831126, "rand_score_greedy_sem": 0.01189135612588782, "label_mismatch_greedy_sem": 0.015387228374637003, "mse_ground_truth": NaN, "r2_ground_truth": NaN, "weight_mismatch_ground_truth": 0, "rand_score_ground_truth": 1, "label_mismatch_ground_truth": 0, "mse_baseline_sklearn": 0.5738362486250062, "r2_baseline_sklearn": 0.3014149609738628}