{"ground_truth": [[62246497363918.54, -0.02659877612672202, -68096014580926.49, 23265311000309.293, 4690209068385.408, 0.05383785042768487, -3901518447332.9766, 5213337780697.519, -0.017928552507337908, 0.0, 0.0, 5213337780697.407, -68096014580926.36, 0.03654831537177527], [-0.9473927389311908, -0.06335866541533669, 1.3569821936329074, 0.11053435431152323, 2.498001805406602e-16, 0.6102331764126104, 0.045726548985534986, -2.2898349882893854e-16, -0.003121170760122268, -2.2204460492503165e-16, -0.4859323302805552, -0.44231951667658576, 0.8356429053351404, -0.5952576863816361]], "milp": [[0.4215400766762283, 0.03787114181991229, 1.979762039263694, -0.6282441180700489, 0.0, 0.31894405042878293, -0.11678701047960838, -1.4546299535394684, -0.04741422456759229, 0.14661974395431865, -1.921928494137252, -1.4988325055315754, 0.86207978164324, -0.07745193936619364], [1.0124719655967422, 0.08082563918111603, -1.5144273169661886, 0.031245400068931346, 0.0, -0.3212259470490665, 0.0314834722288819, 0.03748581394202884, -0.02330864666237699, 0.3521572172087182, 0.0, 0.4288487206596329, -0.8288786203066614, 0.16431835353990507]], "greedy": [[[0.26352072032599844, -0.1625143537434452, 0.13119223459776055, 0.004647815920954564, 0.0, -0.38868455872667673, 0.02924116197919712, -0.033663455614182804, -0.04336408004823238, 1.3381024174466617e-27, 0.0, -0.27496306032234247, -0.12026861930154681, -0.1410593640547033], [1.355442863110455, 0.20667557247643562, -0.5420048116119992, -0.31022991183859766, 0.0, 0.9812848389752847, -0.14120523096104862, -0.708634044936132, -0.2655759942307492, -1.445780641732407e-26, -1.3932815130259784, -0.7177270614697958, -0.5654962732192428, -0.7498387879666256]], [[-2.872736916503823, -0.015321757381082745, 2.528788316399533, 1.223474690265398, 0.0, 0.11253097400342202, 0.42434143259715884, 0.10138061521356, -0.01850934285004426, 1.082251594672774e-27, 0.0, -0.005352634547714414, 2.5884972390521472, -0.023107162224821374], [2.922804873238669, -0.12130452675551223, 1.1560039014659185, -0.1583380129895247, 0.0, -0.6743207430007361, -0.3386928199204928, -2.467596957045396, -0.22544431652196675, 2.2546931222094178e-29, -2.467435457675993, -1.8112768741711647, -0.16166086877651958, -0.08395193132592751]], [[1.85397740154338, 0.03310416847011137, 0.601736068511589, -1.3972388227720198, 0.0, 0.4314984384492566, -0.23701591731783753, -2.080653601156121, -0.06680595773152745, -1.3312315960678763e-26, -2.08083602785929, -1.4244842412411094, 0.1826091298852408, -0.057407076620738545], [-2.802740054091789, 0.049624634997267325, 2.5396216334446593, 0.10290295274984397, 0.0, -0.22471979317605198, 0.6474012655754038, 0.11084768329960744, -0.01613558126943506, 6.390390599738956e-28, 0.0, -0.22085907363491206, 3.0292349657580337, 0.11791395906975927]], [[-0.06726670187308842, 0.9560252819760864, 1.3114312012115965, -0.0020515452689965933, 0.0, -0.6746417737076814, -0.313579008321039, -0.11814341214354701, -0.731154538092733, 8.935946953217466e-28, 0.0, 0.9970140781519888, 0.6943744910404656, -0.10453954009548327], [1.4823357817434388, -0.3089389946451708, -0.9896094624138974, -0.584615872049011, 0.0, 0.7034026876225915, 0.37988742899829236, -0.5382950611122961, -0.5078120597253354, -1.4420122216740686e-26, -0.5846761939664169, -0.8167562653677126, -0.8555454112294806, -0.031207500925847627]], [[-0.4380088755457669, 0.1538330300775067, 0.20917870565391547, -0.46421622159997117, 0.0, -0.3956596894759422, 0.21642887513614883, -0.14387127065170752, 0.006759511474336509, -1.3014700985516327e-27, 1.7904555458590719, 0.0778001925826842, 0.9661363804862919, 0.0037564489160438414], [1.8138063999173915, 0.004283277986908546, 0.4405667604924865, -2.0138376081872, 0.0, 0.6527112024424048, 0.41592795768898255, -1.1346627972502485, 0.0013332396494530221, -1.2209928896325275e-26, 0.0, -1.2398201021837163, -0.44056676048445004, 0.005935932239276324]], [[1.5912170080328842, 0.03490028694517781, 0.6981640136038569, -1.2328108604500767, 0.0, 0.6530101452537694, -0.21165319053788353, -1.0104555971632831, 0.26511984848007497, 6.6529673467917985e-28, -1.848305748987331, -1.1158117517951405, -0.14171220640893836, 0.5081011352748774], [0.05319341570912424, 0.11900728625465695, -0.25411937920618877, 0.0607747975035372, 0.0, -0.19081252098160037, 0.38235716048570395, -0.1569752602078402, -0.145748064142932, 3.0089469209208393e-28, 0.0, -0.04665323966820529, 0.25411937920554256, -0.14735257655183884]], [[-0.7428345620218125, -0.3439188852742951, 2.141064546081623, 0.07234673752398162, 0.0, 0.034068132993307645, 0.45516059726019487, -0.6696420557160964, -0.09751340189464157, -7.062040124932243e-29, 0.0, -0.7163712073363081, 0.9379316865887736, -0.20050415164397947], [-1.1232456155796036, 0.2232853397011537, 1.7224891234867672, 0.14546507647241366, 0.0, 0.3328889016951724, -0.07608435045275176, -0.8155608938297236, -0.23168260762819998, -3.960516095587375e-27, -0.12029064886504968, 1.1938359855513727, 2.727799409580875, -0.2419768547831834]], [[0.1669809950108542, 0.0013689721652256424, -0.29320017914235497, 1.4584613559243846, 0.0, -0.26010793602426807, 0.4177749315036982, -0.23995600279788748, 0.08111470000687933, 2.0741540909155212e-28, 0.0, 0.14242763900285316, 0.2932001791419566, -0.09961970263013428], [1.1154526633717248, -0.03198884130530212, 0.7308800142973004, -0.06812116940739868, 0.0, 0.6892313536084494, -0.3116090030074744, -1.2093116144693292, 0.05712374178493027, -6.477707888711146e-27, -2.0478229623304784, -1.2197592365432126, -0.04267896833237681, -0.5909974994537596]], [[-0.2941894465048653, -0.0392323766639054, -0.03969443782577421, 1.1298541290064914, 0.0, 0.11361528547717814, 0.43576552706619115, 1.095002376143035, 0.11691035907412688, -4.304128120177115e-28, 0.0, 0.035530273969449765, 0.03969443782624284, -0.24920244806824826], [2.9337663965935787, -0.03994186687871456, 0.1886746293588124, -0.5724575094857621, 0.0, 0.04343420253298553, -0.3568031390156446, -3.5563296538144815, 0.04198257473751568, -9.23882556901686e-27, -2.353589768546992, -1.6973742906447984, 0.1555183505383471, -0.18620274706015585]], [[0.7510076610470541, -0.7615808396308854, 1.597781574578624, -1.6419559615214143, 0.0, -0.004246496724125706, 0.7557944267512325, -1.5846888117245794, -0.20693939133953085, -8.066769483671008e-28, -1.6420759733078154, -0.9521753682746007, 1.7671489077930305, -0.06175771563202285], [-1.8315671593551572, 0.6725421514848736, 2.188469390849529, 0.8764176239745204, 0.0, 0.041539198782500834, -0.1731900639515011, -0.4058960374525783, -0.28026268727984577, 6.008645118172837e-27, 0.0, -0.5060824876822341, 2.104470574200497, 0.07424049062409843]], [[-4.1417953661656215, -0.02943068782034592, 3.9308292424582065, 1.2302685644289886, 0.0, 0.0031645717797184596, 0.4301999211853085, 0.07387500944588042, 0.012009594660098344, -1.4322900900871164e-26, 1.2302002534449124, 0.24678094602675085, 3.7815014571405055, -0.01677206040445038], [5.032648791436912, -0.23330864106088672, -2.0724971265282486, -0.00013400958393327756, 0.0, 0.3363745757665163, -0.31386940468980534, -3.197643267793243, -0.418499247654882, 6.31405082758946e-28, 0.0, -1.310292203760969, -0.9282640275228904, 0.042185970249755525]], [[1.6005973210305235, -0.23203711019207268, 1.9536129587920874, -2.6212444018841987, 0.0, -0.0013312028024835918, 0.520229802801733, -2.6193818537433393, -0.13497882226258562, 7.5845780444113385e-28, -2.621327008616617, -1.9652453324335963, 1.947100028151466, -0.00029480595883972223], [-1.1800479378399549, 0.03510816979350773, 0.8482408374754354, -0.46500163379481635, 0.0, 0.0094174639429236, 0.1944546827212401, 0.019942754830080726, -0.05282343647390067, -1.9383812021869542e-27, 0.0, -0.02338281141948638, 0.8541391815796234, -0.009730317830321236]], [[-2.065564725950107, 3.468386209874829e-05, 2.616150966769326, 0.09710318060569673, 0.0, -0.6434025026048837, 0.6109127127687115, 0.00037748087228460183, -0.0008408922704711403, -6.788780093616555e-28, 0.0, -0.0005712492283480794, 