{"time_milp": 7.98180890083313, "time_greedy": 1.466470980644226, "time_refit_milp_assignment": 9.130566835403442, "mse_refit_ground_truth_assignment": 0.06666472984182137, "r2_refit_ground_truth_assignment": 0.9997792568720375, "weight_mismatch_refit_ground_truth_assignment": 1.7371016841154852, "refit-weight_mismatch_refit_ground_truth_assignment": 0.0, "rand_score_refit_ground_truth_assignment": 1.0, "label_mismatch_refit_ground_truth_assignment": 0.0, "mse_milp": 9.080082767983217, "r2_milp": 0.9699336384154102, "weight_mismatch_milp": 24.078095927516053, "refit-weight_mismatch_milp": 24.401490358535078, "rand_score_milp": 0.6806039488966318, "label_mismatch_milp": 0.38095238095238093, "mse_refit_milp_assignment": 8.82117157720581, "r2_refit_milp_assignment": 0.9707909563142799, "weight_mismatch_refit_milp_assignment": 25.201463952604556, "refit-weight_mismatch_refit_milp_assignment": 25.564433888346834, "rand_score_refit_milp_assignment": 0.6806039488966318, "label_mismatch_refit_milp_assignment": 0.38095238095238093, "mse_greedy": 8.05755119334871, "r2_greedy": 0.9733194890557838, "weight_mismatch_greedy": 42.55393479662283, "refit-weight_mismatch_greedy": 42.31108613460661, "rand_score_greedy": 0.6107433217189315, "label_mismatch_greedy": 0.48809523809523814, "mse_greedy_sem": 1.2093519627846938, "r2_greedy_sem": 0.004004458365107392, "weight_mismatch_greedy_sem": 2.439930229869034, "refit-weight_mismatch_greedy_sem": 2.402088056391433, "rand_score_greedy_sem": 0.010584334843018378, "label_mismatch_greedy_sem": 0.018157457994474352, "mse_ground_truth": 0.2782737615556091, "r2_ground_truth": 0.9990785679218767, "weight_mismatch_ground_truth": 0, "rand_score_ground_truth": 1, "label_mismatch_ground_truth": 0, "mse_baseline_sklearn": 260.99997889953903, "r2_baseline_sklearn": 0.13576561583405033, "random_state": 7}