{"time_milp": 0.4410970211029053, "time_greedy": 1.261498785018921, "time_refit_milp_assignment": 0.9934060573577881, "mse_refit_ground_truth_assignment": 0.2111426051161406, "r2_refit_ground_truth_assignment": 0.9986036212268908, "weight_mismatch_refit_ground_truth_assignment": 0.8610312923327973, "refit-weight_mismatch_refit_ground_truth_assignment": 0.0, "rand_score_refit_ground_truth_assignment": 1.0, "label_mismatch_refit_ground_truth_assignment": 0.0, "mse_milp": 0.2252471879477117, "r2_milp": 0.998510341426451, "weight_mismatch_milp": 0.9583213822777106, "refit-weight_mismatch_milp": 0.2356438730860771, "rand_score_milp": 0.9344632768361582, "label_mismatch_milp": 0.03333333333333333, "mse_refit_milp_assignment": 0.22515584405183625, "r2_refit_milp_assignment": 0.9985109455237491, "weight_mismatch_refit_milp_assignment": 0.9712282229669549, "refit-weight_mismatch_refit_milp_assignment": 0.2427775327718686, "rand_score_refit_milp_assignment": 0.9344632768361582, "label_mismatch_refit_milp_assignment": 0.03333333333333333, "mse_greedy": 19.13840938814442, "r2_greedy": 0.8734292938842041, "weight_mismatch_greedy": 23.969736436823307, "refit-weight_mismatch_greedy": 23.988841418801716, "rand_score_greedy": 0.5360734463276835, "label_mismatch_greedy": 0.39416666666666667, "mse_greedy_sem": 1.6059066801701565, "r2_greedy_sem": 0.010620566126625097, "weight_mismatch_greedy_sem": 2.3192002493794246, "refit-weight_mismatch_greedy_sem": 2.323863235344758, "rand_score_greedy_sem": 0.023104922601128067, "label_mismatch_greedy_sem": 0.023733258180444777, "mse_ground_truth": 0.317574216275824, "r2_ground_truth": 0.9981282113434992, "weight_mismatch_ground_truth": 0, "rand_score_ground_truth": 1, "label_mismatch_ground_truth": 0, "mse_baseline_sklearn": 96.5690479139574, "r2_baseline_sklearn": 0.36134647684089527, "mse_milp_val": 76.85513016510015, "r2_milp_val": 0.6086582468103376, "label_mismatch_milp_val": 0.2, "mse_refit_milp_assignment_val": 77.00470043490748, "r2_refit_milp_assignment_val": 0.6078966438895475, "label_mismatch_refit_milp_assignment_val": 0.2, "mse_greedy_val": 391.01893845267693, "label_mismatch_greedy_val": 0.4000000000000001, "mse_greedy_val_sem": 30.008770361986873, "label_mismatch_greedy_val_sem": 0.014165376618249232, "r2_greedy_val": -0.9910451856071208, "r2_greedy_val_sem": 0.15280287443789559, "mse_refit_ground_truth_assignment_val": 76.70104402672182, "r2_refit_ground_truth_assignment_val": 0.6094428442653894, "label_mismatch_refit_ground_truth_assignment_val": 0.2, "mse_ground_truth_val": 73.79391835296562, "r2_ground_truth_val": 0.6242457553458398, "label_mismatch_ground_truth_val": 0.2, "mse_baseline_sklearn_val": 198.0856104192198, "r2_baseline_sklearn_val": -0.00864015058689338, "random_state": 8}