{"ground_truth": [[10, -1.0708263602105772, -1.2180529970065148, -1.4535981908416526, -1.8085186829044715, -1.731650576046535, -1.915339038262975, -1.4292439941348891, -1.2957710551783577, -1.7081231002340966, -1.1674396391442587, -1.5406418121332526, -1.7922288130608621], [-10, 1.915828764755611, 1.1188328878594755, 1.445939610828398, 1.9836082638330383, 1.2793415084800017, 1.86464922236684, 1.871077094773553, 1.9947979146744994, 1.7210477162375841, 1.9881041171368505, 1.004561871334352, 1.767665183061885]], "milp": [[10.315842684173466, -1.122300978531547, -1.2022357830195038, -1.515626331190315, -1.8906921644559465, -1.6329504035041515, -1.848881307641445, -1.513422197342459, -1.348613558399316, -1.8301929924591156, -1.1673644950847557, -1.4589258621874304, -1.912777530220374], [-9.688110054518322, 1.89266342329704, 1.1690976110432099, 1.4206501957361313, 2.054085471120729, 1.2678946757203189, 1.8007159855741615, 1.679165466152751, 2.253542790671743, 1.5266872676417718, 1.790840297361616, 1.0595711913702588, 1.7662059364776213]], "greedy": [[[-14.07750197145853, 0.44243143579353017, -0.9411575167080188, 2.4786599557874287, 1.5237245423144972, 0.7437570957005893, 0.3749517950707578, 5.348054300361958, 1.7409978851140226, -2.588729266981115, 0.8947072506028618, 0.6746775028224874, 2.8476787521673996], [2.6484604340111213, 1.842284784820375, 0.8150883082805958, -1.5892839419930131, -1.2241562221861966, -1.0691886763748417, -1.6864714731568946, -0.26230777617711953, -2.1581642820029083, 1.064116425526211, -2.0948527911057573, -0.20090758661207914, 1.3441969024739349]], [[3.755086123409937, 2.332766146843601, 1.1294928637662223, -1.482141052598869, -1.825075306914157, -1.8414477343351274, -3.444054328153091, 3.0446559608889263, -0.46255921718701304, -0.16309950517763847, 0.9732206732635943, 1.543260760250861, 0.2059796096074788], [-9.060405838776548, 0.8802159150422368, 0.5911040604665473, 1.9275823129584693, 2.0271205451213086, 1.8892752591548456, 0.25087333509731563, 0.0013556188694071772, 4.438693497238253, -4.623490772866738, -2.1644732364662347, 0.32012064502905674, 4.095594718576947]], [[-5.534631531871546, 0.36926422638137635, -0.4997400014618632, 0.15415852359366666, -0.827128686311645, 2.1537453010699665, -1.6084535346752775, 0.28901380958830863, 3.208650210091954, -7.2706988083440836, -2.1773912588393136, 3.2054676395848203, 5.141401546360555], [-8.141823069615635, 3.4995613570055992, 0.44366745319509693, 1.649747011420252, 3.5595090374631524, -0.6392218309566197, 0.8224699203772206, 1.1355981058381606, 2.292033713904055, -1.1961568634878676, -2.177095890744622, 2.2855357151012408, 0.8959519134645472]], [[-14.952388863995314, 4.850384358409587, 0.9611400847373093, 2.409906877425883, 1.550161459042306, 0.5191600357363639, -2.218674168847675, 1.4959026185829531, 0.277094755921341, 1.2838593611785167, 0.8161968348530227, 0.7696161281869337, 3.250072960105061], [2.843009663167201, -0.5701331673517874, 1.7735341177519974, -1.520036784478826, 1.3776100234110376, -0.23556584238889117, -0.09985087763396555, 1.4785216549692486, 2.130085403282861, -5.033827418572975, -1.6496470044970644, 2.459692924036352, 1.306602820552547]], [[-7.095450027688309, -0.07180680143525855, 3.270510400029147, -1.5501302153152674, 2.307648596840441, -0.3030523835050745, 0.4206535081038899, 2.031979947494479, 2.7975083426717604, -4.442987617043244, -1.1306191687734086, 4.807394863119653, 3.402481960173834], [1.3776276440130752, 1.6633516536975483, -0.09660952144608588, 1.8056658313935707, 0.8227088126793118, -0.806113486804256, -2.250170011858273, 1.6379857961908784, -3.505965039527533, 0.3434516409063701, -0.173535140535714, -1.9215014099357755, 0.24399732117617673]], [[-0.9386172088726874, 0.24164004779101417, 1.9065555911379384, -3.023711822532863, 2.45284925404107, -0.07250608507391106, -0.2577095570708444, 1.2478031279384219, 2.5394656411989684, -7.735074157655025, 0.08406313563156938, 1.9187076004836507, 2.6022118593554766], [-9.309850503543853, 3.3642437928605307, -2.0185911861177264, 2.174709854684691, 0.403826440267672, 0.6832271675699481, 0.2955579533501711, 0.8464045009289988, 0.406814154713315, 1.4710521329293702, -1.819578128362407, 0.6991263425498493, 0.927749623347312]], [[-3.896448294808585, 0.8201022471379338, 0.6621677806772013, -0.6448800373174954, 2.0206771130143055, -0.9157188383340241, -1.1904727816321299, 3.0551100991243647, 3.1332970084480456, -3.185643271009756, 0.7083177546127097, -0.74147828276696, 0.19279123159632264], [-9.08057783972535, 1.9609668042234547, -0.07102019837373211, 1.617647782504218, 0.7593111343785005, 2.622452436535169, 4.408505113876285, 0.35697177733021657, -2.8422048030737628, -1.2654320780984294, -4.0523175588899285, 2.9554536326783696, 3.438387402906584]], [[-9.022988454795582, 1.4688771170185992, -0.2839970871892915, -1.0482317308714246, 0.47954341201336204, 3.1076697015215666, -0.37205667441690754, 5.1060582369218, -0.4714900499007552, 1.209709817539575, 1.7831884498899173, 2.3107332436317756, 2.5935859364263845], [8.250376696258556, -0.9551169219464447, -1.3518046362366414, -0.039538072320444755, -1.214192269663573, -1.4380308984576424, -1.0789340197053272, -1.1597807492683434, 2.1960518440516643, -2.949251130505145, -2.92347018655356, -1.163285560428522, 0.8742169377206409]], [[2.4179647017365253, 0.5661565144336983, -2.752968091309646, -1.8746960432798172, -1.3167869119698097, 0.38160429784749217, -0.2910731602666064, 1.9894777104680434, 0.6883262536302317, -4.541507895186178, -0.675945877854989, 3.283816150453538, 1.333079208886325], [-19.16737988670677, 3.6325732304209426, 1.6435932618652342, 4.54074273780639, 3.2866798415757446, 0.5613665839950086, 1.1381962192096076, -0.38045132635830453, 4.10809459135238, -0.06525470894724694, 1.1324445901236124, 0.15775805780114888, 2.8757172317315325]], [[6.6093695649397155, -1.888841164814203, -1.0734539474277296, 1.8082070226524432, -0.14096280862831267, 0.9073313432144552, -1.1967623292835914, -0.5530792364441595, 2.632424002208313, -2.9940311699340314, -2.1649664958951678, -1.9202336777656108, -0.8080991215221923], [1.4041859480207988, 2.7500180115152624, -6.317998691084635, 2.3973063284635576, -0.10078567948542022, 2.817382911815186, 3.749930525973745, 2.271430775424692, -6.36445963138357, 1.4597349886700994, 0.41394411842197354, 0.37482408961959346, 2.562098499769908]], [[2.8642564178183316, 0.08302911362999642, -1.4081940453454598, 1.6248795932350855, -1.5532775697698875, 0.7762922059203906, -2.160617221811404, 0.6898151656834494, -0.6158403301685456, -1.4849447310750867, 0.16230247767508424, -0.8201993925987507, 0.5705735024937503], [-16.33802082823848, 4.195629516740161, 3.2654087289172296, -1.2954401179011097, 3.5347029770503746, -2.0658194684307034, -0.3348210042538932, 4.156215312469984, 5.750036285032084, -1.7357016937785823, -1.2477237004171837, 4.753633974849386, 0.772289665808652]], [[-7.784297523758985, 0.8140139717249538, 1.865717890084853, -1.150528658511787, 1.6932680942984224, 2.424028928747773, -1.6894927704685938, 1.9938520982372807, 2.731663573977564, -5.8234434302951295, -0.037398154504464445, 2.4417018589960016, 3.32676929691715], [0.025098981959239763, 2.2197699385938843, -1.5643849188062111, 1.103467973097864, -0.6834691494488697, -0.7881808957015156, 0.7577717451036802, 0.47719307098261765, 0.9913665694690481, 0.9610817764461361, -2.5848100250578954, -0.6308124601182143, 1.4483000205706342]], [[-12.719027971062715, -0.22512068113203215, -1.449972097188655, 1.3224752997004048, 0.9845800552177443, 1.8732355568361791, 1.1349645096556324, 3.0121558390894063, 2.973565210312962, -3.1444355776274366, 0.9762089831573352, -0.6876133548413542, 3.8551780835567704], [1.5940443317403055, 3.198719621910112, 0.5934190948673326, -0.9764939284825657, 0.01143216269701583, -2.204950153042552, -3.5183566148910828, 1.0839335590685444, -0.6919670036774539, 0.7462113465143574, -1.236647948923196, 0.926905001173232, 1.4526961214914382]], [[-9.817798812900383, 