{"X": [[0.16648430518905877, 0.887466345547341], [-3.272392191336908, 4.280541616809977], [-2.5868711703897262, -0.683494731312408], [2.0057628343160854, -1.4905761732144631], [-1.1159044377246778, -0.8180152298536987], [2.102908089092849, 5.584416025629915], [1.083078785996807, -1.2358508902270335], [2.0781166411615777, -0.19231939961293398], [0.9617390069576971, 3.350002439000582], [-0.4957418985877249, 1.0180505019466501], [-0.756215786480684, 0.6871316592307527], [1.5131409040025914, -0.9775580975392435], [0.3223560679416073, 0.5276319382947974], [-0.27531002496860246, -1.3752245727705685], [-1.8424344546082536, 0.6930096086461017], [0.461886079567973, 5.462733577773209], [-3.8695351530420883, 1.2254530096332978], [1.7408890733264686, 3.7192677253451922], [2.0037144135626264, -0.6884274076597237], [1.0000195229431923, 2.0847051442980584], [0.37298360601318226, 2.542023476138823], [-2.736181309127527, 4.462369331960936], [3.9353560211468257, 0.3286453229523051], [2.2226815591474347, 1.0959411837363768], [-0.6582705780295575, 1.1754204368166628], [3.00073177310139, 0.2378149649693001], [0.2486611538420127, 0.8510584742120381], [1.8669926601531417, 3.5567584605437363], [-0.26935861035872466, 2.0167924853668637], [1.432232012527364, -2.717224772246995], [0.1613670356946223, 0.7353422031265133], [0.9208595206127886, 1.6520068667739611], [-3.0806460974574303, 1.0925110462833938], [-0.355351154656083, -1.8788780534772362], [2.0485928600206975, 2.470559152130405], [-0.3065005355840713, 2.6849125631426802]], "y": [-5.256794177234713, -10.841528613069855, -5.089968851730975, -10.219521739018653, -10.156189220136895, -19.048114464167178, -10.449860733728162, -19.2333055353671, -11.395924929714457, -8.157714633898031, -11.696838631452422, -11.992708529520923, 4.050589246718951, -2.500574056404914, -1.1969651087727344, 5.340095245711073, -0.2596109517615517, 9.759773135503309, 3.5311017617488156, 0.3565264460832944, 11.375378940277141, 5.075182556719202, 5.4396544215050024, 12.842431159696472, 9.89286388136645, 5.246479226794058, 8.691674468808502, 2.5332722551686597, 13.847631310202203, 8.413840609207972, 7.490733585666127, 14.010932099252909, 4.02242193196216, 11.650579826327986, 3.226463390290996, 7.920283513922031], "z": [0, 0, 0, 0, 0, 0, 0, 0, 0, 0, 0, 0, 1, 1, 1, 1, 1, 1, 1, 1, 1, 1, 1, 1, 2, 2, 2, 2, 2, 2, 2, 2, 2, 2, 2, 2], "regression_weights": [[[-10], -1.5826848885290346, -1.0255509418496929], [[1], 1.3377979807316742, 1.6124765741267186], [[10], 0.1, 0.1]], "ground_truth_mse": 13.337326542427641, "ground_truth_r2": 0.847428885327249, "train": [0, 1, 2, 3, 4, 5, 6, 7, 8, 9, 10, 11, 12, 13, 14, 15, 16, 17, 18, 19, 20, 21, 22, 23, 24, 25, 26, 27, 28, 29, 30, 31, 32, 33, 34, 35], "val": null, "input_args": {"N": 36, "K": 3, "D": 2, "noise_std": 3.5, "outlier_ratio": 0.0}}