{"time_greedy": 1.5381343364715576, "mse_refit_ground_truth_assignment": 15.33953395404266, "r2_refit_ground_truth_assignment": 0.7906675193788564, "weight_mismatch_refit_ground_truth_assignment": 73.14670005355795, "refit-weight_mismatch_refit_ground_truth_assignment": 0.0, "rand_score_refit_ground_truth_assignment": 1.0, "label_mismatch_refit_ground_truth_assignment": 0.0, "mse_milp": NaN, "r2_milp": NaN, "mse_refit_milp_assignment": NaN, "r2_refit_milp_assignment": NaN, "mse_greedy": 17.127877723729988, "r2_greedy": 0.7662627076920348, "weight_mismatch_greedy": 25.462562093267284, "refit-weight_mismatch_greedy": 49.72344836721093, "rand_score_greedy": 0.7102958730158729, "label_mismatch_greedy": 0.19825396825396824, "mse_greedy_sem": 0.84203463279428, "r2_greedy_sem": 0.011490909631272505, "weight_mismatch_greedy_sem": 0.2717837700593836, "refit-weight_mismatch_greedy_sem": 0.10355040478584866, "rand_score_greedy_sem": 0.017200096629960752, "label_mismatch_greedy_sem": 0.017639755878374432, "mse_ground_truth": NaN, "r2_ground_truth": NaN, "weight_mismatch_ground_truth": 0, "rand_score_ground_truth": 1, "label_mismatch_ground_truth": 0, "mse_baseline_sklearn": 0.4983509129257552, "r2_baseline_sklearn": 0.14285249896176933}