{"ground_truth": [[-0.15611714288566694, -0.9771590535250598, -0.6261595085257083, -0.9253594617852843, -0.6442176909503973, -0.718533841564208, -0.8724529135568203], [0.5015042264709468, 11.891379267068295, 11.686036573995466, 11.99358917064432, 11.289518250496094, 11.240494992522315, 11.511472122542507]], "greedy": [[[-0.19208808134145816, -0.9704568857440716, -0.7441172655492244, -0.9008720153031428, -0.5855146391266336, -0.9316103018011417, -0.9483632052512346], [0.5600262788967546, 2.1692564132264964, 2.167601427765009, 2.2569315131204273, 1.5097074152167291, 1.7324653072557936, 1.9499598155519422]], [[0.5012143453809259, 1.5258432704040883, 1.287561536955586, 1.637000268192455, 0.9199854057518292, 0.8747851744216129, 1.2277165974972808], [-0.14774860329854653, -0.2942486529408109, 0.0915064708435562, -0.25031242566520545, 0.03393614155938414, -0.0378933451309337, -0.20767325951893292]], [[0.7480610075137398, 1.3320938451405986, 1.369276472981412, 1.443017245833637, 1.1258333604920672, 0.9331107265677332, 1.1628589302102208], [-0.43297889779914805, 0.06474071144830532, 0.21212218626051924, 0.12358836489747324, -0.038716243383675714, 0.05712239642746115, 0.012019243174265727]], [[0.6340798942622194, 2.5771223232654332, 2.545196809146246, 2.684243211193871, 2.2205890109307274, 1.9576090160195827, 2.331594166264936], [-0.2944965072073793, -1.1517983907255112, -0.9271820339421353, -1.0976257718962386, -1.0903136929580861, -0.9331588597988058, -1.1300583849087669]], [[0.5449272467149551, 1.7517783839780978, 1.6777292987109174, 1.8520043770244219, 1.1480113118583555, 1.1021326775043137, 1.4696267888140848], [-0.17667547916855825, -0.544319282210175, -0.2600680330462715, -0.4901376158458448, -0.21352736627098226, -0.2909865025523845, -0.4708782040759738]], [[0.1017942599879824, -0.8830305111991654, -0.30593066939251146, -0.3264986198874674, -0.434023388840921, -0.5184558165496022, -0.6029146441533731], [0.22556021730940368, 2.066299478610941, 1.6490335472382136, 1.6612750742071585, 1.3235213809308377, 1.2996136520618424, 1.5020543620109958]], [[0.5449272467149551, 1.7517783839780978, 1.6777292987109174, 1.8520043770244219, 1.1480113118583555, 1.1021326775043137, 1.4696267888140848], [-0.17667547916855825, -0.544319282210175, -0.2600680330462715, -0.4901376158458448, -0.21352736627098226, -0.2909865025523845, -0.4708782040759738]], [[-0.17667547916855825, -0.544319282210175, -0.2600680330462715, -0.4901376158458448, -0.21352736627098226, -0.2909865025523845, -0.4708782040759738], [0.5449272467149551, 1.7517783839780978, 1.6777292987109174, 1.8520043770244219, 1.1480113118583555, 1.1021326775043137, 1.4696267888140848]], [[0.7710306428266138, 1.574145878504282, 1.6063923374030114, 1.686243050555981, 1.3691097767424822, 1.2882109236987045, 1.401772857140309], [-0.4635446098085993, -0.3932174224197357, -0.24865759283027583, -0.33301375263792343, -0.4959558752349643, -0.5151217007297837, -0.44776106165911284]], [[0.6340798942622194, 2.5771223232654332, 2.545196809146246, 2.684243211193871, 2.2205890109307274, 1.9576090160195827, 2.331594166264936], [-0.2944965072073793, -1.1517983907255112, -0.9271820339421353, -1.0976257718962386, -1.0903136929580861, -0.9331588597988058, -1.1300583849087669]], [[-0.17667547916855825, -0.544319282210175, -0.2600680330462715, -0.4901376158458448, -0.21352736627098226, -0.2909865025523845, -0.4708782040759738], [0.5449272467149551, 1.7517783839780978, 1.6777292987109174, 1.8520043770244219, 1.1480113118583555, 1.1021326775043137, 1.4696267888140848]], [[-0.21698240338008437, -1.050737715861217, -0.8487809802546329, -0.9805265666647428, -0.6945794672958828, -1.0334414369404938, -1.0525653108454063], [0.5863551355058146, 2.2663211369642204, 2.2990180896977797, 2.3545110014248456, 1.6343780331944426, 1.8499022322036096, 2.0821650287312914]], [[0.338849933574262, 2.0648176540604837, 1.8547660878274468, 1.872640400531853, 2.111150674962702, 1.6769949184066475, 1.9124799956175358], [0.044775534455595095, -0.6564691702823042, -0.15944604144024235, -0.30289794137849874, -0.9726261873654244, -0.6618082014448136, -0.7149640511601362]], [[0.49363228341276794, 1.8129431770883613, 1.5738668057232195, 1.9132397912284766, 1.1961261423832792, 1.1508814479487857, 1.5173072319779706], [-0.13988851763420404, -0.5803151288633231, -0.19636343132923914, -0.5249607209549983, -0.2407587040015782, -0.3126140342141837, -0.492477032220673]], [[-0.2944965072073793, -1.1517983907255112, -0.9271820339421353, -1.0976257718962386, -1.0903136929580861, -0.9331588597988058, -1.1300583849087669], [0.6340798942622194, 2.5771223232654332, 2.545196809146246, 2.684243211193871, 2.2205890109307274, 1.9576090160195827, 2.331594166264936]], [[0.40137820154459547, 2.7088605262533156, 3.2411433585114624, 2.9593520088868903, 2.6894482023326787, 2.3180186753431773, 2.4563572786652195], [0.04609807575698777, -1.18184316708635, -1.3078412102896608, -1.2629678536362638, -1.4371920670474052, -1.167895823525755, -1.0589688248364157]], [[0.5813987313534625, 2.0850735869259713, 1.8852107749660614, 2.190224173558827, 1.7132756535725988, 1.4354511731258646, 1.812970600491994], [-0.24426091728512328, -0.9684178730365219, -0.6362108812802076, -0.9158617368069341, -0.8812035410372895, -0.7172879670567781, -0.9151764258499657]], [[0.3736997623776345, 2.764085072326812, 3.1558511860916965, 3.211953620675326, 3.204939453963175, 2.9327136395004105, 2.9344536842995277], [-0.06646097598211895, -1.398707318027063, -1.660511827523243, -1.6963231077533194, -2.1514299860846773, -1.9745385318138644, -1.860780644630427]], [[0.49363228341276794, 1.8129431770883613, 1.5738668057232195, 1.9132397912284766, 1.1961261423832792, 1.1508814479487857, 1.5173072319779706], [-0.13988851763420404, -0.5803151288633231, -0.19636343132923914, -0.5249607209549983, -0.2407587040015782, -0.3126140342141837, -0.492477032220673]], [[0.49363228341276794, 1.8129431770883613, 1.5738668057232195, 1.9132397912284766, 1.1961261423832792, 1.1508814479487857, 1.5173072319779706], [-0.13988851763420404, -0.5803151288633231, -0.19636343132923914, -0.5249607209549983, -0.2407587040015782, -0.3126140342141837, -0.492477032220673]], [[0.5806234208063172, 2.442606925893341, 2.466178593672339, 2.530723672658594, 1.8035609602998897, 2.0263188523389544, 2.2492135260652177], [-0.21209738806171435, -1.2378983488363884, -1.0298703716704334, -1.167777748384267, -0.8744006405248261, -1.2204963031993346, -1.2337214427103025]], [[-0.25304944490362996, -1.1749237434880653, -0.945450929952585, -1.13030289378236, -0.9486716798387056, -0.9848728443295558, -1.1718524148106695], [0.6216791432915828, 2.381153587957555, 2.373375143404313, 2.493669790182873, 1.8783937711641612, 1.791257165019568, 2.2013833250959376]], [[-0.4635446098085993, -0.3932174224197357, -0.24865759283027583, -0.33301375263792343, -0.4959558752349643, -0.5151217007297837, -0.44776106165911284], [0.7710306428266138, 1.574145878504282, 1.6063923374030114, 1.686243050555981, 1.3691097767424822, 1.2882109236987045, 1.401772857140309]], [[0.7440196652394846, 1.1147981174535706, 1.1604942069086497, 1.225352773223127, 0.7588237220914616, 0.8295217126783948, 0.9535117956754569], [-0.4177727873357125, 0.06881625758200365, 0.22243170680176916, 0.12709774169271176, 0.1259241909856335, -0.05206866942073052, 0.021911459243949136]], [[-0.43297889779914805, 0.06474071144830532, 0.21212218626051924, 0.12358836489747324, -0.038716243383675714, 0.05712239642746115, 0.012019243174265727], [0.7480610075137398, 1.3320938451405986, 1.369276472981412, 1.443017245833637, 1.1258333604920672, 0.9331107265677332, 1.1628589302102208]], [[0.5449272467149551, 1.7517783839780978, 1.6777292987109174, 1.8520043770244219, 1.1480113118583555, 1.1021326775043137, 1.4696267888140848], [-0.17667547916855825, -0.544319282210175, -0.2600680330462715, -0.4901376158458448, -0.21352736627098226, -0.2909865025523845, -0.4708782040759738]], [[0.49363228341276794, 1.8129431770883613, 1.5738668057232195, 