{"ground_truth": [[-10, -1.1448347414637259, -1.709215671099249], [1, 1.15448199836082, 1.8535380924801996], [10, 0.1, 0.1]], "milp": [[-8.266519963283706, -1.285297178834965, -2.436474584256728], [8.481814530425412, 0.25081456475416614, 0.6555627701035822], [0.8276930184957336, 1.1454755864290318, 1.9073282623619205]], "refit_milp_assignment": [[-10.105959858761066, -1.1443407870109932, -1.6595706355792301], [9.958744463264493, 0.0967315966365415, 0.14382963587212286], [0.8710497236929464, 1.165072560481292, 1.9183500733776275]], "refit_ground_truth_assignment": [[-10.095930290296973, -1.1446352797698829, -1.6655791318227], [1.1361987235299775, 1.245231028234136, 1.7878912651539016], [9.958744463264493, 0.0967315966365415, 0.14382963587212286]]}