{"ground_truth": [[-10, 0.2, 0.4, 0.3], [10, -0.2, -0.4, -0.3]], "milp": [[-10.461535536351189, 0.5296928946178128, 0.4197559664358713, 0.5166501734241564], [10.396297517067214, -0.2921038843978771, -0.5562954324199787, -0.23713858264567744]], "greedy": [[[10.399019279791812, -0.2924627093350181, -0.5566496108050126, -0.23732514159121887], [-10.464775356878347, 0.5302088697978043, 0.42040232357595164, 0.51681277208047]], [[10.399019279791812, -0.2924627093350181, -0.5566496108050126, -0.23732514159121887], [-10.464775356878347, 0.5302088697978043, 0.42040232357595164, 0.51681277208047]], [[-10.464775356878347, 0.5302088697978043, 0.42040232357595164, 0.51681277208047], [10.399019279791812, -0.2924627093350181, -0.5566496108050126, -0.23732514159121887]], [[10.399019279791812, -0.2924627093350181, -0.5566496108050126, -0.23732514159121887], [-10.464775356878347, 0.5302088697978043, 0.42040232357595164, 0.51681277208047]], [[-3.448250389875998, -1.9394874184504052, 0.5648336140820027, 3.0101631536041036], [5.670296700916312, 2.374535723362342, -1.0755071481470153, -3.0325656647902037]], [[-10.464775356878347, 0.5302088697978043, 0.42040232357595164, 0.51681277208047], [10.399019279791812, -0.2924627093350181, -0.5566496108050126, -0.23732514159121887]], [[10.399019279791812, -0.2924627093350181, -0.5566496108050126, -0.23732514159121887], [-10.464775356878347, 0.5302088697978043, 0.42040232357595164, 0.51681277208047]], [[-10.464775356878347, 0.5302088697978043, 0.42040232357595164, 0.51681277208047], [10.399019279791812, -0.2924627093350181, -0.5566496108050126, -0.23732514159121887]], [[10.399019279791812, -0.2924627093350181, -0.5566496108050126, -0.23732514159121887], [-10.464775356878347, 0.5302088697978043, 0.42040232357595164, 0.51681277208047]], [[10.399019279791812, -0.2924627093350181, -0.5566496108050126, -0.23732514159121887], [-10.464775356878347, 0.5302088697978043, 0.42040232357595164, 0.51681277208047]], [[-4.813411793524722, 3.0604157249249684, -1.015817744618899, 0.9180374397300998], [4.798885959376046, -3.4711742502897787, 1.1289983038756322, -0.09460042927765298]], [[10.399019279791812, -0.2924627093350181, -0.5566496108050126, -0.23732514159121887], [-10.464775356878347, 0.5302088697978043, 0.42040232357595164, 0.51681277208047]], [[10.399019279791812, -0.2924627093350181, -0.5566496108050126, -0.23732514159121887], [-10.464775356878347, 0.5302088697978043, 0.42040232357595164, 0.51681277208047]], [[5.670296700916312, 2.374535723362342, -1.0755071481470153, -3.0325656647902037], [-3.448250389875998, -1.9394874184504052, 0.5648336140820027, 3.0101631536041036]], [[10.399019279791812, -0.2924627093350181, -0.5566496108050126, -0.23732514159121887], [-10.464775356878347, 0.5302088697978043, 0.42040232357595164, 0.51681277208047]], [[-10.464775356878347, 0.5302088697978043, 0.42040232357595164, 0.51681277208047], [10.399019279791812, -0.2924627093350181, -0.5566496108050126, -0.23732514159121887]], [[-10.464775356878347, 0.5302088697978043, 0.42040232357595164, 0.51681277208047], [10.399019279791812, -0.2924627093350181, -0.5566496108050126, -0.23732514159121887]], [[-10.464775356878347, 0.5302088697978043, 0.42040232357595164, 0.51681277208047], [10.399019279791812, -0.2924627093350181, -0.5566496108050126, -0.23732514159121887]], [[5.796086411998418, -3.4438633817443205, 0.7992256974398128, -0.09085214915323281], [-5.966346919165199, 3.0574607621831995, -0.698791093830796, 1.0081005336937168]], [[-10.464775356878347, 0.5302088697978043, 0.42040232357595164, 0.51681277208047], [10.399019279791812, -0.2924627093350181, -0.5566496108050126, -0.23732514159121887]]], "refit_milp_assignment": [[-10.46483551671329, 0.5302311913496522, 0.420422337059283, 0.5168255724056512], [10.399052597555576, -0.29247278227600754, -0.5566668821649681, -0.2373270442796295]], "refit_ground_truth_assignment": [[-10.46483551671329, 0.5302311913496522, 0.420422337059283, 0.5168255724056512], [10.399052597555576, -0.29247278227600754, -0.5566668821649681, -0.2373270442796295]]}