{"time_milp": 1.705045223236084, "time_greedy": 1.4813008069992066, "time_refit_milp_assignment": 2.3578882217407227, "mse_refit_ground_truth_assignment": 0.07726854356699184, "r2_refit_ground_truth_assignment": 0.9997183997034632, "weight_mismatch_refit_ground_truth_assignment": 1.3333585888203199, "refit-weight_mismatch_refit_ground_truth_assignment": 0.0, "rand_score_refit_ground_truth_assignment": 1.0, "label_mismatch_refit_ground_truth_assignment": 0.0, "mse_milp": 11.43883221423331, "r2_milp": 0.9583119029444456, "weight_mismatch_milp": 24.103585591122666, "refit-weight_mismatch_milp": 23.25036921761196, "rand_score_milp": 0.5725900116144018, "label_mismatch_milp": 0.47619047619047616, "mse_refit_milp_assignment": 10.946155381498242, "r2_refit_milp_assignment": 0.9601074323512434, "weight_mismatch_refit_milp_assignment": 25.634516624033715, "refit-weight_mismatch_refit_milp_assignment": 24.675634499756296, "rand_score_refit_milp_assignment": 0.5725900116144018, "label_mismatch_refit_milp_assignment": 0.47619047619047616, "mse_greedy": 10.53361615271231, "r2_greedy": 0.9616109053532733, "weight_mismatch_greedy": 30.967905767016582, "refit-weight_mismatch_greedy": 30.594956720706325, "rand_score_greedy": 0.6206155632984901, "label_mismatch_greedy": 0.47142857142857136, "mse_greedy_sem": 1.560909583995527, "r2_greedy_sem": 0.005688635781507711, "weight_mismatch_greedy_sem": 2.810527173414978, "refit-weight_mismatch_greedy_sem": 2.815141069298803, "rand_score_greedy_sem": 0.015344590463762457, "label_mismatch_greedy_sem": 0.021753317599628, "mse_ground_truth": 0.2613814089015699, "r2_ground_truth": 0.999047412066308, "weight_mismatch_ground_truth": 0, "rand_score_ground_truth": 1, "label_mismatch_ground_truth": 0, "mse_baseline_sklearn": 181.602125916065, "r2_baseline_sklearn": 0.33816259309549057, "random_state": 4}