{"ground_truth": [[-10, 0.2, 0.4, 0.3], [10, -0.2, -0.4, -0.3]], "milp": [[-13.959294679896425, 0.16142357746713937, 0.3383201931166235, 0.40909708914357046], [12.864083369926956, -0.6603564208585951, -0.11873430652550128, -0.25680400180963153]], "refit_milp_assignment": [[-13.963663308035475, 0.16190800859879406, 0.3388798457484835, 0.4098391030107369], [12.867923728433983, -0.6607957949641888, -0.11936866014254335, -0.2575393213190953]], "refit_ground_truth_assignment": [[-13.963663308035475, 0.16190800859879406, 0.3388798457484835, 0.4098391030107369], [12.867923728433983, -0.6607957949641888, -0.11936866014254335, -0.2575393213190953]]}