{"ground_truth": [[-10, -1.0279800496749294, -1.1789402142819467, -1.2435006575850698], [1, 1.011180074150825, 1.2684483775279065, 1.1042930384819258], [10, 0.1, 0.1, 0.1]], "milp": [[-5.649842066616091, 1.4472833052306753, 4.411470313600733, 1.8833110357390457], [5.335581298572685, 0.6565402846526096, 3.255386113075573, 0.43336860201124444], [-21.672335473555677, 1.5056684957212663, 2.1712254085819405, 2.6510364116935174]], "refit_milp_assignment": [[-5.688934655747246, 1.4520779336836809, 4.42741645102482, 1.891218350243637], [5.365096404717293, 0.6504374999173536, 3.2480860382732497, 0.4255821855568057], [-21.790507900884645, 1.5224344178262452, 2.222633346347305, 2.6680806858475266]], "refit_ground_truth_assignment": [[-17.514818885613344, 0.4381093092210112, 0.5064693825051184, 1.7927768847208323], [1.0738225954287208, 0.602654845329669, -0.01223734810968758, 0.9736155424923173], [8.673583391295647, -0.014712732042207575, 1.2631256402131978, 0.42992293536388937]]}