{"ground_truth": [[-5, 2, 4], [5, -2, -4]], "milp": [[10.015874342491125, -3.131603882116783, -3.7403352828364733], [-0.4414781816569538, -1.3863974196700655, -3.022442526977146]], "refit_milp_assignment": [[10.028349705889609, -3.133066546583435, -3.7435889642478974], [-0.4409060617032825, -1.3858103119279457, -3.0232995871141637]], "refit_ground_truth_assignment": [[-5.727731718432076, 2.1203783067389885, 4.479785087925927], [3.3738453625198037, -1.701874776949001, -3.6641207655915973]]}