{"time_milp": 0.20170879364013672, "time_greedy": 0.7932374596595764, "time_refit_milp_assignment": 0.6371757984161377, "mse_refit_ground_truth_assignment": 11.39101852401912, "r2_refit_ground_truth_assignment": 0.8911131215122683, "weight_mismatch_refit_ground_truth_assignment": 0.6331434412218029, "refit-weight_mismatch_refit_ground_truth_assignment": 0.0, "rand_score_refit_ground_truth_assignment": 1.0, "label_mismatch_refit_ground_truth_assignment": 0.0, "mse_milp": 11.593173764200538, "r2_milp": 0.8891807172213897, "weight_mismatch_milp": 1.3284867216737508, "refit-weight_mismatch_milp": 1.0932985250197143, "rand_score_milp": 1.0, "label_mismatch_milp": 0.0, "mse_refit_milp_assignment": 11.39101852401912, "r2_refit_milp_assignment": 0.8911131215122683, "weight_mismatch_refit_milp_assignment": 0.6331434412218029, "refit-weight_mismatch_refit_milp_assignment": 0.0, "rand_score_refit_milp_assignment": 1.0, "label_mismatch_refit_milp_assignment": 0.0, "mse_greedy": 21.782016684815325, "r2_greedy": 0.7917854493014737, "weight_mismatch_greedy": 6.726295119900485, "refit-weight_mismatch_greedy": 6.301729772042603, "rand_score_greedy": 0.842408163265306, "label_mismatch_greedy": 0.11299999999999999, "mse_greedy_sem": 3.0081061545121908, "r2_greedy_sem": 0.02875452169917101, "weight_mismatch_greedy_sem": 1.8332623231340555, "refit-weight_mismatch_greedy_sem": 1.8789656538212167, "rand_score_greedy_sem": 0.04618810284936402, "label_mismatch_greedy_sem": 0.034800937676417495, "mse_ground_truth": 11.92251500658562, "r2_ground_truth": 0.8860325404569531, "weight_mismatch_ground_truth": 0, "rand_score_ground_truth": 1, "label_mismatch_ground_truth": 0, "mse_baseline_sklearn": 103.00381776178958, "r2_baseline_sklearn": 0.01527735055612256, "random_state": 4}