{"time_milp": 348.29444098472595, "time_refit_milp_assignment": 349.0057327747345, "mse_CLR": 11.347690954428884, "r2_CLR": 0.6633356934704957, "rand_score_CLR": 0.5341614906832298, "label_mismatch_CLR": 0.35714285714285715, "time_CLR": 0.015594005584716797, "mse_refit_ground_truth_assignment": 4.186415675167626, "r2_refit_ground_truth_assignment": 0.907103047326547, "weight_mismatch_refit_ground_truth_assignment": 2.11179008733495, "refit-weight_mismatch_refit_ground_truth_assignment": 0.0, "rand_score_refit_ground_truth_assignment": 1.0, "label_mismatch_refit_ground_truth_assignment": 0.0, "mse_milp": 4.719929299619128, "r2_milp": 0.8952643304463057, "weight_mismatch_milp": 17.57454238794629, "refit-weight_mismatch_milp": 16.064224737996764, "rand_score_milp": 0.493167701863354, "label_mismatch_milp": 0.4857142857142857, "mse_refit_milp_assignment": 4.7199006191492785, "r2_refit_milp_assignment": 0.8952649668685956, "weight_mismatch_refit_milp_assignment": 17.57792599088587, "refit-weight_mismatch_refit_milp_assignment": 16.06753015205454, "rand_score_refit_milp_assignment": 0.493167701863354, "label_mismatch_refit_milp_assignment": 0.4857142857142857, "mse_greedy": NaN, "r2_greedy": NaN, "mse_ground_truth": 4.554019943060345, "r2_ground_truth": 0.8989458744782913, "weight_mismatch_ground_truth": 0, "rand_score_ground_truth": 1, "label_mismatch_ground_truth": 0, "mse_baseline_sklearn": 11.802573263273024, "r2_baseline_sklearn": 0.7380672815246125, "random_state": 12}