{"time_milp": 3.43888783454895, "time_refit_milp_assignment": 3.8984110355377197, "mse_refit_ground_truth_assignment": 15.097065054064903, "r2_refit_ground_truth_assignment": 0.8839288844956366, "weight_mismatch_refit_ground_truth_assignment": 3.3272399251190112, "refit-weight_mismatch_refit_ground_truth_assignment": 0.0, "rand_score_refit_ground_truth_assignment": 1.0, "label_mismatch_refit_ground_truth_assignment": 0.0, "mse_milp": 15.097071703175478, "r2_milp": 0.8839288333751254, "weight_mismatch_milp": 3.3205857417608478, "refit-weight_mismatch_milp": 0.006955797477798617, "rand_score_milp": 1.0, "label_mismatch_milp": 0.0, "mse_refit_milp_assignment": 15.097065054064903, "r2_refit_milp_assignment": 0.8839288844956366, "weight_mismatch_refit_milp_assignment": 3.3272399251190112, "refit-weight_mismatch_refit_milp_assignment": 0.0, "rand_score_refit_milp_assignment": 1.0, "label_mismatch_refit_milp_assignment": 0.0, "mse_greedy": NaN, "r2_greedy": NaN, "mse_ground_truth": 16.024359613850752, "r2_ground_truth": 0.869926438591689, "weight_mismatch_ground_truth": 0, "rand_score_ground_truth": 1, "label_mismatch_ground_truth": 0, "mse_baseline_sklearn": 128.66833226817255, "r2_baseline_sklearn": 0.010756275940422166, "mse_milp_val": 12.546919910445752, "r2_milp_val": 0.8885084849022616, "label_mismatch_milp_val": 0.0, "mse_refit_milp_assignment_val": 12.5501114187566, "r2_refit_milp_assignment_val": 0.8884801252650308, "label_mismatch_refit_milp_assignment_val": 0.0, "mse_refit_ground_truth_assignment_val": 12.5501114187566, "r2_refit_ground_truth_assignment_val": 0.8884801252650308, "label_mismatch_refit_ground_truth_assignment_val": 0.0, "mse_ground_truth_val": 12.623323090868762, "r2_ground_truth_val": 0.8878295687695017, "label_mismatch_ground_truth_val": 0.0, "mse_baseline_sklearn_val": 113.11648080358009, "r2_baseline_sklearn_val": -0.005149304955381462, "random_state": 6}