{"ground_truth": [[-10, 0.2, 0.4, 0.3], [10, -0.2, -0.4, -0.3]], "milp": [[-11.26537415472113, 0.004961939253572689, 0.5189360674983097, 0.5804135224631062], [11.948709023197019, -0.2659572962995256, -0.7399233270980649, 0.01748405572516898]], "refit_milp_assignment": [[-11.268383522584454, 0.005386707572572057, 0.5193117595083472, 0.5808304606314466], [11.952465227175358, -0.26652880997722, -0.7404939398581032, 0.01706146171761061]], "refit_ground_truth_assignment": [[-11.268383522584454, 0.005386707572572057, 0.5193117595083472, 0.5808304606314466], [11.952465227175358, -0.26652880997722, -0.7404939398581032, 0.01706146171761061]]}