{"ground_truth": [[10, -1.7247195127777808, -1.2548087307235725, -1.7757946949285472, -1.9198855549651874], [-10, 1.0332126429294406, 1.4921088022863829, 1.4209046603635382, 1.0896568350369797]], "milp": [[-9.897088023494188, 0.9871366477498911, 1.5265183235833697, 1.4746928497159053, 1.0620006159429451], [9.891069473877572, -1.6252197894029696, -1.2523537627750894, -1.691291659647773, -1.9310542151817787]], "greedy": [[[-9.90361878515187, 0.9871901311840577, 1.528544123553592, 1.4707474969616798, 1.0588758870147288], [9.900386625239307, -1.6460040196884913, -1.2335064927702803, -1.7104868855982462, -1.9618115652904493]], [[9.950498887716666, -1.6766091646756582, -1.227675113786704, -1.6877050409793335, -1.9784162221064894], [-9.917700792798163, 1.0016969586147573, 1.5229252725123537, 1.441731301653767, 1.055893356845931]], [[9.900386625239307, -1.6460040196884913, -1.2335064927702803, -1.7104868855982462, -1.9618115652904493], [-9.90361878515187, 0.9871901311840577, 1.528544123553592, 1.4707474969616798, 1.0588758870147288]], [[-1.4781146545041253, 1.6719299815039415, -1.7020644130774798, 1.5303244358978498, -1.2008375184371947], [-3.082362192273606, 0.8372722643585545, 1.460546426808745, -2.8956517413435425, -0.0950634258890937]], [[-9.917700792798163, 1.0016969586147573, 1.5229252725123537, 1.441731301653767, 1.055893356845931], [9.950498887716666, -1.6766091646756582, -1.227675113786704, -1.6877050409793335, -1.9784162221064894]], [[-9.917700792798163, 1.0016969586147573, 1.5229252725123537, 1.441731301653767, 1.055893356845931], [9.950498887716666, -1.6766091646756582, -1.227675113786704, -1.6877050409793335, -1.9784162221064894]], [[9.900386625239307, -1.6460040196884913, -1.2335064927702803, -1.7104868855982462, -1.9618115652904493], [-9.90361878515187, 0.9871901311840577, 1.528544123553592, 1.4707474969616798, 1.0588758870147288]], [[-9.917700792798163, 1.0016969586147573, 1.5229252725123537, 1.441731301653767, 1.055893356845931], [9.950498887716666, -1.6766091646756582, -1.227675113786704, -1.6877050409793335, -1.9784162221064894]], [[9.900386625239307, -1.6460040196884913, -1.2335064927702803, -1.7104868855982462, -1.9618115652904493], [-9.90361878515187, 0.9871901311840577, 1.528544123553592, 1.4707474969616798, 1.0588758870147288]], [[-4.054006454213482, 3.446701350793088, -0.0993343971342351, -3.1500447450125892, -0.16070595301682142], [1.069423107859619, -1.5439804558250259, -0.3309020386018208, 0.8377295964196056, -1.7903748593006192]], [[9.950498887716666, -1.6766091646756582, -1.227675113786704, -1.6877050409793335, -1.9784162221064894], [-9.917700792798163, 1.0016969586147573, 1.5229252725123537, 1.441731301653767, 1.055893356845931]], [[9.900386625239307, -1.6460040196884913, -1.2335064927702803, -1.7104868855982462, -1.9618115652904493], [-9.90361878515187, 0.9871901311840577, 1.528544123553592, 1.4707474969616798, 1.0588758870147288]], [[9.900386625239307, -1.6460040196884913, -1.2335064927702803, -1.7104868855982462, -1.9618115652904493], [-9.90361878515187, 0.9871901311840577, 1.528544123553592, 1.4707474969616798, 1.0588758870147288]], [[9.950498887716666, -1.6766091646756582, -1.227675113786704, -1.6877050409793335, -1.9784162221064894], [-9.917700792798163, 1.0016969586147573, 1.5229252725123537, 1.441731301653767, 1.055893356845931]], [[-9.90361878515187, 0.9871901311840577, 1.528544123553592, 1.4707474969616798, 1.0588758870147288], [9.900386625239307, -1.6460040196884913, -1.2335064927702803, -1.7104868855982462, -1.9618115652904493]], [[9.900386625239307, -1.6460040196884913, -1.2335064927702803, -1.7104868855982462, -1.9618115652904493], [-9.90361878515187, 0.9871901311840577, 1.528544123553592, 1.4707474969616798, 1.0588758870147288]], [[9.950498887716666, -1.6766091646756582, -1.227675113786704, -1.6877050409793335, -1.9784162221064894], [-9.917700792798163, 1.0016969586147573, 1.5229252725123537, 1.441731301653767, 1.055893356845931]], [[-9.917700792798163, 1.0016969586147573, 1.5229252725123537, 1.441731301653767, 1.055893356845931], [9.950498887716666, -1.6766091646756582, -1.227675113786704, -1.6877050409793335, -1.9784162221064894]], [[9.950498887716666, -1.6766091646756582, -1.227675113786704, -1.6877050409793335, -1.9784162221064894], [-9.917700792798163, 1.0016969586147573, 1.5229252725123537, 1.441731301653767, 1.055893356845931]], [[9.950498887716666, -1.6766091646756582, -1.227675113786704, -1.6877050409793335, -1.9784162221064894], [-9.917700792798163, 1.0016969586147573, 1.5229252725123537, 1.441731301653767, 1.055893356845931]]], "refit_milp_assignment": [[-9.90244061315488, 0.9878060716752787, 1.5272769952012115, 1.4752194746914384, 1.0629286291990376], [9.898784124341324, -1.6275035097928674, -1.2527768221967244, -1.6918397586045884, -1.9319572577476922]], "refit_ground_truth_assignment": [[9.901067880731633, -1.6454704424691935, -1.2339795980143449, -1.7102749555186751, -1.9606799546981362], [-9.908119916884255, 0.9837090927038605, 1.5268347250516776, 1.4627437858744876, 1.0457206761210096]]}