{"time_milp": 4.948603868484497, "time_refit_milp_assignment": 5.411184787750244, "mse_refit_ground_truth_assignment": 0.21048584372767926, "r2_refit_ground_truth_assignment": 0.9949654967972085, "weight_mismatch_refit_ground_truth_assignment": 0.563752541656284, "refit-weight_mismatch_refit_ground_truth_assignment": 0.0, "rand_score_refit_ground_truth_assignment": 1.0, "label_mismatch_refit_ground_truth_assignment": 0.0, "mse_milp": 1.183804850011415, "r2_milp": 0.9716851774764802, "weight_mismatch_milp": 1.1376946071535259, "refit-weight_mismatch_milp": 1.1075488687639774, "rand_score_milp": 0.7406779661016949, "label_mismatch_milp": 0.15, "mse_refit_milp_assignment": 1.1837734308997214, "r2_refit_milp_assignment": 0.9716859289741375, "weight_mismatch_refit_milp_assignment": 1.1237167397802466, "refit-weight_mismatch_refit_milp_assignment": 1.096104204304381, "rand_score_refit_milp_assignment": 0.7406779661016949, "label_mismatch_refit_milp_assignment": 0.15, "mse_greedy": NaN, "r2_greedy": NaN, "mse_ground_truth": 0.27870927053756284, "r2_ground_truth": 0.993546595485365, "weight_mismatch_ground_truth": 0, "rand_score_ground_truth": 1, "label_mismatch_ground_truth": 0, "mse_baseline_sklearn": 38.308889823930514, "r2_baseline_sklearn": 0.08370926472618667, "mse_milp_val": 2.4831249688865187, "r2_milp_val": 0.9450181333694865, "label_mismatch_milp_val": 0.075, "mse_refit_milp_assignment_val": 2.4823832155044117, "r2_refit_milp_assignment_val": 0.9450345574262854, "label_mismatch_refit_milp_assignment_val": 0.075, "mse_refit_ground_truth_assignment_val": 2.4096401667537863, "r2_refit_ground_truth_assignment_val": 0.9466452490567181, "label_mismatch_refit_ground_truth_assignment_val": 0.1, "mse_ground_truth_val": 2.263494605243104, "r2_ground_truth_val": 0.9498812343060731, "label_mismatch_ground_truth_val": 0.1, "mse_baseline_sklearn_val": 45.30533234530141, "r2_baseline_sklearn_val": -0.0031600390122330513, "random_state": 12}