{"ground_truth": [[10, -1.9214711186733047, -1.2067570443358622, -1.4533385033310937, -1.0889569996491102], [-10, 1.7354787506881821, 1.4888378985420585, 1.2363457358712446, 1.7945019237446715]], "milp": [[9.626881047288332, -1.7471601044972753, -1.2097072769124801, -1.4733913920122172, -0.9858329976595797], [-9.665948487356651, 1.5157283598816997, 1.631103713916016, 0.7104498241259971, 2.020796452925273]], "refit_milp_assignment": [[9.635578121900739, -1.7491285313211562, -1.2107664929930222, -1.4744366043533648, -0.9870423996394122], [-9.675287753038477, 1.5168299106193144, 1.6322205036526836, 0.7121228804437529, 2.0219759179109875]], "refit_ground_truth_assignment": [[9.695330614426123, -1.9050299944299434, -1.1933352730451348, -1.4553917022515597, -1.027674871788103], [-10.215797687818629, 1.7410465965550141, 1.4718318581966328, 1.3654478440276248, 1.785896940930324]]}