{"time_milp": 0.3791348934173584, "time_greedy": 1.1576884150505067, "time_refit_milp_assignment": 1.0318682193756104, "mse_refit_ground_truth_assignment": 9.788805415346982, "r2_refit_ground_truth_assignment": 0.9312720611955827, "weight_mismatch_refit_ground_truth_assignment": 5.341790171497987, "refit-weight_mismatch_refit_ground_truth_assignment": 0.0, "rand_score_refit_ground_truth_assignment": 1.0, "label_mismatch_refit_ground_truth_assignment": 0.0, "mse_milp": 13.866832914529779, "r2_milp": 0.9026399235123523, "weight_mismatch_milp": 14.960616179948328, "refit-weight_mismatch_milp": 13.961800581275176, "rand_score_milp": 0.6942528735632184, "label_mismatch_milp": 0.4, "mse_refit_milp_assignment": 13.866091474619731, "r2_refit_milp_assignment": 0.9026451292177069, "weight_mismatch_refit_milp_assignment": 15.194834367055638, "refit-weight_mismatch_refit_milp_assignment": 14.215204636636193, "rand_score_refit_milp_assignment": 0.6942528735632184, "label_mismatch_refit_milp_assignment": 0.4, "mse_greedy": 11.429972315114114, "r2_greedy": 0.919749304999184, "weight_mismatch_greedy": 16.361666591303113, "refit-weight_mismatch_greedy": 15.560812269450702, "rand_score_greedy": 0.7247126436781609, "label_mismatch_greedy": 0.31833333333333336, "mse_greedy_sem": 1.8088532550770422, "r2_greedy_sem": 0.012700094704732596, "weight_mismatch_greedy_sem": 2.1785631572654047, "refit-weight_mismatch_greedy_sem": 2.1804221848231427, "rand_score_greedy_sem": 0.01661234027210243, "label_mismatch_greedy_sem": 0.026762437672518524, "mse_ground_truth": 12.160506410438842, "r2_ground_truth": 0.9146201701898128, "weight_mismatch_ground_truth": 0, "rand_score_ground_truth": 1, "label_mismatch_ground_truth": 0, "mse_baseline_sklearn": 140.3643029796735, "r2_baseline_sklearn": 0.014593846597224736, "random_state": 7}