{"time_milp": 0.7074069976806641, "time_greedy": 1.0923250794410706, "time_refit_milp_assignment": 1.1897668838500977, "mse_refit_ground_truth_assignment": 11.19712156171785, "r2_refit_ground_truth_assignment": 0.8885518571147663, "weight_mismatch_refit_ground_truth_assignment": 0.7804805515035079, "refit-weight_mismatch_refit_ground_truth_assignment": 0.0, "rand_score_refit_ground_truth_assignment": 1.0, "label_mismatch_refit_ground_truth_assignment": 0.0, "mse_milp": 11.228259010881056, "r2_milp": 0.8882419372068422, "weight_mismatch_milp": 0.6885588669820117, "refit-weight_mismatch_milp": 0.47722554379604476, "rand_score_milp": 1.0, "label_mismatch_milp": 0.0, "mse_refit_milp_assignment": 11.19712156171785, "r2_refit_milp_assignment": 0.8885518571147663, "weight_mismatch_refit_milp_assignment": 0.7804805515035079, "refit-weight_mismatch_refit_milp_assignment": 0.0, "rand_score_refit_milp_assignment": 1.0, "label_mismatch_refit_milp_assignment": 0.0, "mse_greedy": 18.27097002800481, "r2_greedy": 0.8181438267764504, "weight_mismatch_greedy": 4.041116962298598, "refit-weight_mismatch_greedy": 3.490361075695136, "rand_score_greedy": 0.8511096196868009, "label_mismatch_greedy": 0.133, "mse_greedy_sem": 2.482365690285007, "r2_greedy_sem": 0.024707693367387294, "weight_mismatch_greedy_sem": 1.1670116516361129, "refit-weight_mismatch_greedy_sem": 1.242061829878834, "rand_score_greedy_sem": 0.052178286125520834, "label_mismatch_greedy_sem": 0.04665783124379303, "mse_ground_truth": 11.531121391145856, "r2_ground_truth": 0.8852274615986007, "weight_mismatch_ground_truth": 0, "rand_score_ground_truth": 1, "label_mismatch_ground_truth": 0, "mse_baseline_sklearn": 99.5033494575089, "r2_baseline_sklearn": 0.009558584657513802, "random_state": 7}