{"ground_truth": [[-10, 0.2, 0.4], [10, -0.2, -0.4]], "milp": [[-10.237665381144947, 0.06836591115000878, 0.7054541845855208], [9.772763104587423, -0.11446825284773232, -0.5389772041120097]], "greedy": [[[10.013300267863684, -0.15988886527494897, -0.5873438151266768], [-10.449100758873147, 0.10008457453325362, 0.755216026518064]], [[-10.449100758873147, 0.10008457453325362, 0.755216026518064], [10.013300267863684, -0.15988886527494897, -0.5873438151266768]], [[-10.449100758873147, 0.10008457453325362, 0.755216026518064], [10.013300267863684, -0.15988886527494897, -0.5873438151266768]], [[3.766486876734926, 1.7110266489799428, -3.2637316902074236], [-6.0459606604144565, -1.0821810745743663, 4.44972862026355]], [[-10.449100758873147, 0.10008457453325362, 0.755216026518064], [10.013300267863684, -0.15988886527494897, -0.5873438151266768]], [[-10.449100758873147, 0.10008457453325362, 0.755216026518064], [10.013300267863684, -0.15988886527494897, -0.5873438151266768]], [[3.766486876734926, 1.7110266489799428, -3.2637316902074236], [-6.0459606604144565, -1.0821810745743663, 4.44972862026355]], [[-8.518173519359546, 2.044162808896201, 3.964968509306592], [7.674994342491706, -2.3099858885738858, -3.7100994880376392]], [[10.013300267863684, -0.15988886527494897, -0.5873438151266768], [-10.449100758873147, 0.10008457453325362, 0.755216026518064]], [[-6.0459606604144565, -1.0821810745743663, 4.44972862026355], [3.766486876734926, 1.7110266489799428, -3.2637316902074236]], [[-10.449100758873147, 0.10008457453325362, 0.755216026518064], [10.013300267863684, -0.15988886527494897, -0.5873438151266768]], [[-10.449100758873147, 0.10008457453325362, 0.755216026518064], [10.013300267863684, -0.15988886527494897, -0.5873438151266768]], [[-8.087382173057822, 1.9016013169768675, 4.101983951663804], [7.053183081188439, -2.168550732791159, -3.865613478275411]], [[10.013300267863684, -0.15988886527494897, -0.5873438151266768], [-10.449100758873147, 0.10008457453325362, 0.755216026518064]], [[10.013300267863684, -0.15988886527494897, -0.5873438151266768], [-10.449100758873147, 0.10008457453325362, 0.755216026518064]], [[-10.449100758873147, 0.10008457453325362, 0.755216026518064], [10.013300267863684, -0.15988886527494897, -0.5873438151266768]], [[10.013300267863684, -0.15988886527494897, -0.5873438151266768], [-10.449100758873147, 0.10008457453325362, 0.755216026518064]], [[-10.449100758873147, 0.10008457453325362, 0.755216026518064], [10.013300267863684, -0.15988886527494897, -0.5873438151266768]], [[-6.0459606604144565, -1.0821810745743663, 4.44972862026355], [3.766486876734926, 1.7110266489799428, -3.2637316902074236]], [[10.013300267863684, -0.15988886527494897, -0.5873438151266768], [-10.449100758873147, 0.10008457453325362, 0.755216026518064]]], "refit_milp_assignment": [[-10.45299454616301, 0.10066310240885924, 0.7590703440460612], [10.016348589737975, -0.16073212445151838, -0.5892411700493972]], "refit_ground_truth_assignment": [[-10.45299454616301, 0.10066310240885924, 0.7590703440460612], [10.016348589737975, -0.16073212445151838, -0.5892411700493972]]}