{"time_milp": 1.8686449527740479, "time_greedy": 0.18865537643432617, "time_refit_milp_assignment": 2.900670051574707, "mse_refit_ground_truth_assignment": 37.59112570212038, "r2_refit_ground_truth_assignment": 0.8456630735374315, "weight_mismatch_refit_ground_truth_assignment": 11.727826546476278, "refit-weight_mismatch_refit_ground_truth_assignment": 0.0, "rand_score_refit_ground_truth_assignment": 1.0, "label_mismatch_refit_ground_truth_assignment": 0.0, "mse_milp": 51.842686394134134, "r2_milp": 0.7871508041276307, "weight_mismatch_milp": 24.242424601633925, "refit-weight_mismatch_milp": 26.0268013852599, "rand_score_milp": 0.7212543554006968, "label_mismatch_milp": 0.30952380952380953, "mse_refit_milp_assignment": 51.842309009439944, "r2_refit_milp_assignment": 0.7871523535463487, "weight_mismatch_refit_milp_assignment": 24.342433744650595, "refit-weight_mismatch_refit_milp_assignment": 26.079550638718942, "rand_score_refit_milp_assignment": 0.7212543554006968, "label_mismatch_refit_milp_assignment": 0.30952380952380953, "mse_greedy": 27.898660639984616, "r2_greedy": 0.8854571802473428, "weight_mismatch_greedy": 37.026688083089894, "refit-weight_mismatch_greedy": 34.44647449249312, "rand_score_greedy": 0.7183507549361208, "label_mismatch_greedy": 0.34523809523809523, "mse_greedy_sem": 2.1329327115885865, "r2_greedy_sem": 0.008757127457863967, "weight_mismatch_greedy_sem": 3.312692813036418, "refit-weight_mismatch_greedy_sem": 3.408190277303502, "rand_score_greedy_sem": 0.014669785453431273, "label_mismatch_greedy_sem": 0.01782578700703945, "mse_ground_truth": 52.44564977677609, "r2_ground_truth": 0.784675232739217, "weight_mismatch_ground_truth": 0, "rand_score_ground_truth": 1, "label_mismatch_ground_truth": 0, "mse_baseline_sklearn": 233.15862102478886, "r2_baseline_sklearn": 0.04272659370807519, "random_state": 2}