{"time_milp": 18050.63099002838, "time_refit_milp_assignment": 18053.48230600357, "mse_refit_ground_truth_assignment": 133.53698824058907, "r2_refit_ground_truth_assignment": 0.5857806256412222, "weight_mismatch_refit_ground_truth_assignment": 12.837262680508365, "refit-weight_mismatch_refit_ground_truth_assignment": 0.0, "rand_score_refit_ground_truth_assignment": 1.0, "label_mismatch_refit_ground_truth_assignment": 0.0, "mse_milp": 66.63150895071243, "r2_milp": 0.7933152281342507, "weight_mismatch_milp": 29.72626868427158, "refit-weight_mismatch_milp": 23.78465955200944, "rand_score_milp": 0.6354341736694678, "label_mismatch_milp": 0.4583333333333333, "mse_refit_milp_assignment": 66.63146655313508, "r2_refit_milp_assignment": 0.7933153596476104, "weight_mismatch_refit_milp_assignment": 29.743585610622254, "refit-weight_mismatch_refit_milp_assignment": 23.797709599970794, "rand_score_refit_milp_assignment": 0.6354341736694678, "label_mismatch_refit_milp_assignment": 0.4583333333333333, "mse_greedy": NaN, "r2_greedy": NaN, "mse_ground_truth": 147.01566779166157, "r2_ground_truth": 0.5439710095611533, "weight_mismatch_ground_truth": 0, "rand_score_ground_truth": 1, "label_mismatch_ground_truth": 0, "mse_baseline_sklearn": 322.11323125503, "r2_baseline_sklearn": 0.0007636330875400166, "random_state": 6}