{"time_milp": 0.3876969814300537, "time_greedy": 0.9978074908256531, "time_refit_milp_assignment": 0.8263800144195557, "mse_refit_ground_truth_assignment": 14.461635721746001, "r2_refit_ground_truth_assignment": 0.8883387892968274, "weight_mismatch_refit_ground_truth_assignment": 3.13921614801238, "refit-weight_mismatch_refit_ground_truth_assignment": 0.0, "rand_score_refit_ground_truth_assignment": 1.0, "label_mismatch_refit_ground_truth_assignment": 0.0, "mse_milp": 14.46164282917345, "r2_milp": 0.8883387344189444, "weight_mismatch_milp": 3.1322241303567715, "refit-weight_mismatch_milp": 0.007583851828459744, "rand_score_milp": 1.0, "label_mismatch_milp": 0.0, "mse_refit_milp_assignment": 14.461635721746001, "r2_refit_milp_assignment": 0.8883387892968274, "weight_mismatch_refit_milp_assignment": 3.13921614801238, "refit-weight_mismatch_refit_milp_assignment": 0.0, "rand_score_refit_milp_assignment": 1.0, "label_mismatch_refit_milp_assignment": 0.0, "mse_greedy": 33.33902436238938, "r2_greedy": 0.7425826583109704, "weight_mismatch_greedy": 13.789903373958685, "refit-weight_mismatch_greedy": 13.874579516252876, "rand_score_greedy": 0.7338865546218487, "label_mismatch_greedy": 0.22875, "mse_greedy_sem": 4.013543179342446, "r2_greedy_sem": 0.0309893776359574, "weight_mismatch_greedy_sem": 2.4473876711193236, "refit-weight_mismatch_greedy_sem": 3.0745069961905975, "rand_score_greedy_sem": 0.055343736251224795, "label_mismatch_greedy_sem": 0.048381989272506275, "mse_ground_truth": 20.82053989251347, "r2_ground_truth": 0.8460159932666508, "weight_mismatch_ground_truth": 0, "rand_score_ground_truth": 1, "label_mismatch_ground_truth": 0, "mse_baseline_sklearn": 125.89624337129787, "r2_baseline_sklearn": 0.027929673495941554, "mse_milp_val": 20.68834839026279, "r2_milp_val": 0.8559499973107658, "label_mismatch_milp_val": 0.0, "mse_refit_milp_assignment_val": 20.68590793505023, "r2_refit_milp_assignment_val": 0.8559669898503973, "label_mismatch_refit_milp_assignment_val": 0.0, "mse_greedy_val": 62.73047424958563, "label_mismatch_greedy_val": 0.2225, "mse_greedy_val_sem": 9.074926353992353, "label_mismatch_greedy_val_sem": 0.04738733175149574, "r2_greedy_val": 0.5632167046934109, "r2_greedy_val_sem": 0.06318741066408522, "mse_refit_ground_truth_assignment_val": 20.68590793505023, "r2_refit_ground_truth_assignment_val": 0.8559669898503973, "label_mismatch_refit_ground_truth_assignment_val": 0.0, "mse_ground_truth_val": 25.155626105076415, "r2_ground_truth_val": 0.824844983285802, "label_mismatch_ground_truth_val": 0.0, "mse_baseline_sklearn_val": 143.86190647602047, "r2_baseline_sklearn_val": -0.001689821914579559, "random_state": 7}