{"time_milp": 0.8271698951721191, "time_refit_milp_assignment": 1.3069300651550293, "mse_refit_ground_truth_assignment": 12.62498651480647, "r2_refit_ground_truth_assignment": 0.8263198233553066, "weight_mismatch_refit_ground_truth_assignment": 0.7003811141503846, "refit-weight_mismatch_refit_ground_truth_assignment": 0.0, "rand_score_refit_ground_truth_assignment": 1.0, "label_mismatch_refit_ground_truth_assignment": 0.0, "mse_milp": 12.473285795020224, "r2_milp": 0.8284067489752828, "weight_mismatch_milp": 1.1111508173350302, "refit-weight_mismatch_milp": 1.024114408939332, "rand_score_milp": 0.7968253968253968, "label_mismatch_milp": 0.1111111111111111, "mse_refit_milp_assignment": 12.473285414945487, "r2_refit_milp_assignment": 0.8284067542039178, "weight_mismatch_refit_milp_assignment": 1.1072809396134746, "refit-weight_mismatch_refit_milp_assignment": 1.0203414709636784, "rand_score_refit_milp_assignment": 0.7968253968253968, "label_mismatch_refit_milp_assignment": 0.1111111111111111, "mse_greedy": NaN, "r2_greedy": NaN, "mse_ground_truth": 13.33732654242764, "r2_ground_truth": 0.816520261060073, "weight_mismatch_ground_truth": 0, "rand_score_ground_truth": 1, "label_mismatch_ground_truth": 0, "mse_baseline_sklearn": 72.02232835666092, "r2_baseline_sklearn": 0.00929205883596218, "random_state": 7}