{"ground_truth": [[-10, -1.337719620706157, -1.6626352006348812, -1.0611537685933308], [1, 1.6272285743807728, 1.565890653114534, 1.026132378542826], [10, 0.1, 0.1, 0.1]], "milp": [[-10.254962790817753, -1.0249679826037807, -2.511614709415363, -0.9991586574782675], [1.722163631164914, -0.6701993995311449, 7.6713697686322, -2.021945998850152], [4.465372220704652, 1.9604853689248662, 0.7377624096709255, 0.4159523824195997]], "greedy": [[[-11.748693846503347, -0.12811649447280998, -1.9387074186930797, -0.10262536496805123], [9.976874136919832, -6.008497987582561, -0.6841645295856816, -8.303663552534331], [5.376582445040035, 0.6762691686451672, 1.6969432134594389, 0.2732793502578323]], [[2.740641304774394, -4.767245282735846, -4.027864010543883, 1.987555950071287], [-11.321540897141958, -0.13668738943850234, -2.1118685645279562, -0.7938634761826918], [8.408759023966187, -0.3581531471130359, 0.8801871500298438, 0.36629502636618605]], [[-10.33273265540885, -0.9305272267274012, -2.6751213155873246, -0.8480269933038546], [9.22700291707312, -0.11417230270682673, 0.9357871771269541, -0.17115038134163807], [0.46272829732144016, 2.1143723422400735, 0.9002159383625655, 0.9568036706908214]], [[0.6867789115787848, 2.739312069706955, 0.12816769776365683, 1.2933983041100081], [9.096810083528524, -0.2122111677949651, 1.2259197315093282, -0.37391037170380687], [-10.33273265540885, -0.9305272267274012, -2.6751213155873246, -0.8480269933038546]], [[4.394064341874342, -9.9228013331738, 0.7178417423264202, 2.6233233462736205], [-2.296162113994346, 2.203083716924396, 5.877749948875843, -1.8539996185689205], [-11.313646775051975, 8.03849770321717, -8.993992894585134, 0.9655670986821494]], [[-10.33273265540885, -0.9305272267274012, -2.6751213155873246, -0.8480269933038546], [9.549424665090344, -0.2536549472288506, 0.6669296064929545, 0.07018919719698763], [0.5984005305271132, 2.1708195236935444, 0.6578421670816202, 1.0879586704362803]], [[-10.33273265540885, -0.9305272267274012, -2.6751213155873246, -0.8480269933038546], [9.62346281149886, -0.16877531785270022, 0.6620524180955131, 0.012868331473713851], [0.6289333048844514, 2.198280831189376, 0.6989106384052496, 1.1001134126888952]], [[-12.014120738237155, 0.4077898533515902, -1.8371201211611097, -0.8483179111316882], [7.2485728335104405, 0.061289517842859666, 1.5828783919413592, -0.30983059531646934], [0.8400045296009093, -6.012031885195204, 0.7015387274116958, -3.0722928927486146]], [[-10.336592829692478, -1.1188492956079077, -2.3180223793149994, -1.0137790500058919], [-1.95062282033093, 0.2323566523794511, 3.890031636489804, -3.2371846517535103], [7.307237857069071, 0.2708191519829883, 1.6757473169034387, -0.6475758133764243]], [[-11.321540897141958, -0.13668738943850234, -2.1118685645279562, -0.7938634761826918], [8.408759023966187, -0.3581531471130359, 0.8801871500298438, 0.36629502636618605], [2.740641304774394, -4.767245282735846, -4.027864010543883, 1.987555950071287]], [[8.184502900514818, -0.32394673178130295, 0.16747221206726856, -2.9272009531247294], [5.324794758059266, 0.04749101701269926, 1.1364905415830664, 1.7921628800330398], [-10.33273265540885, -0.9305272267274012, -2.6751213155873246, -0.8480269933038546]], [[-10.829233722863211, 0.35851918076326605, 7.389796014474346, 3.960218272848811], [1.8087379809867203, -1.2092401542410234, -10.007758611907636, 3.6870216481367017], [10.893606864614624, -3.534510123575546, 1.6130693971299728, -10.092127201819027]], [[-9.150418077832153, -2.281218557466009, -1.8824056702876868, -0.3953881387897904], [10.518882738314385, -5.943243492155763, -0.9951835547658924, -8.236154053378273], [6.650548434749982, 0.17688288601071728, 1.717675093114148, -0.03785715228528812]], [[-1.41750508631824, 1.1652903428565697, 5.806673573616189, -0.8491637839481071], [6.768742821895881, -11.416180433437908, 0.5748088264312146, 2.7170908526167605], [-12.106902824237348, 8.917578751993274, -8.136947604747057, 0.35891387099920613]], [[-13.497781642724055, 8.941502720002653, -9.087195730460493, 2.3197386185487843], [-0.8184576165986117, 1.056101271689977, 6.2859997414849405, -2.3977867894205365], [7.8717563195135725, -11.622574901617643, 1.6264988957981894, 1.1356046129887118]], [[-12.542254446185991, 0.17684498182429373, -1.7309821933991583, -0.0932389319626484], [6.3547650715116415, 0.521848874113918, 1.4391488364161589, -0.20601506440781261], [-2.5019812749371866, -3.372793166214499, -1.6662410774641128, -3.986679753987492]], [[7.307237857069071, 0.2708191519829883, 1.6757473169034387, -0.6475758133764243], [-1.95062282033093, 0.2323566523794511, 3.890031636489804, -3.2371846517535103], [-10.336592829692478, -1.1188492956079077, -2.3180223793149994, -1.0137790500058919]], [[9.22700291707312, -0.11417230270682673, 0.9357871771269541, -0.17115038134163807], [-10.33273265540885, -0.9305272267274012, -2.6751213155873246, -0.8480269933038546], [0.46272829732144016, 2.1143723422400735, 0.9002159383625655, 0.9568036706908214]], [[-0.5827243604302721, -0.318705371611199, 5.564450531248444, 0.9711616920167536], [7.253583130186662, -2.839261081417547, 2.4110509970753364, -9.817753074566635], [-6.835586876537759, 4.238862974709778, -11.469592337437184, 1.9976169990450021]], [[15.74193338571309, -4.546768585887663, -6.9574365945814876, -3.4234354087301484], [-11.321540897141958, -0.13668738943850234, -2.1118685645279562, -0.7938634761826918], [4.783629390627544, 0.6683783365833509, 2.398025109183237, 0.005949485909700808]]], "refit_milp_assignment": [[-10.274524272024163, -1.0173406380021301, -2.512136105804002, -0.9930510211174594], [1.7225668588542575, -0.6710827990563544, 7.675030552800882, -2.024008917894413], [4.473432972686894, 1.959119287634027, 0.7358255027440587, 0.4131312966748646]], "refit_ground_truth_assignment": [[-10.331304568241489, -0.9307306482697844, -2.6764785246721328, -0.848403889298518], [1.1392745854794475, 1.987815161873883, 0.9735035078982786, 0.9932981727534524], [10.036014683494322, -0.30792675152644783, 0.46619727971669456, -0.10665950029648362]]}