{"time_milp": 23715.64457678795, "time_greedy": 0.47569451332092283, "time_refit_milp_assignment": 23718.444402217865, "mse_refit_ground_truth_assignment": 1.6076686373348343, "r2_refit_ground_truth_assignment": 0.986048784627702, "weight_mismatch_refit_ground_truth_assignment": 2.0228586694732065, "refit-weight_mismatch_refit_ground_truth_assignment": 0.0, "rand_score_refit_ground_truth_assignment": 1.0, "label_mismatch_refit_ground_truth_assignment": 0.0, "mse_milp": 4.448573463070953, "r2_milp": 0.9613956476841647, "weight_mismatch_milp": 14.055029477389608, "refit-weight_mismatch_milp": 14.11470103509437, "rand_score_milp": 0.7241784037558685, "label_mismatch_milp": 0.375, "mse_refit_milp_assignment": 4.4485391774421394, "r2_refit_milp_assignment": 0.9613959452120139, "weight_mismatch_refit_milp_assignment": 14.060563767253006, "refit-weight_mismatch_refit_milp_assignment": 14.099765489129439, "rand_score_refit_milp_assignment": 0.7241784037558685, "label_mismatch_refit_milp_assignment": 0.375, "mse_greedy": 6.3436345339778955, "r2_greedy": 0.9449504645600418, "weight_mismatch_greedy": 16.48640151552024, "refit-weight_mismatch_greedy": 15.643017700795506, "rand_score_greedy": 0.7609350547730829, "label_mismatch_greedy": 0.29375000000000007, "mse_greedy_sem": 1.524143069325151, "r2_greedy_sem": 0.01322638740630102, "weight_mismatch_greedy_sem": 2.956375372081066, "refit-weight_mismatch_greedy_sem": 3.05302009988403, "rand_score_greedy_sem": 0.024929337990230935, "label_mismatch_greedy_sem": 0.037664451516744274, "mse_ground_truth": 2.0450003428686703, "r2_ground_truth": 0.9824080370384133, "weight_mismatch_ground_truth": 0, "rand_score_ground_truth": 1, "label_mismatch_ground_truth": 0, "mse_baseline_sklearn": 106.76199892753694, "r2_baseline_sklearn": 0.0735282097159512, "mse_milp_val": 9.23887806403724, "r2_milp_val": 0.9215361624725653, "label_mismatch_milp_val": 0.2708333333333333, "mse_refit_milp_assignment_val": 9.250372599343764, "r2_refit_milp_assignment_val": 0.9214385418151118, "label_mismatch_refit_milp_assignment_val": 0.2708333333333333, "mse_greedy_val": 23.766299559198774, "label_mismatch_greedy_val": 0.2739583333333333, "mse_greedy_val_sem": 7.158804190678752, "label_mismatch_greedy_val_sem": 0.03356808102344385, "r2_greedy_val": 0.798157844024361, "r2_greedy_val_sem": 0.060798210022341086, "mse_refit_ground_truth_assignment_val": 3.6282641767210997, "r2_refit_ground_truth_assignment_val": 0.9691859196651793, "label_mismatch_refit_ground_truth_assignment_val": 0.125, "mse_ground_truth_val": 3.0400639516017143, "r2_ground_truth_val": 0.9741813797824654, "label_mismatch_ground_truth_val": 0.125, "mse_baseline_sklearn_val": 117.78207699230693, "r2_baseline_sklearn_val": -0.0002982709276855289}