{"time_milp": 18508.70778608322, "time_refit_milp_assignment": 18511.955065965652, "mse_refit_ground_truth_assignment": 78.3644843839862, "r2_refit_ground_truth_assignment": 0.7072815932492722, "weight_mismatch_refit_ground_truth_assignment": 6.459483384452476, "refit-weight_mismatch_refit_ground_truth_assignment": 0.0, "rand_score_refit_ground_truth_assignment": 1.0, "label_mismatch_refit_ground_truth_assignment": 0.0, "mse_milp": 26.758021743381633, "r2_milp": 0.9000495498171798, "weight_mismatch_milp": 82.83685505482642, "refit-weight_mismatch_milp": 85.34826757954097, "rand_score_milp": 0.7270308123249299, "label_mismatch_milp": 0.325, "mse_refit_milp_assignment": 26.754018788524505, "r2_refit_milp_assignment": 0.9000645022357057, "weight_mismatch_refit_milp_assignment": 83.25935532069575, "refit-weight_mismatch_refit_milp_assignment": 85.7693298898784, "rand_score_refit_milp_assignment": 0.7270308123249299, "label_mismatch_refit_milp_assignment": 0.325, "mse_greedy": NaN, "r2_greedy": NaN, "mse_ground_truth": 88.61389736318687, "r2_ground_truth": 0.6689964968693751, "weight_mismatch_ground_truth": 0, "rand_score_ground_truth": 1, "label_mismatch_ground_truth": 0, "mse_baseline_sklearn": 263.8534154924083, "r2_baseline_sklearn": 0.014457508297210042, "random_state": 8}