{"X": [[2.21669098761548, -0.2733468160751136], [0.18224564225051199, 2.7050645772424797], [2.4750741011835093, -0.19359766660553812], [2.907305051243844, 3.52333264263349], [-0.24939542773132772, 1.6793784776076006], [0.8608896380157345, 3.183376063380554], [0.3967396266527339, 1.3008235247930062], [3.6447060955382717, 0.33939283861633995], [1.0532700552065093, 0.02734137790937119], [2.1939795067379064, 2.100031640622404], [-1.117643951586305, -2.3464358838091317], [0.210591735134532, -1.2456015701342915], [-0.9954455936517119, 1.5397306176220211], [4.299160553393587, 1.4208211768447407], [7.120717110595336, -1.1083802547334445], [4.637025602301818, 2.7261803118835735], [-1.1984232637054766, 0.6507278600921338], [-0.24047004462867694, -0.31273513328774527], [2.411442430505296, 2.9184305203963175], [1.8146060543798979, 1.0407998004825596], [2.829128262466264, -0.8665540862474035], [0.410746974718017, -3.6184900316248365], [3.424505476347369, 2.7236212049260313], [0.5788464465317297, 2.5089812066803634], [-0.32503128543527904, 1.1898164184254563], [-0.4481629296360259, 1.4540893379265978], [0.13323183954106765, 0.02961378692590655], [2.4545117792760998, 0.8133052789957828], [4.565275884292693, 3.341379157995958], [0.2915548830139356, -0.3306513666746085]], "y": [-11.696772442160398, -16.309795440837107, -13.043753911375061, -25.542744322697395, -9.192560513242537, -21.07452049362531, -12.387870571967799, -16.98794329004611, -14.62761002418411, -6.438129974824204, -7.112540992541628, 0.5031403274726822, 6.538187478568222, 5.102614948631361, 12.800384161469731, 11.908127312607686, 4.251948834991994, -3.1199081022151143, 6.212451812817126, 9.61959233695297, 11.952810480848502, 10.165187314356135, 12.857476564823191, 12.154447093208526, 6.046217690040608, 2.353925462940177, 4.130136776263751, 4.068451827109634, 3.0257931966189613, 7.73008262105434], "z": [0, 0, 0, 0, 0, 0, 0, 0, 0, 0, 1, 1, 1, 1, 1, 1, 1, 1, 1, 1, 2, 2, 2, 2, 2, 2, 2, 2, 2, 2], "regression_weights": [[[-10], -1.6772461404992738, -1.3379104118840965], [[1], 1.3003416316872398, 1.9462887720395083], [[10], 0.1, 0.1]], "ground_truth_mse": 17.759199071878943, "ground_truth_r2": 0.8566595402712308, "train": [0, 1, 2, 3, 4, 5, 6, 7, 8, 9, 10, 11, 12, 13, 14, 15, 16, 17, 18, 19, 20, 21, 22, 23, 24, 25, 26, 27, 28, 29], "val": null, "input_args": {"N": 30, "K": 3, "D": 2, "noise_std": 3.5, "outlier_ratio": 0.0}}