{"ground_truth": [[-10, -1.6772461404992738, -1.3379104118840965], [1, 1.3003416316872398, 1.9462887720395083], [10, 0.1, 0.1]], "milp": [[-11.672470755657018, -1.1728170932007584, -2.274496587102379], [-2.460825284447312, 3.398900473555218, -2.7746591388110793], [5.434059616863789, 1.1835643271322434, 1.0302498444504595]], "refit_milp_assignment": [[-11.697790530787064, -1.1649708669913512, -2.273029368982539], [-2.469941755740527, 3.403161404662136, -2.7768922447935447], [5.444271194918293, 1.1825263537959998, 1.0268354497118213]], "refit_ground_truth_assignment": [[-8.677222905412684, -1.7473420478577575, -2.300656085796079], [1.5363591648372195, 1.350883696029735, 1.6033991245917405], [7.054384761846498, 0.5793179964116233, -0.5679623469690931]]}