{"ground_truth": [[10, -1.9156229436966838, -1.9242090783884527, -1.0710439141570802, -1.3256809936230083, -1.3297139641875968, -1.8316126271780506, -1.252952821394962, -1.0958459251369166], [-10, 1.5073499519160283, 1.7345967007902403, 1.184262137142038, 1.0038394872354335, 1.88695377052886, 1.984883176600035, 1.819244346043588, 1.7009560270083839]], "milp": [[-10.049392506090593, 1.5226141712164776, 1.6951442485116537, 1.1220240671234516, 1.0347509841083127, 1.8649644339297782, 1.9601978157259528, 1.886555556305731, 1.7288870122190083], [9.823365001923584, -1.9349007472196251, -1.8318779524853386, -1.0949487501765742, -1.3861888333633932, -1.175466157248663, -1.7585502487883609, -1.337188489531607, -1.1258683269056062]], "greedy": [[[10.03136396224084, -1.8751621379337702, -1.9071037998176503, -1.0623228245611325, -1.3997894213806805, -1.2695950580463553, -1.7508914283291166, -1.3404087918420424, -1.107702201956779], [-9.969071902393704, 1.5003427643706106, 1.6754692270530815, 1.140622726665202, 1.0308665351030308, 1.825751440369462, 1.9626296029540011, 1.9104820425592282, 1.7373892252898624]], [[10.023927908566563, -1.8604752069686197, -1.9108250303951846, -1.0509438958514288, -1.405858363069548, -1.2756988143914323, -1.7487059178897926, -1.344447688670543, -1.108501358925704], [-9.98647094699451, 1.513731781818212, 1.6768684268361542, 1.147162037214791, 1.02117656616737, 1.837077597335712, 1.96960692667073, 1.8997226059113006, 1.735007983596537]], [[10.03136396224084, -1.8751621379337702, -1.9071037998176503, -1.0623228245611325, -1.3997894213806805, -1.2695950580463553, -1.7508914283291166, -1.3404087918420424, -1.107702201956779], [-9.969071902393704, 1.5003427643706106, 1.6754692270530815, 1.140622726665202, 1.0308665351030308, 1.825751440369462, 1.9626296029540011, 1.9104820425592282, 1.7373892252898624]], [[-11.168650630295692, 3.7869103841878773, 0.12510304109573409, 0.9836696362738813, 0.6704946252858357, 2.521802250274081, -1.6765002664253326, 2.3229484615213734, 1.5393363897115186], [-1.574785319575379, -2.6862144140234934, -2.7172902367947054, -0.11195956633628007, 0.3185659191501854, -1.7081627230995522, 0.2660712752212295, 1.3430182518826244, -0.7988055813229739]], [[-9.969071902393704, 1.5003427643706106, 1.6754692270530815, 1.140622726665202, 1.0308665351030308, 1.825751440369462, 1.9626296029540011, 1.9104820425592282, 1.7373892252898624], [10.03136396224084, -1.8751621379337702, -1.9071037998176503, -1.0623228245611325, -1.3997894213806805, -1.2695950580463553, -1.7508914283291166, -1.3404087918420424, -1.107702201956779]], [[-2.3079428374427384, -2.2403139022378964, -2.279356970436301, -0.40596628299344784, 1.3342104320144141, -1.7904271883201535, -0.27019471528754874, 0.7818748493392794, -0.854804866722809], [-8.245513854216846, 1.8225556829046337, -0.32397107199554187, 1.2431275229912462, 0.6227067998453608, 1.8308626113714832, -0.4720267996111489, 2.909182561987951, 1.8996623233288485]], [[-7.9127373022446434, -2.306717975771368, -1.45485924792699, 0.6205405600700643, 2.1137046158510198, -1.2721783498067847, -0.5796359660844206, 0.35123247132965546, 0.38732604297315515], [-1.4663878456638164, 1.308368357288639, 0.22090191305953316, 1.211507979873705, 0.9141655949180754, 0.8153093096220455, -0.5830451415183909, 1.5195860620944113, 0.7720966032957123]], [[-4.339139278021281, -0.8266120808752555, 0.9044105703595524, 1.1312124678379594, 0.926217021184694, -1.839636804439158, -1.2215176582448062, 3.903123074787501, -0.19021550564988282], [-5.805010715885569, -1.5081649327100173, -1.8162877981202776, 0.39579133701854424, 0.8295741465908286, 2.4124595419989423, -1.1364151281086337, 0.5370132292726624, 1.0542199907783811]], [[10.03136396224084, -1.8751621379337702, -1.9071037998176503, -1.0623228245611325, -1.3997894213806805, -1.2695950580463553, -1.7508914283291166, -1.3404087918420424, -1.107702201956779], [-9.969071902393704, 1.5003427643706106, 1.6754692270530815, 1.140622726665202, 1.0308665351030308, 1.825751440369462, 1.9626296029540011, 1.9104820425592282, 1.7373892252898624]], [[-9.970453900574762, -0.7577578579863389, -1.2850658020415675, 1.0050517162838775, 0.0759490537079299, 1.7618269072807158, 0.05251517882697998, 1.9923223297223878, 2.7093374746548404], [7.686123498314792, -1.2756002144766667, -0.22907642952461207, -0.701511307497828, -0.5492869144475169, -0.8767706480693287, -3.49085747040802, 1.615954913940405, -2.4842390775825858]], [[-2.7471186353314856, -1.0507417237203684, 0.20668808595979124, 2.4342178886872667, 3.158141835903121, -3.514858068175869, -2.1641295542720753, 4.053010421852507, 1.371707672852611], [2.0198394621149576, 0.985550607229887, -1.382777244048649, -0.7789490026636662, -1.6446049174756128, 0.27641534892665787, -0.4416027831586222, -1.3664684005730754, 0.4953314717868489]], [[10.03136396224084, -1.8751621379337702, -1.9071037998176503, -1.0623228245611325, -1.3997894213806805, -1.2695950580463553, -1.7508914283291166, -1.3404087918420424, -1.107702201956779], [-9.969071902393704, 1.5003427643706106, 1.6754692270530815, 1.140622726665202, 1.0308665351030308, 1.825751440369462, 1.9626296029540011, 1.9104820425592282, 1.7373892252898624]], [[-8.71022457733949, 2.999776043542838, -0.05445152863676098, 1.1333504522951456, 0.7721634814884144, 1.7530212579399793, -0.7481597555818645, 2.3572729104517784, 1.8525635754802225], [-0.07055509298669005, -2.426720038114092, -2.1559362240302935, -0.16214714496606814, 0.3098119017603832, -1.7764360806040438, 0.1455809563932015, 0.15603159544870646, -0.5853424145399293]], [[1.0168500635662083, 4.8255288926124775, 0.5003371033417329, 1.500085821230869, -0.17214026757627499, -0.14958248728167717, -1.3364710462176066, -1.4315196534961656, -0.24481683016609068], [-7.000245639645156, -3.0691453114339358, -1.7611364583354134, 0.8592703473975412, 0.1050316437826796, -0.6755235341915435, 0.6280136497865456, 1.4167808773557715, 2.096927139431955]], [[-7.779974514988751, 5.188762881739811, -0.5988865050542446, 0.42160657226150744, 0.5049325825912019, 2.2419352363408604, -1.925065325939919, 0.883561412399583, 1.3100131740821852], [-5.836515043770217, -3.2151112362130507, -1.828943386168213, 1.3885235721637101, 0.781756582858603, -1.8034318238671805, 0.3606285139180103, 1.2728149537035045, 0.7630142668387518]], [[-2.47594735548954, -2.456939706281567, -1.6690721885305866, -1.6736740483893715, -0.08862389056621524, 0.41687853087500126, 0.7735170275041539, 1.0008654573147047, 1.3669453019307019], [-2.5026539433806643, 1.0615909821929106, 2.3633503300593537, 1.0651173049935658, 3.4398672361102456, -2.180213602432977, -4.483575568454424, 1.6293901726775593, -0.19660282374491256]], [[10.03136396224084, -1.8751621379337702, -1.9071037998176503, -1.0623228245611325, -1.3997894213806805, -1.2695950580463553, -1.7508914283291166, -1.3404087918420424, -1.107702201956779], [-9.969071902393704, 1.5003427643706106, 1.6754692270530815, 1.140622726665202, 1.0308665351030308, 1.825751440369462, 1.9626296029540011, 1.9104820425592282, 1.7373892252898624]], [[10.023927908566563, -1.8604752069686197, -1.9108250303951846, -1.0509438958514288, -1.405858363069548, -1.2756988143914323, -1.7487059178897926, -1.344447688670543, -1.108501358925704], [-9.98647094699451, 1.513731781818212, 1.6768684268361542, 1.147162037214791, 1.02117656616737, 1.837077597335712, 1.96960692667073, 1.8997226059113006, 1.735007983596537]], [[-6.621453987706632, -2.066605425413281, -0.7195280513886136, 1.3038832337405348, 2.477824082463465, -2.09755596803641, -1.1007032149579135, 0.8819889902871773, -0.3132140521322802], [-4.201207888083127, 2.3584611647776237, -1.840162613357691, 0.44754244643348573, -0.6935580056169173, 1.4839843932458336, -0.8477622949079007, 1.1065407678497265, 2.8180516384845884]], [[10.03136396224084, -1.8751621379337702, -1.9071037998176503, -1.0623228245611325, -1.3997894213806805, -1.2695950580463553, -1.7508914283291166, -1.3404087918420424, -1.107702201956779], [-9.969071902393704, 