{"ground_truth": [[-10, -1.337719620706157, -1.6626352006348812, -1.0611537685933308], [1, 1.6272285743807728, 1.565890653114534, 1.026132378542826], [10, 0.1, 0.1, 0.1]], "milp": [[-10.25486277337356, -1.0087900679223885, -2.497577054153296, -0.8916990823534181], [0.8053670235748209, 2.2044551692965113, 0.6916997839303587, 1.1006352377146087], [9.755869050323195, -0.06152557499490504, 0.4968769595939846, -0.0090459475964072]], "greedy": [[[-11.258953433019784, -0.4600213221240765, -1.9699247430571887, -0.3994778532636165], [6.602374831612002, -4.861951209336147, -0.5715934538859601, -7.072286134436356], [6.626662853601461, 0.1943228610593995, 1.8724073778989043, -0.18726613673566078]], [[2.785276822229813, -4.740484717312789, -3.7915506641351313, 1.9757131485679034], [-11.088841994833654, -0.34835068812543546, -2.032342796788509, -0.8409306531931988], [8.321463241256073, -0.30078435651439306, 0.8711714841028871, 0.35028401998512804]], [[-10.274313383054874, -1.0022745060623688, -2.4963210101950244, -0.8855477311540687], [9.762922885080302, -0.12036751923718221, 0.4812705609143521, 0.04855902904615955], [0.805613559143231, 2.2581857353454655, 0.7011964359781779, 1.06115188062213]], [[9.772958198822725, -0.06410456857758594, 0.49105934737764834, -0.01231685600074126], [0.8070463611588004, 2.2040499265974036, 0.6912347306092335, 1.1000838063098364], [-10.274313383054874, -1.0022745060623688, -2.4963210101950244, -0.8855477311540687]], [[6.122033930081278, -12.277161389624228, 2.4933991449263644, 2.5519538169464377], [-2.655217474330877, 1.0216630489529193, 6.880603243842576, -1.276986713746283], [-10.12686870544428, 7.722964102732196, -9.557315350003446, 1.0530470297271297]], [[-10.274313383054874, -1.0022745060623688, -2.4963210101950244, -0.8855477311540687], [9.684145443738524, -0.2019484336468555, 0.5401763270384629, 0.009943233348362394], [0.7269020413529068, 2.148212589236555, 0.8136749520713753, 1.0468225595157508]], [[-10.274313383054874, -1.0022745060623688, -2.4963210101950244, -0.8855477311540687], [9.772958198822725, -0.06410456857758594, 0.49105934737764834, -0.01231685600074126], [0.8070463611588004, 2.2040499265974036, 0.6912347306092335, 1.1000838063098364]], [[-11.088841994833654, -0.34835068812543546, -2.032342796788509, -0.8409306531931988], [7.500674343746685, -0.01757921072322369, 1.4588312952170295, -0.2695623389218304], [2.186430374473676, -5.670979811449641, -1.2867328271188347, -0.9921925136458157]], [[-10.274313383054874, -1.0022745060623688, -2.4963210101950244, -0.8855477311540687], [0.9543066793873829, 1.5963777230501817, 0.4730270870941754, 1.0832040323531194], [9.10281370667608, -0.3808035569135477, 0.7472471896298055, 0.20732036221273856]], [[-11.088841994833654, -0.34835068812543546, -2.032342796788509, -0.8409306531931988], [8.321463241256073, -0.30078435651439306, 0.8711714841028871, 0.35028401998512804], [2.785276822229813, -4.740484717312789, -3.7915506641351313, 1.9757131485679034]], [[4.4135400712770565, 1.5502495329828898, -0.389822971665989, -0.7682342872030832], [7.599088901994669, -0.8478348747717621, 0.9004400416926148, 1.618554246836103], [-10.274313383054874, -1.0022745060623688, -2.4963210101950244, -0.8855477311540687]], [[-15.152418525453113, -0.5719927288502757, 7.080076630511715, 7.067502235202036], [2.468783526033237, -1.614563159124815, -9.42670927199364, 3.8571843275739313], [8.605334093337813, -3.091393690462979, 3.5658607758153074, -9.417272797027325]], [[-11.088841994833654, -0.34835068812543546, -2.032342796788509, -0.8409306531931988], [10.650920345381428, -5.773531109076861, -1.3903895624286013, -7.363193932978697], [5.903563343029523, 0.546796625902989, 1.7337237954810067, 0.050234360423892455]], [[3.900288316836516, 1.0498809083379081, 1.9780168209669102, 0.29918640282761055], [4.853611839826123, -10.815192811646082, 1.0042984176885428, 2.342777601642766], [-13.59422165858251, 7.988891635278923, -5.273507999671871, -0.6091008825178643]], [[-1.3310990912246785, 0.4554337193905931, -11.723784180610528, 3.9817809412216842], [-5.437223676951125, 3.3236740917236003, 6.888014858746043, -4.205546761711667], [7.301712389203145, -10.195129404702927, 0.9399245604088803, 1.177885992340372]], [[-11.79994173103172, -0.0776465161844983, -1.6930597583399694, -0.38195730147840656], [6.317120640342951, 0.5499047893525922, 1.4286383410751804, -0.19585394447020785], [-1.4392299753094822, -3.6057509873700235, -1.1805919044810302, -4.353233031606774]], [[6.317120640342951, 0.5499047893525922, 1.4286383410751804, -0.19585394447020785], [-11.472388762601264, -0.005249124212776771, -1.9189761557138827, -0.9880052233239023], [-1.3111696690569783, -4.024668398472412, -1.025190226052513, -3.4457173604565337]], [[9.684145443738524, -0.2019484336468555, 0.5401763270384629, 0.009943233348362394], [-10.274313383054874, -1.0022745060623688, -2.4963210101950244, -0.8855477311540687], [0.7269020413529068, 2.148212589236555, 0.8136749520713753, 1.0468225595157508]], [[-0.058714308674531424, 0.09013015848413972, 4.656517895547985, 1.2777189613120101], [7.013436015474343, -2.3338006363765187, 1.7402402190036386, -9.3351548703021], [-6.873263304689332, 4.30277895643623, -11.333527049940905, 1.9284153587636266]], [[16.15603269927673, -3.972491970344007, -7.278633965023848, -3.718185541012887], [-11.088841994833654, -0.34835068812543546, -2.032342796788509, -0.8409306531931988], [4.332161535226781, 0.4718560507583233, 2.7330455124070596, 0.12513401310750524]]], "refit_milp_assignment": [[-10.27283905620186, -1.0025522316398066, -2.4975649968995888, -0.8859479856437618], [0.8047835747384413, 2.2050345450612068, 0.6916335248768786, 1.1010489408157438], [9.772686309077427, -0.0641037906135011, 0.4913153765191974, -0.012363016362719864]], "refit_ground_truth_assignment": [[-10.27283905620186, -1.0025522316398066, -2.4975649968995888, -0.8859479856437618], [1.114696717456316, 1.924182234668715, 1.0780424158757504, 0.9990924443629439], [10.029659151113297, -0.2359396777277734, 0.40157423035482775, -0.07019017671488283]]}