{"ground_truth": [[10, -1.824082697763452, -1.57944297484209, -1.6682565746836515, -1.8696106458780943, -1.9688444717468947, -1.5662149018839115, -1.130813488160637, -1.0069287273863687], [-10, 1.1935419773315463, 1.442811871291274, 1.6191263459841987, 1.6857952741656963, 1.25359994085118, 1.271586554744033, 1.8202725783387461, 1.0455607645688283]], "milp": [[-9.86333753564464, 1.2533268671005042, 1.40128980166915, 1.511640703409253, 1.6247741409886656, 1.2305609011270882, 1.4533660428226247, 1.7319436486801592, 0.9792869936728672], [10.295844427019437, -1.8901514324210815, -1.5982041053212952, -1.7297042594648375, -1.9138898899948997, -1.9350750949587454, -1.678114187977417, -1.1557049525010061, -0.9725032289349783]], "greedy": [[[-1.7978475841571449, -0.6984967417692097, 1.0021497087425353, 0.657765074203595, 0.6717646957213541, 0.5951896911589205, 2.589240719623155, 1.0623515826579841, -0.9992305997750027], [2.0210122617912614, -1.7059056620115725, -3.5572752253245143, -2.4769861298029676, 1.1974275496592224, 1.4108852927702982, -2.9980161005257457, 1.8878439804867768, 1.5956314814599508]], [[10.25542283117386, -1.927106003058758, -1.5589539851999494, -1.6774239194683973, -1.94655454135474, -1.9799639221037273, -1.6641853886440452, -1.1198971978608754, -0.9374594355118995], [-9.892561243041424, 1.2279572906792586, 1.4106460107333643, 1.5468478246742503, 1.6566807795916962, 1.1809715755265369, 1.4119160513326363, 1.7493010130367912, 1.0145415082933276]], [[-1.7825179276210856, 2.242067245863066, -1.3688151438060672, -2.5659064325218544, 0.8373103489683119, 0.8191821114473298, 3.052234745477304, 2.0162380669930933, 0.9809796745718641], [1.420196397279222, -1.6659070251085282, 1.2193654013092527, 0.719380798096578, -0.6193727503954879, -0.015048597808671535, -0.1527781356877201, 0.02906973927743929, -1.42433262886205]], [[2.8454656702114596, -2.2146145758140188, 0.3582107507124354, -1.4933538664239625, -0.25772392026975205, 0.03545087082798611, -0.5292016280803332, -0.2318387170224553, -2.030818466758752], [-4.375737123652858, 1.2787654871654648, -0.5286801901504152, 1.4979275856607008, 2.151744091124245, -0.5618120786541935, 1.5363164845063073, 1.1677618701526158, 2.380124474732771]], [[-6.504459624812079, 0.8596614436132074, 1.8424137087258143, 0.9402332771011555, -0.5512272110170585, 1.5962813832095555, 2.1161498236904848, 1.86141652482411, -3.753136685461832], [-2.6521362164979108, -0.6972578342031648, 0.7478717172465088, 0.5415695941225698, 1.2821231037524077, -2.7535663330030173, 0.15306878450160727, 1.1560917898128484, 2.700598033279597]], [[-4.366609584629055, 0.8729700737715733, 1.2736862563363345, 0.8840187284558662, 0.6353950000365443, 1.7352597483174466, 2.5406739464889148, 0.8374311301323334, -0.5025030898475752], [4.834549329448624, -1.16765131274914, -2.1843228396247545, -1.7033378097668002, -0.2349587209725652, -1.5717020793856271, -1.1595203321401388, -0.28091620822112273, -0.16635431152370594]], [[10.25542283117386, -1.927106003058758, -1.5589539851999494, -1.6774239194683973, -1.94655454135474, -1.9799639221037273, -1.6641853886440452, -1.1198971978608754, -0.9374594355118995], [-9.892561243041424, 1.2279572906792586, 1.4106460107333643, 1.5468478246742503, 1.6566807795916962, 1.1809715755265369, 1.4119160513326363, 1.7493010130367912, 1.0145415082933276]], [[1.0879929983345256, -0.9333341236270938, 0.2708661061279483, 1.9371245867337985, 0.14738072757326634, -3.9190723145662494, -0.12177789956677575, 0.10397153937574136, 1.6865497759767425], [-6.339068243292125, 0.9282001993136096, 0.15054580733115264, -0.30824348711295196, 0.68313036876354, 2.096991684148206, 1.3415818773255923, 2.3719631688942635, -1.508885376673671]], [[-2.1302460765673317, -0.004418565336640888, 0.25969718904668787, -2.1436008607999186, -0.15988049355471207, -0.11852675067688889, 1.5208675701074663, 3.8062526290772514, -2.471872687267888], [-1.5765496831918009, 0.5387657929290944, 0.9190118143626334, 2.0237370207791248, 1.9741350733039653, -1.1478872566477776, 0.6671355624795348, -0.056129971179677995, 0.9019926650284023]], [[0.14779114132524374, 0.8613707282898229, -0.7391671600917832, -0.516267977781922, 1.2718978392626323, -0.8054401711894005, 1.1072735813984658, 2.695701836224021, -0.4847311167794068], [-1.2854908599696602, -1.5552396914608313, 3.2976966149207967, -2.374772803641735, -0.8349394244245145, 1.8995964385726427, 2.804158998392597, -0.09471294895851412, -1.3027786611997616]], [[1.9020338011438993, -0.8891683620187285, -1.5609679182357492, -2.1720569190229324, 1.8814702957076574, -0.48305485247702956, -0.7826922313456363, 1.2162793866425683, 1.2566703854743182], [-5.000488372281085, -0.9156370083315092, 1.2033540306618038, 0.6603452435769291, -0.39004246767260975, 2.526135933785496, 2.9570741025758434, 0.9203618383465597, -0.9819296683887015]], [[2.4578628197226893, 0.9985304876749028, -1.0488112298180792, 1.9257229672542302, 1.2241973157497275, -0.6151153016473958, 0.5766913554213453, 0.3697954269256265, 0.7954079573866627], [-5.93736185586032, -1.9592823686991394, 0.8052096607131892, -0.27814981667700606, -0.12641867255631603, 1.42974435822687, 0.8294281076417388, 1.5521732064476128, -0.47455164758539436]], [[-9.87760069103934, 1.2641829514321046, 1.4017200237939917, 1.506172232335885, 1.6283349905686613, 1.2291846430771831, 1.45258900640132, 1.729169128865529, 0.9804545071288019], [10.299292782211971, -1.9041819471201742, -1.587876365339154, -1.6977719463977397, -1.9410912349086284, -1.9400201332280977, -1.656114359630315, -1.1373854828306764, -0.9627780218847717]], [[-9.020264644346476, 1.835004085981549, 0.3728287602789663, 0.10131644286427391, -0.23612205616928064, 2.3575668439890825, 4.259073731694763, 1.3364268897167666, -1.5317277591127345], [7.918396775239399, -0.9677823706968441, 1.2278962431410845, -1.4260559321682758, -0.7351963159968482, -2.1036011584324066, -1.147221925416693, -0.37439931529608095, 0.377435488556437]], [[0.8961409047592822, 0.8894928398220227, -0.5800770887466291, -0.056741372192083285, -3.0097716172381386, -3.609003198994679, 2.4993206300376016, -0.368320693516369, 0.6642725880175584], [-6.988717461123695, -0.565713736001979, 2.390437578464868, 0.9464396951850824, 1.9596904068451881, 1.8570048898533678, -1.323785851947247, 2.5210382107529585, -0.6925458233884557]], [[6.6796528105208175, -1.4601311277097002, 1.631117296198494, -1.1322421884074614, -0.6031387561000283, -1.874105922540577, -0.0047701805933305945, 0.9446750367454526, 0.8295130435656798], [-8.518329654837341, 1.973098999204287, -0.14382161211731825, 0.16704421588489105, 0.1983120672214032, 2.4977033574325995, 2.771537559676373, 0.6748897738995963, -2.0988923392244616]], [[-6.689546741327512, -1.5485505270602082, 1.3786658605859945, 0.663292445545566, 2.034411182867771, 0.45098300293832977, 2.337140026666966, 1.95258284958948, 0.6890245809208372], [5.409523991768477, -0.04288265390905477, -2.591824683122325, -0.22540045014193055, 0.25572655379661624, -2.0948105740480596, -0.18697459831856697, -1.318325745431345, -2.447382877193392]], [[-3.7691704760136306, 3.3001628778820167, -2.3114093781284737, 0.05997470929706199, 0.3314863141811828, 0.4861307732221378, 3.9428662315812804, 0.4784457833381351, 1.3362904007038297], [1.592757471306711, -3.1931067940447986, 2.0330094352168007, -0.9521164825596562, 0.8035862462837655, 0.5326783967398316, 0.11925898952906688, 0.7683001944553756, -0.8042331654399022]], [[-4.449031283008013, 0.6775299287921204, 0.5567011126029628, 3.7171335050388885, 2.0986676852432447, -0.9612378361022405, -0.30653943445093035, 0.6039248649302863, 2.0024555427680784], [3.607833688690282, -1.6759951098366137, -0.5185458197714017, -2.8016050624926314, 0.02649675282588601, -0.3452734134507746, 0.3834706585602435, 1.8081243597964531, -1.1716659223018693]], [[-7.259438873808104, 1.4039601265978052, 0.6817932694836085, -0.5182745766175417, 1.447163612648895, 0.5024206212303942, 1.282174241580248, 2.0186191929219106, 2.0756557809515965], 