{"time_milp": 101.57890009880066, "time_refit_milp_assignment": 102.44706010818481, "mse_refit_ground_truth_assignment": 0.1593884509271344, "r2_refit_ground_truth_assignment": 0.13101110055502785, "weight_mismatch_refit_ground_truth_assignment": 52445103754030.46, "refit-weight_mismatch_refit_ground_truth_assignment": 0.0, "rand_score_refit_ground_truth_assignment": 1.0, "label_mismatch_refit_ground_truth_assignment": 0.0, "mse_milp": 0.02161599815586539, "r2_milp": 0.8821491623853144, "weight_mismatch_milp": 52445103754030.79, "refit-weight_mismatch_milp": 2.6256321850186426, "rand_score_milp": 0.5076902441205401, "label_mismatch_milp": 0.42924528301886794, "mse_refit_milp_assignment": 0.019956129699765963, "r2_refit_milp_assignment": 0.8911987971267215, "weight_mismatch_refit_milp_assignment": 52445103754030.2, "refit-weight_mismatch_refit_milp_assignment": 3.349203339834558, "rand_score_refit_milp_assignment": 0.5076902441205401, "label_mismatch_refit_milp_assignment": 0.42924528301886794, "mse_greedy": NaN, "r2_greedy": NaN, "mse_ground_truth": NaN, "r2_ground_truth": NaN, "weight_mismatch_ground_truth": 0, "rand_score_ground_truth": 1, "label_mismatch_ground_truth": 0, "mse_baseline_sklearn": 0.16389894011119488, "r2_baseline_sklearn": 0.10076514223166066}