{"time_milp": 3.8535070419311523, "time_refit_milp_assignment": 4.354352951049805, "mse_refit_ground_truth_assignment": 13.743225656276211, "r2_refit_ground_truth_assignment": 0.8899694205323319, "weight_mismatch_refit_ground_truth_assignment": 2.7566048581221487, "refit-weight_mismatch_refit_ground_truth_assignment": 0.0, "rand_score_refit_ground_truth_assignment": 1.0, "label_mismatch_refit_ground_truth_assignment": 0.0, "mse_milp": 13.743231535332297, "r2_milp": 0.8899693734636186, "weight_mismatch_milp": 2.7508200697944583, "refit-weight_mismatch_milp": 0.006314076887403205, "rand_score_milp": 1.0, "label_mismatch_milp": 0.0, "mse_refit_milp_assignment": 13.743225656276211, "r2_refit_milp_assignment": 0.8899694205323319, "weight_mismatch_refit_milp_assignment": 2.7566048581221487, "refit-weight_mismatch_refit_milp_assignment": 0.0, "rand_score_refit_milp_assignment": 1.0, "label_mismatch_refit_milp_assignment": 0.0, "mse_greedy": NaN, "r2_greedy": NaN, "mse_ground_truth": 17.585901170555744, "r2_ground_truth": 0.86052597253097, "weight_mismatch_ground_truth": 0, "rand_score_ground_truth": 1, "label_mismatch_ground_truth": 0, "mse_baseline_sklearn": 123.94986675641276, "r2_baseline_sklearn": 0.007636489042143646, "mse_milp_val": 19.027698474177676, "r2_milp_val": 0.8510142856665204, "label_mismatch_milp_val": 0.0, "mse_refit_milp_assignment_val": 19.027301635199372, "r2_refit_milp_assignment_val": 0.8510173928914293, "label_mismatch_refit_milp_assignment_val": 0.0, "mse_refit_ground_truth_assignment_val": 19.027301635199372, "r2_refit_ground_truth_assignment_val": 0.8510173928914293, "label_mismatch_refit_ground_truth_assignment_val": 0.0, "mse_ground_truth_val": 19.854703776962594, "r2_ground_truth_val": 0.8445388847681828, "label_mismatch_ground_truth_val": 0.0, "mse_baseline_sklearn_val": 127.95054042195093, "r2_baseline_sklearn_val": -0.001844899423284252, "random_state": 9}