{"time_milp": 1275.2828891277313, "time_greedy": 0.5794710278511047, "time_refit_milp_assignment": 1286.2794735431671, "mse_refit_ground_truth_assignment": 1.7806230414124369, "r2_refit_ground_truth_assignment": 0.9842479088103363, "weight_mismatch_refit_ground_truth_assignment": 3.267231687960135, "refit-weight_mismatch_refit_ground_truth_assignment": 0.0, "rand_score_refit_ground_truth_assignment": 1.0, "label_mismatch_refit_ground_truth_assignment": 0.0, "mse_milp": 6.661086409650683, "r2_milp": 0.9410734118863153, "weight_mismatch_milp": 17.10456434562827, "refit-weight_mismatch_milp": 17.346209429954087, "rand_score_milp": 0.7421752738654147, "label_mismatch_milp": 0.375, "mse_refit_milp_assignment": 7.485885694177846, "r2_refit_milp_assignment": 0.9337769132783139, "weight_mismatch_refit_milp_assignment": 15.108818766880391, "refit-weight_mismatch_refit_milp_assignment": 13.543322974296588, "rand_score_refit_milp_assignment": 0.7421752738654147, "label_mismatch_refit_milp_assignment": 0.375, "mse_greedy": 114.07374773024821, "r2_greedy": -0.00914120215372094, "weight_mismatch_greedy": 22.956050966705313, "refit-weight_mismatch_greedy": 24.68177254099567, "rand_score_greedy": 0.9014084507042253, "label_mismatch_greedy": 0.08333333333333331, "mse_greedy_sem": 0.0, "r2_greedy_sem": 0.0, "weight_mismatch_greedy_sem": 1.4693494276736472e-15, "refit-weight_mismatch_greedy_sem": 0.0, "rand_score_greedy_sem": 2.54702629954375e-17, "label_mismatch_greedy_sem": 3.1837828744296875e-18, "mse_ground_truth": 1.8208767760504665, "r2_ground_truth": 0.9838263772465263, "weight_mismatch_ground_truth": 0, "rand_score_ground_truth": 1, "label_mismatch_ground_truth": 0, "mse_baseline_sklearn": 106.22751057031242, "r2_baseline_sklearn": 0.060269695248234334, "mse_milp_val": 7.846642143440481, "r2_milp_val": 0.9297236980978065, "label_mismatch_milp_val": 0.375, "mse_refit_milp_assignment_val": 6.84817347202831, "r2_refit_milp_assignment_val": 0.9386662093668724, "label_mismatch_refit_milp_assignment_val": 0.375, "mse_greedy_val": 111.7986927350177, "label_mismatch_greedy_val": 0.04166666666666666, "mse_greedy_val_sem": 0.0, "label_mismatch_greedy_val_sem": 1.5918914372148438e-18, "r2_greedy_val": -0.0012943803592058156, "r2_greedy_val_sem": 0.0, "mse_refit_ground_truth_assignment_val": 2.367723851848949, "r2_refit_ground_truth_assignment_val": 0.9787941296172579, "label_mismatch_refit_ground_truth_assignment_val": 0.08333333333333333, "mse_ground_truth_val": 2.3332152711562046, "r2_ground_truth_val": 0.9791031962715855, "label_mismatch_ground_truth_val": 0.08333333333333333, "mse_baseline_sklearn_val": 112.06786471980661, "r2_baseline_sklearn_val": -0.0037051455401375666}