{"time_milp": 4337.971741437912, "time_greedy": 0.5702877163887023, "time_refit_milp_assignment": 4345.548938989639, "mse_refit_ground_truth_assignment": 3.0740564820795573, "r2_refit_ground_truth_assignment": 0.9741594775657455, "weight_mismatch_refit_ground_truth_assignment": 2.0377901366148965, "refit-weight_mismatch_refit_ground_truth_assignment": 0.0, "rand_score_refit_ground_truth_assignment": 1.0, "label_mismatch_refit_ground_truth_assignment": 0.0, "mse_milp": 7.474354311014192, "r2_milp": 0.9371705687968778, "weight_mismatch_milp": 5.036589352901983, "refit-weight_mismatch_milp": 4.085555408383123, "rand_score_milp": 0.7746478873239436, "label_mismatch_milp": 0.3333333333333333, "mse_refit_milp_assignment": 8.418460821715977, "r2_refit_milp_assignment": 0.9292344083481889, "weight_mismatch_refit_milp_assignment": 4.371006146565823, "refit-weight_mismatch_refit_milp_assignment": 2.9714438313232447, "rand_score_refit_milp_assignment": 0.7746478873239436, "label_mismatch_refit_milp_assignment": 0.3333333333333333, "mse_greedy": 119.54491590151262, "r2_greedy": -0.004894704850827658, "weight_mismatch_greedy": 22.956050966705313, "refit-weight_mismatch_greedy": 23.743267303075818, "rand_score_greedy": 0.8748043818466353, "label_mismatch_greedy": 0.11111111111111112, "mse_greedy_sem": 3.260193663416e-15, "r2_greedy_sem": 0.0, "weight_mismatch_greedy_sem": 1.3268026938822534e-15, "refit-weight_mismatch_greedy_sem": 8.15048415854e-16, "rand_score_greedy_sem": 0.0, "label_mismatch_greedy_sem": 3.1837828744296875e-18, "mse_ground_truth": 3.42137456427023, "r2_ground_truth": 0.9712196994127515, "weight_mismatch_ground_truth": 0, "rand_score_ground_truth": 1, "label_mismatch_ground_truth": 0, "mse_baseline_sklearn": 111.50486807702754, "r2_baseline_sklearn": 0.06268994669745498, "mse_milp_val": 10.660337369890891, "r2_milp_val": 0.9100592603650233, "label_mismatch_milp_val": 0.3333333333333333, "mse_refit_milp_assignment_val": 11.581440308893916, "r2_refit_milp_assignment_val": 0.9022879603827292, "label_mismatch_refit_milp_assignment_val": 0.3333333333333333, "mse_greedy_val": 118.54796708564697, "label_mismatch_greedy_val": 0.08333333333333331, "mse_greedy_val_sem": 3.260193663416e-15, "label_mismatch_greedy_val_sem": 3.1837828744296875e-18, "r2_greedy_val": -0.00018334054047786097, "r2_greedy_val_sem": 0.0, "mse_refit_ground_truth_assignment_val": 3.624057116228414, "r2_refit_ground_truth_assignment_val": 0.9694240091843997, "label_mismatch_refit_ground_truth_assignment_val": 0.0625, "mse_ground_truth_val": 3.369945957959714, "r2_ground_truth_val": 0.9715679324704244, "label_mismatch_ground_truth_val": 0.0625, "mse_baseline_sklearn_val": 118.91387381916495, "r2_baseline_sklearn_val": -0.0032704775707725897}