{"ground_truth": [[-10, -1.5826848885290346, -1.0255509418496929], [1, 1.3377979807316742, 1.6124765741267186], [10, 0.1, 0.1], [5, -3.4970737987345126, -3.414905837374687]], "milp": [[-8.97258048086633, -1.6227266749199778, 0.2242107802023437], [8.915912563441482, -0.5373136194886075, 0.4698224131933748], [0.0, 0.0, 0.0], [0.0, 0.0, 0.0]], "greedy": [[[-12.311278920813566, -1.759275447580824, 1.8892404861905632], [12.400474491546747, -1.3426122278714983, -4.5693859487931014], [-1.1892824653063734, -2.2840879837310966, 2.4367807352556223], [4.772946626691825, 2.6328486201161727, 0.6473436498365882]], [[-1.1371805143336053, -3.1534824569696256, -1.2888652931776863], [13.574471483907788, -0.9479051832377969, -0.40626351893461715], [-12.793523000571263, -2.3620170334600625, -0.1883704677662269], [7.400670683724073, -0.5765976995536816, 1.7972550988151414]], [[6.843758572320953, 1.5475301857901091, 2.956575837774633], [-9.860628030790695, 3.4739420019033873, 3.0645385361520114], [-4.591048077029127, -5.380729646549748, 2.7258529331114083], [4.219104312777323, 0.36631094530354735, -3.8891859183363873]], [[1.2960088482038319, 0.35401452120774873, -1.557005864615182], [13.30366274154133, -1.7188336950272785, -0.34799993627448056], [-2.12012158090495, -5.432471766196502, -0.15838487452470928], [-13.342218654678952, -3.0018410181890984, 2.7350773523603045]], [[12.708902303667312, -2.3032849676002556, -4.4869412642301745], [-11.397860090039043, -2.309357077999818, 3.5689537229889527], [1.4473382937684844, 0.3684874363620917, 3.456622734833094], [2.22249319939354, 0.4180846715580506, -1.9691977465152617]], [[7.072770902775296, 4.39385875230302, 0.6116079978834602], [-6.697564582864935, -4.9848849844537435, 1.403380402914753], [10.279007541673034, -3.193696706429855, -3.2703655993280654], [-2.3225188709446902, 2.0309985491585585, 3.096609710358658]], [[4.4173347007335515, -3.7007442241889414, -2.9334143080311845], [8.629279788361536, -0.5351585024976271, -4.0834550620221455], [-8.930803232895148, -2.572358267810613, 3.1825811604448906], [8.77667146166751, 1.7979985510247791, 0.27078713520566294]], [[1.6154374350775722, 1.0994144366878646, -1.2015223234256838], [-10.500131613734599, -1.6676170885401815, 0.8440468009937381], [14.47123933441126, -1.6447419555169092, -0.5968767287657081], [8.376829393880126, -3.452285068830508, -2.9954102403384226]], [[8.502467115382165, -0.8265182913106729, 1.9574048981823846], [-10.371936193729242, -2.3169595611223213, 1.1228368323861544], [-8.173447831257667, 3.7127638996280896, 3.0473894922867406], [4.537271102190049, 0.5157282194664616, -3.868413512207288]], [[8.735168936423076, 3.236216406258385, 1.854536222648255], [-12.809433377849144, 2.231885923158353, 4.1737844889209565], [5.11153875717304, 0.5193769872758801, -2.440059488919111], [-1.4558933608063191, -6.0488824559218655, -0.08604105452942779]], [[-0.02812572707945038, -4.974717622638794, -0.9074994146741531], [13.192428593268714, -1.744104366715605, -0.38495671143861016], [3.328595792864995, 2.423757958708284, 3.306918491624602], [-14.157835882859104, -0.13499310604577733, 1.6863951176914795]], [[-13.429833876093044, 2.0559491556013, -0.348269467061281], [13.107772278687992, -1.1526809517253356, -0.2976739555222863], [1.294237841182703, 1.240473659112094, -0.7354189453549307], [-3.1601013570386085, -5.966020692642215, -0.20197746122183963]], [[-10.700629553812734, -1.4048405452731074, 0.23679486224143426], [12.271725969816478, -1.3403703545248595, -0.06714639241546341], [8.97975409304726, -0.31811705127972273, -3.907077847548184], [1.3932048041743423, 0.37030115262710356, -1.4594605047872848]], [[4.684310504991306, -1.3336355457565703, -3.538004377221353], [-12.529978729424736, -1.5053643193598483, 2.2340915494664397], [4.282539060448303, -2.7366326735758464, 1.779924194356049], [4.322672457608314, 1.395374205892112, 2.8024013387793922]], [[2.884169783388942, -1.0726448565953193, -2.8733198180097084], [6.221253873176728, 3.2152680336490476, 1.9833596387553005], [-12.547691975897468, -0.10303586009897436, 0.7655975754894976], [12.531723950301032, -1.5689690947212815, -0.26315797506807254]], [[13.107772278687992, -1.1526809517253356, -0.2976739555222863], [1.7799903357313078, -1.7458108304019029, -2.4074806742666994], [-14.157835882859104, -0.13499310604577733, 1.6863951176914795], [-0.614290953163672, 1.316726417978413, 4.023285910220124]], [[6.073085031278752, -2.0686884478730314, 2.579594199635211], [-10.500131613734599, -1.6676170885401815, 0.8440468009937381], [2.411128868643532, -0.8392662612183674, -2.75759629058999], [14.020197072679597, -1.9684997401775457, -0.4346927682249369]], [[13.105882076433058, -1.0014602889018427, -0.14277866287807303], [-0.8030329023309504, 1.2248683692742606, 2.17690127635193], [-14.157835882859104, -0.13499310604577733, 1.6863951176914795], [1.2346273793528075, -1.0893622600251471, -2.4957184708756652]], [[0.9025780721326955, 0.2886723229846934, 2.9202503947840306], [-14.009574456493517, -0.33591064865841636, 1.4698509560255923], [13.140095740382126, -2.100736320234706, -3.870048754237798], [2.353329236009336, 0.7436607387930907, -1.9682911093206783]], [[-4.1267727727423615, 2.029839994187813, 6.028187895103815], [0.8355469427666682, -0.982945942746387, -2.5727472888753673], [-10.095234422284467, -2.4921612067516916, 1.714446206480999], [12.836459716076783, -1.2497620429926843, -0.3479470798862341]]], "refit_milp_assignment": [[-8.981337559994119, -1.6229399474361612, 0.22632512094694698], [8.92181597362491, -0.5382705443788869, 0.46866395490564483], [0.0, 0.0, 0.0], [0.0, 0.0, 0.0]], "refit_ground_truth_assignment": [[-11.321849367849738, -1.5459978287623517, -0.01322714592043524], [3.153137494267776, 1.3508468964223974, 1.086656608203109], [14.986406270966246, -2.2147159941970194, -0.9448817546011715], [5.797593339059329, -3.850567670456378, -3.753222889254328]]}