{"time_milp": 1.6081631183624268, "time_refit_milp_assignment": 2.0500543117523193, "mse_refit_ground_truth_assignment": 0.20218649244700554, "r2_refit_ground_truth_assignment": 0.9962995790648767, "weight_mismatch_refit_ground_truth_assignment": 0.4891963146232089, "refit-weight_mismatch_refit_ground_truth_assignment": 0.0, "rand_score_refit_ground_truth_assignment": 1.0, "label_mismatch_refit_ground_truth_assignment": 0.0, "mse_milp": 0.12920918941950518, "r2_milp": 0.9976352110185424, "weight_mismatch_milp": 0.6524794648077541, "refit-weight_mismatch_milp": 0.31433834111853814, "rand_score_milp": 0.844632768361582, "label_mismatch_milp": 0.08333333333333333, "mse_refit_milp_assignment": 0.12913341712160487, "r2_refit_milp_assignment": 0.997636597804544, "weight_mismatch_refit_milp_assignment": 0.6852294911514094, "refit-weight_mismatch_refit_milp_assignment": 0.34666873596745196, "rand_score_refit_milp_assignment": 0.844632768361582, "label_mismatch_refit_milp_assignment": 0.08333333333333333, "mse_greedy": NaN, "r2_greedy": NaN, "mse_ground_truth": 0.27870927053756284, "r2_ground_truth": 0.9950828042925306, "weight_mismatch_ground_truth": 0, "rand_score_ground_truth": 1, "label_mismatch_ground_truth": 0, "mse_baseline_sklearn": 45.83215080070072, "r2_baseline_sklearn": 0.16117912590477845, "mse_milp_val": 16.600553895533867, "r2_milp_val": 0.6896240470865176, "label_mismatch_milp_val": 0.25, "mse_refit_milp_assignment_val": 16.647382732543313, "r2_refit_milp_assignment_val": 0.6887485013064127, "label_mismatch_refit_milp_assignment_val": 0.25, "mse_refit_ground_truth_assignment_val": 14.67735410046067, "r2_refit_ground_truth_assignment_val": 0.7255815803589134, "label_mismatch_refit_ground_truth_assignment_val": 0.225, "mse_ground_truth_val": 14.370994896755551, "r2_ground_truth_val": 0.7313094934383302, "label_mismatch_ground_truth_val": 0.225, "mse_baseline_sklearn_val": 63.90563195889433, "r2_baseline_sklearn_val": -0.19482587994346234, "random_state": 12}