{"time_milp": 31.702922821044922, "time_refit_milp_assignment": 32.4053111076355, "mse_refit_ground_truth_assignment": 0.09956697847867986, "r2_refit_ground_truth_assignment": 0.9994673941298808, "weight_mismatch_refit_ground_truth_assignment": 0.5952548836320988, "refit-weight_mismatch_refit_ground_truth_assignment": 0.0, "rand_score_refit_ground_truth_assignment": 1.0, "label_mismatch_refit_ground_truth_assignment": 0.0, "mse_milp": 5.826432581432993, "r2_milp": 0.968833118749414, "weight_mismatch_milp": 4.51199512900141, "refit-weight_mismatch_milp": 4.600709244907446, "rand_score_milp": 0.6745762711864407, "label_mismatch_milp": 0.2, "mse_refit_milp_assignment": 5.826218624823856, "r2_refit_milp_assignment": 0.9688342632508111, "weight_mismatch_refit_milp_assignment": 4.5269363352940255, "refit-weight_mismatch_refit_milp_assignment": 4.624694557380495, "rand_score_refit_milp_assignment": 0.6745762711864407, "label_mismatch_refit_milp_assignment": 0.2, "mse_greedy": NaN, "r2_greedy": NaN, "mse_ground_truth": 0.2731688425583087, "r2_ground_truth": 0.9986596060112678, "weight_mismatch_ground_truth": 0, "rand_score_ground_truth": 1, "label_mismatch_ground_truth": 0, "mse_baseline_sklearn": 157.8939529672079, "r2_baseline_sklearn": 0.15539019570972845, "mse_milp_val": 58.96042189516315, "r2_milp_val": 0.7410465736794194, "label_mismatch_milp_val": 0.225, "mse_refit_milp_assignment_val": 58.96083852549932, "r2_refit_milp_assignment_val": 0.7410447438442589, "label_mismatch_refit_milp_assignment_val": 0.225, "mse_refit_ground_truth_assignment_val": 17.971618998151897, "r2_refit_ground_truth_assignment_val": 0.9210688769430049, "label_mismatch_refit_ground_truth_assignment_val": 0.2, "mse_ground_truth_val": 18.548979098348447, "r2_ground_truth_val": 0.9185331186943184, "label_mismatch_ground_truth_val": 0.2, "mse_baseline_sklearn_val": 229.9747081946187, "r2_baseline_sklearn_val": -0.010046006115123296, "random_state": 9}