{"ground_truth": [[10, -1.1037840705060373, -1.3257463081521847, -1.28210202141917, -1.3834901935030381, -1.4065726712561772, -1.9762338037464136, -1.3141816912046749, -1.6976398739301963, -1.3727555957205184, -1.806431198522163, -1.1270229636480917, -1.4041204716773588, -1.8142901914092944, -1.3216373041148808, -1.1308246916019375, -1.5493726009063429], [-10, 1.075000462418411, 1.0535893716390237, 1.4214759718396446, 1.5027274589824233, 1.7218187387033372, 1.0352379359686432, 1.658444828240035, 1.6307031049181107, 1.220640544740483, 1.2362632023889808, 1.1649254617609546, 1.4952968379014182, 1.39313467447887, 1.589116288958351, 1.8325650142045844, 1.638247293261248]], "milp": [[11.295282256203366, -1.282156241188497, -2.3312816560156993, -1.0768695524516918, -1.204157243880831, -1.2839563918297219, -1.7396641349995436, -1.894522858226943, -2.246922895195366, -1.4425711420079688, -1.968222917795232, -1.3652079831503332, -1.4714160401876475, -0.9714714841661821, -0.739218164793283, -0.8680241753919075, -1.2485797674987298], [-9.281366532838394, -0.27418653871179816, 0.3742721987223066, 1.882189234253478, 1.1637386746825458, 1.1851806639232803, 1.206810771762299, 1.6954016646835024, 1.9519325051731418, 0.92297522808691, 1.8090013566136185, 0.7804297789807472, 1.221845230968035, 1.0386503292759357, 2.289210963380155, 2.3586576684987364, 1.0885673614312301]], "refit_milp_assignment": [[11.36236815742303, -1.2819115983354818, -2.328334398975314, -1.0832613020103659, -1.2026495832633226, -1.2872070984790525, -1.7435867149660755, -1.9013988425737658, -2.2441609611083404, -1.439648001802876, -1.9800648500093572, -1.3664126231049913, -1.4734902536163101, -0.9848546610994661, -0.7440072654749674, -0.8691608774333075, -1.2577258147798862], [-9.325628425531134, -0.2739796968364829, 0.37884299699833085, 1.8869200224963691, 1.1657990144238197, 1.1909939927991724, 1.2105847779500543, 1.694017112507968, 1.9524573353755263, 0.9248054167371564, 1.8116174585084375, 0.7842357677835691, 1.22858946358243, 1.0395555675185508, 2.2871545146276544, 2.360814672135149, 1.092892087212006]], "refit_ground_truth_assignment": [[9.812228167609701, -1.1096740670891976, -1.2355020504259193, -1.2615802634373778, -1.3610394310813758, -1.3444987707657483, -1.9183723672343085, -1.3859049297846961, -1.7854358288185848, -1.4363654244795974, -1.7726017039560424, -1.1620428348634153, -1.3496774909799312, -1.6967922828176187, -1.3311025319905616, -1.0329424761246548, -1.50984879755793], [-9.839727321887777, 1.0908840213156505, 1.1186091591889546, 1.3978691488795882, 1.4215860774379672, 1.7108736873949724, 1.0772189868079896, 1.535168756027007, 1.5605064772232153, 1.1936658608790265, 1.1516801540150643, 1.1543904078670948, 1.500164067344902, 1.317697368040282, 1.5459398022799211, 1.8112327392738634, 1.697817324377548]]}