{"time_milp": 1.4743502140045166, "time_refit_milp_assignment": 2.6433582305908203, "mse_refit_ground_truth_assignment": 1.770284698450406, "r2_refit_ground_truth_assignment": 0.0503995302278728, "weight_mismatch_refit_ground_truth_assignment": 0.007044940675081489, "refit-weight_mismatch_refit_ground_truth_assignment": 0.0, "rand_score_refit_ground_truth_assignment": 1.0, "label_mismatch_refit_ground_truth_assignment": 0.0, "mse_milp": 1.2073144224644528, "r2_milp": 0.35238306937948904, "weight_mismatch_milp": 3.8569772356523737, "refit-weight_mismatch_milp": 3.8536102249670376, "rand_score_milp": 0.5981662348016743, "label_mismatch_milp": 0.27586206896551724, "mse_refit_milp_assignment": 1.199181713720484, "r2_refit_milp_assignment": 0.3567455451160486, "weight_mismatch_refit_milp_assignment": 4.363549020935528, "refit-weight_mismatch_refit_milp_assignment": 4.3600471964676055, "rand_score_refit_milp_assignment": 0.5981662348016743, "label_mismatch_refit_milp_assignment": 0.27586206896551724, "mse_greedy": NaN, "r2_greedy": NaN, "mse_ground_truth": NaN, "r2_ground_truth": NaN, "weight_mismatch_ground_truth": 0, "rand_score_ground_truth": 1, "label_mismatch_ground_truth": 0, "mse_baseline_sklearn": 1.7724235192464601, "r2_baseline_sklearn": 0.04843677248890543}