{"ground_truth": [[-0.048767779247710516, 0.16968672696298626, 0.740861077701583], [0.44849025801657355, 0.29918161839827295, -0.2592888909728118]], "milp": [[0.4982373770944932, 0.8458196280079187, 2.768225575244449], [-0.15827799119614505, -0.023144055944851055, -0.007062988071233561]], "refit_milp_assignment": [[0.4459402857841608, 0.8557266849874117, 3.281497313428317], [-0.15972334771274296, -0.023029131629172375, -0.006026921486376223]], "refit_ground_truth_assignment": [[-0.04806370872648094, 0.1703441095200254, 0.7401318959328549], [0.44450887527522487, 0.296725835338698, -0.2557980309559507]]}