{"time_milp": 10.282602787017822, "time_refit_milp_assignment": 10.765929698944092, "mse_refit_ground_truth_assignment": 22.438086662480924, "r2_refit_ground_truth_assignment": 0.8503155140817791, "weight_mismatch_refit_ground_truth_assignment": 4.649454478971797, "refit-weight_mismatch_refit_ground_truth_assignment": 0.0, "rand_score_refit_ground_truth_assignment": 1.0, "label_mismatch_refit_ground_truth_assignment": 0.0, "mse_milp": 22.438093927992814, "r2_milp": 0.8503154656135461, "weight_mismatch_milp": 4.642641431228773, "refit-weight_mismatch_milp": 0.007206480285721108, "rand_score_milp": 1.0, "label_mismatch_milp": 0.0, "mse_refit_milp_assignment": 22.438086662480924, "r2_refit_milp_assignment": 0.8503155140817791, "weight_mismatch_refit_milp_assignment": 4.649454478971797, "refit-weight_mismatch_refit_milp_assignment": 0.0, "rand_score_refit_milp_assignment": 1.0, "label_mismatch_refit_milp_assignment": 0.0, "mse_greedy": NaN, "r2_greedy": NaN, "mse_ground_truth": 26.910561838242693, "r2_ground_truth": 0.8167864792051346, "weight_mismatch_ground_truth": 0, "rand_score_ground_truth": 1, "label_mismatch_ground_truth": 0, "mse_baseline_sklearn": 148.74049767522035, "r2_baseline_sklearn": 0.007752075092751887, "mse_milp_val": 23.853229810001114, "r2_milp_val": 0.8315503298562494, "label_mismatch_milp_val": 0.0, "mse_refit_milp_assignment_val": 23.854315184517848, "r2_refit_milp_assignment_val": 0.8315426650250806, "label_mismatch_refit_milp_assignment_val": 0.0, "mse_refit_ground_truth_assignment_val": 23.854315184517848, "r2_refit_ground_truth_assignment_val": 0.8315426650250806, "label_mismatch_refit_ground_truth_assignment_val": 0.0, "mse_ground_truth_val": 25.02462916263658, "r2_ground_truth_val": 0.8232779979276268, "label_mismatch_ground_truth_val": 0.0, "mse_baseline_sklearn_val": 142.84308389315157, "r2_baseline_sklearn_val": -0.008746847105328914, "random_state": 9}