{"ground_truth": [[-10, 0.2, 0.4], [10, -0.2, -0.4]], "milp": [[-10.196523431067778, 0.48078666613406745, 0.10548841373697507], [10.130149066846583, -0.2016746438112649, -0.48100923287740277]], "refit_milp_assignment": [[-10.492905486040009, 0.5299753495873342, 0.14565437782398644], [10.366955317594545, -0.2159949512276231, -0.514602928346781]], "refit_ground_truth_assignment": [[-10.5512969788131, 0.650468296081587, 0.22062615704352675], [10.390920245445155, -0.12886267033480597, -0.41887978882461147]]}