{"ground_truth": [[-10, -1.953582849739034, -1.049060717194914, -1.560283932483811, -1.6100560971741233], [1, 1.9361503284499997, 1.125808272455765, 1.9860858097839145, 1.07873274120786], [10, 0.1, 0.1, 0.1, 0.1]], "milp": [[-2.332347159807718, -3.9747587949664664, -1.0424949824842038, -2.937699943937965, -2.820782081481014], [-6.547397205424761, -0.48965907040470036, 0.28341819979291927, -1.4196687235209415, -2.6204278595738906], [4.679509789352062, 0.9309615615554311, 0.5723231722534142, 1.2713733003007763, 0.6913785858177254]], "greedy": [[[-10.112573016181097, -1.923416312318176, -1.0110164938982509, -1.4197919605482348, -1.586703390296591], [0.9871666418876401, 1.400595020738972, 1.0169332285640504, 1.0697525005455077, 1.094147051237606], [9.367344044816763, -0.05883373831407971, 0.5193611574194906, 0.5882780527361605, 0.763887793116549]], [[-0.9706073991520272, -1.52125684549646, -0.5068069310385758, -2.3107843754879958, -5.608584557082605], [6.118739614963447, 1.6895202031492635, -1.1903674608705164, -0.3269625444867234, 0.6492327464035996], [-8.901377522500994, -1.64188175211576, -1.5063455853323604, 3.4220870178168243, 5.237755368974199]], [[2.94622303420522, -3.508230128883503, -2.4840876169757995, 1.9362578815347102, 4.280873386661328], [-4.625286330732333, 0.1772104301439872, 5.110264216681036, -0.9052296794933902, -2.9316846087862287], [9.91486697087124, 0.9698669495271482, -4.98486089325496, 1.1373422982213266, -6.57406587809706]], [[0.7036655357749755, 1.9439204419953362, 1.1380278368029901, 1.9822006647884975, 1.1049397344351928], [-10.112573016181097, -1.923416312318176, -1.0110164938982509, -1.4197919605482348, -1.586703390296591], [9.755974508890073, 0.21905185132318242, 0.09457341688416165, 0.14163786134699077, 0.0712299515119176]], [[9.755974508890073, 0.21905185132318242, 0.09457341688416165, 0.14163786134699077, 0.0712299515119176], [0.7036655357749755, 1.9439204419953362, 1.1380278368029901, 1.9822006647884975, 1.1049397344351928], [-10.112573016181097, -1.923416312318176, -1.0110164938982509, -1.4197919605482348, -1.586703390296591]], [[2.6808271610864267, -5.8287553115786155, 0.9860432905563564, 0.6273875953639776, -0.34308944831001675], [9.395111051631988, -0.5023569490524248, -4.285190581710125, -7.050515555365854, -4.72978770486679], [-5.783268830442687, 3.863541357239014, 2.413597100783049, 2.1828443876256234, 0.8710788218838525]], [[2.490409554881616, -2.9700129658231345, 4.252125933586038, -0.5327913640875201, 2.3708181733970557], [-5.869289608335081, 3.1765714557106004, 5.275044542990268, 1.0939415395211043, -1.0036204885455289], [-4.057031025061184, 0.8434699095394159, -7.601940781012198, 1.2968299218627082, 1.4177469185186928]], [[-2.1298689829302937, 4.8568437854449975, -1.109345550745858, -0.9347442371754117, 0.6362744766176079], [-4.876106294046805, 2.683997559043217, 5.15822414983446, 1.2099904522722214, -1.412131537846672], [-0.8347253049287904, -4.576099065579, -2.0256300102837796, -1.0346830882484253, -1.1886238239337217]], [[-10.112573016181097, -1.923416312318176, -1.0110164938982509, -1.4197919605482348, -1.586703390296591], [9.584304689009148, 0.18726231500172133, 0.290367574635478, 0.6520600417627082, 0.35740820795822464], [1.129850674197903, 1.4171881415239111, 1.186341798415911, 1.1838696134736097, 0.6693914394825992]], [[-1.908349248644294, -3.8827546225231986, -0.10389436388158613, -2.397089318605896, -5.2374524155603925], [0.8087041230120846, 2.1503083132600307, 0.9943622552316743, 1.2017994662763944, 1.2791369341887124], [-5.506699127730265, 2.024016563893165, -0.18899862875789247, -2.615866390699357, 3.8161980217663976]], [[0.26379578304189266, -1.109202569390872, -2.2499952670500427, -2.2738378377002326, -5.352944648801833], [-2.1184122417375812, 2.1777953791908473, 3.612184800723388, 1.5886181866375015, 0.26756145761056754], [1.3603113778211642, -4.066628698953833, -2.2306274925775855, 1.6805013115127727, 4.120664001200998]], [[-10.112573016181097, -1.923416312318176, -1.0110164938982509, -1.4197919605482348, -1.586703390296591], [1.8607763368760661, 2.2605946407892974, 1.7342283114252808, 1.4176546459481083, 0.0885505097003718], [8.065315892191974, -0.5236090243560081, -0.7389808353961472, 1.102995492811401, 0.7918633150350708]], [[-4.374837101989742, 2.7401376316180057, 4.434971922466255, 1.918928651549898, -0.9344417546521704], [1.4470125988100506, 3.50087851276843, -2.248400631144416, -5.27061519694597, -1.5155226935944017], [-2.3822534280948053, -3.995243930454093, -3.3739644902685573, 3.260485771695774, 3.8724130841334365]], [[-10.112573016181097, -1.923416312318176, -1.0110164938982509, -1.4197919605482348, -1.586703390296591], [9.367344044816763, -0.05883373831407971, 0.5193611574194906, 0.5882780527361605, 0.763887793116549], [0.9871666418876401, 1.400595020738972, 1.0169332285640504, 1.0697525005455077, 1.094147051237606]], [[-4.377187383650515, -2.402500709078818, 0.5621433168319485, -1.608942905704241, -4.997009425310175], [-0.7352131287441512, 2.409663925661352, 1.9952115597843367, 1.1396862926948117, 0.831837330364149], [-0.7067191144560121, -2.3339763926498702, -3.738668785547094, 1.5449235721477625, 3.7447731544718534]], [[-7.81712499351947, -1.9437500746172542, -1.677602415725578, 2.882382410779071, 4.676217249545935], [-4.631221474013566, 3.203584349874247, 4.43300346159704, 1.1638673316251305, -0.5743437431504161], [4.510826266120758, 1.0939886965786239, -7.562713660106289, 2.515132379122474, -2.6776652777547842]], [[-15.107062469307994, -0.6412972917526726, -0.10877619532489409, 5.288737482028144, 3.468531371082637], [-12.583546294709988, 2.83729116201507, 2.988461090090699, -1.5983529884992191, 4.008215753865709], [7.196256865845441, 0.7423995666495108, -3.8847612666137055, -0.8858419612927578, -2.7502522848396223]], [[-3.411557840944401, 3.022032906878395, 3.0202885133068307, 2.659368824391899, -1.1972534682799276], [-0.7672024806182502, -4.603123670414843, -1.9974132172194152, -1.0612875162094342, -1.2217959183432203], [-1.1297811236495372, 5.49313265439702, -0.3377252123317836, -2.314050866570715, -0.050453279446062364]], [[4.430503859504357, 2.0980707180364577, -0.7831715682139774, -1.1830741084971896, -0.16378132392637168], [-10.224073635669988, -1.8686482400946647, -1.0590001392302748, -1.3774883803559885, -1.5298222042978766], [8.393707932948496, -0.5928398376768461, -0.07757778718203931, 1.0154434083075408, 0.6626033966391744]], [[-4.977132862713859, -2.1261949993432654, -2.811858292696192, -2.114049632808998, -1.5294306380871727], [6.631467876642006, 0.9239148845211776, -0.27678266602260865, 1.2550700347655401, 0.38483811418771785], [-5.155290046630316, 0.007982897825000343, 4.108380509835416, -1.4364372878519538, -3.0363884889253216]]], "refit_milp_assignment": [[-2.0866738629431136, -4.16462667971901, -0.6012466323699472, -3.556635444991169, -3.4677355948751405], [-9.966057143251101, -1.9669801365025905, -1.0803674911898389, -1.4468402526993698, -1.6775472371963542], [5.464406211188759, 0.7242506342388514, 0.3557309819040388, 1.2217366921439519, 0.6840128357639387]], "refit_ground_truth_assignment": [[-9.876114396808164, -1.9840632366247686, -0.9961335137679318, -1.5614710293483525, -1.7241611628677875], [0.17525809149185978, 2.1308272095358496, 1.3196369706323776, 2.100998903122024, 1.1252937352650396], [9.746810946570873, 0.2278760957445903, 0.09721734903664801, 0.14650972725548858, 0.07213476162662533]]}