{"time_milp": 3001.015751361847, "time_greedy": 0.5712293744087219, "time_refit_milp_assignment": 3008.6315956115723, "mse_refit_ground_truth_assignment": 0.37454314331989846, "r2_refit_ground_truth_assignment": 0.9966478578115977, "weight_mismatch_refit_ground_truth_assignment": 0.9043674639313216, "refit-weight_mismatch_refit_ground_truth_assignment": 0.0, "rand_score_refit_ground_truth_assignment": 1.0, "label_mismatch_refit_ground_truth_assignment": 0.0, "mse_milp": 6.138767851697999, "r2_milp": 0.9450583382248461, "weight_mismatch_milp": 5.904708985964662, "refit-weight_mismatch_milp": 5.575203624253708, "rand_score_milp": 0.7656494522691706, "label_mismatch_milp": 0.3333333333333333, "mse_refit_milp_assignment": 7.3108606669060565, "r2_refit_milp_assignment": 0.9345681668129338, "weight_mismatch_refit_milp_assignment": 3.4092881884505832, "refit-weight_mismatch_refit_milp_assignment": 2.7732042410173285, "rand_score_refit_milp_assignment": 0.7656494522691706, "label_mismatch_refit_milp_assignment": 0.3333333333333333, "mse_greedy": 112.0306488056784, "r2_greedy": -0.0026686403249633894, "weight_mismatch_greedy": 22.956050966705313, "refit-weight_mismatch_greedy": 22.643504729795772, "rand_score_greedy": 0.9311424100156496, "label_mismatch_greedy": 0.05555555555555556, "mse_greedy_sem": 3.260193663416e-15, "r2_greedy_sem": 0.0, "weight_mismatch_greedy_sem": 1.4693494276736472e-15, "refit-weight_mismatch_greedy_sem": 6.313337881910559e-16, "rand_score_greedy_sem": 2.54702629954375e-17, "label_mismatch_greedy_sem": 1.5918914372148438e-18, "mse_ground_truth": 0.4180516330958391, "r2_ground_truth": 0.9962738622484214, "weight_mismatch_ground_truth": 0, "rand_score_ground_truth": 1, "label_mismatch_ground_truth": 0, "mse_baseline_sklearn": 107.2973876384332, "r2_baseline_sklearn": 0.03969380771456066, "mse_milp_val": 4.393758915331613, "r2_milp_val": 0.961075795918943, "label_mismatch_milp_val": 0.3333333333333333, "mse_refit_milp_assignment_val": 6.584152253457162, "r2_refit_milp_assignment_val": 0.9416711542547219, "label_mismatch_refit_milp_assignment_val": 0.3333333333333333, "mse_greedy_val": 113.31083930528125, "label_mismatch_greedy_val": 0.14583333333333337, "mse_greedy_val_sem": 3.260193663416e-15, "label_mismatch_greedy_val_sem": 6.367565748859375e-18, "r2_greedy_val": -0.0038179879019932805, "r2_greedy_val_sem": 0.0, "mse_refit_ground_truth_assignment_val": 0.6273188715442366, "r2_refit_ground_truth_assignment_val": 0.9944425972725353, "label_mismatch_refit_ground_truth_assignment_val": 0.0, "mse_ground_truth_val": 0.42254982194495644, "r2_ground_truth_val": 0.9962566413358712, "label_mismatch_ground_truth_val": 0.0, "mse_baseline_sklearn_val": 112.89734107868343, "r2_baseline_sklearn_val": -0.00015481710236509016}