{"ground_truth": [[-10, -1.337719620706157, -1.6626352006348812, -1.0611537685933308], [1, 1.6272285743807728, 1.565890653114534, 1.026132378542826], [10, 0.1, 0.1, 0.1]], "milp": [[-10.028526195356582, -1.317658502149985, -1.6432803710502788, -1.0763904657074308], [-0.4626615706712501, 2.0891424598564377, 2.9873188840545932, 0.640425331894912], [9.28889787778248, 0.7411074600443335, 0.4389177690387869, -0.13537126346942763]], "greedy": [[[10.790858500991925, -0.036412205954615404, -1.6734126011771078, -1.3710498530180104], [-10.053894074427932, -1.3088987876864704, -1.6372031576302295, -1.0710933246869057], [2.0214343315150884, 0.8737555853272287, 2.555613408640462, 1.489564633860079]], [[10.387550671864444, 0.04751294269228652, -0.2969810402578682, -0.9165566992880889], [0.9996618901008816, 1.3866803073583291, 2.2532248589163366, 1.4612325105438755], [-10.053894074427932, -1.3088987876864704, -1.6372031576302295, -1.0710933246869057]], [[1.0015354593942076, 1.5885144961506752, 1.6521336138067941, 1.004671541935732], [9.950129510112093, 0.1553903345170295, 0.13387605743514366, 0.09709538332382135], [-10.053894074427932, -1.3088987876864704, -1.6372031576302295, -1.0710933246869057]], [[-10.053894074427932, -1.3088987876864704, -1.6372031576302295, -1.0710933246869057], [1.0015354593942076, 1.5885144961506752, 1.6521336138067941, 1.004671541935732], [9.950129510112093, 0.1553903345170295, 0.13387605743514366, 0.09709538332382135]], [[11.923860294437944, -1.8665836814558212, -6.458660944434708, -6.403699254082802], [-12.486010093754546, 8.475225903255344, -6.132738647927704, 0.8456832115626274], [-3.0785109271438875, -0.7650479944513353, 6.990338262118239, 0.8881648829183099]], [[-6.526763857031309, 7.111863123911535, 3.371886723851648, -3.7927765925298953], [8.38383962527288, -5.474384652244793, 0.8141461221911651, -7.9487463587181235], [-2.5029302624166, -3.689049158613392, -0.19713198087592196, 6.100381940823313]], [[-10.053894074427932, -1.3088987876864704, -1.6372031576302295, -1.0710933246869057], [9.950129510112093, 0.1553903345170295, 0.13387605743514366, 0.09709538332382135], [1.0015354593942076, 1.5885144961506752, 1.6521336138067941, 1.004671541935732]], [[1.0015354593942076, 1.5885144961506752, 1.6521336138067941, 1.004671541935732], [9.950129510112093, 0.1553903345170295, 0.13387605743514366, 0.09709538332382135], [-10.053894074427932, -1.3088987876864704, -1.6372031576302295, -1.0710933246869057]], [[-5.508257524541802, 4.5988962807457066, 2.599624525326734, -2.89330386789389], [-10.046060814771717, -1.3122123593092825, -1.6403301052804438, -1.07136282953522], [6.502253804445923, 1.547516168478061, 1.1613257868333262, -0.647956427809062]], [[-3.3337735018750845, -2.3243677496429647, -1.7230011834410404, -3.262379739433548], [6.1561215358454735, 1.0540034652759123, 1.136672643741529, -0.2439092695902559], [-10.149877400981033, -1.2316538950779818, -1.6266173467235454, -1.0081831025903645]], [[9.781038895500805, 0.16035438154557255, 0.03830475217412356, 0.11145769806319515], [-10.053894074427932, -1.3088987876864704, -1.6372031576302295, -1.0710933246869057], [1.0254536041717222, 1.5515819498994035, 1.6097369382127618, 1.001507884418834]], [[-10.053894074427932, -1.3088987876864704, -1.6372031576302295, -1.0710933246869057], [1.0015354593942076, 1.5885144961506752, 1.6521336138067941, 1.004671541935732], [9.950129510112093, 0.1553903345170295, 0.13387605743514366, 0.09709538332382135]], [[3.4444280647814587, 2.835468841973944, 0.3749584888231815, 0.015537825011546295], [-16.093335875797873, 2.0944971114108375, 4.952098752446426, 6.284275672850923], [8.630611496043286, -3.717057425481948, -0.28251353326646256, -9.139422908393163]], [[-10.053894074427932, -1.3088987876864704, -1.6372031576302295, -1.0710933246869057], [9.950129510112093, 0.1553903345170295, 0.13387605743514366, 0.09709538332382135], [1.0015354593942076, 1.5885144961506752, 1.6521336138067941, 1.004671541935732]], [[2.9381748528065397, -3.03396291340692, -7.965913915228221, 3.086167647526562], [2.814816583802382, -3.6053679786076414, 5.000533589578455, 0.9048569088036619], [-8.923114460725987, 6.236978690655468, 3.010671041237586, -5.109373673491413]], [[9.950129510112093, 0.1553903345170295, 0.13387605743514366, 0.09709538332382135], [-10.053894074427932, -1.3088987876864704, -1.6372031576302295, -1.0710933246869057], [1.0015354593942076, 1.5885144961506752, 1.6521336138067941, 1.004671541935732]], [[8.624861760843446, -0.6987332307719272, 0.9020020257860902, -0.3072558819009081], [-4.946890066038459, 0.43461487274554056, 2.126386373224332, 4.009132388996024], [-7.407832886556055, -1.70907894036638, -1.4807648432951728, -2.6101308195141564]], [[9.950129510112093, 0.1553903345170295, 0.13387605743514366, 0.09709538332382135], [-10.053894074427932, -1.3088987876864704, -1.6372031576302295, -1.0710933246869057], [1.0015354593942076, 1.5885144961506752, 1.6521336138067941, 1.004671541935732]], [[7.298923826285514, 0.3034418056194639, 0.9669333197312241, -0.0856015445387379], [-6.8689205554338715, -1.3730740035111193, -0.9371523941852961, -3.190607400358827], [-4.130055251354575, -4.884769010424132, -2.127807971111911, 3.818488855486488]], [[-10.053894074427932, -1.3088987876864704, -1.6372031576302295, -1.0710933246869057], [1.0015354593942076, 1.5885144961506752, 1.6521336138067941, 1.004671541935732], [9.950129510112093, 0.1553903345170295, 0.13387605743514366, 0.09709538332382135]]], "refit_milp_assignment": [[-10.044327672941076, -1.3130450171606327, -1.6411108882935257, -1.071699351371463], [-0.46549064760601855, 2.0901901416165183, 2.9890281849545746, 0.640725681802056], [9.302762448304321, 0.7385341329754057, 0.43263989360647087, -0.13718107392600945]], "refit_ground_truth_assignment": [[-10.052415380384438, -1.3096231127018347, -1.6378816567894152, -1.0714213689778453], [1.0001221803184803, 1.5888769238934868, 1.6532612430014728, 1.0047737717527674], [9.949865096842345, 0.15555317500230068, 0.13399013961225703, 0.09711978994218808]]}