{"ground_truth": [[-10, -1.707146628671738, -1.3436202707396958, -1.1289837815234174], [1, 1.505130281830402, 1.236007952911256, 1.4788796669191786], [10, 0.1, 0.1, 0.1]], "milp": [[-12.146665783611635, -0.5964776481173114, -0.6373058277372285, -1.742937627270644], [17.96857526604978, -1.317380930356167, -2.1831681156592744, 1.985376485706036], [2.0113204591015377, 2.1053409050627647, 1.3688765630923547, 0.7970128679210615]], "refit_milp_assignment": [[-12.15500399967134, -0.5955622683541738, -0.6350516493451466, -1.742013329966479], [17.984122295452988, -1.3202417641763917, -2.1851459121694683, 1.983355961670013], [2.011815073797977, 2.1053471780501396, 1.3688527988205694, 0.7969614134827299]], "refit_ground_truth_assignment": [[-11.247877897397501, -0.8314421575919114, -0.9040671534202441, -1.7565579665552171], [3.244179685590563, 0.7149284576312142, 0.17238022084404508, 3.053786610668151], [12.743042606097323, -0.035232982650762315, -0.5907328735442766, 0.17339792283910152]]}