{"ground_truth": [[-10, -1.1864090585969356, -1.6791332192952086, -1.0318324850855733], [1, 1.1181261706483279, 1.9734299653452942, 1.4079260958185544], [10, 0.1, 0.1, 0.1]], "milp": [[2.343121392647809, -0.7338701437885969, -1.1570036246420183, 1.5938482158911988], [25.7947979516569, 0.9689447874606587, -0.9161136219569475, 1.6322514641831918], [-21.2518625461362, -0.5297132998121075, -2.6198126795535304, -1.3159631233700249]], "refit_milp_assignment": [[2.3439607188818616, -0.7340236918245434, -1.1571760491625607, 1.5937943488201278], [25.810464052614243, 0.9678449416005678, -0.920062862266699, 1.6298615047919638], [-21.26227271264392, -0.5281351679138947, -2.6189932159138682, -1.313818312171877]], "refit_ground_truth_assignment": [[-16.33496669130274, -1.29177544581308, -1.8792051637691616, -2.570024084935443], [4.821149699573674, 0.5578518361966196, 1.5581821166159555, 4.090693781817956], [15.34340554648348, 0.3103446789476473, 0.2919154730094726, -0.08519622030557597]]}