{"ground_truth": [[-10, -1.5826848885290346, -1.0255509418496929], [1, 1.3377979807316742, 1.6124765741267186], [10, 0.1, 0.1], [5, -3.4970737987345126, -3.414905837374687]], "milp": [[-0.8227455248065277, 0.5518056878279567, 1.1537062816462715], [9.215512618497009, 0.7129433706263695, 0.8114994271927074], [-11.184901406608924, -1.8138150195932292, -1.1423837896431177], [7.112341356682364, -0.12579429931042108, -4.560559599230012]], "refit_milp_assignment": [[-0.8242866085971399, 0.5518927795689781, 1.1543625197524474], [9.23254586273126, 0.7108553063994336, 0.807204726869532], [-11.200130675286422, -1.8129639463935219, -1.1399377280296614], [7.128555021562709, -0.1300722479329561, -4.563616884427423]], "refit_ground_truth_assignment": [[-10.176196787604162, -1.4904755523427105, -0.8262142176896612], [1.0484709641523682, 1.0811618052412142, 1.1908107773684333], [9.436495187138016, 0.11758920489972052, 0.5904513295118677], [3.859202295480742, -3.746947520753198, -4.169893562363317]]}