{"ground_truth": [[-10, 0.2, 0.4, 0.3], [10, -0.2, -0.4, -0.3]], "milp": [[-11.198442542963848, 0.23741729288952776, 0.1039980504278914, 0.4990150106829805], [11.65579166893359, -0.04396345152411694, -0.4682339567793534, -0.08080031139036459]], "refit_milp_assignment": [[-11.200907103322837, 0.23767718541954108, 0.10420601429948012, 0.4993559312643986], [11.65906936646832, -0.04430977654267979, -0.4685552168898274, -0.08131822840825058]], "refit_ground_truth_assignment": [[-11.200907103322837, 0.23767718541954108, 0.10420601429948012, 0.4993559312643986], [11.65906936646832, -0.04430977654267979, -0.4685552168898274, -0.08131822840825058]]}