{"time_milp": 95.81873297691345, "time_refit_milp_assignment": 96.30495405197144, "mse_refit_ground_truth_assignment": 31.99900082947224, "r2_refit_ground_truth_assignment": 0.834064967378739, "weight_mismatch_refit_ground_truth_assignment": 7.09466601741997, "refit-weight_mismatch_refit_ground_truth_assignment": 0.0, "rand_score_refit_ground_truth_assignment": 1.0, "label_mismatch_refit_ground_truth_assignment": 0.0, "mse_milp": 31.999010243691778, "r2_milp": 0.8340649185600639, "weight_mismatch_milp": 7.086471925798433, "refit-weight_mismatch_milp": 0.008549745872106326, "rand_score_milp": 1.0, "label_mismatch_milp": 0.0, "mse_refit_milp_assignment": 31.99900082947224, "r2_refit_milp_assignment": 0.834064967378739, "weight_mismatch_refit_milp_assignment": 7.09466601741997, "refit-weight_mismatch_refit_milp_assignment": 0.0, "rand_score_refit_milp_assignment": 1.0, "label_mismatch_refit_milp_assignment": 0.0, "mse_greedy": NaN, "r2_greedy": NaN, "mse_ground_truth": 45.36263295019331, "r2_ground_truth": 0.7719994181442829, "weight_mismatch_ground_truth": 0, "rand_score_ground_truth": 1, "label_mismatch_ground_truth": 0, "mse_baseline_sklearn": 185.58432613533427, "r2_baseline_sklearn": 0.03762803796991765, "mse_milp_val": 31.903966774010105, "r2_milp_val": 0.8463677456626585, "label_mismatch_milp_val": 0.0, "mse_refit_milp_assignment_val": 31.90308650366053, "r2_refit_milp_assignment_val": 0.8463719845687228, "label_mismatch_refit_milp_assignment_val": 0.0, "mse_refit_ground_truth_assignment_val": 31.90308650366053, "r2_refit_ground_truth_assignment_val": 0.8463719845687228, "label_mismatch_refit_ground_truth_assignment_val": 0.0, "mse_ground_truth_val": 44.75077608073726, "r2_ground_truth_val": 0.784504457977622, "label_mismatch_ground_truth_val": 0.0, "mse_baseline_sklearn_val": 208.48369731771763, "r2_baseline_sklearn_val": -0.003944764561294001, "random_state": 6}