{"X": [[1.1120600598971804, 2.1544130284821295], [-0.8986436977467129, 0.9273051627728195], [2.095749386186523, -1.8667965455141835], [1.1446367923809313, 3.971973210898289], [1.5920280488349932, 0.22859624249677746], [2.406752432414139, 0.7431630603471865], [1.1117047263318576, 0.8727875201508446], [4.502445043025363, -0.8544823077236465], [1.1247081550476168, 4.829336522877504], [0.9389549131152062, 3.499991890907097], [0.5921508839572889, -2.593760962825871], [0.4120381687704553, 0.8838242076073459], [4.373824194141763, 2.551163562668858], [3.7560049776209135, -1.65408133347078], [-0.34377870151696466, -1.4515806001916802], [2.562440848381165, 1.905581319029472], [0.17496548524502686, -0.3739383558926368], [3.223785034192245, 2.101632783696995], [2.889809229665933, -1.0254656807145075], [0.3065620681663539, 2.725599169583652], [2.306611091746806, 1.4309883716808665], [-0.7881421406850853, 3.2765611621986244], [1.6597494485171504, -1.6663845129767694], [-1.8956906925705943, 1.0845298317493406], [-0.6938388833008189, 1.4306838568309492], [1.090124105180934, 1.5459502964803313], [1.2446305408323661, 1.0263189076726273], [1.143908550785451, 0.2653591115210726], [0.02847908233951746, 1.183925543373109], [-1.2822384612958642, 2.0265909829585653]], "y": [-15.829197468703525, -8.49565713033126, -13.478434203674363, -17.107233303792214, -14.605366279204961, -21.054677358069462, -15.823370284640621, -13.920643466354942, -19.976504888268657, -22.299645126221034, -0.5736655057240001, 2.6869825688093925, 11.98602895890485, 3.7460683183260475, -5.934296918657246, 8.495734863980335, -1.5579299499738275, 13.793542461287931, 5.172324786904932, 6.181339696809338, 6.933289159377905, 10.439356488179405, 10.558961766308236, 5.687565356966652, 17.855445256542104, 11.643640691666498, 16.150346948184037, 6.246084227742447, 15.846356858876614, 5.311055680738542], "z": [0, 0, 0, 0, 0, 0, 0, 0, 0, 0, 1, 1, 1, 1, 1, 1, 1, 1, 1, 1, 2, 2, 2, 2, 2, 2, 2, 2, 2, 2], "regression_weights": [[[-10], -1.6987562918943997, -1.9109819545092697], [[1], 1.174410451144071, 1.7096554646502424], [[10], 0.1, 0.1]], "ground_truth_mse": 11.527852250291394, "ground_truth_r2": 0.9256934969995766, "train": [0, 1, 2, 3, 4, 5, 6, 7, 8, 9, 10, 11, 12, 13, 14, 15, 16, 17, 18, 19, 20, 21, 22, 23, 24, 25, 26, 27, 28, 29], "val": null, "input_args": {"N": 30, "K": 3, "D": 2, "noise_std": 3.5, "outlier_ratio": 0.0}}