{"ground_truth": [[-10, 0.2, 0.4, 0.3], [10, -0.2, -0.4, -0.3]], "milp": [[-12.370108566545508, 0.28699516739755054, 0.20611088763292595, 0.431178664940538], [12.895356048704723, 0.3935857344573496, -0.7207809549705425, -0.9072830270879089]], "refit_milp_assignment": [[-12.373685271287044, 0.2874219124370954, 0.20674968238868707, 0.4316236020283044], [12.898871910533888, 0.3932248476452948, -0.7214480033274983, -0.9076092901217417]], "refit_ground_truth_assignment": [[-12.373685271287044, 0.2874219124370954, 0.20674968238868707, 0.4316236020283044], [12.898871910533888, 0.3932248476452948, -0.7214480033274983, -0.9076092901217417]]}