{"ground_truth": [[10, -1.7423402738215121, -1.7366132930355977, -1.692968324442065, -1.611967346179851], [-10, 1.1882441568215372, 1.0197619441429766, 1.106642012123008, 1.2548812660034392]], "milp": [[8.971812536379339, -2.031235928569134, -1.1608929564578911, -1.5444887479748388, -1.6283891904283652], [-9.921053321150824, 1.3386947163649354, 0.9278137893205294, 1.2461493998632736, 1.1550566994697817]], "refit_milp_assignment": [[8.982767964639205, -2.031678353181477, -1.163439521242986, -1.546016377258372, -1.6304871015190745], [-9.928124729052366, 1.3394438728918008, 0.9285433561851282, 1.247242511271772, 1.1565167481084069]], "refit_ground_truth_assignment": [[9.957102147047449, -1.6648816858522195, -1.7468894413607092, -1.6625953648545269, -1.6987063303906405], [-9.943442978783594, 1.28122935424735, 0.9970642565952545, 1.1855378624863961, 1.1418251082308757]]}