{"ground_truth": [[-10, -1.3357377724111577, -1.9002262503549505], [1, 1.5614461459345779, 1.7841514213636562], [10, 0.1, 0.1]], "milp": [[-8.365428817408858, -1.6641945055264613, -2.3178716919834264], [0.9093520060570655, 1.529382949249387, 1.7095457141188906], [9.08087088567009, 0.16081794565616148, 0.22553252976419028]], "refit_milp_assignment": [[-10.249124548059314, -1.079023804269874, -1.8602635354410728], [0.9562506321931787, 1.5455308874987348, 1.7568395118056261], [10.009476214228128, -0.003429211863892816, 0.07358537090283733]], "refit_ground_truth_assignment": [[-10.221401435621011, -1.0895806184905572, -1.8698686110817133], [1.0373800365770816, 1.5330062368213535, 1.7484245437843626], [10.01537125533576, 0.013229182804053038, 0.08369278697972196]]}