{"ground_truth": [[-10, 0.2, 0.4, 0.3], [10, -0.2, -0.4, -0.3]], "milp": [[-12.563088247251093, 0.14000543362989887, 0.9190108879887442, 0.2360738100679109], [11.750597117788859, -0.7519695760892892, -0.3347858180346658, -0.032080832953011895]], "greedy": [[[11.756041959432972, -0.7530851291394723, -0.33516911229671076, -0.03325051793713594], [-12.567416404641756, 0.14080720387794296, 0.919760654799729, 0.2365840380200071]], [[-12.567416404641756, 0.14080720387794296, 0.919760654799729, 0.2365840380200071], [11.756041959432972, -0.7530851291394723, -0.33516911229671076, -0.03325051793713594]], [[5.463372306591425, -1.6666859004186059, -4.620452197918304, -0.3064840177419617], [-7.019901746205174, 1.8974046784401408, 4.964347230374766, 0.5667936199019651]], [[11.756041959432972, -0.7530851291394723, -0.33516911229671076, -0.03325051793713594], [-12.567416404641756, 0.14080720387794296, 0.919760654799729, 0.2365840380200071]], [[11.725249868221244, -1.2722048822999654, -3.366087789269892, -3.3024777185398704], [-11.492525424367473, 0.9087235050034862, 2.542917078508228, 3.525314977132164]], [[11.756041959432972, -0.7530851291394723, -0.33516911229671076, -0.03325051793713594], [-12.567416404641756, 0.14080720387794296, 0.919760654799729, 0.2365840380200071]], [[-12.567416404641756, 0.14080720387794296, 0.919760654799729, 0.2365840380200071], [11.756041959432972, -0.7530851291394723, -0.33516911229671076, -0.03325051793713594]], [[-12.567416404641756, 0.14080720387794296, 0.919760654799729, 0.2365840380200071], [11.756041959432972, -0.7530851291394723, -0.33516911229671076, -0.03325051793713594]], [[11.756041959432972, -0.7530851291394723, -0.33516911229671076, -0.03325051793713594], [-12.567416404641756, 0.14080720387794296, 0.919760654799729, 0.2365840380200071]], [[-12.567416404641756, 0.14080720387794296, 0.919760654799729, 0.2365840380200071], [11.756041959432972, -0.7530851291394723, -0.33516911229671076, -0.03325051793713594]], [[-12.567416404641756, 0.14080720387794296, 0.919760654799729, 0.2365840380200071], [11.756041959432972, -0.7530851291394723, -0.33516911229671076, -0.03325051793713594]], [[-3.605543974979508, 2.237841582470336, -1.4571719440786162, -2.305794145658156], [2.664952475412541, -3.150583687648887, 0.8195460524205904, 2.9658274061456145]], [[-3.662190999989403, 1.8313142511950493, 0.47025469597282743, 4.141492876463803], [1.519500818300604, -1.6130403530766615, -1.2840320118195516, -3.031434627673328]], [[2.664952475412541, -3.150583687648887, 0.8195460524205904, 2.9658274061456145], [-3.605543974979508, 2.237841582470336, -1.4571719440786162, -2.305794145658156]], [[-5.788056936901717, 1.0523529255922874, 5.192022136423472, 0.07895331309936719], [4.486790781633062, -1.187214738511211, -4.6370366773170355, 0.048669608840088925]], [[12.079499845508877, -4.485756675700858, -0.7253157119003151, -1.1351252509976932], [-12.993054155043035, 4.256113032290827, 1.40179614719311, 2.3621928865698165]], [[-11.599946681268213, 1.4173709517865838, 2.9085443475190758, 3.3795216435347712], [11.386381748135504, -1.5674359084720664, -3.6922289775904615, -3.079068301487258]], [[11.756041959432972, -0.7530851291394723, -0.33516911229671076, -0.03325051793713594], [-12.567416404641756, 0.14080720387794296, 0.919760654799729, 0.2365840380200071]], [[-3.605543974979508, 2.237841582470336, -1.4571719440786162, -2.305794145658156], [2.664952475412541, -3.150583687648887, 0.8195460524205904, 2.9658274061456145]], [[-12.567416404641756, 0.14080720387794296, 0.919760654799729, 0.2365840380200071], [11.756041959432972, -0.7530851291394723, -0.33516911229671076, -0.03325051793713594]]], "refit_milp_assignment": [[-12.567489894686421, 0.1408210434218602, 0.9198056537818358, 0.23659239063731516], [11.756127703086847, -0.7531327927338906, -0.33519163490628456, -0.033258978456075665]], "refit_ground_truth_assignment": [[-12.567489894686421, 0.1408210434218602, 0.9198056537818358, 0.23659239063731516], [11.756127703086847, -0.7531327927338906, -0.33519163490628456, -0.033258978456075665]]}