{"ground_truth": [[-10, 0.2, 0.4, 0.3], [10, -0.2, -0.4, -0.3]], "milp": [[9.914038299635386, -0.23637519532238094, -0.4194596004538823, -0.11551889370862645], [-10.028325005117324, 0.16065797717855906, 0.2762034971505434, 0.1793407026546321]], "greedy": [[[-2.943581925948088, 0.04235984460288829, 0.9734207159632859, -2.8709893822521084], [2.75330517111355, -0.8600136528325868, -1.038477149384555, 3.450518947450721]], [[9.917108652002034, -0.2368770672059931, -0.41969615299894, -0.11592528369981851], [-10.032217082906103, 0.16137617305644658, 0.27672021424014176, 0.1797824513020528]], [[-10.032217082906103, 0.16137617305644658, 0.27672021424014176, 0.1797824513020528], [9.917108652002034, -0.2368770672059931, -0.41969615299894, -0.11592528369981851]], [[-10.032217082906103, 0.16137617305644658, 0.27672021424014176, 0.1797824513020528], [9.917108652002034, -0.2368770672059931, -0.41969615299894, -0.11592528369981851]], [[6.045279669542034, -2.001573497424058, -2.3339628518952242, 2.30993359481506], [-6.204073632213829, 1.3623907415331662, 1.950800385361334, -1.8190682138509502]], [[-4.293297395748835, -1.0551985760085056, 0.17203638827637924, 3.8844907082951146], [4.786838475378424, 0.8503358582807307, -0.07863136133935271, -3.4497022383656346]], [[9.917108652002034, -0.2368770672059931, -0.41969615299894, -0.11592528369981851], [-10.032217082906103, 0.16137617305644658, 0.27672021424014176, 0.1797824513020528]], [[6.045279669542034, -2.001573497424058, -2.3339628518952242, 2.30993359481506], [-6.204073632213829, 1.3623907415331662, 1.950800385361334, -1.8190682138509502]], [[1.428085979708106, 0.7844092762931565, -4.183847293379276, 0.8526246973410017], [1.073249666713296, -1.3573677785968516, 2.430436787881533, -0.9036764786336191]], [[-7.452589831380515, 3.5692469777030866, 1.1242018533788005, 0.1240030085281786], [6.9641832755976685, -3.383958040759176, -1.5808172544772738, 0.1781170762955613]], [[1.8898250836572599, 0.5894272968865623, -4.37611109456186, 0.6362636610227042], [0.6908701279448755, -1.1868857387203808, 2.5334377690798506, -0.7537971975925885]], [[9.917108652002034, -0.2368770672059931, -0.41969615299894, -0.11592528369981851], [-10.032217082906103, 0.16137617305644658, 0.27672021424014176, 0.1797824513020528]], [[-4.709819596525584, -1.020674375103074, 0.3057689176462628, 3.8151553888236274], [5.16681901439447, 0.8782042069266782, -0.20683929637261025, -3.378556914217419]], [[9.917108652002034, -0.2368770672059931, -0.41969615299894, -0.11592528369981851], [-10.032217082906103, 0.16137617305644658, 0.27672021424014176, 0.1797824513020528]], [[-10.032217082906103, 0.16137617305644658, 0.27672021424014176, 0.1797824513020528], [9.917108652002034, -0.2368770672059931, -0.41969615299894, -0.11592528369981851]], [[-7.350424606053519, 3.2248758907049524, 1.1752837877364097, -0.8347936915975042], [6.224052981650053, -3.114902004415633, -1.3230358183678503, 1.484229210299915]], [[9.917108652002034, -0.2368770672059931, -0.41969615299894, -0.11592528369981851], [-10.032217082906103, 0.16137617305644658, 0.27672021424014176, 0.1797824513020528]], [[3.0651842997780028, -1.0398132476926119, 2.1023315442759056, -2.0783163054973293], [-1.6841641778762368, 0.32938483866121665, -2.8541626081415314, 2.6947429908652776]], [[0.7676789602418119, -2.984505261065788, 0.23928847589601024, 0.49002006954859745], [-0.570062053317562, 3.3799647481027106, -0.6222951569268935, 0.022545131627782128]], [[-10.032217082906103, 0.16137617305644658, 0.27672021424014176, 0.1797824513020528], [9.917108652002034, -0.2368770672059931, -0.41969615299894, -0.11592528369981851]]], "refit_milp_assignment": [[9.916888411503313, -0.23672300199695195, -0.41989578509669456, -0.1159621259682452], [-10.031555195975374, 0.16127131628534483, 0.27661420060754377, 0.17971374151037162]], "refit_ground_truth_assignment": [[-10.031555195975374, 0.16127131628534483, 0.27661420060754377, 0.17971374151037162], [9.916888411503313, -0.23672300199695195, -0.41989578509669456, -0.1159621259682452]]}