{"time_milp": 13.377145767211914, "time_refit_milp_assignment": 14.094603538513184, "mse_refit_ground_truth_assignment": 7.568376939817478, "r2_refit_ground_truth_assignment": 0.9159498715021333, "weight_mismatch_refit_ground_truth_assignment": 0.8244690343245371, "refit-weight_mismatch_refit_ground_truth_assignment": 0.0, "rand_score_refit_ground_truth_assignment": 1.0, "label_mismatch_refit_ground_truth_assignment": 0.0, "mse_milp": 7.568381387341587, "r2_milp": 0.9159498221104373, "weight_mismatch_milp": 0.8280518365400382, "refit-weight_mismatch_milp": 0.005642018079019466, "rand_score_milp": 1.0, "label_mismatch_milp": 0.0, "mse_refit_milp_assignment": 7.568376939817478, "r2_refit_milp_assignment": 0.9159498715021333, "weight_mismatch_refit_milp_assignment": 0.8244690343245371, "refit-weight_mismatch_refit_milp_assignment": 0.0, "rand_score_refit_milp_assignment": 1.0, "label_mismatch_refit_milp_assignment": 0.0, "mse_greedy": NaN, "r2_greedy": NaN, "mse_ground_truth": 8.736732283309747, "r2_ground_truth": 0.9054147991535236, "weight_mismatch_ground_truth": 0, "rand_score_ground_truth": 1, "label_mismatch_ground_truth": 0, "mse_baseline_sklearn": 89.24964933672663, "r2_baseline_sklearn": 0.008843698617060802, "mse_milp_val": 10.567179341431821, "r2_milp_val": 0.889678309230881, "label_mismatch_milp_val": 0.0, "mse_refit_milp_assignment_val": 10.566342684458691, "r2_refit_milp_assignment_val": 0.8896870439564768, "label_mismatch_refit_milp_assignment_val": 0.0, "mse_refit_ground_truth_assignment_val": 10.566342684458691, "r2_refit_ground_truth_assignment_val": 0.8896870439564768, "label_mismatch_refit_ground_truth_assignment_val": 0.0, "mse_ground_truth_val": 10.017390334987903, "r2_ground_truth_val": 0.8954181240667431, "label_mismatch_ground_truth_val": 0.0, "mse_baseline_sklearn_val": 95.8914936972259, "r2_baseline_sklearn_val": -0.0011102654022780989, "random_state": 5}