{"ground_truth": [[-10, -1.337719620706157, -1.6626352006348812, -1.0611537685933308], [1, 1.6272285743807728, 1.565890653114534, 1.026132378542826], [10, 0.1, 0.1, 0.1]], "milp": [[-1.323018924194242, 1.413049783864142, 2.6844465137287945, 0.4217862429213568], [-21.478883454635614, -0.5288891196361912, 1.1173318442771667, -1.715379516506783], [20.43017930375199, 1.6575889981384937, 0.6299760859787531, 0.3952045437130449]], "refit_milp_assignment": [[-1.3237110282238436, 1.4132003970778766, 2.6846811592596147, 0.42185238610309933], [-21.488423123251266, -0.5275091795240301, 1.1188333678673972, -1.7142154675696704], [20.439197736776237, 1.6569485575245246, 0.6283812625250816, 0.3939783643226403]], "refit_ground_truth_assignment": [[-16.39579113540882, -1.1949814852244283, -0.647126448977154, -2.5390701956312083], [-0.8416082188121399, 1.6731190628464678, 3.3044254064809815, 2.057681927347375], [17.309923825651385, 0.7185341795427105, -1.0499818080473806, -0.7018440740677644]]}