{"ground_truth": [[-10, -1.5169306980318211, -1.76811440921482, -1.1163839305737429], [1, 1.3787424211987487, 1.82248489781362, 1.1072160969390161], [10, 0.1, 0.1, 0.1]], "milp": [[-9.775820256752144, -0.9645114920482692, -1.7204244262995418, -0.5651854893859192], [4.04949739746072, 1.5568578453372557, -1.451255589039132, 3.3822631334253055], [-24.614036205180884, 13.26802674336307, 12.057611976726248, -1.5525328672271355]], "refit_milp_assignment": [[-9.809454908322746, -0.9534098347671729, -1.7124377936476356, -0.555758286380711], [4.055701054419265, 1.55537316585453, -1.4543949377773753, 3.382861832864956], [-24.73832265487272, 13.324211883403052, 12.092185019363315, -1.5359008687615077]], "refit_ground_truth_assignment": [[-15.934348601929727, 2.396110486393894, 0.8846485958642816, -2.0509295243146872], [-2.4060534377693044, 3.352668647449168, 1.3725182831914788, 1.0412439282169164], [10.876263252256887, 0.35644632361409767, 0.7855270463277904, -0.9980502091720579]]}