{"ground_truth": [[-10, 0.2, 0.4, 0.3], [10, -0.2, -0.4, -0.3]], "milp": [[-9.965770194682177, 0.2931565816496036, 0.4761553387364045, 0.609575245740452], [9.681783161872682, -0.12755783839271978, -0.4030367443347742, -0.21283261832721903]], "refit_milp_assignment": [[-9.968710458235934, 0.29358795634773904, 0.47655782330857094, 0.609978616361098], [9.685568127312777, -0.1282389837894937, -0.4036124336384246, -0.2132278704435601]], "refit_ground_truth_assignment": [[-9.997724178778482, 0.25957996431554975, 0.5162174741871437, 0.548659303107998], [9.603715092423803, -0.22168410565782753, -0.28285156461378513, -0.32342266834315586]]}