{"time_milp": 8698.618310451508, "time_greedy": 0.607367217540741, "time_refit_milp_assignment": 8706.443390369415, "mse_refit_ground_truth_assignment": 3.7098674131770357, "r2_refit_ground_truth_assignment": 0.9685636045478243, "weight_mismatch_refit_ground_truth_assignment": 3.647357852767119, "refit-weight_mismatch_refit_ground_truth_assignment": 0.0, "rand_score_refit_ground_truth_assignment": 1.0, "label_mismatch_refit_ground_truth_assignment": 0.0, "mse_milp": 8.380134295845862, "r2_milp": 0.9289890483064607, "weight_mismatch_milp": 6.209841742587195, "refit-weight_mismatch_milp": 7.54872676068906, "rand_score_milp": 0.7656494522691706, "label_mismatch_milp": 0.3333333333333333, "mse_refit_milp_assignment": 9.473701345111868, "r2_refit_milp_assignment": 0.9197224620958352, "weight_mismatch_refit_milp_assignment": 5.204338688860659, "refit-weight_mismatch_refit_milp_assignment": 3.4741567983544046, "rand_score_refit_milp_assignment": 0.7656494522691706, "label_mismatch_refit_milp_assignment": 0.3333333333333333, "mse_greedy": 118.38902591173459, "r2_greedy": -0.0031960232702690217, "weight_mismatch_greedy": 22.956050966705313, "refit-weight_mismatch_greedy": 24.626292359451146, "rand_score_greedy": 0.8626760563380282, "label_mismatch_greedy": 0.125, "mse_greedy_sem": 3.260193663416e-15, "r2_greedy_sem": 0.0, "weight_mismatch_greedy_sem": 1.4350408191326673e-15, "refit-weight_mismatch_greedy_sem": 8.15048415854e-16, "rand_score_greedy_sem": 2.54702629954375e-17, "label_mismatch_greedy_sem": 0.0, "mse_ground_truth": 4.173470087487083, "r2_ground_truth": 0.965094153826566, "weight_mismatch_ground_truth": 0, "rand_score_ground_truth": 1, "label_mismatch_ground_truth": 0, "mse_baseline_sklearn": 109.98674042527176, "r2_baseline_sklearn": 0.06800263151624275, "mse_milp_val": 10.492277448940913, "r2_milp_val": 0.9139040178660611, "label_mismatch_milp_val": 0.3333333333333333, "mse_refit_milp_assignment_val": 13.792117168659004, "r2_refit_milp_assignment_val": 0.8868266799919671, "label_mismatch_refit_milp_assignment_val": 0.3333333333333333, "mse_greedy_val": 122.03836473090773, "label_mismatch_greedy_val": 0.16666666666666663, "mse_greedy_val_sem": 3.260193663416e-15, "label_mismatch_greedy_val_sem": 6.367565748859375e-18, "r2_greedy_val": -0.0014044063034113208, "r2_greedy_val_sem": 0.0, "mse_refit_ground_truth_assignment_val": 5.913994836430933, "r2_refit_ground_truth_assignment_val": 0.951471813793014, "label_mismatch_refit_ground_truth_assignment_val": 0.1875, "mse_ground_truth_val": 6.34828964906168, "r2_ground_truth_val": 0.9479081415005993, "label_mismatch_ground_truth_val": 0.1875, "mse_baseline_sklearn_val": 121.91546446971851, "r2_baseline_sklearn_val": -0.0003959294743245412}