{"ground_truth": [[-10, -1.337719620706157, -1.6626352006348812, -1.0611537685933308], [1, 1.6272285743807728, 1.565890653114534, 1.026132378542826], [10, 0.1, 0.1, 0.1]], "milp": [[-0.5193659060483681, 1.3446104324743984, 1.9282125275622848, 1.994405550317036], [9.624144123159, 0.22860446989783456, 0.593730289954588, -0.20355375078575677], [-9.991289081339692, -1.7754800380642564, -1.9291658266587497, -0.7450860908719751]], "greedy": [[[1.8263077969150223, 0.9083564026239612, 0.6643837057881495, 0.9736941009702768], [-9.801315093640207, -1.7459126150456326, -1.9427820135164018, -0.9261243832179641], [9.163082726251984, 1.062118424146475, 0.10190096673552819, -0.023787888949972254]], [[2.966617786276404, 1.1018264622116394, -3.5470366201683055, 2.107016926375158], [8.084603065904506, -5.883165224617758, 1.3417278555260665, -7.607286335427477], [-15.424845417090191, -0.9924570463754764, 1.1706696619721586, 12.27552121446776]], [[0.978338700881241, 1.4387217365379212, 1.534845699697168, 1.0841497772767779], [9.591950340996695, 0.5023636728391917, 0.06922467584811576, -0.029376605278951997], [-9.801315093640207, -1.7459126150456326, -1.9427820135164018, -0.9261243832179641]], [[9.163082726251984, 1.062118424146475, 0.10190096673552819, -0.023787888949972254], [1.8263077969150223, 0.9083564026239612, 0.6643837057881495, 0.9736941009702768], [-9.801315093640207, -1.7459126150456326, -1.9427820135164018, -0.9261243832179641]], [[7.249442369654327, 0.31558126232032524, 1.2280070753529004, -0.12061788939990879], [-10.414479722714002, -1.3809779508709787, -1.7940637684912353, -1.0266000705691123], [-2.027691784900912, -0.19354833252481274, 4.1700212621636865, -0.23636777930358494]], [[-9.801315093640207, -1.7459126150456326, -1.9427820135164018, -0.9261243832179641], [7.986162775428813, -0.7882423360354208, -1.3887402010718277, -1.900200142163767], [6.284253514642127, 0.819800780630099, 0.6223151232775548, 0.9106976647848768]], [[-7.941107205052206, -2.1970983179929147, -2.5776699551210767, -1.8873253187255323], [6.0982898260342155, 0.8785486639132378, 1.1484657193999674, -0.0340627550160244], [-12.143106347978168, -4.3930629552986264, -0.6852965701265116, 6.203116073436391]], [[-7.315825276315927, 2.61529653528303, -1.4556344761195283, 3.3423578035469115], [5.548915161773947, 1.5388831549092739, 0.7073972002249123, 0.6085722856674671], [-10.659661717626769, -1.4030515399345869, -1.7726139407600146, -0.8165740141825065]], [[9.529062108465704, 0.5544569985692331, 0.1290735146022894, -0.02501900676440663], [0.9633672024504842, 1.443711056062729, 1.560877654108008, 1.0848949981272962], [-9.801315093640207, -1.7459126150456326, -1.9427820135164018, -0.9261243832179641]], [[-7.951340692000108, -1.6595151053947068, -1.7225457708813763, -2.322071008596209], [6.057261869784477, 0.7711341345278486, 1.127877537663505, 0.17654375844620337], [-10.377544930284545, -4.677741775794474, -0.7929892315207359, 4.762232351768473]], [[-9.801315093640207, -1.7459126150456326, -1.9427820135164018, -0.9261243832179641], [9.14754728569935, 1.1354759309518034, 0.12407473310884228, -0.1682217233433872], [1.8484689833590524, 0.9412741871928503, 0.6271940532433737, 0.8690379564527565]], [[-7.315825276315927, 2.61529653528303, -1.4556344761195283, 3.3423578035469115], [5.548915161773947, 1.5388831549092739, 0.7073972002249123, 0.6085722856674671], [-10.659661717626769, -1.4030515399345869, -1.7726139407600146, -0.8165740141825065]], [[-9.801315093640207, -1.7459126150456326, -1.9427820135164018, -0.9261243832179641], [8.84647086364224, 1.066005595489894, 0.8326994588359565, -0.13014119941968705], [1.3327141749803717, 1.0200187414559625, 1.809918303314239, 0.7870627849651178]], [[-9.801315093640207, -1.7459126150456326, -1.9427820135164018, -0.9261243832179641], [8.758834582550627, 0.8155030572749062, 0.3088032039468941, -0.3404327219040618], [0.4526974045818086, 1.6105745542250984, 1.741019992434169, 0.8308213694834085]], [[1.8263077969150223, 0.9083564026239612, 0.6643837057881495, 0.9736941009702768], [-9.801315093640207, -1.7459126150456326, -1.9427820135164018, -0.9261243832179641], [9.163082726251984, 1.062118424146475, 0.10190096673552819, -0.023787888949972254]], [[9.163082726251984, 1.062118424146475, 0.10190096673552819, -0.023787888949972254], [1.8263077969150223, 0.9083564026239612, 0.6643837057881495, 0.9736941009702768], [-9.801315093640207, -1.7459126150456326, -1.9427820135164018, -0.9261243832179641]], [[8.407750321515493, -2.0310300728333233, 1.0876060763467537, 0.7579158636405573], [4.690154036395478, 2.1646211263367188, 0.5414698870504742, -0.06731100098583433], [-9.801315093640207, -1.7459126150456326, -1.9427820135164018, -0.9261243832179641]], [[6.208638537855907, -5.615428772395283, 1.281108102675791, -7.245597901886362], [-12.23154524119348, 3.3905878886910563, -2.4903201180356542, 4.203384121736402], [4.724873426548726, 0.9992304158180658, 0.359098674970995, 1.8423515816872946]], [[6.244662828756765, 0.2740117688757045, 0.7532473419934191, -2.0643858442920733], [-9.801315093640207, -1.7459126150456326, -1.9427820135164018, -0.9261243832179641], [6.002658557625442, 0.4710329667216828, 0.5249527258876703, 1.2418744072925871]], [[5.221995395069386, -5.593080974316916, 1.6016699297726895, -6.818451439014285], [5.445684592600576, 0.41413446229936707, 1.3216463018226765, 0.7838956629590831], [-9.144516303092376, -2.303572998053521, -2.239125216576957, -0.9615425166273154]]], "refit_milp_assignment": [[-0.5217990679409965, 1.3449558500724041, 1.9294758291903122, 1.9951774559059965], [9.635943160062205, 0.22687307680255142, 0.5902554442216268, -0.20632672678794814], [-10.006933668894742, -1.7716688472432662, -1.9267251256807385, -0.7395657551318089]], "refit_ground_truth_assignment": [[-9.799529162413503, -1.746764350134091, -1.9434932123175286, -0.9265095512628346], [1.3167795008793561, 1.1870889755388823, 1.4701232634236459, 1.0126877070433555], [9.166660325018139, 0.9323980793220523, 0.25754334194916906, 0.07137020571148832]]}