{"time_milp": 0.37697911262512207, "time_greedy": 1.031635010242462, "time_refit_milp_assignment": 0.8278481960296631, "mse_refit_ground_truth_assignment": 22.022844632691143, "r2_refit_ground_truth_assignment": 0.8917205840285753, "weight_mismatch_refit_ground_truth_assignment": 7.968395473212908, "refit-weight_mismatch_refit_ground_truth_assignment": 0.0, "rand_score_refit_ground_truth_assignment": 1.0, "label_mismatch_refit_ground_truth_assignment": 0.0, "mse_milp": 22.022854298222448, "r2_milp": 0.8917205365061911, "weight_mismatch_milp": 7.960501913217801, "refit-weight_mismatch_milp": 0.008560128952943731, "rand_score_milp": 1.0, "label_mismatch_milp": 0.0, "mse_refit_milp_assignment": 22.022844632691143, "r2_refit_milp_assignment": 0.8917205840285753, "weight_mismatch_refit_milp_assignment": 7.968395473212908, "refit-weight_mismatch_refit_milp_assignment": 0.0, "rand_score_refit_milp_assignment": 1.0, "label_mismatch_refit_milp_assignment": 0.0, "mse_greedy": 50.95459120275207, "r2_greedy": 0.7494722653445663, "weight_mismatch_greedy": 11.4318284223508, "refit-weight_mismatch_greedy": 9.318904053001647, "rand_score_greedy": 0.7732212885154062, "label_mismatch_greedy": 0.17833333333333334, "mse_greedy_sem": 6.735814989235714, "r2_greedy_sem": 0.03311788850579956, "weight_mismatch_greedy_sem": 1.4883036723269845, "refit-weight_mismatch_greedy_sem": 2.6603368205264424, "rand_score_greedy_sem": 0.052461923224901744, "label_mismatch_greedy_sem": 0.04235570620298068, "mse_ground_truth": 48.18319823379906, "r2_ground_truth": 0.778598648334565, "weight_mismatch_ground_truth": 0, "rand_score_ground_truth": 1, "label_mismatch_ground_truth": 0, "mse_baseline_sklearn": 201.09079803555355, "r2_baseline_sklearn": 0.011299651263229182, "mse_milp_val": 36.43963965090258, "r2_milp_val": 0.8471261153746553, "label_mismatch_milp_val": 0.0, "mse_refit_milp_assignment_val": 36.43408388543053, "r2_refit_milp_assignment_val": 0.8471494232739077, "label_mismatch_refit_milp_assignment_val": 0.0, "mse_greedy_val": 81.7417784398514, "label_mismatch_greedy_val": 0.14250000000000002, "mse_greedy_val_sem": 10.59790130108462, "label_mismatch_greedy_val_sem": 0.03640280859609888, "r2_greedy_val": 0.6570717129477759, "r2_greedy_val_sem": 0.04446098688938795, "mse_refit_ground_truth_assignment_val": 36.43408388543053, "r2_refit_ground_truth_assignment_val": 0.8471494232739077, "label_mismatch_refit_ground_truth_assignment_val": 0.0, "mse_ground_truth_val": 54.920104976952146, "r2_ground_truth_val": 0.7695956965466193, "label_mismatch_ground_truth_val": 0.0, "mse_baseline_sklearn_val": 239.41340107399515, "r2_baseline_sklearn_val": -0.004402266437910862, "random_state": 4}