{"ground_truth": [[-10, 0.2, 0.4, 0.3], [10, -0.2, -0.4, -0.3]], "milp": [[-13.101062008840472, -0.10168618369225724, 0.32580566369677577, -0.8493183669699911], [14.60694291107829, -0.16657451631789882, -0.8251418979487066, -0.6349821889925729]], "greedy": [[[9.726770850088043, 0.0014135855774109263, -5.219189841545127, 0.8844923176559241], [-9.57595637404741, -0.6687523439932845, 4.915826629544382, -1.3832605057379412]], [[14.611246741215291, -0.16688173654337485, -0.8257981743088658, -0.6357661975204969], [-13.104970127628915, -0.1010820540794469, 0.32658932744629365, -0.8488876989771412]], [[11.203625220479607, -3.5416536942738457, -0.8624846179863245, -2.5537972138915253], [-11.247861084169084, 4.465449861430788, -0.4659238457026084, 1.644141612666488]], [[-13.104970127628915, -0.1010820540794469, 0.32658932744629365, -0.8488876989771412], [14.611246741215291, -0.16688173654337485, -0.8257981743088658, -0.6357661975204969]], [[-13.104970127628915, -0.1010820540794469, 0.32658932744629365, -0.8488876989771412], [14.611246741215291, -0.16688173654337485, -0.8257981743088658, -0.6357661975204969]], [[-0.3310450480523943, -3.840729094535892, 0.4742950267123735, 1.7092079590603606], [1.2346201025169512, 4.949123118765307, -2.0860314940918787, -3.6242984762711687]], [[12.316457280212395, 0.9533068052810938, -5.11687141762278, -4.107322288517753], [-11.526474397477926, -0.7202352681386229, 4.571158345979384, 2.1098912685640263]], [[-9.909283462416717, 4.657578276408993, -1.1425565292304387, 1.8967236161537853], [9.49987325527546, -3.6094696277549443, -0.1635242421931454, -2.8200779478409412]], [[-9.57595637404741, -0.6687523439932845, 4.915826629544382, -1.3832605057379412], [9.726770850088043, 0.0014135855774109263, -5.219189841545127, 0.8844923176559241]], [[10.883595983281822, 1.3500740286706367, -3.667794937663514, -6.001208818914912], [-8.3112503345107, -0.9650910498611792, 2.9779509281484215, 3.4526039706743075]], [[2.0806482147905814, 2.767311636318624, -1.6308169191656028, -5.923128162323818], [0.3433872118202963, -2.0946866690284307, 0.2617709561037749, 3.9070328185219565]], [[-13.104970127628915, -0.1010820540794469, 0.32658932744629365, -0.8488876989771412], [14.611246741215291, -0.16688173654337485, -0.8257981743088658, -0.6357661975204969]], [[-13.104970127628915, -0.1010820540794469, 0.32658932744629365, -0.8488876989771412], [14.611246741215291, -0.16688173654337485, -0.8257981743088658, -0.6357661975204969]], [[-13.104970127628915, -0.1010820540794469, 0.32658932744629365, -0.8488876989771412], [14.611246741215291, -0.16688173654337485, -0.8257981743088658, -0.6357661975204969]], [[-13.104970127628915, -0.1010820540794469, 0.32658932744629365, -0.8488876989771412], [14.611246741215291, -0.16688173654337485, -0.8257981743088658, -0.6357661975204969]], [[-13.104970127628915, -0.1010820540794469, 0.32658932744629365, -0.8488876989771412], [14.611246741215291, -0.16688173654337485, -0.8257981743088658, -0.6357661975204969]], [[14.611246741215291, -0.16688173654337485, -0.8257981743088658, -0.6357661975204969], [-13.104970127628915, -0.1010820540794469, 0.32658932744629365, -0.8488876989771412]], [[6.544423088010723, 1.3680136540129737, -2.7270715651329844, -6.372195630745664], [-3.078514633469989, -1.0910215096905187, 1.3329256385685004, 4.232686702435846]], [[9.726770850088043, 0.0014135855774109263, -5.219189841545127, 0.8844923176559241], [-9.57595637404741, -0.6687523439932845, 4.915826629544382, -1.3832605057379412]], [[14.611246741215291, -0.16688173654337485, -0.8257981743088658, -0.6357661975204969], [-13.104970127628915, -0.1010820540794469, 0.32658932744629365, -0.8488876989771412]]], "refit_milp_assignment": [[-13.104957096674505, -0.10108378579982442, 0.32660493398083973, -0.8489139855277744], [14.611321480843047, -0.16688266988920625, -0.8258401970031243, -0.6357945595948808]], "refit_ground_truth_assignment": [[-13.104957096674505, -0.10108378579982442, 0.32660493398083973, -0.8489139855277744], [14.611321480843047, -0.16688266988920625, -0.8258401970031243, -0.6357945595948808]]}