{"time_milp": 0.49828195571899414, "time_greedy": 1.0560596942901612, "time_refit_milp_assignment": 1.0011868476867676, "mse_refit_ground_truth_assignment": 8.223258904331125, "r2_refit_ground_truth_assignment": 0.9247548511547642, "weight_mismatch_refit_ground_truth_assignment": 3.0059720435208988, "refit-weight_mismatch_refit_ground_truth_assignment": 0.0, "rand_score_refit_ground_truth_assignment": 1.0, "label_mismatch_refit_ground_truth_assignment": 0.0, "mse_milp": 8.223266214686166, "r2_milp": 0.9247547842629443, "weight_mismatch_milp": 2.9983647229248276, "refit-weight_mismatch_milp": 0.007822274038649444, "rand_score_milp": 1.0, "label_mismatch_milp": 0.0, "mse_refit_milp_assignment": 8.223258904331125, "r2_refit_milp_assignment": 0.9247548511547642, "weight_mismatch_refit_milp_assignment": 3.0059720435208988, "refit-weight_mismatch_refit_milp_assignment": 0.0, "rand_score_refit_milp_assignment": 1.0, "label_mismatch_refit_milp_assignment": 0.0, "mse_greedy": 20.071947398405747, "r2_greedy": 0.8163359943815813, "weight_mismatch_greedy": 8.757500100602574, "refit-weight_mismatch_greedy": 8.02613200077084, "rand_score_greedy": 0.7871988795518208, "label_mismatch_greedy": 0.18416666666666667, "mse_greedy_sem": 3.1675368781228816, "r2_greedy_sem": 0.02898385988328751, "weight_mismatch_greedy_sem": 1.641926815691443, "refit-weight_mismatch_greedy_sem": 2.1956630427968222, "rand_score_greedy_sem": 0.054547394793579417, "label_mismatch_greedy_sem": 0.048523145137502034, "mse_ground_truth": 9.28981756340041, "r2_ground_truth": 0.9135222325919949, "weight_mismatch_ground_truth": 0, "rand_score_ground_truth": 1, "label_mismatch_ground_truth": 0, "mse_baseline_sklearn": 102.53499031941128, "r2_baseline_sklearn": 0.06177578765453373, "mse_milp_val": 7.779468502684314, "r2_milp_val": 0.9255241072991327, "label_mismatch_milp_val": 0.0, "mse_refit_milp_assignment_val": 7.781888270772578, "r2_refit_milp_assignment_val": 0.9255009419134202, "label_mismatch_refit_milp_assignment_val": 0.0, "mse_greedy_val": 30.065398313398013, "label_mismatch_greedy_val": 0.184375, "mse_greedy_val_sem": 5.789462825520104, "label_mismatch_greedy_val_sem": 0.04963580354362214, "r2_greedy_val": 0.7121721904234398, "r2_greedy_val_sem": 0.055424790529111076, "mse_refit_ground_truth_assignment_val": 7.781888270772578, "r2_refit_ground_truth_assignment_val": 0.9255009419134202, "label_mismatch_refit_ground_truth_assignment_val": 0.0, "mse_ground_truth_val": 8.529890097095663, "r2_ground_truth_val": 0.9183400280620345, "label_mismatch_ground_truth_val": 0.0, "mse_baseline_sklearn_val": 104.74905377495165, "r2_baseline_sklearn_val": -0.002803634563060431, "random_state": 7}