{"ground_truth": [[-10, -1.337719620706157, -1.6626352006348812, -1.0611537685933308], [1, 1.6272285743807728, 1.565890653114534, 1.026132378542826], [10, 0.1, 0.1, 0.1]], "milp": [[-10.440053707336308, -1.2091756071464077, -1.3372181724228214, -1.1709926875507475], [0.22489300027999182, 1.4835333030449867, 3.4388777846707073, 0.10037298721084636], [9.43126226394618, 0.664737358144053, 0.5725797869573892, -0.0865429538588387]], "greedy": [[[9.912882133588898, 0.1369889874461304, -1.6782441736843305, -1.8668765332774102], [-10.246035893289019, -1.205927736568563, -1.546493698645814, -1.108714472056913], [2.816387138131515, 0.5258400821999989, 2.9940160436764325, 1.3967079671345632]], [[9.912882133588898, 0.1369889874461304, -1.6782441736843305, -1.8668765332774102], [2.816387138131515, 0.5258400821999989, 2.9940160436764325, 1.3967079671345632], [-10.246035893289019, -1.205927736568563, -1.546493698645814, -1.108714472056913]], [[1.1245047071787706, 1.3835584753494454, 1.957387164803843, 0.6282909723750387], [9.657380880082567, 0.49293893720052034, 0.32046879721979066, -0.00426433879196359], [-10.246035893289019, -1.205927736568563, -1.546493698645814, -1.108714472056913]], [[-10.69755861176473, -1.2511159564696464, -1.0982622161017521, -1.20160129331224], [-1.5926921529561242, 0.4683924315250169, 4.959300333392672, -1.052865845876029], [7.276848389484092, 0.5220601165558258, 1.917573759501132, -0.37252131163399127]], [[12.705790999841495, -1.720734823153106, -7.559528299937201, -6.123130147942936], [-17.379677311793408, 5.31746482704625, -0.5533369192670561, 2.9569766828359825], [0.17711533129844792, -0.6269882304989776, 5.387106488907863, 0.5070019354738097]], [[-9.81889230472035, 7.014232698212002, 5.995898328987779, -4.67661898373667], [10.349793781925044, -5.0427796690556015, -0.9585465672870578, -7.661797227270947], [1.3231914707066625, -4.360241971944732, -2.142362735243819, 5.441257490844982]], [[-10.246035893289019, -1.205927736568563, -1.546493698645814, -1.108714472056913], [10.050955160415173, 0.11069193206312423, 0.2042890550032954, 0.14146928918288332], [1.0935355265373996, 1.3270713671979437, 1.8858183588900883, 0.9151857052487041]], [[8.491181312439526, -0.11751885487039486, -1.8170670014460177, 1.2708745694006], [3.347689551184742, 1.972229085788135, 3.1382602977167893, -1.0655246654301298], [-10.246035893289019, -1.205927736568563, -1.546493698645814, -1.108714472056913]], [[-7.057918025499346, -0.2782295477761679, -0.033327774082126026, -3.7562947220450558], [-4.5989230143342965, -4.392802951766393, -3.5071376001954166, 5.044645981168345], [7.279023788125878, 0.39849125057530316, 1.094081513904856, -0.2394138329182499]], [[-5.693288061051123, -1.7618042204057578, -0.9280717193277777, -4.145356822504527], [6.250640126287584, 1.00772685269898, 1.2462748110062825, -0.3093058085091938], [-11.544668377838573, 0.4538266889934906, -1.8237798234052822, -0.6862240566380853]], [[8.213571092591998, 0.2120111833517829, 0.5333917390783551, 0.03167585390730358], [-8.364140889998366, -1.5300303011062677, -1.2774899740168935, -2.276312737849289], [0.36745640021182124, -2.5413695595108217, -4.561350181844105, 3.4296812460194923]], [[-10.868348004162216, -1.3934132748712558, -0.9636887491249516, -1.151172395163816], [5.045041310046306, 1.381423636962212, 0.9753052265000376, 0.3955562615144565], [5.986736860720942, -6.161202379745776, 3.4489363960235946, -0.4656107727228481]], [[-4.781767986591267, 6.756717094303451, 4.391639764400657, -1.7343909291576198], [-13.516388411384845, 0.5991053524875216, 3.0583317688931095, 6.637353657491504], [12.635868584930149, -3.5783579555646177, -2.217780478687379, -9.24356340976969]], [[-10.246035893289019, -1.205927736568563, -1.546493698645814, -1.108714472056913], [9.733381567986024, 0.39440168562948136, 0.3462916737594829, 0.005777635273394845], [1.0077273329654042, 1.442672720173336, 2.0760363145970575, 0.6609476370853794]], [[5.174869650383624, 1.2656523657823397, 1.080028089471941, 0.4458839615398426], [5.66305912775181, -5.932135899258377, 3.3462466304723515, -0.8073892265836428], [-10.868348004162216, -1.3934132748712558, -0.9636887491249516, -1.151172395163816]], [[9.657380880082567, 0.49293893720052034, 0.32046879721979066, -0.00426433879196359], [-10.246035893289019, -1.205927736568563, -1.546493698645814, -1.108714472056913], [1.1245047071787706, 1.3835584753494454, 1.957387164803843, 0.6282909723750387]], [[6.250640126287584, 1.00772685269898, 1.2462748110062825, -0.3093058085091938], [-11.251234820467586, -1.3487105606437924, -0.586188695536107, -1.0625143396258694], [-4.2153589083713925, -2.2975431832385573, -1.520471953300565, -3.3434390614652494]], [[6.6498996393391, 1.2788705064933912, 1.3221014991415498, -0.626612015328606], [-10.69755861176473, -1.2511159564696464, -1.0982622161017521, -1.20160129331224], [-3.715887070559153, 1.9573595092235567, 5.428444662774764, -2.070373407599772]], [[7.940616224403588, 0.047213721147301824, 0.8142999132095302, 0.028337539401209925], [-7.7845957835472115, -0.8321265120885896, 0.17088863528347822, -3.5552536520128695], [-4.502118982417224, -5.280353012176766, -1.6162001711669225, 4.326984781114602]], [[-10.246035893289019, -1.205927736568563, -1.546493698645814, -1.108714472056913], [1.1671283792773481, 1.1909715664597158, 1.5891303401864159, 0.7325098518653312], [9.447884542252, 0.2810427943680468, 0.2719302487434455, 0.14251759093516492]]], "refit_milp_assignment": [[-10.455244668837672, -1.205048938570351, -1.3350552398318285, -1.1663658865085471], [0.22307547056691845, 1.4842716136795324, 3.440422973172922, 0.1002332781910728], [9.446300180798819, 0.662357617206613, 0.5660268988012144, -0.08934175256672228]], "refit_ground_truth_assignment": [[-10.244605108406, -1.2066025833797176, -1.5471186627147966, -1.1090692370661608], [1.000570174768817, 1.4482542054539516, 1.9736200726255577, 0.9264588801935737], [9.76603711859066, 0.3592481500145616, 0.2586206515269232, 0.08655901973125307]]}