{"time_milp": 4.217379093170166, "time_greedy": 0.20492198467254638, "time_refit_milp_assignment": 5.010339021682739, "mse_refit_ground_truth_assignment": 0.7272360810797232, "r2_refit_ground_truth_assignment": 0.27064986054504536, "weight_mismatch_refit_ground_truth_assignment": 1.099464488260771e-12, "refit-weight_mismatch_refit_ground_truth_assignment": 0.0, "rand_score_refit_ground_truth_assignment": 1.0, "label_mismatch_refit_ground_truth_assignment": 0.0, "mse_milp": 0.3160990610114239, "r2_milp": 0.682982046369357, "weight_mismatch_milp": 1.8090344038150175, "refit-weight_mismatch_milp": 1.8090344038144308, "rand_score_milp": 0.5037074486012808, "label_mismatch_milp": 0.4492753623188406, "mse_refit_milp_assignment": 0.31419797672417066, "r2_refit_milp_assignment": 0.6848886570644219, "weight_mismatch_refit_milp_assignment": 1.9037098528981162, "refit-weight_mismatch_refit_milp_assignment": 1.903709852897532, "rand_score_refit_milp_assignment": 0.5037074486012808, "label_mismatch_refit_milp_assignment": 0.4492753623188406, "mse_greedy": 0.3459455779299106, "r2_greedy": 0.6530487663202932, "weight_mismatch_greedy": 1.4672611568148415, "refit-weight_mismatch_greedy": 1.4672611568146994, "rand_score_greedy": 0.5006841927873273, "label_mismatch_greedy": 0.47275362318840586, "mse_greedy_sem": 0.018302926909315193, "r2_greedy_sem": 0.01835613309219111, "weight_mismatch_greedy_sem": 0.0979448252363532, "refit-weight_mismatch_greedy_sem": 0.09794482523632496, "rand_score_greedy_sem": 0.0007339625707088723, "label_mismatch_greedy_sem": 0.00599423279970864, "mse_ground_truth": NaN, "r2_ground_truth": NaN, "weight_mismatch_ground_truth": 0, "rand_score_ground_truth": 1, "label_mismatch_ground_truth": 0, "mse_baseline_sklearn": 0.8093529625829683, "r2_baseline_sklearn": 0.18829426717696518}