{"ground_truth": [[0.08831444450914701, 0.39070166642526194, -0.04175941803498346, 0.14144242064604762, 0.22186324027541832, 0.37423164729017616], [-0.05602019943983447, 0.13933946779242373, 0.0825069824627132, -0.21171628436688458, 0.21416561599599493, 0.16057355524403247]], "milp": [[-0.6604803379889459, 0.024024950231866703, -0.033260520299284016, -0.021475322604872317, 0.016158078524586977, 0.06008431080011351], [0.7320053189180975, 0.1680564268588621, 0.13323694774284536, 0.08941102395729053, -0.02991442206264998, 0.15115086275922246]], "greedy": [[[-0.3739765356218635, 0.08030250268569347, -0.011870826946376013, -0.12637114175413286, 0.10086187382304271, 0.7462684070610055], [0.7000201317004207, 0.3145536514642181, 0.1576740118762945, -0.07736880572371198, 0.19593519598115872, -0.19818846860857306]], [[0.8856501862385661, 0.20549591337292525, 0.095976269238093, 0.12114553480501389, 0.2933025484077699, 0.22231250557181811], [-0.597740284163909, 0.07758124017030608, -0.033659093867394345, -0.06011923960997873, 0.16285506415826245, 0.15438946899023998]], [[-0.43746020492049437, 0.07061627099618363, -0.01296497743982335, -0.21400299366708175, 0.10576054994994998, 0.6736918476702813], [0.7521238202608903, 0.2967903505233193, 0.07510908262513251, 0.15908815618598074, 0.2341429461405467, -0.1941806390580355]], [[0.21629576098761705, 0.5134856045126525, 0.14083973513947964, 0.5476384145076745, -0.16105078247132215, 0.38982087103415536], [-0.08608938288801114, -0.0926049742992238, -0.1935730226934888, -0.5311067411210478, 0.6240155093666598, 0.09525213944677732]], [[-0.5740424476859298, 0.09824575164823905, -0.03642079712614085, -0.0908650257382715, 0.1313872090664501, 0.20551208521825876], [0.9062904279216333, 0.21202656757659796, 0.09889696698540454, 0.023438587316268498, 0.21719118493788214, 0.3555911928367946]], [[0.5373565761779698, 0.28139669727108485, 0.0827414137138218, -0.18397336561832558, 0.09756032830683017, -0.1035497982285137], [-0.24824913923055705, 0.21513708772921045, -0.007369347254790481, 0.26519218418687257, 0.27800165739731136, 0.6143871387492998]], [[-0.18030761222204442, 0.05062552516026094, 0.34534884588770226, 0.611646648748054, 0.21588575727135448, 0.2312163544166452], [0.273167970492924, 0.38973129956653907, -0.22403203064687782, -0.3735056042933846, 0.2778038645590125, 0.04036159982141998]], [[0.5492617562900448, 0.45486620261926664, -0.27925381224512374, 0.16269548155052693, 0.3136905237856931, -0.15690610776760244], [-0.24650968477247315, 0.003211180407141857, 0.2556594671796447, -0.18720247819581806, 0.01636859743630009, 0.7752014683227463]], [[0.8213168773978604, 0.25439698361643587, 0.08178043659502614, 0.09822729938939855, 0.410968076781864, -0.13817835289447275], [-0.5259235339303995, 0.08764360559707497, -0.024701416587116824, -0.05000864905027092, 0.039401109661375534, 0.42731089844683495]], [[0.403291979373306, 0.09395958335213207, 0.16293028240022167, -0.15769560875660185, 0.0999403318848137, -0.06530494730336145], [-0.11426928884317794, 0.38212566512352547, -0.12123847356514869, 0.23331503099650783, 0.28744905377343805, 0.6463186613570677]]], "refit_milp_assignment": [[-0.6994342290787978, 0.017171020870385155, -0.034911414052259386, -0.019431241868226964, 0.0061785842270476905, 0.056526105088575064], [0.7824709056272063, 0.16595417690174666, 0.1414770180291972, 0.10427906617918144, -0.05393036940751392, 0.1554801163253888]], "refit_ground_truth_assignment": [[0.08831444450906371, 0.3907016664249878, -0.04175941803486957, 0.1414424206462831, 0.22186324027526683, 0.3742316472898159], [-0.05602019943976802, 0.1393394677923984, 0.08250698246270259, -0.21171628436648113, 0.21416561599563805, 0.1605735552439559]]}