{"ground_truth": [[-10, 0.2, 0.4], [10, -0.2, -0.4]], "milp": [[9.940677579673155, 0.0007261683182995526, -0.3732794007329575], [-9.902906592130954, 0.2649465727943959, 0.34904939908335864]], "greedy": [[[10.006338128931391, -0.011461982343927018, -0.3812672760580855], [-9.978599943696262, 0.2767426016393345, 0.3623792432356649]], [[10.006338128931391, -0.011461982343927018, -0.3812672760580855], [-9.978599943696262, 0.2767426016393345, 0.3623792432356649]], [[-9.978599943696262, 0.2767426016393345, 0.3623792432356649], [10.006338128931391, -0.011461982343927018, -0.3812672760580855]], [[-9.978599943696262, 0.2767426016393345, 0.3623792432356649], [10.006338128931391, -0.011461982343927018, -0.3812672760580855]], [[10.006338128931391, -0.011461982343927018, -0.3812672760580855], [-9.978599943696262, 0.2767426016393345, 0.3623792432356649]], [[-9.978599943696262, 0.2767426016393345, 0.3623792432356649], [10.006338128931391, -0.011461982343927018, -0.3812672760580855]], [[10.006338128931391, -0.011461982343927018, -0.3812672760580855], [-9.978599943696262, 0.2767426016393345, 0.3623792432356649]], [[-9.978599943696262, 0.2767426016393345, 0.3623792432356649], [10.006338128931391, -0.011461982343927018, -0.3812672760580855]], [[0.24868942753311696, -2.550989394209481, 2.5861874028078184], [0.7699615031633344, 2.372695065209336, -2.7367286104589708]], [[10.006338128931391, -0.011461982343927018, -0.3812672760580855], [-9.978599943696262, 0.2767426016393345, 0.3623792432356649]], [[-9.978599943696262, 0.2767426016393345, 0.3623792432356649], [10.006338128931391, -0.011461982343927018, -0.3812672760580855]], [[10.006338128931391, -0.011461982343927018, -0.3812672760580855], [-9.978599943696262, 0.2767426016393345, 0.3623792432356649]], [[-9.978599943696262, 0.2767426016393345, 0.3623792432356649], [10.006338128931391, -0.011461982343927018, -0.3812672760580855]], [[10.006338128931391, -0.011461982343927018, -0.3812672760580855], [-9.978599943696262, 0.2767426016393345, 0.3623792432356649]], [[10.006338128931391, -0.011461982343927018, -0.3812672760580855], [-9.978599943696262, 0.2767426016393345, 0.3623792432356649]], [[-9.978599943696262, 0.2767426016393345, 0.3623792432356649], [10.006338128931391, -0.011461982343927018, -0.3812672760580855]], [[-9.978599943696262, 0.2767426016393345, 0.3623792432356649], [10.006338128931391, -0.011461982343927018, -0.3812672760580855]], [[-9.978599943696262, 0.2767426016393345, 0.3623792432356649], [10.006338128931391, -0.011461982343927018, -0.3812672760580855]], [[10.006338128931391, -0.011461982343927018, -0.3812672760580855], [-9.978599943696262, 0.2767426016393345, 0.3623792432356649]], [[10.006338128931391, -0.011461982343927018, -0.3812672760580855], [-9.978599943696262, 0.2767426016393345, 0.3623792432356649]]], "refit_milp_assignment": [[10.006590343682829, -0.011548686383504328, -0.38183142198231856], [-9.979451675382457, 0.2769766484812535, 0.3629815938805557]], "refit_ground_truth_assignment": [[-9.979451675382457, 0.2769766484812535, 0.3629815938805557], [10.006590343682829, -0.011548686383504328, -0.38183142198231856]]}