{"ground_truth": [[-10, -1.8297882825011134, -1.4392432789129312, -1.0063230085269403, -1.3706258201560941], [1, 1.6179899023966713, 1.5657143491234167, 1.3630750657886468, 1.0642685918035941], [10, 0.1, 0.1, 0.1, 0.1]], "milp": [[-8.15723282405201, -2.347083697315729, -1.6702869865677243, -1.0587567296354217, -1.367484172402738], [1.9841379615099195, 1.9935961593778488, 0.0014075446962860316, 1.6723659280801348, -2.650940008298382], [7.532132163492161, 0.4721935223323959, 0.39709788597024925, 0.09428726294056158, 0.7779656116063292]], "refit_milp_assignment": [[-9.863701554287204, -2.0663075225635597, -1.3664528020434257, -0.8169319947214871, -1.5247399938223787], [2.242429528563613, 2.0664118141694283, -0.09936261049935437, 1.6199769662633297, -2.6747148141089103], [8.887933727721386, 0.199014398716604, 0.17956668666677597, -0.04181292420381101, 0.7638549616624881]], "refit_ground_truth_assignment": [[-10.117327892072872, -1.8352782916343784, -1.4655434733043153, -1.0291185651965769, -1.3413504375398413], [0.8721365632696374, 1.6711702749245982, 1.517056071336473, 1.353939644528674, 1.0457614480134039], [10.00706296331932, 0.11185948869886739, 0.022514156139672694, 0.2059011440024503, 0.10317670674773481]]}