{"time_milp": 0.400676965713501, "time_greedy": 1.0155123829841615, "time_refit_milp_assignment": 0.8601410388946533, "mse_refit_ground_truth_assignment": 26.10054017247375, "r2_refit_ground_truth_assignment": 0.8591814938659086, "weight_mismatch_refit_ground_truth_assignment": 7.19103105034962, "refit-weight_mismatch_refit_ground_truth_assignment": 0.0, "rand_score_refit_ground_truth_assignment": 1.0, "label_mismatch_refit_ground_truth_assignment": 0.0, "mse_milp": 26.100548293221163, "r2_milp": 0.8591814500525808, "weight_mismatch_milp": 7.18395960954562, "refit-weight_mismatch_milp": 0.007289362350972258, "rand_score_milp": 1.0, "label_mismatch_milp": 0.0, "mse_refit_milp_assignment": 26.10054017247375, "r2_refit_milp_assignment": 0.8591814938659086, "weight_mismatch_refit_milp_assignment": 7.19103105034962, "refit-weight_mismatch_refit_milp_assignment": 0.0, "rand_score_refit_milp_assignment": 1.0, "label_mismatch_refit_milp_assignment": 0.0, "mse_greedy": 44.30494296172479, "r2_greedy": 0.7609644918841194, "weight_mismatch_greedy": 8.780616470589617, "refit-weight_mismatch_greedy": 6.342540330104432, "rand_score_greedy": 0.8277100840336133, "label_mismatch_greedy": 0.13541666666666666, "mse_greedy_sem": 5.179586095222511, "r2_greedy_sem": 0.02794507590656568, "weight_mismatch_greedy_sem": 0.6767883821156093, "refit-weight_mismatch_greedy_sem": 1.8778169747185383, "rand_score_greedy_sem": 0.04968862588179656, "label_mismatch_greedy_sem": 0.04081531557369264, "mse_ground_truth": 36.629505924849134, "r2_ground_truth": 0.7977788501787447, "weight_mismatch_ground_truth": 0, "rand_score_ground_truth": 1, "label_mismatch_ground_truth": 0, "mse_baseline_sklearn": 179.1977560999342, "r2_baseline_sklearn": 0.03318628082698605, "mse_milp_val": 26.609336097609333, "r2_milp_val": 0.8477276776556584, "label_mismatch_milp_val": 0.0, "mse_refit_milp_assignment_val": 26.611880305881023, "r2_refit_milp_assignment_val": 0.8477131183859105, "label_mismatch_refit_milp_assignment_val": 0.0, "mse_greedy_val": 53.64204599571879, "label_mismatch_greedy_val": 0.125, "mse_greedy_val_sem": 7.661275130441677, "label_mismatch_greedy_val_sem": 0.03739019010100742, "r2_greedy_val": 0.6930325924289427, "r2_greedy_val_sem": 0.04384176110038741, "mse_refit_ground_truth_assignment_val": 26.611880305881023, "r2_refit_ground_truth_assignment_val": 0.8477131183859105, "label_mismatch_refit_ground_truth_assignment_val": 0.0, "mse_ground_truth_val": 34.0647392157258, "r2_ground_truth_val": 0.8050640222136559, "label_mismatch_ground_truth_val": 0.0, "mse_baseline_sklearn_val": 174.9032054718014, "r2_baseline_sklearn_val": -0.000886199676870314, "random_state": 12}