{"ground_truth": [[-10, 0.2, 0.4, 0.3], [10, -0.2, -0.4, -0.3]], "milp": [[13.783971556088174, -0.1897341233402757, -0.4699815470974162, -0.576693189784624], [-13.318737153956107, 0.4788601071292018, 0.8293204637104905, -0.15908388339473464]], "greedy": [[[-7.413259207423458, 4.717975701778979, -0.2839609166404101, 1.1427803579507925], [6.2092418505353315, -2.838629950229046, 2.6498767964365606, -2.4361094198230973]], [[-13.32216927564214, 0.4791171549131834, 0.8297089396073074, -0.15851409679355236], [13.787587550081096, -0.1900629626689861, -0.4706443036623476, -0.5770201857733473]], [[-9.053506687383948, 2.9358930234549154, -0.9526813501274735, 0.15746420651780554], [8.511914585484902, -2.7003525996667777, 2.3781355074786723, -1.132341647756349]], [[-13.32216927564214, 0.4791171549131834, 0.8297089396073074, -0.15851409679355236], [13.787587550081096, -0.1900629626689861, -0.4706443036623476, -0.5770201857733473]], [[-13.32216927564214, 0.4791171549131834, 0.8297089396073074, -0.15851409679355236], [13.787587550081096, -0.1900629626689861, -0.4706443036623476, -0.5770201857733473]], [[-13.32216927564214, 0.4791171549131834, 0.8297089396073074, -0.15851409679355236], [13.787587550081096, -0.1900629626689861, -0.4706443036623476, -0.5770201857733473]], [[13.787587550081096, -0.1900629626689861, -0.4706443036623476, -0.5770201857733473], [-13.32216927564214, 0.4791171549131834, 0.8297089396073074, -0.15851409679355236]], [[13.787587550081096, -0.1900629626689861, -0.4706443036623476, -0.5770201857733473], [-13.32216927564214, 0.4791171549131834, 0.8297089396073074, -0.15851409679355236]], [[-13.32216927564214, 0.4791171549131834, 0.8297089396073074, -0.15851409679355236], [13.787587550081096, -0.1900629626689861, -0.4706443036623476, -0.5770201857733473]], [[-13.32216927564214, 0.4791171549131834, 0.8297089396073074, -0.15851409679355236], [13.787587550081096, -0.1900629626689861, -0.4706443036623476, -0.5770201857733473]], [[13.787587550081096, -0.1900629626689861, -0.4706443036623476, -0.5770201857733473], [-13.32216927564214, 0.4791171549131834, 0.8297089396073074, -0.15851409679355236]], [[-9.053506687383948, 2.9358930234549154, -0.9526813501274735, 0.15746420651780554], [8.511914585484902, -2.7003525996667777, 2.3781355074786723, -1.132341647756349]], [[-13.32216927564214, 0.4791171549131834, 0.8297089396073074, -0.15851409679355236], [13.787587550081096, -0.1900629626689861, -0.4706443036623476, -0.5770201857733473]], [[-13.32216927564214, 0.4791171549131834, 0.8297089396073074, -0.15851409679355236], [13.787587550081096, -0.1900629626689861, -0.4706443036623476, -0.5770201857733473]], [[-5.654301008749647, -1.377633570565405, 4.184400392003787, 0.6884556223989747], [8.652988560882756, 1.5215687572349044, -4.194549467929204, -2.5726019496048975]], [[6.2092418505353315, -2.838629950229046, 2.6498767964365606, -2.4361094198230973], [-7.413259207423458, 4.717975701778979, -0.2839609166404101, 1.1427803579507925]], [[-0.22132038303965018, -1.1618898370709159, 4.041057847263428, -3.5065500522814133], [2.9574318164305025, 1.7054405508043609, -3.732934442212936, 1.558215530641671]], [[-9.318534232946671, 3.7201842135225123, 1.7494007223951995, 2.8126892809535637], [7.8996511541556975, -1.3216510681187483, 1.9766797216742886, -5.445828580406337]], [[-13.32216927564214, 0.4791171549131834, 0.8297089396073074, -0.15851409679355236], [13.787587550081096, -0.1900629626689861, -0.4706443036623476, -0.5770201857733473]], [[-7.8305331091669395, 4.6357063454166845, 0.6871325026356112, 1.5778317543217797], [7.221298736685092, -2.329794189258746, 2.7938831605336554, -4.01740342917002]]], "refit_milp_assignment": [[13.787628403727574, -0.1900645754840139, -0.47065970707643123, -0.5770467987893153], [-13.322195942368554, 0.4791346375385914, 0.8297400233832594, -0.15852842612968004]], "refit_ground_truth_assignment": [[-13.322195942368554, 0.4791346375385914, 0.8297400233832594, -0.15852842612968004], [13.787628403727574, -0.1900645754840139, -0.47065970707643123, -0.5770467987893153]]}