{"time_milp": 9.903995752334595, "time_refit_milp_assignment": 10.466416120529175, "mse_refit_ground_truth_assignment": 0.14335847470952112, "r2_refit_ground_truth_assignment": 0.9992867192498271, "weight_mismatch_refit_ground_truth_assignment": 0.8447152917007782, "refit-weight_mismatch_refit_ground_truth_assignment": 0.0, "rand_score_refit_ground_truth_assignment": 1.0, "label_mismatch_refit_ground_truth_assignment": 0.0, "mse_milp": 0.1410218040275916, "r2_milp": 0.9992983453655506, "weight_mismatch_milp": 0.8429556001064418, "refit-weight_mismatch_milp": 0.10563985676990797, "rand_score_milp": 0.9666666666666667, "label_mismatch_milp": 0.016666666666666666, "mse_refit_milp_assignment": 0.1409193825544521, "r2_refit_milp_assignment": 0.9992988549640612, "weight_mismatch_refit_milp_assignment": 0.8782825178242664, "refit-weight_mismatch_refit_milp_assignment": 0.14396956288864413, "rand_score_refit_milp_assignment": 0.9666666666666667, "label_mismatch_refit_milp_assignment": 0.016666666666666666, "mse_greedy": NaN, "r2_greedy": NaN, "mse_ground_truth": 0.3175742162758241, "r2_ground_truth": 0.9984299290764467, "weight_mismatch_ground_truth": 0, "rand_score_ground_truth": 1, "label_mismatch_ground_truth": 0, "mse_baseline_sklearn": 160.0001544599992, "r2_baseline_sklearn": 0.20391849569934195, "mse_milp_val": 137.74898703206605, "r2_milp_val": 0.3078667547996121, "label_mismatch_milp_val": 0.275, "mse_refit_milp_assignment_val": 137.95144267630738, "r2_refit_milp_assignment_val": 0.30684949663258654, "label_mismatch_refit_milp_assignment_val": 0.275, "mse_refit_ground_truth_assignment_val": 137.88044176980583, "r2_refit_ground_truth_assignment_val": 0.30720624762501036, "label_mismatch_refit_ground_truth_assignment_val": 0.275, "mse_ground_truth_val": 135.23203989634453, "r2_ground_truth_val": 0.320513401621336, "label_mismatch_ground_truth_val": 0.275, "mse_baseline_sklearn_val": 207.5580161897551, "r2_baseline_sklearn_val": -0.04289553344830255, "random_state": 8}