{"time_milp": 15.045371294021606, "time_refit_milp_assignment": 15.650867223739624, "mse_refit_ground_truth_assignment": 17.367556485354786, "r2_refit_ground_truth_assignment": 0.8753346817934642, "weight_mismatch_refit_ground_truth_assignment": 3.795532634713287, "refit-weight_mismatch_refit_ground_truth_assignment": 0.0, "rand_score_refit_ground_truth_assignment": 1.0, "label_mismatch_refit_ground_truth_assignment": 0.0, "mse_milp": 17.367563278999476, "r2_milp": 0.8753346330282923, "weight_mismatch_milp": 3.7891063612877067, "refit-weight_mismatch_milp": 0.007020237513118937, "rand_score_milp": 1.0, "label_mismatch_milp": 0.0, "mse_refit_milp_assignment": 17.367556485354786, "r2_refit_milp_assignment": 0.8753346817934642, "weight_mismatch_refit_milp_assignment": 3.795532634713287, "refit-weight_mismatch_refit_milp_assignment": 0.0, "rand_score_refit_milp_assignment": 1.0, "label_mismatch_refit_milp_assignment": 0.0, "mse_greedy": NaN, "r2_greedy": NaN, "mse_ground_truth": 23.68942658642088, "r2_ground_truth": 0.8370346130250943, "weight_mismatch_ground_truth": 0, "rand_score_ground_truth": 1, "label_mismatch_ground_truth": 0, "mse_baseline_sklearn": 129.62416956962966, "r2_baseline_sklearn": 0.06955026400619602, "mse_milp_val": 24.496363059102954, "r2_milp_val": 0.8405663348152186, "label_mismatch_milp_val": 0.0, "mse_refit_milp_assignment_val": 24.494414749962562, "r2_refit_milp_assignment_val": 0.8405790153125812, "label_mismatch_refit_milp_assignment_val": 0.0, "mse_refit_ground_truth_assignment_val": 24.494414749962562, "r2_refit_ground_truth_assignment_val": 0.8405790153125812, "label_mismatch_refit_ground_truth_assignment_val": 0.0, "mse_ground_truth_val": 26.763456170383982, "r2_ground_truth_val": 0.8258110438695944, "label_mismatch_ground_truth_val": 0.0, "mse_baseline_sklearn_val": 155.0034899583229, "r2_baseline_sklearn_val": -0.008834432314004825, "random_state": 6}