{"time_milp": 18416.296030282974, "time_refit_milp_assignment": 18419.115547657013, "mse_refit_ground_truth_assignment": 43.54007677487905, "r2_refit_ground_truth_assignment": 0.7665682729920819, "weight_mismatch_refit_ground_truth_assignment": 4.541980007020277, "refit-weight_mismatch_refit_ground_truth_assignment": 0.0, "rand_score_refit_ground_truth_assignment": 1.0, "label_mismatch_refit_ground_truth_assignment": 0.0, "mse_milp": 11.374212065022526, "r2_milp": 0.9390193549859701, "weight_mismatch_milp": 44.01999292785367, "refit-weight_mismatch_milp": 43.066470282396, "rand_score_milp": 0.7410364145658264, "label_mismatch_milp": 0.3333333333333333, "mse_refit_milp_assignment": 11.37432979956205, "r2_refit_milp_assignment": 0.9390187237749359, "weight_mismatch_refit_milp_assignment": 44.12546697600656, "refit-weight_mismatch_refit_milp_assignment": 43.16774420123759, "rand_score_refit_milp_assignment": 0.7410364145658264, "label_mismatch_refit_milp_assignment": 0.3333333333333333, "mse_greedy": NaN, "r2_greedy": NaN, "mse_ground_truth": 48.71396164522939, "r2_ground_truth": 0.738829486795847, "weight_mismatch_ground_truth": 0, "rand_score_ground_truth": 1, "label_mismatch_ground_truth": 0, "mse_baseline_sklearn": 182.20058080632833, "r2_baseline_sklearn": 0.023105858828716408, "random_state": 2}