{"time_milp": 6.013999700546265, "time_greedy": 1.241486620903015, "time_refit_milp_assignment": 6.714959621429443, "mse_refit_ground_truth_assignment": 0.11013029440254105, "r2_refit_ground_truth_assignment": 0.999616529664894, "weight_mismatch_refit_ground_truth_assignment": 1.227769484227747, "refit-weight_mismatch_refit_ground_truth_assignment": 0.0, "rand_score_refit_ground_truth_assignment": 1.0, "label_mismatch_refit_ground_truth_assignment": 0.0, "mse_milp": 8.050914642279972, "r2_milp": 0.9719669601127169, "weight_mismatch_milp": 30.167663345041177, "refit-weight_mismatch_milp": 29.520380837135804, "rand_score_milp": 0.6051103368176539, "label_mismatch_milp": 0.5238095238095238, "mse_refit_milp_assignment": 6.993677211790866, "r2_refit_milp_assignment": 0.9756482286860522, "weight_mismatch_refit_milp_assignment": 32.192428499154424, "refit-weight_mismatch_refit_milp_assignment": 31.51499473928571, "rand_score_refit_milp_assignment": 0.6051103368176539, "label_mismatch_refit_milp_assignment": 0.5238095238095238, "mse_greedy": 9.076944346259406, "r2_greedy": 0.9683943558937947, "weight_mismatch_greedy": 50.89431548919079, "refit-weight_mismatch_greedy": 50.76006829180376, "rand_score_greedy": 0.5854819976771196, "label_mismatch_greedy": 0.536904761904762, "mse_greedy_sem": 1.072643510746485, "r2_greedy_sem": 0.003734912076160842, "weight_mismatch_greedy_sem": 2.4900719397833884, "refit-weight_mismatch_greedy_sem": 2.5110079845212883, "rand_score_greedy_sem": 0.007481058601226948, "label_mismatch_greedy_sem": 0.013095238095238094, "mse_ground_truth": 0.26964615209472265, "r2_ground_truth": 0.9990611003006507, "weight_mismatch_ground_truth": 0, "rand_score_ground_truth": 1, "label_mismatch_ground_truth": 0, "mse_baseline_sklearn": 227.63774062285725, "r2_baseline_sklearn": 0.2073723115608146, "random_state": 2}