{"time_milp": 0.44631505012512207, "time_greedy": 0.9743535637855529, "time_refit_milp_assignment": 0.8727681636810303, "mse_refit_ground_truth_assignment": 24.36735029407521, "r2_refit_ground_truth_assignment": 0.8617830148028844, "weight_mismatch_refit_ground_truth_assignment": 5.890872387937221, "refit-weight_mismatch_refit_ground_truth_assignment": 0.0, "rand_score_refit_ground_truth_assignment": 1.0, "label_mismatch_refit_ground_truth_assignment": 0.0, "mse_milp": 24.36735888197143, "r2_milp": 0.8617829660904429, "weight_mismatch_milp": 5.88321240224556, "refit-weight_mismatch_milp": 0.00828933809617887, "rand_score_milp": 1.0, "label_mismatch_milp": 0.0, "mse_refit_milp_assignment": 24.36735029407521, "r2_refit_milp_assignment": 0.8617830148028844, "weight_mismatch_refit_milp_assignment": 5.890872387937221, "refit-weight_mismatch_refit_milp_assignment": 0.0, "rand_score_refit_milp_assignment": 1.0, "label_mismatch_refit_milp_assignment": 0.0, "mse_greedy": 41.39325629558199, "r2_greedy": 0.7652083208219007, "weight_mismatch_greedy": 10.803356023255658, "refit-weight_mismatch_greedy": 8.902973158078916, "rand_score_greedy": 0.8107142857142857, "label_mismatch_greedy": 0.15666666666666668, "mse_greedy_sem": 4.810191064845348, "r2_greedy_sem": 0.0272844646291592, "weight_mismatch_greedy_sem": 1.663226069613352, "refit-weight_mismatch_greedy_sem": 2.749292918108339, "rand_score_greedy_sem": 0.053325356345759425, "label_mismatch_greedy_sem": 0.04487881668598787, "mse_ground_truth": 39.80540056964745, "r2_ground_truth": 0.788211659951793, "weight_mismatch_ground_truth": 0, "rand_score_ground_truth": 1, "label_mismatch_ground_truth": 0, "mse_baseline_sklearn": 163.3404912483901, "r2_baseline_sklearn": 0.07349670815633746, "mse_milp_val": 34.632100763612264, "r2_milp_val": 0.830455792215541, "label_mismatch_milp_val": 0.0, "mse_refit_milp_assignment_val": 34.62386304553406, "r2_refit_milp_assignment_val": 0.8304961206205389, "label_mismatch_refit_milp_assignment_val": 0.0, "mse_greedy_val": 77.54791223262684, "label_mismatch_greedy_val": 0.1675, "mse_greedy_val_sem": 12.107964104769062, "label_mismatch_greedy_val_sem": 0.04786906483754464, "r2_greedy_val": 0.6203580188634187, "r2_greedy_val_sem": 0.05927550269149822, "mse_refit_ground_truth_assignment_val": 34.62386304553406, "r2_refit_ground_truth_assignment_val": 0.8304961206205389, "label_mismatch_refit_ground_truth_assignment_val": 0.0, "mse_ground_truth_val": 47.5939474547759, "r2_ground_truth_val": 0.7670000393093829, "label_mismatch_ground_truth_val": 0.0, "mse_baseline_sklearn_val": 206.209284937739, "r2_baseline_sklearn_val": -0.009513979276205342, "random_state": 5}