{"ground_truth": [[-10, 0.2, 0.4, 0.3], [10, -0.2, -0.4, -0.3]], "milp": [[9.918239795676133, -0.2345619615388308, -0.39946328460466807, -0.2540760594826795], [-9.905177731795053, 0.09133726459990765, 0.42534321385637824, 0.4009892309481663]], "greedy": [[[-9.906773590684004, 0.09135624669844106, 0.4257989121574529, 0.4007630760816214], [9.920745456083798, -0.2351139564762574, -0.39967097943732166, -0.2546343837709524]], [[-7.457078817192296, 2.5671408571652448, 2.0648055660027156, 0.6918429943226537], [7.383630401482176, -2.6456033232252003, -2.3884556399839347, -0.27955814510896215]], [[-9.906773590684004, 0.09135624669844106, 0.4257989121574529, 0.4007630760816214], [9.920745456083798, -0.2351139564762574, -0.39967097943732166, -0.2546343837709524]], [[-7.457078817192296, 2.5671408571652448, 2.0648055660027156, 0.6918429943226537], [7.383630401482176, -2.6456033232252003, -2.3884556399839347, -0.27955814510896215]], [[6.612007998679656, 0.297631056873766, -3.1019824094262614, -2.0539152619646353], [-6.86120122928287, -0.9297277788637445, 3.1352192812941997, 2.3953705826378804]], [[-9.906773590684004, 0.09135624669844106, 0.4257989121574529, 0.4007630760816214], [9.920745456083798, -0.2351139564762574, -0.39967097943732166, -0.2546343837709524]], [[9.920745456083798, -0.2351139564762574, -0.39967097943732166, -0.2546343837709524], [-9.906773590684004, 0.09135624669844106, 0.4257989121574529, 0.4007630760816214]], [[1.9842572445229687, 1.3540701711349723, -3.7545203167170156, 0.721289078495994], [-3.366557448322801, -1.793411612384397, 3.576145232342004, 0.07058587898890405]], [[9.920745456083798, -0.2351139564762574, -0.39967097943732166, -0.2546343837709524], [-9.906773590684004, 0.09135624669844106, 0.4257989121574529, 0.4007630760816214]], [[-9.906773590684004, 0.09135624669844106, 0.4257989121574529, 0.4007630760816214], [9.920745456083798, -0.2351139564762574, -0.39967097943732166, -0.2546343837709524]], [[-9.906773590684004, 0.09135624669844106, 0.4257989121574529, 0.4007630760816214], [9.920745456083798, -0.2351139564762574, -0.39967097943732166, -0.2546343837709524]], [[-2.8708687709910077, -3.4732327461992987, 1.285783080714369, 0.22668839036876617], [2.0285451371923715, 2.8427258670100533, -0.949314530368788, 0.3710453697182186]], [[-0.6713454344523033, 3.263736687552694, -1.4583255408190507, -1.2052927521884838], [-1.259196690778668, -3.5105312215553575, 1.6322192141506466, 1.674885786243343]], [[-9.906773590684004, 0.09135624669844106, 0.4257989121574529, 0.4007630760816214], [9.920745456083798, -0.2351139564762574, -0.39967097943732166, -0.2546343837709524]], [[-7.474635570881943, 2.572110640396174, 2.019011010551519, 0.8473481099482459], [7.435280377002179, -2.672611338900691, -2.329991747593366, -0.43785789111660695]], [[-1.9222402224194874, 2.56760001942746, -2.5649069355822705, 1.1213151095368818], [0.8845188177766427, -3.004637437107352, 2.3458007999035155, -0.6869208983581913]], [[-5.488360284005116, 3.171385017343376, 0.9900250882423552, -1.0014394126950326], [5.034934813173804, -3.1104290781457107, -1.2752350373465786, 1.072127252634002]], [[-9.906773590684004, 0.09135624669844106, 0.4257989121574529, 0.4007630760816214], [9.920745456083798, -0.2351139564762574, -0.39967097943732166, -0.2546343837709524]], [[9.920745456083798, -0.2351139564762574, -0.39967097943732166, -0.2546343837709524], [-9.906773590684004, 0.09135624669844106, 0.4257989121574529, 0.4007630760816214]], [[7.19819492411334, -2.7748055733324946, -1.4763760865500162, 0.4705491251103278], [-7.373517179855014, 2.8013836066564886, 1.2333379890360872, -0.343693153429235]]], "refit_milp_assignment": [[9.921161686302408, -0.23481765356320958, -0.39990020103908935, -0.2545988063841578], [-9.908073277709688, 0.0915532412452617, 0.4259046394072842, 0.40144825793139094]], "refit_ground_truth_assignment": [[-9.908073277709688, 0.0915532412452617, 0.4259046394072842, 0.40144825793139094], [9.921161686302408, -0.23481765356320958, -0.39990020103908935, -0.2545988063841578]]}