{"ground_truth": [[-10, -1.7164128638552185, -1.0626478006853317, -1.5333122552573073, -1.3800996657935105], [1, 1.6397242355913781, 1.392426830086019, 1.0002804444760447, 1.8959394701497105], [10, 0.1, 0.1, 0.1, 0.1]], "milp": [[-0.09131155541217063, -3.5084407193143665, -0.9344844317516554, -1.3378155847765594, -3.2641166221412146], [3.069089095147055, 1.3240839547120344, 1.525956707873054, -0.36026130847735033, 1.9017883426803213], [-6.674653639339371, 0.10419885994285805, -0.9144409065816934, 0.5713338109057501, -0.5354785823339419]], "greedy": [[[5.47466185304118, 1.0189778862129568, 1.0305138033027286, 0.4438253682249026, 0.6225840538153379], [3.2149071481751332, -3.4355120955856524, 0.46251707989490376, -3.0607111482043696, -2.835028309157302], [-8.270039848963672, -1.3690814956416062, -2.722848931553772, 1.9186986277241143, -0.619282750427104]], [[7.312887029247687, -1.7683361973162048, 0.34116920818684704, -0.9133741171111163, -1.1109405287208738], [3.94276772472464, 1.1644530719805686, 1.1398019131859236, 0.5506587141987991, 1.0110726594443127], [-10.387178673549087, -1.5400300931398094, -0.8902950737174148, -1.408389844217785, -1.4823151785546105]], [[-4.334680933634931, -1.7842644476143672, -2.567043431893536, 1.368719756151705, -2.223352102933937], [1.2583444589240136, -3.945597862527297, -0.2744220485600609, -3.0306412223217194, -1.6278183756544438], [0.2936246686288593, 2.265339626611493, 1.7956296288407374, 0.44372959148372687, 1.2366717804591174]], [[6.2787660819517175, -1.063000393633391, -0.33638351805674266, 1.225923185289163, 1.9560170831611456], [-10.387178673549087, -1.5400300931398094, -0.8902950737174148, -1.408389844217785, -1.4823151785546105], [6.419855006292241, 1.1751203918553146, 0.9624111199141436, 0.11147096787517755, 0.15633109646404408]], [[9.855120990935653, 0.02890245874336594, 0.05741722509106713, 0.15458435086210437, 0.11048929737808151], [-9.749393964030219, -1.7189183607272565, -0.9874621836433264, -1.5423494654088155, -1.5321025739948149], [1.0576775576012354, 1.5655986617693396, 1.3863180527855787, 1.0480552841833934, 1.734785494460425]], [[1.8852208145761082, 1.8420872287369783, 1.4095497381760576, 0.5190617067839921, 1.194347829394455], [7.462062160080389, -1.6392511969865813, 0.28147269412930614, -0.8527332407637529, -1.030260875130307], [-9.70627590222779, -1.7276790623191307, -0.9856805210206023, -1.545217873675694, -1.5416446040940524]], [[-3.5957801972242427, -1.3515887151509562, -3.6343746026052908, -0.26703422144888606, -1.2552555060705184], [1.400905776076308, 0.5762996948667429, 5.467916547384629, 1.5805553036111708, -1.2777116749780624], [-1.3049715502424304, 0.2705852335393773, 4.518965082356833, -3.374900894052559, -0.2213539345473353]], [[1.1321216862021215, 1.5425387284151322, 1.389581548584533, 1.0508203034331378, 1.7112265294513302], [9.855120990935653, 0.02890245874336594, 0.05741722509106713, 0.15458435086210437, 0.11048929737808151], [-9.70627590222779, -1.7276790623191307, -0.9856805210206023, -1.545217873675694, -1.5416446040940524]], [[-4.751123910790321, -2.3752172497532262, -2.3050997540164504, 0.12452878722471254, -2.7469664845514874], [0.7077590174006638, -1.4280811561359974, 3.7790505970092476, -3.0369492304193293, -0.8344170619010893], [2.0592557344658697, 1.3934725602281282, 1.9192100131943768, -0.04571915292020395, 2.234823612106143]], [[2.278477417490685, 0.6939248744592799, 1.9434114310171553, 0.3656655417381577, 3.0191173334092722], [6.1987395794470554, -0.12527137222752907, 1.9053122741315598, 1.412698618902426, -0.5742093533781355], [-7.276655559007866, -1.825855319372072, -1.5681294361384577, -2.240135325399096, -1.9682382649029093]], [[-14.672492343962897, 0.1680509132729417, -4.329173044668095, 5.955020367416172, -2.6959019689364343], [0.4732632261967691, 1.8457799757470326, -2.197341423910345, 3.9454571053613257, 1.306706981600891], [5.026268828754391, -2.2282085727001455, 3.9101401706483707, -2.1934949839469664, -2.5690087590993356]], [[0.519535296880643, 1.5889823235669973, 2.353448141035206, 0.3607601120543153, 1.3675793590530585], [3.4587568480718778, -4.217889749073494, -1.8335942410976949, -2.248473817500949, -3.0529686949156787], [-7.24477194666477, 2.666159727440538, -3.1189900366263625, -1.5996376682430118, 2.4522411080041455]], [[-1.0306394840812265, -2.5231399669902315, 0.6887149750972006, 0.992272795501035, 3.5521642995058778], [-0.8876032430810294, -2.664182417118705, -1.8966318329893999, -0.652708220188299, -3.5319434659039346], [0.14662557355791161, 3.3891310243986665, 1.5587198191676293, -0.2902730918931131, 0.7301658829462226]], [[0.009359508756441315, 2.0474331752519106, 1.6639324793251085, 0.856236337460912, 1.3490915914000527], [-1.0433784302516038, -4.179724195455851, -0.11981317940172379, -2.406586842756939, -1.0723036776459471], [0.8638824879162148, -2.053182601172372, -2.3379513637674196, -1.5313686909671478, -3.6385953185842888]], [[10.725752154834193, -2.7924672879164607, 1.291748581048685, 2.076114355184842, -0.8402896906303403], [-2.205293677436529, 0.09855433304937268, -5.023673633862912, -2.320353975114171, 0.07715628727559526], [-8.091468999298186, -3.9295886864720724, 3.5315391835754695, 1.790668034630229, -2.6462953963545433]], [[8.802052923781403, -0.34267779545017474, 0.6671779722429563, 0.5028943979853113, 0.6037417829008521], [-3.0109442840338465, -0.8004397606161979, -0.42637172679551927, -2.057010062842272, -4.205908374578609], [-5.4631019853618765, -1.9018778507692633, 1.389843106888042, 1.3492469457217393, 2.035622620677289]], [[4.4925324851397255, 0.7865505043267195, 1.2050014191103045, 1.24643791129599, 0.3811317128032408], [0.3730901165813725, -3.877978104534566, 0.8779661044090322, -0.5976128823598692, 0.02066629886856852], [-7.563743553683252, -0.8610767301108606, -1.8065464666817408, -2.9622037152587577, -1.4288578622336714]], [[-3.2520025080526973, -2.1666068163941787, 0.32448300295435245, 3.276159301279017, 2.4842335568549103], [3.180200831484264, 1.1607973957389452, 1.667120657047626, -0.5134724551970604, 2.131571077152514], [-2.1744692556310596, -1.2649695649464388, -0.9858384000083354, -1.9536715469118733, -4.128723395051286]], [[-9.518195899296177, -4.240601958131946, 2.3047782056737773, -2.377315224077951, 1.7003254118918818], [-0.14553489652218943, -1.7821336650195452, 2.1864987066294317, 1.4783009538629182, 3.7202387169033533], [1.9482344330791996, 0.49695514918723604, -1.9125546134918445, 0.583980089410333, -2.6669255607193048]], [[-8.302612145472564, 0.9338779045484553, -0.5865937852820321, -2.682477128652069, -3.082454498916133], [-5.586948764916454, -2.1098975213621753, -2.4694896718533768, 1.1616912737540221, -1.333255723219815], [9.216612267783201, -0.07403747668396413, 0.45646231306618723, 0.47523347313050734, 0.31354258975086996]]], "refit_milp_assignment": [[0.03327888465333295, -3.546595970794897, -0.9228554148946362, -1.3716074414846702, -3.304931366646183], [3.4180091413442204, 1.2370783719623317, 1.5374378891245915, -0.3682174063402349, 1.8425453442046082], [-9.546177439778283, -1.1758519267810086, -0.3751201767399671, 0.22205341429718142, -1.203682842629118]], "refit_ground_truth_assignment": [[-9.766886659404225, -1.723993484316807, -1.0022233190909897, -1.576435405557746, -1.524664583159437], [0.9111156389559811, 1.6397241368911575, 1.3991284186837596, 0.9991857360390148, 1.8503222971448248], [9.834873534027556, 0.012928976747849307, 0.05876198436259546, 0.1613079294196929, 0.1014035675390581]]}