{"ground_truth": [[-10, -1.9625398470201598, -1.4072230479252035, -1.2695330080954466, -1.5525163722286914], [1, 1.0822847424703284, 1.7710797794926707, 1.2389418443543057, 1.224194324375415], [10, 0.1, 0.1, 0.1, 0.1]], "milp": [[-3.6250628897438277, -2.897669370621133, -1.5631495066880094, -1.695623652294418, -3.0805245637116174], [2.616397189009825, 0.687305357519572, 1.9975335259347229, 1.5977511876556956, 0.32809675857403764], [1.0940903700429825, 1.7999418847277946, 1.7009289991596217, 0.64957911533335, 3.585006115061564]], "refit_milp_assignment": [[-4.184460307448612, -2.827437673968251, -1.472891619114522, -1.6247630381324878, -3.092447693968852], [2.9157754556243365, 0.664346424728629, 1.959302048897015, 1.5899562097942581, 0.28833778162519097], [0.9942905443696937, 1.8165108126780134, 1.8323056881221103, 0.6215712950148539, 3.7898105383090863]], "refit_ground_truth_assignment": [[-10.037578893402983, -2.0072052839455363, -1.3952575027635488, -1.3234901371227907, -1.498982507483402], [1.289789569594273, 1.0819078115176877, 1.658226456149916, 1.2708662936202193, 0.995131007932399], [9.808126309511545, 0.10580758837861025, 0.3112127060173602, 0.0075173020705668475, 0.13270885907282462]]}