{"time_milp": 208.2371141910553, "time_refit_milp_assignment": 208.93890118598938, "mse_refit_ground_truth_assignment": 0.12523356218373904, "r2_refit_ground_truth_assignment": 0.9995066410943996, "weight_mismatch_refit_ground_truth_assignment": 1.212872625458108, "refit-weight_mismatch_refit_ground_truth_assignment": 0.0, "rand_score_refit_ground_truth_assignment": 1.0, "label_mismatch_refit_ground_truth_assignment": 0.0, "mse_milp": 8.619440303488492, "r2_milp": 0.9660436263181772, "weight_mismatch_milp": 13.49710884838567, "refit-weight_mismatch_milp": 13.089679962459304, "rand_score_milp": 0.710801393728223, "label_mismatch_milp": 0.30952380952380953, "mse_refit_milp_assignment": 7.99139898156465, "r2_refit_milp_assignment": 0.9685178015620431, "weight_mismatch_refit_milp_assignment": 12.6662035166811, "refit-weight_mismatch_refit_milp_assignment": 12.727189760212283, "rand_score_refit_milp_assignment": 0.710801393728223, "label_mismatch_refit_milp_assignment": 0.30952380952380953, "mse_greedy": NaN, "r2_greedy": NaN, "mse_ground_truth": 0.26433022731623707, "r2_ground_truth": 0.9989586683522225, "weight_mismatch_ground_truth": 0, "rand_score_ground_truth": 1, "label_mismatch_ground_truth": 0, "mse_baseline_sklearn": 221.47527865689986, "r2_baseline_sklearn": 0.1274825701092731, "random_state": 3}