{"ground_truth": [[-10, -1.226766683679238, -1.4963928255666925, -1.1898322044738987], [1, 1.4185631114837824, 1.2624435332802029, 1.3120663702245263], [10, 0.1, 0.1, 0.1]], "milp": [[-4.213728864401488, 5.078377416055038, -7.76842771626953, 6.073613466858214], [1.525785006024137, 1.0518054199361306, 2.537584104831112, 2.9203328394611807], [23.224014978881048, 1.4100471072153866, -20.73196363183749, -12.170049512369333]], "greedy": [[[-8.147116146744217, 1.0378269015042103, -3.8788640456975547, -1.6256029862278818], [5.671064289850854, 5.21571261528237, -9.134161803371505, -14.143167513740087], [11.024135427415173, 1.8072507159115474, -0.11099742633937987, -1.181857328201723]], [[17.699641600165712, 1.5911940488338097, -3.1218901386405795, -0.7626535215305243], [1.7690276382896855, -0.23370902483103917, -6.852067831341378, 6.561485816134133], [14.408921506881711, -0.628526551554463, -12.183367932084714, -10.453217236716153]], [[14.90459291314412, -1.0477827281033474, -13.119681675352528, -9.951315229953845], [2.5803795645245584, 2.2464626994709125, -8.698865370096268, 6.699003141249264], [6.611480118075315, 0.8363627999721237, 2.0573446214661395, 0.289409617116886]], [[19.984714959821062, 5.219238715382703, -20.762644926105157, -12.770016893303843], [-17.916972135231884, -6.278363427783132, 8.185010959194011, 2.1511311443813272], [4.283069222620795, -0.03875267441234995, 3.1358865638175932, 1.7927101697309837]], [[7.793971585847321, 0.8062419449290876, 1.8556614009164192, -0.6336810522734337], [16.79736445440456, 6.673169365087089, -20.003334953299525, -12.84496316207885], [-3.6432292513620936, -3.348684486807162, -0.061428927694286845, -3.457524509141125]], [[2.3467305490496457, -1.6520733674866568, -1.5635104335933083, -0.5704521535001867], [14.236100084779537, 1.4368753669494478, -16.530326241935363, -10.219120318895692], [9.658071788289615, 1.7219060887872029, -0.09149570001128347, 0.269160286368218]], [[-0.38819532711649885, -1.0008129952757565, -8.269532772673626, -5.106971885480421], [7.071605173522684, -3.485161933153729, -2.958527608390058, -1.7628137302167985], [10.00153220782441, 1.4960312691036222, -0.17930207319892172, 0.4040670920195854]], [[-14.935656400993404, 7.183184353318687, -1.339110052375376, 2.5348973182423298], [9.080381340808367, 0.8439237080275895, -13.43153354670279, -8.660580391947782], [7.533402223776771, 3.1483924496982127, -0.5488117391725718, 2.0991607164828685]], [[-3.3409959195388694, -0.35667800953138, -6.789690111097045, -6.570702110415036], [1.5608403000922033, 2.3275843717129674, -0.5450415547570819, 4.544660635511538], [3.9968334098255682, -4.025246435205338, 6.312598811781752, -6.5858040056448015]], [[-0.9487183124003291, -0.17045363821950732, -8.420387601675108, -4.992377081617901], [3.1557928358901597, 2.379296852526956, -1.3166550795414833, 4.12055824816804], [8.511289163628785, -3.7463246345350982, 3.3211701100026234, -4.435001631984266]], [[-8.403426394908077, 1.2773022897800685, -3.9006524573035075, -1.5376125036835488], [5.831460661383481, 5.045811616235337, -9.154571261252455, -14.142606126790538], [11.024135427415173, 1.8072507159115474, -0.11099742633937987, -1.181857328201723]], [[-4.672921861960434, 10.770200463766042, -6.32213882296932, -3.298563301904096], [-6.803094041636275, 3.6204481396384987, -7.910103657056541, -5.611847459148975], [7.032417222142316, 2.303557073113864, 0.3097429363060265, 1.6257046201873542]], [[9.658071788289615, 1.7219060887872029, -0.09149570001128347, 0.269160286368218], [-1.7057399618281188, -0.41706330737569547, 0.3003016785496434, -1.0534195486308662], [7.599718399884075, 0.928905549516976, -12.94977145204201, -8.186169155105894]], [[-2.02668244735794, 0.6103804107603452, -6.812595169228412, -4.727276069946379], [1.8739738971223048, 6.971358012198083, -2.3460336087382516, -0.15569985842371376], [7.032567106855211, 2.596563240893321, 5.459660985766146, -4.210740413353562]], [[11.464079117679928, 2.5152746234598893, 1.148266747459427, -2.753202472138263], [5.1553980141859235, 2.895201328389835, -12.735428592776467, -9.9530501784553], [-7.166154174056511, 1.3216463450655875, 3.842683810612202, -3.5134088770603955]], [[9.658071788289615, 1.7219060887872029, -0.09149570001128347, 0.269160286368218], [-6.2146725272658925, 0.7187794042053902, 2.4850239172508504, -3.0458033378170937], [5.1553980141859235, 2.895201328389835, -12.735428592776467, -9.9530501784553]], [[-3.3245417879346744, -0.4624839041117033, 0.751131128495103, -3.467042774810441], [9.8682622571101, 1.5529999617736845, -0.20083573915527905, -0.05403264107056852], [6.54145147237757, 1.016415101855468, -12.532127311216598, -8.66576875329247]], [[7.737240193167768, 0.28944112043568515, -12.714649784587552, -8.136952598394561], [-0.17061492665818223, -1.7379783547795709, 0.04785624878321274, -1.499904123286895], [9.658071788289615, 1.7219060887872029, -0.09149570001128347, 0.269160286368218]], [[11.464079117679928, 2.5152746234598893, 1.148266747459427, -2.753202472138263], [4.967591572515815, 3.5507681845110226, -12.950580694582777, -10.064795322270045], [-8.644840870717509, 2.6377020054963434, 3.8465923927646344, -2.984422105678498]], [[-8.403426394908077, 1.2773022897800685, -3.9006524573035075, -1.5376125036835488], [5.831460661383481, 5.045811616235337, -9.154571261252455, -14.142606126790538], [11.024135427415173, 1.8072507159115474, -0.11099742633937987, -1.181857328201723]]], "refit_milp_assignment": [[-4.24249795869918, 5.08646276983147, -7.766074865860286, 6.086680297393448], [1.5262516025525565, 1.05202861141691, 2.5370699433544677, 2.921714236135511], [23.60026928762917, 1.4096798331664806, -20.977243267047317, -12.25452026438071]], "refit_ground_truth_assignment": [[14.451854554269023, 1.4578004814175571, -16.652830483868296, -10.290106769342684], [0.8858887466252416, 1.115352729184339, -1.1617158514591805, 3.146780665645862], [6.423203225874739, 0.1389796333910413, 2.7968763825182967, 2.0452692955046263]]}