{"ground_truth": [[-10, 0.2, 0.4, 0.3], [10, -0.2, -0.4, -0.3]], "milp": [[-9.7122756750325, 0.2591364681168848, 0.3358129950485027, 0.2301935981958285], [9.935297615088267, -0.39247006084472413, -0.5541504240876923, -0.5290399371656959]], "refit_milp_assignment": [[-9.71468262208902, 0.2593530882964133, 0.336145750632796, 0.23054933881104286], [9.938321508944481, -0.3928441436943469, -0.5545952971606962, -0.5295340146726611]], "refit_ground_truth_assignment": [[-9.71468262208902, 0.2593530882964133, 0.336145750632796, 0.23054933881104286], [9.938321508944481, -0.3928441436943469, -0.5545952971606962, -0.5295340146726611]]}