{"time_milp": 0.46839094161987305, "time_greedy": 0.9350911617279053, "time_refit_milp_assignment": 0.9054298400878906, "mse_refit_ground_truth_assignment": 2.1129038352915286, "r2_refit_ground_truth_assignment": 0.9764165972199759, "weight_mismatch_refit_ground_truth_assignment": 0.5493596489252426, "refit-weight_mismatch_refit_ground_truth_assignment": 0.0, "rand_score_refit_ground_truth_assignment": 1.0, "label_mismatch_refit_ground_truth_assignment": 0.0, "mse_milp": 2.1129087422972743, "r2_milp": 0.976416542449905, "weight_mismatch_milp": 0.5468940300232754, "refit-weight_mismatch_milp": 0.005949805529348007, "rand_score_milp": 1.0, "label_mismatch_milp": 0.0, "mse_refit_milp_assignment": 2.1129038352915286, "r2_refit_milp_assignment": 0.9764165972199759, "weight_mismatch_refit_milp_assignment": 0.5493596489252426, "refit-weight_mismatch_refit_milp_assignment": 0.0, "rand_score_refit_milp_assignment": 1.0, "label_mismatch_refit_milp_assignment": 0.0, "mse_greedy": 16.111945320965262, "r2_greedy": 0.8201647941911085, "weight_mismatch_greedy": 7.325250254235795, "refit-weight_mismatch_greedy": 7.195966167051525, "rand_score_greedy": 0.7517577030812326, "label_mismatch_greedy": 0.19958333333333333, "mse_greedy_sem": 3.0376367136373656, "r2_greedy_sem": 0.03390490798518259, "weight_mismatch_greedy_sem": 1.6627666166087658, "refit-weight_mismatch_greedy_sem": 1.7376977682520893, "rand_score_greedy_sem": 0.05235879956414399, "label_mismatch_greedy_sem": 0.04392758444802761, "mse_ground_truth": 2.2997794444516324, "r2_ground_truth": 0.9740177020143966, "weight_mismatch_ground_truth": 0, "rand_score_ground_truth": 1, "label_mismatch_ground_truth": 0, "mse_baseline_sklearn": 88.03336846585853, "r2_baseline_sklearn": 0.017434392083790495, "mse_milp_val": 2.646383447569514, "r2_milp_val": 0.9695227929140504, "label_mismatch_milp_val": 0.0, "mse_refit_milp_assignment_val": 2.6473114857450866, "r2_refit_milp_assignment_val": 0.9695121051160722, "label_mismatch_refit_milp_assignment_val": 0.0, "mse_greedy_val": 25.546197655301583, "label_mismatch_greedy_val": 0.16812500000000002, "mse_greedy_val_sem": 4.812296829106697, "label_mismatch_greedy_val_sem": 0.03827569441427206, "r2_greedy_val": 0.705795939392576, "r2_greedy_val_sem": 0.05542105667054534, "mse_refit_ground_truth_assignment_val": 2.6473114857450866, "r2_refit_ground_truth_assignment_val": 0.9695121051160722, "label_mismatch_refit_ground_truth_assignment_val": 0.0, "mse_ground_truth_val": 2.1671054430473005, "r2_ground_truth_val": 0.9750424219795132, "label_mismatch_ground_truth_val": 0.0, "mse_baseline_sklearn_val": 86.93629451531781, "r2_baseline_sklearn_val": -0.0012061757950678764, "random_state": 9}