{"ground_truth": [[-10, 0.2, 0.4, 0.3], [10, -0.2, -0.4, -0.3]], "milp": [[-10.10767164390637, 0.22377122854479645, 0.2654079213420105, 0.6034773878545563], [10.093630574342413, -0.2405299350693747, -0.27164460181949723, -0.40933873428056494]], "greedy": [[[-5.162538489047996, -1.4908194197370592, 4.1818036202454465, 0.9098755933137477], [4.4198556694018265, 1.5212765045958563, -2.90379231986549, -0.9141948446816768]], [[10.497039019155807, -1.312494579354342, -2.7619399367410264, -1.4456848740297137], [-10.341325734846254, 0.8788944126637266, 2.8662900274844336, 1.2632380253466988]], [[-3.765873915980887, 3.9648207179378088, 1.0465155033122333, 0.052149390556871976], [5.685140605448919, -3.5547665081136977, -1.6336728160791365, -1.003190541612645]], [[-8.341057584680618, 1.6351861790170898, 4.5940393223920015, 0.37829428126474895], [8.870215354979244, -1.5808878496990812, -3.4535791070052437, -1.0959283555069772]], [[10.095675395203145, -0.24037714840730526, -0.2723098980967912, -0.4097364911746673], [-10.111220681913474, 0.22389507791200805, 0.26616793685232804, 0.6046182328840164]], [[-10.111220681913474, 0.22389507791200805, 0.26616793685232804, 0.6046182328840164], [10.095675395203145, -0.24037714840730526, -0.2723098980967912, -0.4097364911746673]], [[10.095675395203145, -0.24037714840730526, -0.2723098980967912, -0.4097364911746673], [-10.111220681913474, 0.22389507791200805, 0.26616793685232804, 0.6046182328840164]], [[-10.111220681913474, 0.22389507791200805, 0.26616793685232804, 0.6046182328840164], [10.095675395203145, -0.24037714840730526, -0.2723098980967912, -0.4097364911746673]], [[-3.0766189570877867, -2.478992187461068, 2.3956931471413045, -0.11899562792302491], [3.3794393679648485, 2.8770061576135655, -1.8064689082544116, -0.14184375191751894]], [[10.095675395203145, -0.24037714840730526, -0.2723098980967912, -0.4097364911746673], [-10.111220681913474, 0.22389507791200805, 0.26616793685232804, 0.6046182328840164]], [[-7.348397937280523, 2.1699896137372674, 4.488895067138365, -0.32170231992320353], [8.123029603378283, -1.9595342944711553, -3.422785667307155, -0.6043260732837041]], [[8.43380981656911, -2.4131726313989934, -3.0461844629117745, -0.25421223270544774], [-7.277103567518298, 2.6073017325827825, 3.7783712255130073, -0.7262913254079665]], [[10.095675395203145, -0.24037714840730526, -0.2723098980967912, -0.4097364911746673], [-10.111220681913474, 0.22389507791200805, 0.26616793685232804, 0.6046182328840164]], [[-10.111220681913474, 0.22389507791200805, 0.26616793685232804, 0.6046182328840164], [10.095675395203145, -0.24037714840730526, -0.2723098980967912, -0.4097364911746673]], [[3.654344667474289, 0.3456706763963327, -1.3990571855559821, 2.420024555591029], [-3.0224021488397157, -0.15325876739306496, 1.3658026678585111, -2.6145697605456064]], [[-10.111220681913474, 0.22389507791200805, 0.26616793685232804, 0.6046182328840164], [10.095675395203145, -0.24037714840730526, -0.2723098980967912, -0.4097364911746673]], [[-10.111220681913474, 0.22389507791200805, 0.26616793685232804, 0.6046182328840164], [10.095675395203145, -0.24037714840730526, -0.2723098980967912, -0.4097364911746673]], [[4.847992740043251, 2.3037874519554857, -1.6902694688528634, -1.9995654514138284], [-6.841944334848256, -2.342905207148089, 2.300003427277019, 3.52812486132668]], [[2.2807250646240558, 0.1289658103344021, 2.597230984264209, -2.6224544170780644], [-3.526901111068481, -0.3823054777258215, -2.0634716590573126, 3.047633059259816]], [[3.3709123932043092, -3.5616260674878184, -0.1262335730291626, -0.6659101512557188], [-1.5629964082128969, 3.889960088563993, -0.3808555535509098, -0.03613618786078657]]], "refit_milp_assignment": [[-10.110806343350824, 0.22392528616270116, 0.26601929122682577, 0.6041412026879819], [10.09619672678218, -0.24087628307280842, -0.2722346865730519, -0.4097278009013566]], "refit_ground_truth_assignment": [[-10.110806343350824, 0.22392528616270116, 0.26601929122682577, 0.6041412026879819], [10.09619672678218, -0.24087628307280842, -0.2722346865730519, -0.4097278009013566]]}