{"time_milp": 4.1323628425598145, "time_refit_milp_assignment": 4.794189929962158, "mse_refit_ground_truth_assignment": 3.042100635626552, "r2_refit_ground_truth_assignment": 0.9330355639334422, "weight_mismatch_refit_ground_truth_assignment": 1.730166309044778, "refit-weight_mismatch_refit_ground_truth_assignment": 0.0, "rand_score_refit_ground_truth_assignment": 1.0, "label_mismatch_refit_ground_truth_assignment": 0.0, "mse_milp": 2.323426944568938, "r2_milp": 0.9488554148200099, "weight_mismatch_milp": 2.443253289694533, "refit-weight_mismatch_milp": 0.8171807343780351, "rand_score_milp": 0.7312629399585922, "label_mismatch_milp": 0.15714285714285714, "mse_refit_milp_assignment": 2.323306723413308, "r2_refit_milp_assignment": 0.948858061195937, "weight_mismatch_refit_milp_assignment": 2.4725156593988293, "refit-weight_mismatch_refit_milp_assignment": 0.8473912463089981, "rand_score_refit_milp_assignment": 0.7312629399585922, "label_mismatch_refit_milp_assignment": 0.15714285714285714, "mse_greedy": NaN, "r2_greedy": NaN, "mse_ground_truth": 3.2635477082226, "r2_ground_truth": 0.9281609459930235, "weight_mismatch_ground_truth": 0, "rand_score_ground_truth": 1, "label_mismatch_ground_truth": 0, "mse_baseline_sklearn": 13.490862590701065, "r2_baseline_sklearn": 0.7030158524915917, "random_state": 42}