{"time_milp": 4.258643865585327, "time_greedy": 1.2363009095191955, "time_refit_milp_assignment": 4.866873025894165, "mse_refit_ground_truth_assignment": 0.09846395509312475, "r2_refit_ground_truth_assignment": 0.9995786654168162, "weight_mismatch_refit_ground_truth_assignment": 0.8726750262860636, "refit-weight_mismatch_refit_ground_truth_assignment": 0.0, "rand_score_refit_ground_truth_assignment": 1.0, "label_mismatch_refit_ground_truth_assignment": 0.0, "mse_milp": 8.105368731968465, "r2_milp": 0.965316524681489, "weight_mismatch_milp": 26.20191806875711, "refit-weight_mismatch_milp": 25.906352376355933, "rand_score_milp": 0.6898954703832753, "label_mismatch_milp": 0.38095238095238093, "mse_refit_milp_assignment": 7.449785106844959, "r2_refit_milp_assignment": 0.9681218157463495, "weight_mismatch_refit_milp_assignment": 34.479044068753936, "refit-weight_mismatch_refit_milp_assignment": 34.187667200899256, "rand_score_refit_milp_assignment": 0.6898954703832753, "label_mismatch_refit_milp_assignment": 0.38095238095238093, "mse_greedy": 12.507731054252146, "r2_greedy": 0.9464784890538382, "weight_mismatch_greedy": 34.36202825646628, "refit-weight_mismatch_greedy": 34.14756353519257, "rand_score_greedy": 0.6247967479674796, "label_mismatch_greedy": 0.4738095238095238, "mse_greedy_sem": 2.3224491776452205, "r2_greedy_sem": 0.009937932670928821, "weight_mismatch_greedy_sem": 3.162295908920692, "refit-weight_mismatch_greedy_sem": 3.1758705757220658, "rand_score_greedy_sem": 0.01970065126809034, "label_mismatch_greedy_sem": 0.028587088440278453, "mse_ground_truth": 0.26382896741184586, "r2_ground_truth": 0.9988710562366587, "weight_mismatch_ground_truth": 0, "rand_score_ground_truth": 1, "label_mismatch_ground_truth": 0, "mse_baseline_sklearn": 216.69094502340025, "r2_baseline_sklearn": 0.07276333847446026, "random_state": 9}