{"ground_truth": [[-10, -1.864759132177002, -1.3164391875996473, -1.6737645152531817, -1.9674887030917638, -1.3033539442448794, -1.4294969880465398], [1, 1.4665195690083246, 1.1589611878371593, 1.0001624066321049, 1.4580996069083323, 1.412124034524107, 1.334301782955284], [10, 0.1, 0.1, 0.1, 0.1, 0.1, 0.1]], "milp": [[-1.4188102372155975, -1.0480004246343158, 1.157623161842789, -5.11716433887639, -1.9835332619238928, 0.5746802142238776, -1.499329134305855], [4.4333457367011135, 0.9758386603367638, 0.2761156935086249, 1.4470667601902587, 0.6960431812229553, 0.8661808523273051, 0.07410092847934749], [1.522108867134539, -3.1574168884722145, -2.1613222259623055, -0.8431892246131635, -0.8893911708709332, -3.253654548701414, -2.8257248961770935]], "greedy": [[[-5.241256054772453, -2.0855371347333804, 2.0749636084744605, 1.3676592330632282, 3.7204621617270974, -0.978294533884926, 2.9400267626181167], [2.821083834644952, 1.8285538369028513, 0.08224749923070086, 2.6373912128688257, 1.5568437493463807, 1.3422213901413078, -1.2858068235382658], [-3.855044687416804, -0.4566836397672046, -3.1950003874907886, -0.09770928178324484, -4.791975592984505, -1.4718139966596169, -3.157062389170541]], [[-7.389155674404928, 0.5648507622274349, -1.8636787353259696, -2.1429480021066616, 0.5698405164683278, -4.624905902271776, -1.644466688853586], [6.985827203867812, 1.6205328528721903, -0.7959914759104526, 3.151073672605817, 2.704303156232392, 0.07749971975077882, -4.58803742066106], [-0.3783263330009048, -3.976321162599093, -1.5650888812109436, -0.9690074816520179, -3.3343302114729907, 3.587480538714809, 1.2561184285228848]], [[3.1113633008445847, 1.3717554935321437, 0.45349004580659175, 1.2592795270635304, 1.2174201460842866, 1.3232118648201845, 0.3404240996569941], [6.359227365769755, -3.654899751042847, -2.909953800205791, 0.019397787643364448, -1.8736091146343892, -3.45869786871527, -3.316740395468935], [-18.848351208298695, 5.249968943702765, -5.374422837596203, -2.6424115438691196, -0.794753099400676, 1.0163636450986409, 7.020970860109985]], [[3.860227278125776, 0.9295924750466258, 0.7012031250574441, 0.4214531210328083, 0.8426718220165609, 1.2784770394546279, 0.48785871015783233], [10.00290525539397, -7.545322012593798, -2.074994690381943, -1.660380407777937, -2.8831167997207827, -0.9293634487647293, -1.9491871128982081], [-3.9671617271086816, -1.2859649532186441, 1.768672023776439, -0.4434762095609429, -2.7825720534928373, -3.86080461531416, -3.774323059896443]], [[-3.4316372141881413, 0.7922669073615201, 0.6493342981094715, 4.5494022531893625, 0.7964700609229385, 0.9156365034222061, -0.8660629402853708], [12.894195095544902, -5.007455227269105, -3.31738617024516, -2.938662935359916, -4.683751541576153, 0.458355854554785, -4.268516721714751], [-10.010749706622963, 0.9066336410340404, 3.3003307948158525, -1.9911175627305577, 2.1585496020056123, -2.636297376191063, -0.26253873874265127]], [[-7.537390860102442, 2.3509619600586187, 2.809464614162497, -3.460686132418081, -1.701027989675895, 4.620241645064487, 2.417190787283759], [20.70629598117698, -6.540069653165027, -4.824664220849037, -0.5924345326672441, -4.300804410315873, -2.5881867908580296, -4.187114353801128], [9.497377775310346, 1.8095879572814308, -2.464987063083735, 3.061336246725906, 3.401535894502509, 0.07137163864449217, -5.640428859704704]], [[4.108315897876688, -1.1863002221728203, -3.1315099586343376, 5.337573375272437, 0.27077860291189465, -2.2343245613625706, 0.44154194658881163], [11.708708255644991, 5.693669866177659, -7.775595840081143, -1.683086477355468, 0.5291238615515, -2.0257464100031948, -5.581055197204887], [-2.4834556274598416, -1.0069017355733032, 5.309933109733291, -6.6044756676754135, -1.2925124751893171, 5.35576810114668, -4.915376080808978]], [[6.871648741886211, -0.46351275974704453, -0.6691616232874279, 2.6497753482992747, 2.9648685242765196, 1.1554708707339734, -3.5626926366302074], [14.593641244029168, -5.564056122929777, -4.448769160496562, 0.29087822358636906, 2.4603844299826583, -3.7944178330144345, -4.7136515006540645], [-10.576600325882323, 2.6743974300060263, -0.25168588796217556, -3.1061773609666834, -2.6825742546341664, 2.072781142104855, 5.079691140001033]], [[6.660343498571769, -7.38561846518297, -3.4740084637504776, -0.6943551865814144, -0.904182217628973, -2.3665094249615843, 1.8180895087053937], [-2.1167126202795017, -3.8122603687820518, 1.2337058318049934, 4.679019553324803, 0.986123865174805, -2.426501851969616, -4.1285074776523665], [-2.9052336461757697, 3.892066808319691, 2.9765761177218666, 0.9536761868142374, -0.2571003050472406, 1.0326709734610156, -3.318072703186027]], [[1.6177943613030923, 1.3825353103403326, 1.0516437768272866, 0.8684529836974243, 1.433238159193905, 1.296520280447582, 0.8637897589526123], [9.768305771789905, -0.3073224650607678, -0.40997390164539754, 0.4021148386083667, 0.47692453046649136, 0.6360311592288693, -0.045102941489118184], [-10.22629667218852, -1.7577925947193278, -1.3310662670635525, -1.717059970039858, -1.9946750419199863, -1.3229134327012433, -1.4053672937194441]], [[-4.051660271242222, -2.2687742115836804, 0.8790357714068835, -1.743412970849284, -1.890115410869864, -4.348882728368721, -2.2298686974649273], [3.380331240278452, 1.205434163139641, 0.9855512190451057, 0.31170662362285295, 0.7038508069090706, 1.3406702220053033, 0.27463327086689565], [12.359945446781422, -9.603183810148044, -1.9863805167497404, -2.841550577595323, -0.6600095972649912, -1.2519872242533037, -0.2481558253549401]], [[1.0369604257750806, -1.0770898022146087, 3.238816049635641, 2.216298653145747, 3.369206817018981, -2.9906138537375977, -2.6547649769826753], [-4.523256449667319, -1.238082073346923, -6.375815429527911, 0.4238217704269248, 3.8633047372654605, -2.6110932529685194, 4.9286334483284655], [7.801453136501303, -0.020988109327893193, 2.195279708305269, -4.63900765770394, -8.268229731257714, -1.0413029961985265, -0.4864171883575687]], [[8.469850045637623, -6.846473393205651, -3.2670863985323715, -1.7217981147799077, -2.0504149229140483, -1.0836502426205292, -2.0496663864501863], [-1.3583319396868185, 1.4181719264280908, 4.728634105151123, -2.8118197275458767, -4.503015139105379, -2.0179008879270413, -0.38996534802454946], [9.371544840520057, 1.2380023386540036, -1.7431037151862743, 3.2467412622141594, 2.754940935188633, 1.0135483575552138, -5.2666941579620525]], [[-4.253113194081267, 3.4011465202730844, 3.913429706092367, 0.3888347228616184, -2.032504629616247, 0.7960876747559918, -1.1386503800369154], [8.268228430522132, 0.7811635513540415, -2.8292224484089683, 3.138735769704849, 3.943837124090932, -1.6197713603910084, -2.842333035434598], [3.000144439731331, -6.279855366097938, -2.2174891567353643, -2.9407701296182545, 3.019138094493763, -1.8198460248902142, -2.2476529373340073]], [[2.0784112032697317, 1.5231259284633105, 0.8167988748470665, 0.927344726493086, 1.3299334746202385, 1.5593129116269095, 1.0486321761524553], [9.26072937529489, 0.13705742499062962, 0.16011492268956484, 0.3496076181910807, -0.034311685810554195, 0.3174486604306801, -0.0293137075532662], [-10.22629667218852, -1.7577925947193278, -1.3310662670635525, -1.717059970039858, -1.9946750419199863, -1.3229134327012433, -1.4053672937194441]], [[-3.6477416610735327, -3.8137740427253948, 1.2093969308332535, 3.0180725028957007, 0.4438005807098611, -4.104787339456752, 3.438108341146097], [10.015149447399237, 0.39168224312179295, 0.8920624380710516, 2.477358837537527, 0.2918291065530801, 0.8304022433717134, -3.351545047282758], [-0.8212263393298471, -1.176928260414166, -2.0618667784644624, -4.405899401401975, 0.2524724677286821, -1.6281362240113737, -3.808318583753686]], [[-12.175288286175316, 4.547112335437321, 5.583664358970257, 0.8393814829829113, -3.565543707807938, 1.4401444227206084, -0.9379321109020906], [-0.21340247576588123, 1.155318765085609, 0.2270117224298219, 4.226934956985408, 3.082677536180348, -4.102446157479506, 2.4301322143275335], [9.312262030658255, 