{"ground_truth": [[-5, 2, 4], [5, -2, -4]], "milp": [[6.588498481950593, -1.989130803186295, -4.56825398672343], [-6.805609321610095, 2.5579953159175335, 4.86103897085978]], "refit_milp_assignment": [[6.603626755034179, -1.9918801885470734, -4.5704789619974004], [-6.829099167722061, 2.5638241579374847, 4.876593383116046]], "refit_ground_truth_assignment": [[-5.900204664488177, 2.6287911225912604, 4.154641015535052], [4.490590279509091, -1.5936259936441455, -4.322637215294467]]}