{"time_milp": 0.4127490520477295, "time_refit_milp_assignment": 0.8674149513244629, "mse_refit_ground_truth_assignment": 2.24427323869477, "r2_refit_ground_truth_assignment": 0.9742392819111921, "weight_mismatch_refit_ground_truth_assignment": 0.4722402661747181, "refit-weight_mismatch_refit_ground_truth_assignment": 0.0, "rand_score_refit_ground_truth_assignment": 1.0, "label_mismatch_refit_ground_truth_assignment": 0.0, "mse_milp": 2.2442781643113037, "r2_milp": 0.9742392253728809, "weight_mismatch_milp": 0.4753484871456326, "refit-weight_mismatch_milp": 0.006104005594942763, "rand_score_milp": 1.0, "label_mismatch_milp": 0.0, "mse_refit_milp_assignment": 2.24427323869477, "r2_refit_milp_assignment": 0.9742392819111921, "weight_mismatch_refit_milp_assignment": 0.4722402661747181, "refit-weight_mismatch_refit_milp_assignment": 0.0, "rand_score_refit_milp_assignment": 1.0, "label_mismatch_refit_milp_assignment": 0.0, "mse_greedy": NaN, "r2_greedy": NaN, "mse_ground_truth": 2.2997794444516324, "r2_ground_truth": 0.9734827638529994, "weight_mismatch_ground_truth": 0, "rand_score_ground_truth": 1, "label_mismatch_ground_truth": 0, "mse_baseline_sklearn": 83.39374778470126, "r2_baseline_sklearn": 0.04284448702256605, "mse_milp_val": 2.3681734706983355, "r2_milp_val": 0.9725061107694418, "label_mismatch_milp_val": 0.0, "mse_refit_milp_assignment_val": 2.36689503186332, "r2_refit_milp_assignment_val": 0.9725209531178394, "label_mismatch_refit_milp_assignment_val": 0.0, "mse_refit_ground_truth_assignment_val": 2.36689503186332, "r2_refit_ground_truth_assignment_val": 0.9725209531178394, "label_mismatch_refit_ground_truth_assignment_val": 0.0, "mse_ground_truth_val": 2.1671054430473005, "r2_ground_truth_val": 0.9748404592234063, "label_mismatch_ground_truth_val": 0.0, "mse_baseline_sklearn_val": 86.15345377950786, "r2_baseline_sklearn_val": -0.00021959723470588166, "random_state": 9}