{"time_milp": 2090.8034806251526, "time_greedy": 0.5893316149711609, "time_refit_milp_assignment": 2098.588539838791, "mse_refit_ground_truth_assignment": 6.13987238683541, "r2_refit_ground_truth_assignment": 0.9472107730080289, "weight_mismatch_refit_ground_truth_assignment": 3.5354088121650187, "refit-weight_mismatch_refit_ground_truth_assignment": 0.0, "rand_score_refit_ground_truth_assignment": 1.0, "label_mismatch_refit_ground_truth_assignment": 0.0, "mse_milp": 12.541044335478029, "r2_milp": 0.8921749517854157, "weight_mismatch_milp": 6.113336390199049, "refit-weight_mismatch_milp": 7.260536828891052, "rand_score_milp": 0.75, "label_mismatch_milp": 0.3333333333333333, "mse_refit_milp_assignment": 13.358055851250592, "r2_refit_milp_assignment": 0.8851504725057411, "weight_mismatch_refit_milp_assignment": 6.255358205305834, "refit-weight_mismatch_refit_milp_assignment": 7.464457708184674, "rand_score_refit_milp_assignment": 0.75, "label_mismatch_refit_milp_assignment": 0.3333333333333333, "mse_greedy": 116.41681250850304, "r2_greedy": -0.0009252886704735896, "weight_mismatch_greedy": 22.956050966705313, "refit-weight_mismatch_greedy": 23.750597820028837, "rand_score_greedy": 0.9115414710485134, "label_mismatch_greedy": 0.0736111111111111, "mse_greedy_sem": 0.0, "r2_greedy_sem": 0.0, "weight_mismatch_greedy_sem": 1.3268026938822534e-15, "refit-weight_mismatch_greedy_sem": 1.630096831708e-15, "rand_score_greedy_sem": 0.001521856562785621, "label_mismatch_greedy_sem": 0.0014601596751051293, "mse_ground_truth": 7.141246298992527, "r2_ground_truth": 0.9381302916021929, "weight_mismatch_ground_truth": 0, "rand_score_ground_truth": 1, "label_mismatch_ground_truth": 0, "mse_baseline_sklearn": 113.19922323433212, "r2_baseline_sklearn": 0.02673881244754417, "mse_milp_val": 13.216946163262058, "r2_milp_val": 0.8835328493518745, "label_mismatch_milp_val": 0.3333333333333333, "mse_refit_milp_assignment_val": 14.214285624154002, "r2_refit_milp_assignment_val": 0.874744337709004, "label_mismatch_refit_milp_assignment_val": 0.3333333333333333, "mse_greedy_val": 115.27665858600858, "label_mismatch_greedy_val": 0.14583333333333337, "mse_greedy_val_sem": 0.0, "label_mismatch_greedy_val_sem": 6.367565748859375e-18, "r2_greedy_val": -0.01581286599078857, "r2_greedy_val_sem": 0.0, "mse_refit_ground_truth_assignment_val": 7.423603125168424, "r2_refit_ground_truth_assignment_val": 0.9345835344374669, "label_mismatch_refit_ground_truth_assignment_val": 0.125, "mse_ground_truth_val": 8.082729921457956, "r2_ground_truth_val": 0.928775337980327, "label_mismatch_ground_truth_val": 0.125, "mse_baseline_sklearn_val": 114.50804777619537, "r2_baseline_sklearn_val": -0.009039901202211542}