{"time_milp": 125.5823347568512, "time_refit_milp_assignment": 126.25964975357056, "mse_refit_ground_truth_assignment": 11.844351574554594, "r2_refit_ground_truth_assignment": 0.8679949705823032, "weight_mismatch_refit_ground_truth_assignment": 3.676322941880346, "refit-weight_mismatch_refit_ground_truth_assignment": 0.0, "rand_score_refit_ground_truth_assignment": 1.0, "label_mismatch_refit_ground_truth_assignment": 0.0, "mse_milp": 9.476587835860563, "r2_milp": 0.8943836436990259, "weight_mismatch_milp": 2.4552003798908744, "refit-weight_mismatch_milp": 2.9611381814676205, "rand_score_milp": 0.8393939393939394, "label_mismatch_milp": 0.13333333333333333, "mse_refit_milp_assignment": 9.476579083198207, "r2_refit_milp_assignment": 0.8943837412472492, "weight_mismatch_refit_milp_assignment": 2.446023050476405, "refit-weight_mismatch_refit_milp_assignment": 2.974826740526108, "rand_score_refit_milp_assignment": 0.8393939393939394, "label_mismatch_refit_milp_assignment": 0.13333333333333333, "mse_greedy": NaN, "r2_greedy": NaN, "mse_ground_truth": 13.389757144502672, "r2_ground_truth": 0.8507714605877563, "weight_mismatch_ground_truth": 0, "rand_score_ground_truth": 1, "label_mismatch_ground_truth": 0, "mse_baseline_sklearn": 86.52378879900682, "r2_baseline_sklearn": 0.03570601476635571, "random_state": 6}