{"ground_truth": [[-10, -1.4359949021420038, -1.0259262318278912], [1, 1.4503375221212909, 1.5646776073817232], [10, 0.1, 0.1]], "milp": [[0.3613263659749995, 1.7017956844478188, 1.6891583623625241], [-9.903232870886615, -1.6578823065826835, -0.7495083323789005], [8.835837733793547, 0.775658936327857, 0.4475847536226824]], "refit_milp_assignment": [[0.36108241213735726, 1.7020503853263511, 1.6894028996550432], [-9.91299647479918, -1.6566376879504567, -0.7484759102986193], [8.843671821418367, 0.7753989280590717, 0.44585140858727473]], "refit_ground_truth_assignment": [[-9.442146694078389, -1.4144649498986204, -0.7791133531673374], [2.598286009045142, 1.148346066968358, 1.330313355384368], [8.755940306659955, 0.7182526295173132, 0.4062229481454398]]}