{"time_milp": 18040.840316295624, "time_refit_milp_assignment": 18043.64009833336, "mse_refit_ground_truth_assignment": 45.56941772667158, "r2_refit_ground_truth_assignment": 0.7835719444604972, "weight_mismatch_refit_ground_truth_assignment": 6.841868434580478, "refit-weight_mismatch_refit_ground_truth_assignment": 0.0, "rand_score_refit_ground_truth_assignment": 1.0, "label_mismatch_refit_ground_truth_assignment": 0.0, "mse_milp": 31.045224869728944, "r2_milp": 0.8525533573274205, "weight_mismatch_milp": 10.876491356791568, "refit-weight_mismatch_milp": 6.62815069170256, "rand_score_milp": 0.742436974789916, "label_mismatch_milp": 0.25833333333333336, "mse_refit_milp_assignment": 31.04519894522086, "r2_refit_milp_assignment": 0.8525534804536564, "weight_mismatch_refit_milp_assignment": 10.88979619033279, "refit-weight_mismatch_refit_milp_assignment": 6.642121608960833, "rand_score_refit_milp_assignment": 0.742436974789916, "label_mismatch_refit_milp_assignment": 0.25833333333333336, "mse_greedy": NaN, "r2_greedy": NaN, "mse_ground_truth": 52.16994615032583, "r2_ground_truth": 0.7522232987342519, "weight_mismatch_ground_truth": 0, "rand_score_ground_truth": 1, "label_mismatch_ground_truth": 0, "mse_baseline_sklearn": 205.3846942009954, "r2_baseline_sklearn": 0.024458249450746483, "random_state": 6}