{"time_greedy": 1.9531095027923584, "mse_refit_ground_truth_assignment": 106.10909687821041, "r2_refit_ground_truth_assignment": 0.4041528569534346, "weight_mismatch_refit_ground_truth_assignment": 0.8431949068305066, "refit-weight_mismatch_refit_ground_truth_assignment": 0.0, "rand_score_refit_ground_truth_assignment": 1.0, "label_mismatch_refit_ground_truth_assignment": 0.0, "mse_milp": NaN, "r2_milp": NaN, "mse_refit_milp_assignment": NaN, "r2_refit_milp_assignment": NaN, "mse_greedy": 43.46619941870192, "r2_greedy": 0.7559190351751617, "weight_mismatch_greedy": 21.974364347754896, "refit-weight_mismatch_greedy": 22.282166899879826, "rand_score_greedy": 0.5008248816768087, "label_mismatch_greedy": 0.46549019607843145, "mse_greedy_sem": 1.4204550086925298, "r2_greedy_sem": 0.007976451441548663, "weight_mismatch_greedy_sem": 0.9211387143541836, "refit-weight_mismatch_greedy_sem": 0.9334937210895576, "rand_score_greedy_sem": 0.00042654005272091145, "label_mismatch_greedy_sem": 0.003013516147401867, "mse_ground_truth": NaN, "r2_ground_truth": NaN, "weight_mismatch_ground_truth": 0, "rand_score_ground_truth": 1, "label_mismatch_ground_truth": 0, "mse_baseline_sklearn": 0.5529406201294832, "r2_baseline_sklearn": 0.367035531278332}