{"ground_truth": [[-10, -1.717177390918296, -1.889922275704346, -1.5571539010494546], [1, 1.3666172680801936, 1.4677592818802476, 1.6542408282908307], [10, 0.1, 0.1, 0.1]], "milp": [[-16.25828151505977, 0.36218607081118825, -2.3181122354701715, -1.7338123034163346], [6.214790046557205, -5.907957656319199, 1.0437837816681514, -2.7144632152580637], [11.955437098180726, 1.9689779302885415, 0.6618455698963996, 0.6693305436932651]], "greedy": [[[-1.311990578623858, 12.698861038478137, -2.6528224868243537, 5.062997174880843], [11.779349857803187, -1.7823186378947304, 3.237812895006449, -1.3331457954348473], [-15.241572508494054, -3.3142516524543786, -1.9241780557792552, -3.0890696744188753]], [[32.61622602278847, -24.25445449716903, -6.791689675276699, -0.6124580331189552], [14.984475498951113, 3.060895268140503, 0.5422102656606429, -1.975978998467619], [-14.068186985989481, 2.8340962084405756, -3.1914027839322725, -4.8161494917484005]], [[-1.6301936793557257, 12.52168441144027, -2.865796926024199, 5.50737030850245], [14.63480546834207, -1.1005417976450556, 1.7031806896724206, -1.126040058090191], [-14.97378973816921, -1.5017560098475773, -2.6130931767833463, -2.601130775023843]], [[9.139517281595154, -1.3385962781640008, 3.986646828381157, -1.5076770141960796], [-12.596452811702614, -4.289176376639963, -2.010051145028303, -4.758815583968546], [-3.6979227178967555, 13.185051470921822, -2.2631650553820726, 5.175622918404419]], [[-15.855479400156241, -1.57777447279429, -2.2271663872379834, -1.9991963441831706], [14.481880933920092, -1.02690163219168, 1.3903552403663648, 0.11445321211332807], [2.9672994888956037, 12.803801999071725, -7.337081307221681, -2.4080135125308786]], [[9.896405538223839, -17.09954426715426, 0.14866244686414265, -3.7471696885856414], [-18.645412197668605, 4.246639655917964, -2.8301791085151886, -2.1086948711454316], [10.56393375882509, 5.143961290062771, -1.8960137878294692, 1.6122091926663664]], [[2.3155052852108042, 11.691799061307929, -2.408330007526485, 0.07806826779665638], [8.013852877290436, -3.946342606739511, 3.103942665959202, 2.2530343917511853], [-11.493256895415255, -0.1075686635725881, -2.1801608865375663, -6.181339122655219]], [[-10.804745980681927, 1.7004020328871836, 0.16481242188992584, 7.3939492030457625], [17.181387809756057, 4.5251185313755835, 2.747110734978172, -1.9952812370322968], [-22.4700161515707, 3.088878772109519, -2.3022905675949352, -4.2976994274052975]], [[15.320179888795852, 3.429776632479993, -0.2992417554393801, -1.9372476730683335], [3.894104878946863, -13.777551003506963, 3.7617639504945273, 5.97441835114422], [-17.83176040926893, 2.5504296705188896, -1.3812458275573467, -4.325200590760749]], [[-22.4700161515707, 3.088878772109519, -2.3022905675949352, -4.2976994274052975], [-10.804745980681927, 1.7004020328871836, 0.16481242188992584, 7.3939492030457625], [17.181387809756057, 4.5251185313755835, 2.747110734978172, -1.9952812370322968]], [[0.6962970141389144, 0.9531778894709221, 7.680997415800004, -3.003537720969079], [11.367087872356832, 5.138101352205898, -8.585473537966049, 2.4594907367067202], [-34.01960224628965, -1.3147884333788251, -2.8991461271799635, 9.07298245455231]], [[8.724981109012743, -10.906642146665972, -3.0682015098002355, -2.3814375108129715], [-3.2811365401010435, 13.213364516592215, -5.640570467416095, -6.079783485659136], [1.8846689011366067, 1.3337501842987645, 2.012964308707427, 3.4877836980416683]], [[-1.894650669256404, 9.474279123158329, -2.4858565520671667, -5.962490938622621], [-27.826288473375232, 2.868313287451656, -3.483843315977605, -3.185996533193366], [13.57532741678106, -0.0027175356951413127, 1.4205263697921988, 0.7034397699930262]], [[5.043071848392637, 10.792842762063628, -5.473378037049236, -3.712735791682108], [5.790913922467114, -2.1952038287050413, 2.799145812245862, 3.0654645038987245], [-11.96289940369681, 1.1156825555757304, -4.223595235113687, -6.503331375993836]], [[-0.42702249966854655, -0.8291963984614233, -0.14295627345023812, 5.155493378675235], [-17.13796026036119, 2.1747577091893113, -2.4627858913117295, -4.434507366404287], [19.587762475521316, 4.875733691123723, 1.8940671225803962, -1.142385863788302]], [[17.871754888776486, 2.563395172141358, -0.9767909139011445, 0.04829395002870399], [-14.014700034615675, 3.7367935076965475, -2.459139552549887, -3.2220475493183494], [5.2738725795329255, -16.257367254869894, -1.17815500217115, -3.9169223248100615]], [[0.8452314610776135, 0.7570377350192317, 7.4898948287250215, -2.9915797667405837], [-36.085585809817076, -1.3857770271986118, -2.490465711060232, 10.849449377088932], [10.95795222918904, 4.944035720826485, -8.719996842739587, 1.32940391763948]], [[-5.7304583206311825, 10.541741319614083, -3.3278771418195756, 5.489518479876504], [-12.745290961778249, -2.0452345882513536, -2.98702498058532, -2.933884487373847], [16.36583586755097, 0.09382491736931337, 2.9593314388122227, -1.756580117453206]], [[-3.4419438690206565, -9.52233267263797, 0.6360459269227807, 1.186751660450365], [-4.555819590954683, 11.439954844980832, -3.8030437988890307, -6.0107192393409825], [16.64017690276675, -3.2733919227367703, 3.0816580886626737, 1.4320340668132454]], [[-8.74574166399542, -4.702435211193118, -2.359462229309963, -1.3251934168570554], [-9.533129290816511, 13.599255689196484, -4.838275730236125, -5.1222169859484925], [13.719981527275959, -1.2660240898531878, 2.272610430480078, 0.318035137963906]]], "refit_milp_assignment": [[-16.265309766536426, 0.36291263919544053, -2.316708292055579, -1.7335899360569442], [6.222584768235757, -5.911304515000871, 1.0439620379560903, -2.713593120455727], [11.962884057859833, 1.9674013109935231, 0.6615283379171888, 0.6676640472116977]], "refit_ground_truth_assignment": [[-15.364032302961043, -1.0539930737063246, -2.8747698831932476, -1.7881657508197726], [3.352742059563446, 3.183382165069112, 1.3993155425171493, -0.7474098807547236], [13.700363196250375, 0.374803311619484, 0.6779671233562248, 0.8252215807771791]]}