{"ground_truth": [[-10, -1.5826848885290346, -1.0255509418496929], [1, 1.3377979807316742, 1.6124765741267186], [10, 0.1, 0.1], [5, -3.4970737987345126, -3.414905837374687]], "milp": [[-7.5485582306878865, -1.2646228781297217, -2.320959280925647], [-0.06314328906975346, 2.662048941022553, 5.60394944864676], [7.223482037409305, -0.8007572822921999, 0.25515388468856154], [1.768991457298975, -1.0345508819844504, -3.360297942544421]], "refit_milp_assignment": [[-7.560449477117456, -1.265933668387577, -2.3199814102135656], [-0.06462639689356164, 2.663185879204493, 5.6080376001404675], [7.2446171828053565, -0.8027537159125049, 0.2494547265011996], [1.7727594983715393, -1.0351566144460658, -3.361353703879321]], "refit_ground_truth_assignment": [[-7.744164734907809, -1.225878276056446, -1.752248991098096], [-1.1815292860376017, 2.078396602902995, 2.0133151762919907], [6.099637210150183, 0.7748024848106184, 1.3156011415322382], [4.029085396821613, -2.7188088370425394, -2.971845918222893]]}