{"ground_truth": [[-10, 0.2, 0.4], [10, -0.2, -0.4]], "milp": [[10.454282088800593, -0.3331756824834438, -0.5276490376936404], [-9.32372921714291, 0.09562185704709547, -0.03160585802552207]], "greedy": [[[-9.47581457115198, 0.18397517838969657, 0.03938977927802614], [10.889394376819423, -0.3235493276897593, -0.5760563959554065]], [[4.07293095396872, 0.12044035098074167, -5.294528868477408], [-1.2121476235467996, -0.3613194214561075, 3.13038851665211]], [[-7.506265370809724, 2.833014024209224, 1.1323000035958284], [7.498314021601692, -2.8315423847402275, -1.573242201955011]], [[10.748335217569975, -0.3554794894211695, -0.5923270415557924], [-9.601079435398429, 0.1413937142710642, 0.0148494044784701]], [[1.0270136898032907, 1.2921053806881206, 2.438182184452712], [0.8852624746707249, -1.7730827575072199, -3.4985493622570774]], [[-7.073645825155959, 3.01533732286325, 0.8785830427354219], [6.91378736936446, -3.017798287893012, -1.2357615160701647]], [[-9.601079435398429, 0.1413937142710642, 0.0148494044784701], [10.748335217569975, -0.3554794894211695, -0.5923270415557924]], [[-9.601079435398429, 0.1413937142710642, 0.0148494044784701], [10.748335217569975, -0.3554794894211695, -0.5923270415557924]], [[10.889394376819423, -0.3235493276897593, -0.5760563959554065], [-9.47581457115198, 0.18397517838969657, 0.03938977927802614]], [[-9.601079435398429, 0.1413937142710642, 0.0148494044784701], [10.748335217569975, -0.3554794894211695, -0.5923270415557924]], [[-9.601079435398429, 0.1413937142710642, 0.0148494044784701], [10.748335217569975, -0.3554794894211695, -0.5923270415557924]], [[-9.601079435398429, 0.1413937142710642, 0.0148494044784701], [10.748335217569975, -0.3554794894211695, -0.5923270415557924]], [[10.748335217569975, -0.3554794894211695, -0.5923270415557924], [-9.601079435398429, 0.1413937142710642, 0.0148494044784701]], [[5.4927098423639, -0.35727414502001503, -5.291547493664002], [-2.97025499159436, 0.28350259322749694, 3.2292009444175274]], [[10.748335217569975, -0.3554794894211695, -0.5923270415557924], [-9.601079435398429, 0.1413937142710642, 0.0148494044784701]], [[10.889394376819423, -0.3235493276897593, -0.5760563959554065], [-9.47581457115198, 0.18397517838969657, 0.03938977927802614]], [[0.0749961625025275, 1.3161321814123441, 2.6415634151624325], [1.9876248817469246, -1.605946858753861, -3.953812052743227]], [[10.748335217569975, -0.3554794894211695, -0.5923270415557924], [-9.601079435398429, 0.1413937142710642, 0.0148494044784701]], [[1.9876248817469246, -1.605946858753861, -3.953812052743227], [0.0749961625025275, 1.3161321814123441, 2.6415634151624325]], [[6.91378736936446, -3.017798287893012, -1.2357615160701647], [-7.073645825155959, 3.01533732286325, 0.8785830427354219]]], "refit_milp_assignment": [[10.752508835998464, -0.3563833818400818, -0.5951835037489688], [-9.602587334145774, 0.14236662486903912, 0.015130347626123183]], "refit_ground_truth_assignment": [[-9.477736253417852, 0.18534213468824975, 0.03966199882672739], [10.893470262698164, -0.3242609565007048, -0.5789267258734572]]}