{"time_milp": 0.4290649890899658, "time_greedy": 1.0467435359954833, "time_refit_milp_assignment": 0.9372580051422119, "mse_refit_ground_truth_assignment": 12.168039270819145, "r2_refit_ground_truth_assignment": 0.8992957235637782, "weight_mismatch_refit_ground_truth_assignment": 2.485552800205543, "refit-weight_mismatch_refit_ground_truth_assignment": 0.0, "rand_score_refit_ground_truth_assignment": 1.0, "label_mismatch_refit_ground_truth_assignment": 0.0, "mse_milp": 12.168045417815758, "r2_milp": 0.8992956726904343, "weight_mismatch_milp": 2.4799297769116864, "refit-weight_mismatch_milp": 0.006751552703914657, "rand_score_milp": 1.0, "label_mismatch_milp": 0.0, "mse_refit_milp_assignment": 12.168039270819145, "r2_refit_milp_assignment": 0.8992957235637782, "weight_mismatch_refit_milp_assignment": 2.485552800205543, "refit-weight_mismatch_refit_milp_assignment": 0.0, "rand_score_refit_milp_assignment": 1.0, "label_mismatch_refit_milp_assignment": 0.0, "mse_greedy": 29.939283991364313, "r2_greedy": 0.7522185896786697, "weight_mismatch_greedy": 10.841514973320894, "refit-weight_mismatch_greedy": 10.58321169066867, "rand_score_greedy": 0.7609033613445377, "label_mismatch_greedy": 0.20041666666666663, "mse_greedy_sem": 4.147902463019511, "r2_greedy_sem": 0.034328580551851055, "weight_mismatch_greedy_sem": 2.330438030222306, "refit-weight_mismatch_greedy_sem": 2.7850512014401674, "rand_score_greedy_sem": 0.054986305018623526, "label_mismatch_greedy_sem": 0.0468467507470428, "mse_ground_truth": 15.147380641120282, "r2_ground_truth": 0.8743777361269711, "weight_mismatch_ground_truth": 0, "rand_score_ground_truth": 1, "label_mismatch_ground_truth": 0, "mse_baseline_sklearn": 118.13173230616354, "r2_baseline_sklearn": 0.022326410913301675, "mse_milp_val": 14.840002543192787, "r2_milp_val": 0.8763048397518758, "label_mismatch_milp_val": 0.0, "mse_refit_milp_assignment_val": 14.83916259374335, "r2_refit_milp_assignment_val": 0.8763118409421685, "label_mismatch_refit_milp_assignment_val": 0.0, "mse_greedy_val": 40.73325654040612, "label_mismatch_greedy_val": 0.180625, "mse_greedy_val_sem": 6.045129165520019, "label_mismatch_greedy_val_sem": 0.04408681440008303, "r2_greedy_val": 0.6604780436843871, "r2_greedy_val_sem": 0.05038767471051462, "mse_refit_ground_truth_assignment_val": 14.83916259374335, "r2_refit_ground_truth_assignment_val": 0.8763118409421685, "label_mismatch_refit_ground_truth_assignment_val": 0.0, "mse_ground_truth_val": 16.39863059660433, "r2_ground_truth_val": 0.8633132822185923, "label_mismatch_ground_truth_val": 0.0, "mse_baseline_sklearn_val": 120.36046531595825, "r2_baseline_sklearn_val": -0.0032348041358980506, "random_state": 7}