{"time_milp": 25.58247971534729, "time_refit_milp_assignment": 26.038472890853882, "mse_refit_ground_truth_assignment": 25.88951235645432, "r2_refit_ground_truth_assignment": 0.8627971375412519, "weight_mismatch_refit_ground_truth_assignment": 6.840688021636883, "refit-weight_mismatch_refit_ground_truth_assignment": 0.0, "rand_score_refit_ground_truth_assignment": 1.0, "label_mismatch_refit_ground_truth_assignment": 0.0, "mse_milp": 25.889520656429877, "r2_milp": 0.8627970935550852, "weight_mismatch_milp": 6.833400031019529, "refit-weight_mismatch_milp": 0.007590478052905438, "rand_score_milp": 1.0, "label_mismatch_milp": 0.0, "mse_refit_milp_assignment": 25.88951235645432, "r2_refit_milp_assignment": 0.8627971375412519, "weight_mismatch_refit_milp_assignment": 6.840688021636883, "refit-weight_mismatch_refit_milp_assignment": 0.0, "rand_score_refit_milp_assignment": 1.0, "label_mismatch_refit_milp_assignment": 0.0, "mse_greedy": NaN, "r2_greedy": NaN, "mse_ground_truth": 45.16599113611999, "r2_ground_truth": 0.7776207563996128, "weight_mismatch_ground_truth": 0, "rand_score_ground_truth": 1, "label_mismatch_ground_truth": 0, "mse_baseline_sklearn": 187.16166841767756, "r2_baseline_sklearn": 0.008126677092139989, "mse_milp_val": 32.31743159142728, "r2_milp_val": 0.8560982389600579, "label_mismatch_milp_val": 0.0, "mse_refit_milp_assignment_val": 32.309162980814975, "r2_refit_milp_assignment_val": 0.8561350570972016, "label_mismatch_refit_milp_assignment_val": 0.0, "mse_refit_ground_truth_assignment_val": 32.309162980814975, "r2_refit_ground_truth_assignment_val": 0.8561350570972016, "label_mismatch_refit_ground_truth_assignment_val": 0.0, "mse_ground_truth_val": 54.07934844571107, "r2_ground_truth_val": 0.7591976498746636, "label_mismatch_ground_truth_val": 0.0, "mse_baseline_sklearn_val": 224.80729991563794, "r2_baseline_sklearn_val": -0.001012913448113384, "random_state": 4}