{"time_milp": 29.588348150253296, "time_refit_milp_assignment": 30.291007041931152, "mse_refit_ground_truth_assignment": 0.14326370810565975, "r2_refit_ground_truth_assignment": 0.9995039123858139, "weight_mismatch_refit_ground_truth_assignment": 1.3739567244616202, "refit-weight_mismatch_refit_ground_truth_assignment": 0.0, "rand_score_refit_ground_truth_assignment": 1.0, "label_mismatch_refit_ground_truth_assignment": 0.0, "mse_milp": 14.28240026680567, "r2_milp": 0.9505434979528431, "weight_mismatch_milp": 9.345826936515545, "refit-weight_mismatch_milp": 9.783731197572891, "rand_score_milp": 0.5728813559322034, "label_mismatch_milp": 0.3, "mse_refit_milp_assignment": 14.282240561216561, "r2_refit_milp_assignment": 0.9505440509747195, "weight_mismatch_refit_milp_assignment": 9.377116736343664, "refit-weight_mismatch_refit_milp_assignment": 9.821352887843462, "rand_score_refit_milp_assignment": 0.5728813559322034, "label_mismatch_refit_milp_assignment": 0.3, "mse_greedy": NaN, "r2_greedy": NaN, "mse_ground_truth": 0.31757421627582394, "r2_ground_truth": 0.9989208435057615, "weight_mismatch_ground_truth": 0, "rand_score_ground_truth": 1, "label_mismatch_ground_truth": 0, "mse_baseline_sklearn": 222.6826696294834, "r2_baseline_sklearn": 0.22890370661345116, "mse_milp_val": 152.2872978246899, "r2_milp_val": 0.4779489639640697, "label_mismatch_milp_val": 0.225, "mse_refit_milp_assignment_val": 152.4165059471712, "r2_refit_milp_assignment_val": 0.4775060298837547, "label_mismatch_refit_milp_assignment_val": 0.225, "mse_refit_ground_truth_assignment_val": 23.964899919556615, "r2_refit_ground_truth_assignment_val": 0.917846721228817, "label_mismatch_refit_ground_truth_assignment_val": 0.175, "mse_ground_truth_val": 25.6891901588507, "r2_ground_truth_val": 0.9119357390345806, "label_mismatch_ground_truth_val": 0.175, "mse_baseline_sklearn_val": 309.64062389475794, "r2_baseline_sklearn_val": -0.06146875551732767, "random_state": 8}