{"time_milp": 1.2716190814971924, "time_greedy": 1.4806576013565063, "time_refit_milp_assignment": 1.9181580543518066, "mse_refit_ground_truth_assignment": 11.223362995098816, "r2_refit_ground_truth_assignment": 0.8925727495520274, "weight_mismatch_refit_ground_truth_assignment": 2.9154585741488614, "refit-weight_mismatch_refit_ground_truth_assignment": 0.0, "rand_score_refit_ground_truth_assignment": 1.0, "label_mismatch_refit_ground_truth_assignment": 0.0, "mse_milp": 18.003183126950088, "r2_milp": 0.8276779906803189, "weight_mismatch_milp": 10.342440028768467, "refit-weight_mismatch_milp": 9.010547531009214, "rand_score_milp": 0.734920634920635, "label_mismatch_milp": 0.3888888888888889, "mse_refit_milp_assignment": 18.003131805629046, "r2_refit_milp_assignment": 0.827678481915291, "weight_mismatch_refit_milp_assignment": 10.318317983235449, "refit-weight_mismatch_refit_milp_assignment": 8.98753337404587, "rand_score_refit_milp_assignment": 0.734920634920635, "label_mismatch_refit_milp_assignment": 0.3888888888888889, "mse_greedy": 6.840023940544633, "r2_greedy": 0.9345289851845742, "weight_mismatch_greedy": 18.898395838246138, "refit-weight_mismatch_greedy": 18.972523932389926, "rand_score_greedy": 0.6955555555555554, "label_mismatch_greedy": 0.4805555555555555, "mse_greedy_sem": 0.5627128602790169, "r2_greedy_sem": 0.005386148108894587, "weight_mismatch_greedy_sem": 1.4365308912820263, "refit-weight_mismatch_greedy_sem": 1.3883477701438294, "rand_score_greedy_sem": 0.005926398318283962, "label_mismatch_greedy_sem": 0.016134284604565046, "mse_ground_truth": 13.337326542427641, "r2_ground_truth": 0.8723384141272575, "weight_mismatch_ground_truth": 0, "rand_score_ground_truth": 1, "label_mismatch_ground_truth": 0, "mse_baseline_sklearn": 101.47150752553317, "r2_baseline_sklearn": 0.02864612786902976, "random_state": 7}