{"ground_truth": [[10, -1.684138809622056, -1.7632274192427109, -1.6835190881803066, -1.1981650341556729, -1.564860121606288, -1.5750670025429296, -1.599811422629032, -1.6100512270503908, -1.8552115751730403, -1.0826594289700542, -1.9996661226660832, -1.9235839630512652, -1.5723531771134316, -1.2289463261129445, -1.3389888823174991, -1.7819809849661588], [-10, 1.1113681373250328, 1.7344948268784424, 1.1798593361268481, 1.6105181884262179, 1.6216681588125956, 1.221680994959835, 1.3691781017659772, 1.5772488311643702, 1.049754502752568, 1.3534413305369797, 1.9632788523347655, 1.2405136055303534, 1.5526387330080431, 1.7749287659918702, 1.9770116818022756, 1.2292360300037881]], "milp": [[9.827583987601173, -1.7619988903233328, -1.834829027596946, -1.6599893795310765, -1.1692158585181252, -1.5002943876374577, -1.5098556684749325, -1.6213920550662861, -1.580208795519675, -1.7638708046975944, -1.2181715046200856, -1.9760454416117839, -1.8676940888784785, -1.455413464295392, -1.2238381801368519, -1.2988232133489979, -1.8425775278587713], [-9.812333768609971, 1.082285322935424, 1.7406444166268922, 1.1414747342089548, 1.6389781177915879, 1.6752861639220493, 1.118683224198715, 1.308049569621179, 1.6274207492133235, 0.9230360612184896, 1.3395076093934057, 1.8868445535843843, 1.1324066586898922, 1.6433237461020627, 1.7877135529743622, 1.920987185000592, 1.2278542214758195]], "refit_milp_assignment": [[9.891499347007805, -1.7655116956878678, -1.8439063387469925, -1.66026877164233, -1.1652180374140657, -1.504602166457912, -1.5110837506870993, -1.6173341189627546, -1.586973327176895, -1.7668307422978402, -1.2245932543405431, -1.9770773126387207, -1.8753753116345993, -1.4541525813295353, -1.2211004389872757, -1.300215357626149, -1.856755110765324], [-9.84954117179441, 1.088379529136205, 1.7411416232994659, 1.1408099810137138, 1.6397950547155182, 1.677720257575964, 1.1239861939671587, 1.3134093425597941, 1.6325178070959125, 0.9254019130725172, 1.3432416355372931, 1.8906418109728915, 1.1341852809811421, 1.6422783834193382, 1.787939025014232, 1.9245359399408104, 1.2285276523103557]], "refit_ground_truth_assignment": [[9.891499347007805, -1.7655116956878678, -1.8439063387469925, -1.66026877164233, -1.1652180374140657, -1.504602166457912, -1.5110837506870993, -1.6173341189627546, -1.586973327176895, -1.7668307422978402, -1.2245932543405431, -1.9770773126387207, -1.8753753116345993, -1.4541525813295353, -1.2211004389872757, -1.300215357626149, -1.856755110765324], [-9.84954117179441, 1.088379529136205, 1.7411416232994659, 1.1408099810137138, 1.6397950547155182, 1.677720257575964, 1.1239861939671587, 1.3134093425597941, 1.6325178070959125, 0.9254019130725172, 1.3432416355372931, 1.8906418109728915, 1.1341852809811421, 1.6422783834193382, 1.787939025014232, 1.9245359399408104, 1.2285276523103557]]}