{"X": [[-0.5600588812395622, 2.7485136969406945], [-1.5314816720639386, 1.2198062939480188], [-1.4843699506020718, -2.5585505830090685], [-0.07290367606466175, -1.0920686423459363], [-0.21161052101867828, 3.1834005003654715], [0.3864669607149819, 0.11403319150574676], [1.2302781829212068, 0.5395872744507998], [-0.670054241050591, 0.9090499691661604], [5.460545838369828, 2.552481935406556], [-0.4631444159443414, 4.1397312411194385], [2.9475090583195556, 2.843690946013517], [1.4392053872460837, -0.60799232311686], [4.006429598830601, 0.3308315347228834], [1.0102240131621947, 3.320469166701107], [-1.5870757923604621, 2.0222875628580077], [0.46297564128446334, 1.5942732785562104], [0.5479863811625226, 3.4366868058592615], [2.9686561820263684, 1.6454467372204502], [-1.5432668542572743, 1.5573073473368324], [2.37762576218421, 3.3123815349780044], [2.4246300964609913, 0.4173818782132577], [3.8623488926814944, 3.214312886532417], [-0.8391328117414873, 3.12911723936882], [0.7937667868018773, 0.2351443711065423], [0.19974154711260517, 3.49993162021349], [0.9954934891298175, -0.28645387686303536], [3.1510851260581396, -2.739021102917959], [-1.2107792007068219, 1.698082960707748], [-0.4199582623917708, 0.5127070254023971], [2.338894532964675, 1.969647683325568], [0.6975218096165169, 2.66216244590197], [-0.29751107146842903, -0.8412426927013394], [-0.01709015308166828, 0.9586485629218386], [1.276760814085953, 1.8935497079961845], [1.356252570382557, -1.811163898639827], [0.742735739311041, -0.6944035465818148], [-0.3623867739280642, -0.6047508346667652], [2.296579079308053, -1.47078832970224], [-0.8890711517909085, 3.231796872450562], [1.7717434645000396, 1.0306325906483962], [2.3690791753244502, -2.052002800623052], [0.5793974611660296, 2.9732106867085726]], "y": [-10.931695177789056, -8.304277310416676, -4.6751099031548335, -9.679367470678358, -13.033050459891033, -10.98376985692979, -12.789905639086964, -10.052852791908855, -22.38309735805156, -13.667265066924307, -18.835866960737118, -11.499387633692965, -17.044087460889767, -14.359360386397412, 0.8732168288543147, 3.37748884345605, 5.579797896040118, 6.812023246440631, 0.8686014998717198, 8.039021063966185, 4.710384541394726, 10.711078180477216, 4.054027115303482, 2.641376810718307, 4.8655756739206035, 1.8787087720799467, 3.0954538588945764, 0.9841936615977183, 9.624856701141448, 10.315838860490055, 10.708496558754534, 10.874180015146175, 9.47209417650605, 10.003822596614029, 9.552625819885984, 8.795291632683588, 9.441390228292622, 9.570641194539162, 10.7962615515447, 10.214280489114392, 9.220064914552516, 10.678598540922547], "z": [0, 0, 0, 0, 0, 0, 0, 0, 0, 0, 0, 0, 0, 0, 1, 1, 1, 1, 1, 1, 1, 1, 1, 1, 1, 1, 1, 1, 2, 2, 2, 2, 2, 2, 2, 2, 2, 2, 2, 2, 2, 2], "regression_weights": [[[-10], -1.7833174726985073, -1.0277453615395444], [[1], 1.574833419643193, 1.1608537026080072], [[10], 0.1, 0.1]], "ground_truth_mse": 0.26433022731623707, "ground_truth_r2": 0.9973974812311526, "train": [0, 1, 2, 3, 4, 5, 6, 7, 8, 9, 10, 11, 12, 13, 14, 15, 16, 17, 18, 19, 20, 21, 22, 23, 24, 25, 26, 27, 28, 29, 30, 31, 32, 33, 34, 35, 36, 37, 38, 39, 40, 41], "val": null, "input_args": {"N": 42, "K": 3, "D": 2, "noise_std": 0.5, "outlier_ratio": 0.0}}