{"time_milp": 0.40113306045532227, "time_refit_milp_assignment": 1.0888309478759766, "mse_refit_ground_truth_assignment": 0.19433909571037614, "r2_refit_ground_truth_assignment": 0.9980865936172256, "weight_mismatch_refit_ground_truth_assignment": 0.4816029232766201, "refit-weight_mismatch_refit_ground_truth_assignment": 0.0, "rand_score_refit_ground_truth_assignment": 1.0, "label_mismatch_refit_ground_truth_assignment": 0.0, "mse_milp": 0.6995239908178822, "r2_milp": 0.9931126896312747, "weight_mismatch_milp": 2.8707341679692497, "refit-weight_mismatch_milp": 2.845198787637845, "rand_score_milp": 0.9686411149825784, "label_mismatch_milp": 0.023809523809523808, "mse_refit_milp_assignment": 0.20239075384428926, "r2_refit_milp_assignment": 0.9980073193260233, "weight_mismatch_refit_milp_assignment": 0.4663089528709149, "refit-weight_mismatch_refit_milp_assignment": 0.24255211480493233, "rand_score_refit_milp_assignment": 0.9686411149825784, "label_mismatch_refit_milp_assignment": 0.023809523809523808, "mse_greedy": NaN, "r2_greedy": NaN, "mse_ground_truth": 0.26433022731623707, "r2_ground_truth": 0.9973974812311526, "weight_mismatch_ground_truth": 0, "rand_score_ground_truth": 1, "label_mismatch_ground_truth": 0, "mse_baseline_sklearn": 99.11086572258225, "r2_baseline_sklearn": 0.024183155825193037, "random_state": 3}