{"ground_truth": [[0.4882732332317704, 1.913054051637159, -95.84201819925069, 100.12273877108514, 29.89315278611688, -20.179659168948962, 108.77226933155343, -124.6828637467412, 2.537713785818684, 7.489012581375489, -2.7711770190281393, -50.63218329467029, 28.177946400312926, 17.91417337202498, -0.4918746162079399, -1.7824913126605402], [0.08034685176230567, -0.9806264278425105, 0.6048625259310236, 0.3385259800974385, 0.7464659133110821, 0.5229692153425008, -0.10969947826039772, -0.11084804356124293, -0.7230183422494134, 0.9884024790938588, 0.3051484517214291, -0.4254876704292564, -0.6066398685363663, -0.07109738497834113, 0.4166733897416414, -0.28704869829003843]], "milp": [[-0.2876129766523644, 0.4478483095047745, -0.38264442818614486, 1.0379993725127743, -0.21721231681746345, -2.5523792821810756, -0.7419923792518393, -2.8258019667929593, 3.972088837957473, 1.9310257394242658, -0.19942061946381384, 2.106211567704408, -1.142879370399843, -4.800928529439028, 4.010127581137236, -0.10564321839814361], [-0.1512176916063851, -0.31963989775637824, -0.8260761460206922, 1.6156697479197442, -2.3248069067532016, 2.4347239419092577, -2.0195581318064786, 0.7923745423860558, 0.9054156306162369, -1.6297908248186326, 2.278521406349822, -0.008100617122897941, 2.4748064082926264, -3.2287533247042814, 1.585319760180314, -1.1796037550589793]], "refit_milp_assignment": [[-0.37191650559072426, 0.4625324267869754, -1.0355643121256004, 1.4226887870946032, -0.11058188181233618, -3.5025958154805292, -0.6525209701241493, -3.554307001017204, 4.679189126704936, 1.40503735347045, 1.0268115466112766, 3.303050184872328, -1.7582696295423768, -6.689648865464841, 5.607873720731243, -0.2513710911195498], [0.0803641114804562, -0.09361432144188463, -2.746823494209094, 3.645814923450942, -6.054482317015927, 6.8189885377934365, -4.189043081966225, 3.7250551971492247, -0.3025107548924698, -5.663411626434716, 7.616495859240719, -1.8039251419884317, 4.732933167531501, -7.781157906536651, 5.121091406977497, -2.228475768309647]], "refit_ground_truth_assignment": [[0.48829723773757683, 1.913180037737085, -95.84317276667223, 100.12383230793837, 29.89714781622638, -20.18430732198738, 108.76913617523714, -124.6793143359888, 2.537651044630876, 7.489214891436899, -2.7714207525718204, -50.63327456387603, 28.17942267924902, 17.914109251894192, -0.49187383547550584, -1.782524898962282], [0.08034685148978553, -0.9806264262833307, 0.6048625247248778, 0.33852597962243114, 0.7464659104284023, 0.5229692130733485, -0.10969947784082601, -0.11084804319769558, -0.7230183405922713, 0.9884024778408265, 0.3051484520290686, -0.42548766947302097, -0.6066398670559123, -0.07109738461499485, 0.4166733888639116, -0.28704869708512676]]}