{"ground_truth": [[-10, 0.2, 0.4, 0.3], [10, -0.2, -0.4, -0.3]], "milp": [[-10.370715255117963, 0.12040180353104941, 0.5803236181050605, 0.09022793629519661], [8.892582488575695, 0.20743661623617932, -0.3408121532610686, -0.22763021185938573]], "refit_milp_assignment": [[-10.37532399903481, 0.12126761689470263, 0.5808803422933652, 0.09112575923996576], [8.895447812451259, 0.207044478195284, -0.3411905885507227, -0.228102915531169]], "refit_ground_truth_assignment": [[-10.37532399903481, 0.12126761689470263, 0.5808803422933652, 0.09112575923996576], [8.895447812451259, 0.207044478195284, -0.3411905885507227, -0.228102915531169]]}