{"time_milp": 0.12523221969604492, "time_greedy": 0.8045963406562805, "time_refit_milp_assignment": 0.5729973316192627, "mse_refit_ground_truth_assignment": 9.27438497349781, "r2_refit_ground_truth_assignment": 0.8960193739642318, "weight_mismatch_refit_ground_truth_assignment": 3.4150816712689482, "refit-weight_mismatch_refit_ground_truth_assignment": 0.0, "rand_score_refit_ground_truth_assignment": 1.0, "label_mismatch_refit_ground_truth_assignment": 0.0, "mse_milp": 7.655327129704649, "r2_milp": 0.9141715909216697, "weight_mismatch_milp": 1.4870008193246755, "refit-weight_mismatch_milp": 4.564228057527751, "rand_score_milp": 0.7968253968253968, "label_mismatch_milp": 0.1111111111111111, "mse_refit_milp_assignment": 7.655325598793403, "r2_refit_milp_assignment": 0.9141716080856229, "weight_mismatch_refit_milp_assignment": 1.4900493204183047, "refit-weight_mismatch_refit_milp_assignment": 4.56983327603001, "rand_score_refit_milp_assignment": 0.7968253968253968, "label_mismatch_refit_milp_assignment": 0.1111111111111111, "mse_greedy": 7.546029455527121, "r2_greedy": 0.9153969919178229, "weight_mismatch_greedy": 3.7235124622381357, "refit-weight_mismatch_greedy": 3.483839502339941, "rand_score_greedy": 0.7267460317460317, "label_mismatch_greedy": 0.16527777777777777, "mse_greedy_sem": 1.1359516880745542, "r2_greedy_sem": 0.012735827551897737, "weight_mismatch_greedy_sem": 1.002198415196106, "refit-weight_mismatch_greedy_sem": 0.9257711142707761, "rand_score_greedy_sem": 0.013309380461913288, "label_mismatch_greedy_sem": 0.01643046564859011, "mse_ground_truth": 12.894581558069918, "r2_ground_truth": 0.8554312046880984, "weight_mismatch_ground_truth": 0, "rand_score_ground_truth": 1, "label_mismatch_ground_truth": 0, "mse_baseline_sklearn": 87.97949680343288, "r2_baseline_sklearn": 0.01360874959668501, "random_state": 9}