{"ground_truth": [[-10, -1.5826848885290346, -1.0255509418496929], [1, 1.3377979807316742, 1.6124765741267186]], "milp": [[2.2580001278608246, 1.3590905670131388, 1.7009700689299454], [-10.02248961620633, -1.462011348988884, -1.21496621223442]], "greedy": [[[0.11000951199657649, 1.5762126451055036, 2.6282543368376907], [-11.39187596082789, -1.3318544082040586, -0.9359570512599845]], [[-10.416022890767998, -1.2058677213837363, -1.203341999349726], [1.8535204311638456, 1.4703993187204831, 1.8355185367178704]], [[-1.054403470758654, 2.3347652504967944, 2.799603711919368], [-10.24878127318255, -2.275514531143537, -1.0643054343551224]], [[-10.24878127318255, -2.275514531143537, -1.0643054343551224], [-1.054403470758654, 2.3347652504967944, 2.799603711919368]], [[-1.054403470758654, 2.3347652504967944, 2.799603711919368], [-10.24878127318255, -2.275514531143537, -1.0643054343551224]], [[-10.24878127318255, -2.275514531143537, -1.0643054343551224], [-1.054403470758654, 2.3347652504967944, 2.799603711919368]], [[-1.054403470758654, 2.3347652504967944, 2.799603711919368], [-10.24878127318255, -2.275514531143537, -1.0643054343551224]], [[0.11000951199657649, 1.5762126451055036, 2.6282543368376907], [-11.39187596082789, -1.3318544082040586, -0.9359570512599845]], [[1.8535204311638456, 1.4703993187204831, 1.8355185367178704], [-10.416022890767998, -1.2058677213837363, -1.203341999349726]], [[-1.054403470758654, 2.3347652504967944, 2.799603711919368], [-10.24878127318255, -2.275514531143537, -1.0643054343551224]], [[-10.24878127318255, -2.275514531143537, -1.0643054343551224], [-1.054403470758654, 2.3347652504967944, 2.799603711919368]], [[-11.39187596082789, -1.3318544082040586, -0.9359570512599845], [0.11000951199657649, 1.5762126451055036, 2.6282543368376907]], [[4.950300106226094, -0.24773444344664075, -4.450231405462566], [-5.826497345688504, 1.7102543923960467, 3.688239781596433]], [[1.8535204311638456, 1.4703993187204831, 1.8355185367178704], [-10.416022890767998, -1.2058677213837363, -1.203341999349726]], [[-10.24878127318255, -2.275514531143537, -1.0643054343551224], [-1.054403470758654, 2.3347652504967944, 2.799603711919368]], [[0.11000951199657649, 1.5762126451055036, 2.6282543368376907], [-11.39187596082789, -1.3318544082040586, -0.9359570512599845]], [[-11.39187596082789, -1.3318544082040586, -0.9359570512599845], [0.11000951199657649, 1.5762126451055036, 2.6282543368376907]], [[1.8535204311638456, 1.4703993187204831, 1.8355185367178704], [-10.416022890767998, -1.2058677213837363, -1.203341999349726]], [[0.11000951199657649, 1.5762126451055036, 2.6282543368376907], [-11.39187596082789, -1.3318544082040586, -0.9359570512599845]], [[-11.39187596082789, -1.3318544082040586, -0.9359570512599845], [0.11000951199657649, 1.5762126451055036, 2.6282543368376907]]], "refit_milp_assignment": [[2.2611342853405167, 1.3588338404438216, 1.7000238804441983], [-10.02796670337171, -1.4622517574577882, -1.2143800770802948]], "refit_ground_truth_assignment": [[-9.694358178003004, -2.0529742424382795, -1.147478530122693], [-1.2675978727327664, 2.4703056068527025, 2.895938184534398]]}