{"ground_truth": [[-10, -1.8085751671049515, -1.3145454730891515, -1.4312256333395998], [1, 1.6164379345957802, 1.6406448655678303, 1.7084465536495328], [10, 0.1, 0.1, 0.1]], "milp": [[-21.6949687824183, 9.297256318351554, 2.6983469256142394, -2.310434974672048], [10.802230092605766, -14.803766794617836, -0.052722021882517484, 9.373243575400505], [2.2635491631913034, 3.868016923401237, 5.915961234827148, -1.6571917709211785]], "refit_milp_assignment": [[-21.77250214422641, 9.318540666427804, 2.726720989839582, -2.2985809698250064], [10.829841637644092, -14.817360112555091, -0.059862540799509166, 9.37256182920551], [2.2656599839861578, 3.869126825464129, 5.919658113767126, -1.6609030374618112]], "refit_ground_truth_assignment": [[-16.580904784287007, 1.6003713319157418, 0.3677533973883389, -2.6228502622852785], [-3.946424153347407, 1.2446400220353961, 4.915164029477208, 5.74022171076827], [14.398534831109812, -4.421345526993406, 2.917613838861668, -0.8918847100754088]]}