{"time_milp": 28.210349082946777, "time_refit_milp_assignment": 29.11441922187805, "mse_refit_ground_truth_assignment": 14.522679815157852, "r2_refit_ground_truth_assignment": 0.9144931584589261, "weight_mismatch_refit_ground_truth_assignment": 28.22267855545126, "refit-weight_mismatch_refit_ground_truth_assignment": 0.0, "rand_score_refit_ground_truth_assignment": 1.0, "label_mismatch_refit_ground_truth_assignment": 0.0, "mse_milp": 14.138827228408935, "r2_milp": 0.9167532111990556, "weight_mismatch_milp": 57.05868351870268, "refit-weight_mismatch_milp": 74.57663991187117, "rand_score_milp": 0.6178861788617886, "label_mismatch_milp": 0.5, "mse_refit_milp_assignment": 14.137120306065672, "r2_refit_milp_assignment": 0.9167632612407963, "weight_mismatch_refit_milp_assignment": 57.30531675703696, "refit-weight_mismatch_refit_milp_assignment": 74.86665618455767, "rand_score_refit_milp_assignment": 0.6178861788617886, "label_mismatch_refit_milp_assignment": 0.5, "mse_greedy": NaN, "r2_greedy": NaN, "mse_ground_truth": 30.85271015951205, "r2_ground_truth": 0.8183449726703623, "weight_mismatch_ground_truth": 0, "rand_score_ground_truth": 1, "label_mismatch_ground_truth": 0, "mse_baseline_sklearn": 152.19355732033551, "r2_baseline_sklearn": 0.10391260049818685, "random_state": 12}