{"ground_truth": [[-10, -1.825589548855929, -1.2903445353497576, -1.6615059758407127], [1, 1.6522496637852497, 1.7264331132239166, 1.9413302825828826], [10, 0.1, 0.1, 0.1]], "milp": [[-29.574607389749662, 6.453652608279801, 3.0536055754744678, 15.658955647972178], [5.473366156796798, -0.8153942552753759, -9.863383172498786, -4.238941488756685], [5.380813233823954, 1.0836151368359097, 2.446225462536577, -0.013327039681203917]], "refit_milp_assignment": [[-29.745105060245457, 6.500705599285459, 3.0890004250743406, 15.718749824413905], [5.5593310478071825, -0.8490704699230623, -9.872387385341154, -4.264151145148559], [5.399970870059053, 1.079908286515048, 2.4404308648693926, -0.01852603130905601]], "refit_ground_truth_assignment": [[-25.75537575763785, 3.64972346373311, 1.6775385278854982, 1.8545431200238818], [4.473507961808842, -0.20807387049629503, 0.44114797937864375, 1.1879283332433566], [4.219178968535147, 2.773913880730202, 1.5688943430603317, 1.6049128010421054]]}