{"ground_truth": [[10, -1.4550999975579348, -1.915189647523829, -1.102015695998907, -1.8196101068666954], [-10, 1.3054997251765128, 1.9397654013427479, 1.845740951851068, 1.4834845346646621]], "milp": [[10.045079176318245, -1.4059117367588523, -1.9463931484075314, -1.0429330164904091, -1.8625635230967112], [-9.847789846168208, 1.3643007899549606, 1.8236793846422539, 1.8370160502135844, 1.4122957146530732]], "refit_milp_assignment": [[10.05264596784224, -1.406222730969145, -1.9479521104988675, -1.0440162697329338, -1.8639533507291013], [-9.853914802165198, 1.3647428075366321, 1.8246907657899925, 1.8376076954066005, 1.4137668350037718]], "refit_ground_truth_assignment": [[10.053214283076905, -1.395757391705482, -1.9589163217471162, -1.0414461249845905, -1.8801539329647574], [-9.855261261811997, 1.3597407965247168, 1.8311023798023351, 1.8384610818281042, 1.4233499753512953]]}