{"ground_truth": [[-10, -1.226766683679238, -1.4963928255666925, -1.1898322044738987], [1, 1.4185631114837824, 1.2624435332802029, 1.3120663702245263], [10, 0.1, 0.1, 0.1]], "milp": [[4.891306433904486, 1.6989228417088726, 1.4159625007169472, 1.1435281316347494], [-5.608723963168412, 0.37192374961205843, -9.886366061114384, -2.9183502812297775], [-7.250710160716194, -0.5919479700844246, -3.5280306206267267, -4.596958998402985]], "greedy": [[[-0.7235248207457667, 2.1763985277038578, 2.452334408935586, 1.1357818824103043], [-4.020769169028668, -0.37927864216051627, -6.456910492450234, -4.3094943413632], [4.774718650939693, 4.796075039063097, 7.954049501081523, -1.0716281616008987]], [[-8.137069464568329, 1.8714442586769438, 16.12590618066779, -0.9316666394076581], [-3.4691443122004584, -0.361806580261467, -3.072122641358042, 10.518488798547823], [6.5853289667186985, -0.34562478596024565, -5.3711013570135115, -9.877482676586226]], [[15.707924863259267, 3.0992105362883824, 5.324329947367713, -10.14680085289676], [-22.921241716549492, -0.7716380610974046, 4.787442381715564, 14.366692492630232], [2.456715345354347, -2.3086957648472755, -0.31103678133515905, -7.938316257045287]], [[3.936099654787365, 1.423456527159639, 0.7320798991622702, 1.103815382527691], [-4.020769169028668, -0.37927864216051627, -6.456910492450234, -4.3094943413632], [5.198226015569764, 6.084230355066456, 8.93203004517102, -1.2372742922778752]], [[4.341749344686203, -0.5577907590730732, -10.270208989378732, -6.828872250402698], [-19.57902966559594, 8.85532606197578, 9.666685486936068, 1.2746672935850345], [8.829089719385756, 0.9796790971341521, 0.754842715974542, 0.12030879243501487]], [[5.198226015569764, 6.084230355066456, 8.93203004517102, -1.2372742922778752], [-4.020769169028668, -0.37927864216051627, -6.456910492450234, -4.3094943413632], [3.936099654787365, 1.423456527159639, 0.7320798991622702, 1.103815382527691]], [[-11.697171470100736, -0.36725041052660456, -1.3742748310933284, 0.4317040461205277], [6.291129052996737, -4.181388545988686, -8.447356548812024, -7.0618161659470315], [7.272625878425615, 1.316372512529906, 1.4668698451915394, -0.2026736575865457]], [[-3.50560079316708, 1.8097393482496622, 6.354800840004074, 1.4188892139151654], [14.832974185323012, -2.431067321887941, -11.262305208099686, -10.349868151824083], [-0.6053987883385614, 0.32639175087631356, -8.378246870889537, 8.798252095241146]], [[-6.491885039612937, 1.066905470364444, -5.9247664644333735, -5.03007631209203], [5.105958116316216, 1.46871639105805, -0.1096354748850289, 0.8323321441158489], [14.806969973070663, 7.447423564480557, 7.824348850042012, -12.885131214826034]], [[-4.020769169028668, -0.37927864216051627, -6.456910492450234, -4.3094943413632], [7.076874754917704, -4.566968530910154, 10.317694545546312, 3.9613984382283576], [0.5326518960153264, -0.3863065265291203, 2.7426936785876412, 1.3987895791632414]], [[-8.126698834482028, 0.2107061305936339, -3.01912625128718, -2.203997914591489], [-2.16368282435716, 6.791383692433676, -16.414307255411746, -9.385010451901387], [4.905998603420607, 1.697069913203268, 1.4104629109912736, 1.1403856554196952]], [[-0.7235248207457667, 2.1763985277038578, 2.452334408935586, 1.1357818824103043], [-4.020769169028668, -0.37927864216051627, -6.456910492450234, -4.3094943413632], [4.774718650939693, 4.796075039063097, 7.954049501081523, -1.0716281616008987]], [[11.114152874089692, 1.8149976133572918, 4.392022286192375, -5.022584268392341], [-1.1633308500745758, -3.8951181830181034, 7.047597096322627, -4.643968368462116], [11.054816668659544, -3.335437868397078, -10.648603862518074, -10.126032885233066]], [[-4.020769169028668, -0.37927864216051627, -6.456910492450234, -4.3094943413632], [5.198226015569764, 6.084230355066456, 8.93203004517102, -1.2372742922778752], [3.936099654787365, 1.423456527159639, 0.7320798991622702, 1.103815382527691]], [[13.248155708520779, 5.172247118257065, 6.584604268892812, -6.576353610282909], [-4.020769169028668, -0.37927864216051627, -6.456910492450234, -4.3094943413632], [3.7575979861810054, 1.511742085568855, 0.7341307487387283, 0.7253631864802124]], [[0.4979427108190997, -2.743206978574985, -2.4041210504758914, -4.741948918650841], [7.272625878425615, 1.316372512529906, 1.4668698451915394, -0.2026736575865457], [-2.2312916292329383, 1.5520923855437647, -8.382518424965742, -11.09023180102368]], [[-15.804273734631325, 5.55591125112364, -4.93824146477407, -7.301109392360808], [7.272625878425615, 1.316372512529906, 1.4668698451915394, -0.2026736575865457], [5.412797787091934, -0.5735546787999185, -5.755554163829685, -7.29220530601961]], [[-1.3845030433707262, -2.814034803491784, -4.812883889219704, -7.4804609717805794], [2.514877721478438, -3.1683091274160082, 4.851677244908987, -6.26808901065823], [19.84776117824881, 1.4852414069336841, 4.037195692256278, -10.305199888182349]], [[9.899047778169146, 0.48161993481577425, -0.01760153747053659, -0.7355913361217891], [4.341749344686203, -0.5577907590730732, -10.270208989378732, -6.828872250402698], [-22.782697192666745, 11.598062521622602, 11.15218030312844, 2.983466410214862]], [[-9.732245207090877, 1.4493819662559404, -3.5868542615537846, -1.6847124324054057], [8.145910495921875, 0.11701091145102258, -10.055901780001127, -11.87765825414622], [7.272625878425615, 1.316372512529906, 1.4668698451915394, -0.2026736575865457]]], "refit_milp_assignment": [[4.903035213745138, 1.697710574911297, 1.411600167630708, 1.1411029990852561], [-5.654485054100553, 0.3866459038282815, -9.90186779286355, -2.901001145579394], [-7.370573364319903, -0.5862410429779992, -3.4767111914112396, -4.6949181640823054]], "refit_ground_truth_assignment": [[14.37841442885231, 1.6235372340643341, -16.653476164941466, -10.267755664997194], [-11.275253549684116, 3.240605299252816, 8.388039941844124, 1.8140326796718518], [8.34348485899579, 0.27629632501453105, 0.9750793002088776, 1.1836144634328722]]}