{"ground_truth": [[-10, 0.2, 0.4], [10, -0.2, -0.4]], "milp": [[9.7931946916707, -0.035109313857277266, -0.2083609431837016], [-10.095651434433956, 0.09529622722159564, 0.5273995809336142]], "greedy": [[[-10.261970671070095, 0.1375178035514492, 0.6315726107349233], [9.933352014856872, -0.04189637961703462, -0.16563792504439176]], [[2.8526148320823275, 2.1256278896532077, -2.7093267106951737], [-3.8019879274242188, -2.114476690020968, 3.0229281519495386]], [[-10.261970671070095, 0.1375178035514492, 0.6315726107349233], [9.933352014856872, -0.04189637961703462, -0.16563792504439176]], [[-0.5515501293331453, 0.28569559214709744, -3.4485266861767014], [-0.5482726376789366, 0.0035190498164849432, 3.091439931905946]], [[9.933352014856872, -0.04189637961703462, -0.16563792504439176], [-10.261970671070095, 0.1375178035514492, 0.6315726107349233]], [[-3.8019879274242188, -2.114476690020968, 3.0229281519495386], [2.8526148320823275, 2.1256278896532077, -2.7093267106951737]], [[9.933352014856872, -0.04189637961703462, -0.16563792504439176], [-10.261970671070095, 0.1375178035514492, 0.6315726107349233]], [[-10.261970671070095, 0.1375178035514492, 0.6315726107349233], [9.933352014856872, -0.04189637961703462, -0.16563792504439176]], [[9.933352014856872, -0.04189637961703462, -0.16563792504439176], [-10.261970671070095, 0.1375178035514492, 0.6315726107349233]], [[9.933352014856872, -0.04189637961703462, -0.16563792504439176], [-10.261970671070095, 0.1375178035514492, 0.6315726107349233]], [[9.933352014856872, -0.04189637961703462, -0.16563792504439176], [-10.261970671070095, 0.1375178035514492, 0.6315726107349233]], [[-10.261970671070095, 0.1375178035514492, 0.6315726107349233], [9.933352014856872, -0.04189637961703462, -0.16563792504439176]], [[7.77211192293843, -1.4907708967943158, -2.693919864291411], [-8.604479537432823, 1.6387266329426062, 3.2579780945137156]], [[-3.36541975110854, 0.5198645029845632, -2.836270321474787], [2.917123799752288, -0.3387149228621816, 2.4158623820363507]], [[-5.626463714105498, 3.5563885354089244, 0.8878752919224603], [5.19183740440116, -3.595280113881753, -0.2260473225594469]], [[-10.261970671070095, 0.1375178035514492, 0.6315726107349233], [9.933352014856872, -0.04189637961703462, -0.16563792504439176]], [[2.8526148320823275, 2.1256278896532077, -2.7093267106951737], [-3.8019879274242188, -2.114476690020968, 3.0229281519495386]], [[-10.261970671070095, 0.1375178035514492, 0.6315726107349233], [9.933352014856872, -0.04189637961703462, -0.16563792504439176]], [[-10.261970671070095, 0.1375178035514492, 0.6315726107349233], [9.933352014856872, -0.04189637961703462, -0.16563792504439176]], [[-3.36541975110854, 0.5198645029845632, -2.836270321474787], [2.917123799752288, -0.3387149228621816, 2.4158623820363507]]], "refit_milp_assignment": [[9.948237825614843, -0.06241353835790735, -0.2301768788234984], [-10.24465395909332, 0.12011352439710413, 0.551848908182185]], "refit_ground_truth_assignment": [[-10.24465395909332, 0.12011352439710413, 0.551848908182185], [9.948237825614843, -0.06241353835790735, -0.2301768788234984]]}