{"ground_truth": [[10, -1.7067071491897652, -1.0178235732882512, -1.8513568281556523, -1.2671016530067858, -1.536785481383646, -1.059093864889601, -1.87299600676933, -1.4090673329998893], [-10, 1.101172769884312, 1.706189065204712, 1.0785288813266953, 1.7932429556641378, 1.5466614966689063, 1.9110430003508898, 1.7354787506881821, 1.4888378985420585]], "milp": [[-10.019024040430477, 1.4160944976978918, 1.5219928167550882, 1.1913207153126795, 1.7079492107818388, 1.5661296063456027, 1.6448701962206398, 1.8518267945624196, 1.779867157404942], [9.840061664940908, -1.6494475923498948, -0.9786083602106819, -1.805230452212556, -1.2799122713064581, -1.5821806468787751, -1.063756496388118, -1.88927801069792, -1.465200326898361]], "greedy": [[[4.473824471838913, 1.103179000014361, -0.43696953710493003, -1.6802331754441868, -0.7772789669181941, 0.049674286044222186, 0.07875793837159646, -0.2333620889831099, -2.8678874469725777], [-5.511234689545164, 0.0014364304794125095, 2.194960853281053, 1.2400282165653265, 1.3194800013041978, 0.4981340546116183, 0.2614810171222822, 1.1311680823416024, 1.6302210414788425]], [[9.968705322260718, -1.6699626139890231, -0.9938936077383407, -1.8164072988493307, -1.257637051361249, -1.5576576503586543, -1.0783809747546027, -1.9519840781215319, -1.4615596483651943], [-9.92790257448995, 1.1355331980786652, 1.7448640047882142, 0.9545420696502434, 1.756405803281431, 1.5120908481036768, 1.8937054460411875, 1.771435773664192, 1.6391837535960079]], [[-0.16587910089996338, 2.0309735966908162, 0.14008622827921544, -0.961679154355988, -0.5258012796254176, 0.42736314174219053, 0.5651552158431888, 2.473447751863961, 2.532709890061783], [-2.815648198918472, -1.7783291200226177, 0.5296788987953742, 0.3665226149642065, 0.8616274715481536, -0.5097697361185262, -1.3439722087287678, 0.4082690508135177, -1.9705719252678808]], [[-9.92790257448995, 1.1355331980786652, 1.7448640047882142, 0.9545420696502434, 1.756405803281431, 1.5120908481036768, 1.8937054460411875, 1.771435773664192, 1.6391837535960079], [9.968705322260718, -1.6699626139890231, -0.9938936077383407, -1.8164072988493307, -1.257637051361249, -1.5576576503586543, -1.0783809747546027, -1.9519840781215319, -1.4615596483651943]], [[-9.92790257448995, 1.1355331980786652, 1.7448640047882142, 0.9545420696502434, 1.756405803281431, 1.5120908481036768, 1.8937054460411875, 1.771435773664192, 1.6391837535960079], [9.968705322260718, -1.6699626139890231, -0.9938936077383407, -1.8164072988493307, -1.257637051361249, -1.5576576503586543, -1.0783809747546027, -1.9519840781215319, -1.4615596483651943]], [[-9.92790257448995, 1.1355331980786652, 1.7448640047882142, 0.9545420696502434, 1.756405803281431, 1.5120908481036768, 1.8937054460411875, 1.771435773664192, 1.6391837535960079], [9.968705322260718, -1.6699626139890231, -0.9938936077383407, -1.8164072988493307, -1.257637051361249, -1.5576576503586543, -1.0783809747546027, -1.9519840781215319, -1.4615596483651943]], [[-9.936054800272444, -0.30260157102344026, 1.2964884132685819, 0.11072229330511806, 2.0050254279888096, 1.0646362546428467, -0.012111720770223718, -0.16940736726757552, -2.6746409251868375], [1.9428965242240772, 0.6444924563447849, 0.20256077107758294, -0.5274286905264828, -0.26899623427866426, 0.26115979490743374, 0.8688302140423727, 1.6284860852393672, 1.9270707012583488]], [[-3.7733941839462277, 0.14197489291054718, 1.9484073147275318, -0.6303277270811789, 0.7084161741194946, -1.169665370552526, 0.4520554509214752, 1.808395614325588, 1.3854336519115014], [3.0479033874231116, 0.25645223130250544, -1.4806988631699483, 0.0678754089370048, 0.2980929845010173, 1.6018530980566856, 0.4916553401868503, -0.014156190330612656, -4.076275205220622]], [[9.968705322260718, -1.6699626139890231, -0.9938936077383407, -1.8164072988493307, -1.257637051361249, -1.5576576503586543, -1.0783809747546027, -1.9519840781215319, -1.4615596483651943], [-9.92790257448995, 1.1355331980786652, 1.7448640047882142, 0.9545420696502434, 1.756405803281431, 1.5120908481036768, 1.8937054460411875, 1.771435773664192, 1.6391837535960079]], [[-9.92790257448995, 1.1355331980786652, 1.7448640047882142, 0.9545420696502434, 1.756405803281431, 1.5120908481036768, 1.8937054460411875, 1.771435773664192, 1.6391837535960079], [9.968705322260718, -1.6699626139890231, -0.9938936077383407, -1.8164072988493307, -1.257637051361249, -1.5576576503586543, -1.0783809747546027, -1.9519840781215319, -1.4615596483651943]], [[-9.92790257448995, 1.1355331980786652, 1.7448640047882142, 0.9545420696502434, 1.756405803281431, 1.5120908481036768, 1.8937054460411875, 1.771435773664192, 1.6391837535960079], [9.968705322260718, -1.6699626139890231, -0.9938936077383407, -1.8164072988493307, -1.257637051361249, -1.5576576503586543, -1.0783809747546027, -1.9519840781215319, -1.4615596483651943]], [[-7.047877144370453, 1.3238171575847963, 2.097640862508955, 1.8933320006012513, 2.2689285673097985, 1.941932117949129, -2.9363893737971924, 2.15825608463476, -0.37569884131668774], [5.020096567713013, -0.6800291271719644, -0.2818985935614, -1.418305096178009, -2.31126548940817, -2.492213329511892, 1.656048533151236, -0.08542299505731607, -0.12841135419586003]], [[9.968705322260718, -1.6699626139890231, -0.9938936077383407, -1.8164072988493307, -1.257637051361249, -1.5576576503586543, -1.0783809747546027, -1.9519840781215319, -1.4615596483651943], [-9.92790257448995, 1.1355331980786652, 1.7448640047882142, 0.9545420696502434, 1.756405803281431, 1.5120908481036768, 1.8937054460411875, 1.771435773664192, 1.6391837535960079]], [[-3.9608433269691865, -1.1415820947120026, 0.3411873617336806, -0.09544546638946527, -0.00592710338629543, 4.432000816993973, -2.7535109702451392, 0.6713859506252369, -0.9049821207443602], [-1.7553256178128391, 0.9065159761709664, 0.9468597020306169, -0.5489236238491808, 0.18045244892400403, -2.862821191315327, 2.0487436565964736, 1.5659663121328098, 0.3672292113805148]], [[7.589202728698767, 0.6496572150924905, -0.275755340960616, -2.2029577682794987, -0.6753592025409982, 0.21567575987026094, -1.1417928035184983, -1.2382838879835607, -2.283366085788322], [-9.444681768060981, 0.3446278079739899, 1.7428502837895838, 0.9035062263180079, 1.8510061904425912, 0.4903996669565693, 2.694521521037796, 1.152587791807445, 1.3414537962934736]], [[-8.178216494826918, 1.9316902147775759, 1.5545106730363722, 1.4860051944769521, 1.7784613669684506, 1.1722017628139259, -2.65144820406177, 3.6520630406941184, -0.22757335797730197], [8.292199354016638, -1.554346914154655, -0.6936503107993482, -1.8371387033025315, -1.5240965540700067, -1.4353772587208253, 0.5231493432857923, -1.6995377855045086, 0.034631317578447646]], [[-9.92790257448995, 1.1355331980786652, 1.7448640047882142, 0.9545420696502434, 1.756405803281431, 1.5120908481036768, 1.8937054460411875, 1.771435773664192, 1.6391837535960079], [9.968705322260718, -1.6699626139890231, -0.9938936077383407, -1.8164072988493307, -1.257637051361249, -1.5576576503586543, -1.0783809747546027, -1.9519840781215319, -1.4615596483651943]], [[9.968705322260718, -1.6699626139890231, -0.9938936077383407, -1.8164072988493307, -1.257637051361249, -1.5576576503586543, -1.0783809747546027, -1.9519840781215319, -1.4615596483651943], [-9.92790257448995, 1.1355331980786652, 1.7448640047882142, 0.9545420696502434, 1.756405803281431, 1.5120908481036768, 1.8937054460411875, 1.771435773664192, 1.6391837535960079]], [[9.968705322260718, -1.6699626139890231, -0.9938936077383407, -1.8164072988493307, -1.257637051361249, -1.5576576503586543, -1.0783809747546027, -1.9519840781215319, -1.4615596483651943], [-9.92790257448995, 1.1355331980786652, 1.7448640047882142, 0.9545420696502434, 1.756405803281431, 1.5120908481036768, 1.8937054460411875, 1.771435773664192, 1.6391837535960079]], [[9.968705322260718, -1.6699626139890231, -0.9938936077383407, -1.8164072988493307, -1.257637051361249, -1.5576576503586543, -1.0783809747546027, -1.9519840781215319, -1.4615596483651943], [-9.92790257448995, 