{"ground_truth": [[-10, 0.2, 0.4, 0.3], [10, -0.2, -0.4, -0.3]], "milp": [[-9.491513076804075, 0.6697076535402167, 0.34144734522625014, 0.2571184679667949], [10.109220382251817, -0.5653419252222273, -0.29745910921746266, -0.29317876485842786]], "refit_milp_assignment": [[-9.493572528084735, 0.6699348880579404, 0.34163106882390604, 0.2573506837102507], [10.11229108910787, -0.5655708345868318, -0.2979900242644208, -0.2935959751392183]], "refit_ground_truth_assignment": [[-9.531406645561326, 0.5662338314199785, 0.07630717942246709, 0.33176653962303276], [10.005025943554008, -0.6599504596500367, -0.5191903108165726, -0.09014813410920774]]}