{"time_milp": 257.99199986457825, "time_refit_milp_assignment": 258.4668128490448, "mse_CLR": 12.260161788915207, "r2_CLR": 0.6289679646962603, "rand_score_CLR": 0.5341614906832298, "label_mismatch_CLR": 0.35714285714285715, "time_CLR": 0.011186838150024414, "mse_refit_ground_truth_assignment": 3.2538857707676114, "r2_refit_ground_truth_assignment": 0.9281929473916005, "weight_mismatch_refit_ground_truth_assignment": 1.0955005009198815, "refit-weight_mismatch_refit_ground_truth_assignment": 0.0, "rand_score_refit_ground_truth_assignment": 1.0, "label_mismatch_refit_ground_truth_assignment": 0.0, "mse_milp": 5.980967690356678, "r2_milp": 0.8680114509707377, "weight_mismatch_milp": 16.31484259667064, "refit-weight_mismatch_milp": 16.921390097827302, "rand_score_milp": 0.49648033126293994, "label_mismatch_milp": 0.45714285714285713, "mse_refit_milp_assignment": 5.980940434523637, "r2_refit_milp_assignment": 0.8680120524549861, "weight_mismatch_refit_milp_assignment": 16.316731100876744, "refit-weight_mismatch_refit_milp_assignment": 16.92323737350609, "rand_score_refit_milp_assignment": 0.49648033126293994, "label_mismatch_refit_milp_assignment": 0.45714285714285713, "mse_greedy": NaN, "r2_greedy": NaN, "mse_ground_truth": 3.4404459002588643, "r2_ground_truth": 0.9240759211722541, "weight_mismatch_ground_truth": 0, "rand_score_ground_truth": 1, "label_mismatch_ground_truth": 0, "mse_baseline_sklearn": 12.831946029861143, "r2_baseline_sklearn": 0.7168174814154369, "random_state": 5}