{"ground_truth": [[-5, 2, 4], [5, -2, -4]], "milp": [[7.060838283633235, -1.2235667083824775, -3.1851660489258777], [3.115832714583959, -1.6931284579376407, -3.921337762818454]], "refit_milp_assignment": [[7.065398758058157, -1.2248747770574304, -3.186746752957538], [3.1187132326631692, -1.6939272689195568, -3.9223724494706307]], "refit_ground_truth_assignment": [[-4.991763843124343, 1.5682389234590983, 4.286804643538613], [5.561287972232867, -1.957978372091058, -4.127399950128573]]}