{"ground_truth": [[-5, 2, 4], [5, -2, -4]], "milp": [[-5.70938116508553, 2.152929335631359, 4.105112281648847], [5.372421936004554, -1.936499425754495, -3.9063638963959852]], "refit_milp_assignment": [[-5.7119659015988855, 2.1532944865033428, 4.1059052372638], [5.3755649491333966, -1.9372143537486581, -3.9071044103674337]], "refit_ground_truth_assignment": [[-5.289916316694486, 2.0434487690129766, 4.122468466821404], [5.2056791044818524, -1.9247705794292267, -3.8808161749297345]]}