{"time_milp": 119.89606022834778, "time_refit_milp_assignment": 120.33884048461914, "mse_refit_ground_truth_assignment": 33.38024822623409, "r2_refit_ground_truth_assignment": 0.8548702228145371, "weight_mismatch_refit_ground_truth_assignment": 8.343809301993799, "refit-weight_mismatch_refit_ground_truth_assignment": 0.0, "rand_score_refit_ground_truth_assignment": 1.0, "label_mismatch_refit_ground_truth_assignment": 0.0, "mse_milp": 33.38025763896251, "r2_milp": 0.8548701818901205, "weight_mismatch_milp": 8.336145683284284, "refit-weight_mismatch_milp": 0.00822578560883681, "rand_score_milp": 1.0, "label_mismatch_milp": 0.0, "mse_refit_milp_assignment": 33.38024822623409, "r2_refit_milp_assignment": 0.8548702228145371, "weight_mismatch_refit_milp_assignment": 8.343809301993799, "refit-weight_mismatch_refit_milp_assignment": 0.0, "rand_score_refit_milp_assignment": 1.0, "label_mismatch_refit_milp_assignment": 0.0, "mse_greedy": NaN, "r2_greedy": NaN, "mse_ground_truth": 56.90816239135809, "r2_ground_truth": 0.7495621787008155, "weight_mismatch_ground_truth": 0, "rand_score_ground_truth": 1, "label_mismatch_ground_truth": 0, "mse_baseline_sklearn": 223.27190878569533, "r2_baseline_sklearn": 0.02926418778472084, "mse_milp_val": 37.11568060380249, "r2_milp_val": 0.8336191051561938, "label_mismatch_milp_val": 0.0, "mse_refit_milp_assignment_val": 37.11550710943581, "r2_refit_milp_assignment_val": 0.8336198828907659, "label_mismatch_refit_milp_assignment_val": 0.0, "mse_refit_ground_truth_assignment_val": 37.11550710943581, "r2_refit_ground_truth_assignment_val": 0.8336198828907659, "label_mismatch_refit_ground_truth_assignment_val": 0.0, "mse_ground_truth_val": 52.37486380473824, "r2_ground_truth_val": 0.7652157641893798, "label_mismatch_ground_truth_val": 0.0, "mse_baseline_sklearn_val": 223.07985528590854, "r2_baseline_sklearn_val": -1.4692989187103933e-05, "random_state": 6}