{"time_milp": 0.509803056716919, "time_greedy": 0.9767997145652771, "time_refit_milp_assignment": 1.0036978721618652, "mse_refit_ground_truth_assignment": 0.8093802752797915, "r2_refit_ground_truth_assignment": 0.9906816909390165, "weight_mismatch_refit_ground_truth_assignment": 0.37878631713283, "refit-weight_mismatch_refit_ground_truth_assignment": 0.0, "rand_score_refit_ground_truth_assignment": 1.0, "label_mismatch_refit_ground_truth_assignment": 0.0, "mse_milp": 0.8093882221557546, "r2_milp": 0.9906815994474784, "weight_mismatch_milp": 0.378913607376766, "refit-weight_mismatch_milp": 0.006145013262154427, "rand_score_milp": 1.0, "label_mismatch_milp": 0.0, "mse_refit_milp_assignment": 0.8093802752797915, "r2_refit_milp_assignment": 0.9906816909390165, "weight_mismatch_refit_milp_assignment": 0.37878631713283, "refit-weight_mismatch_refit_milp_assignment": 0.0, "rand_score_refit_milp_assignment": 1.0, "label_mismatch_refit_milp_assignment": 0.0, "mse_greedy": 18.092862524505218, "r2_greedy": 0.7916987972767862, "weight_mismatch_greedy": 12.00901944902223, "refit-weight_mismatch_greedy": 11.913493749862885, "rand_score_greedy": 0.6820728291316528, "label_mismatch_greedy": 0.2808333333333333, "mse_greedy_sem": 2.952865286360465, "r2_greedy_sem": 0.03399602411146562, "weight_mismatch_greedy_sem": 2.1738287401142684, "refit-weight_mismatch_greedy_sem": 2.216078816579639, "rand_score_greedy_sem": 0.053635210763567864, "label_mismatch_greedy_sem": 0.04830118410520504, "mse_ground_truth": 0.910465420636947, "r2_ground_truth": 0.9892967884112437, "weight_mismatch_ground_truth": 0, "rand_score_ground_truth": 1, "label_mismatch_ground_truth": 0, "mse_baseline_sklearn": 83.95521310725759, "r2_baseline_sklearn": 0.03331542179253966, "mse_milp_val": 1.0879357881033762, "r2_milp_val": 0.9867912275568652, "label_mismatch_milp_val": 0.0, "mse_refit_milp_assignment_val": 1.0885768478517908, "r2_refit_milp_assignment_val": 0.9867834443655852, "label_mismatch_refit_milp_assignment_val": 0.0, "mse_greedy_val": 25.640802078417607, "label_mismatch_greedy_val": 0.26625, "mse_greedy_val_sem": 4.232525356655075, "label_mismatch_greedy_val_sem": 0.046771596475233816, "r2_greedy_val": 0.6886916271927136, "r2_greedy_val_sem": 0.05138765073012046, "mse_refit_ground_truth_assignment_val": 1.0885768478517908, "r2_refit_ground_truth_assignment_val": 0.9867834443655852, "label_mismatch_refit_ground_truth_assignment_val": 0.0, "mse_ground_truth_val": 0.92708486965508, "r2_ground_truth_val": 0.9887441398539749, "label_mismatch_ground_truth_val": 0.0, "mse_baseline_sklearn_val": 82.39248360392602, "r2_baseline_sklearn_val": -0.0003380519784490499, "random_state": 4}