{"time_milp": 1.858293056488037, "time_greedy": 0.8359499931335449, "time_refit_milp_assignment": 2.2771997451782227, "mse_refit_ground_truth_assignment": 0.09612514817362579, "r2_refit_ground_truth_assignment": 0.999744146089284, "weight_mismatch_refit_ground_truth_assignment": 0.6223361116131028, "refit-weight_mismatch_refit_ground_truth_assignment": 0.0, "rand_score_refit_ground_truth_assignment": 1.0, "label_mismatch_refit_ground_truth_assignment": 0.0, "mse_milp": 0.7105418085283687, "r2_milp": 0.9981087685804043, "weight_mismatch_milp": 0.9342243100893936, "refit-weight_mismatch_milp": 0.5739550960931458, "rand_score_milp": 0.9344632768361582, "label_mismatch_milp": 0.03333333333333333, "mse_refit_milp_assignment": 0.7104383327858964, "r2_refit_milp_assignment": 0.9981090439992086, "weight_mismatch_refit_milp_assignment": 0.8928587042006704, "refit-weight_mismatch_refit_milp_assignment": 0.5608384447466347, "rand_score_refit_milp_assignment": 0.9344632768361582, "label_mismatch_refit_milp_assignment": 0.03333333333333333, "mse_greedy": 42.46396899886918, "r2_greedy": 0.8869747122442659, "weight_mismatch_greedy": 34.98252843037106, "refit-weight_mismatch_greedy": 34.826465097253006, "rand_score_greedy": 0.5483333333333335, "label_mismatch_greedy": 0.37250000000000005, "mse_greedy_sem": 3.4805757231094665, "r2_greedy_sem": 0.009264161639495973, "weight_mismatch_greedy_sem": 2.833145536056718, "refit-weight_mismatch_greedy_sem": 2.8317349150356277, "rand_score_greedy_sem": 0.024851946563895208, "label_mismatch_greedy_sem": 0.024787842473739496, "mse_ground_truth": 0.20682657346718492, "r2_ground_truth": 0.9995311089904751, "weight_mismatch_ground_truth": 0, "rand_score_ground_truth": 1, "label_mismatch_ground_truth": 0, "mse_baseline_sklearn": 304.09842491267796, "r2_baseline_sklearn": 0.1905888028804783, "mse_milp_val": 52.865012071314844, "r2_milp_val": 0.9002618000230626, "label_mismatch_milp_val": 0.2, "mse_refit_milp_assignment_val": 52.88126404334887, "r2_refit_milp_assignment_val": 0.9002311381093839, "label_mismatch_refit_milp_assignment_val": 0.2, "mse_greedy_val": 751.630207169718, "label_mismatch_greedy_val": 0.36500000000000005, "mse_greedy_val_sem": 74.7935096915682, "label_mismatch_greedy_val_sem": 0.0203100960115899, "r2_greedy_val": -0.41806917229624163, "r2_greedy_val_sem": 0.14110977628325172, "mse_refit_ground_truth_assignment_val": 54.92135760203571, "r2_refit_ground_truth_assignment_val": 0.8963821791977037, "label_mismatch_refit_ground_truth_assignment_val": 0.25, "mse_ground_truth_val": 55.079537709174545, "r2_ground_truth_val": 0.8960837474270479, "label_mismatch_ground_truth_val": 0.25, "mse_baseline_sklearn_val": 545.2795973230329, "r2_baseline_sklearn_val": -0.028756135490577206, "random_state": 42}