{"ground_truth": [[10, -1.7403593832562856, -1.065265465937643, -1.1582434737110257, -1.7184669552940317, -1.2558451734672813, -1.6602220175313347, -1.8999088918928684, -1.6794854742289154, -1.4669537892917064, -1.987430311952811, -1.3287266169053438, -1.7201011240111024, -1.2832853212169402, -1.119354085608054, -1.0181488279748796, -1.6605658130872898], [-10, 1.667292186607309, 1.245337935299161, 1.6190974001878233, 1.8885191915634612, 1.9738702280502016, 1.2617006111120281, 1.5861667513061282, 1.1463693655201972, 1.3139533423135126, 1.2949616920452032, 1.131402543903071, 1.5155740251565233, 1.5230373752732134, 1.5660512738247458, 1.0655550269670817, 1.5632584381912475]], "milp": [[9.586113857475071, -1.8332457259323158, -0.8575198482773396, -1.0442512383040727, -1.7241782550098521, -1.3876234510913372, -1.5233953950458337, -1.9325222609656925, -1.5223177650627044, -1.582138463428774, -1.8955600482467874, -1.3802112499878245, -1.7010819949509413, -1.389524671706158, -1.2301135807931312, -0.9438258155457073, -1.5273638625256054], [-9.761789876859314, 1.6764713187254765, 1.25026764766958, 1.511612636531831, 1.8676848372091823, 1.9451030942406828, 1.2133287470119172, 1.694680373542094, 1.1344012556537804, 1.266946945966992, 1.2486660264845364, 1.0709201605530065, 1.434459756934678, 1.4900711581000028, 1.6372976168844748, 1.0559184304751654, 1.5216147974202883]], "greedy": [[[-10.010480432794663, -1.3654482503724978, -0.7929365856967394, 3.9441566646986566, -0.5119499860437602, 0.7151310313672754, 1.607232526545342, 8.770595807942165, -1.9998546157198438, 4.023028096147775, -9.990949343372508, 3.4645996081601096, 2.9925968241605063, 4.569744208307167, -0.8417073452696715, -7.081614040170705, -0.1852616893221006], [12.112340075732561, -5.521642001476339, -2.5889138922013375, 0.7923097360086763, 1.4390140752989207, -1.660166759777688, -2.1432728839273136, 5.847186475755514, -3.6530671972010844, -5.956511262858641, 0.5642306182219018, 3.9069192302338958, -4.3456080185537305, -3.9274572175254225, 0.12146344751263168, 0.7974012309173806, 2.9309508043372614]], [[22.845258387571302, -0.5014067129401787, 1.8700641722841458, 0.2557240600636007, -1.1654482789421776, -2.5507840179336414, -3.16480069897172, 2.32406541756391, -1.0501384622517815, -1.214792881490019, -3.0952794585902006, -2.349284679827729, -1.4307191868060385, -2.5068834834073384, -3.1686511233746653, -4.716482070030002, -3.0176449687650626], [7.594402927128126, -5.522679628808559, -6.811560525344159, 0.8049902184187411, 0.7670996470550927, 0.19010635973198522, -0.6799999861429227, -0.720777371375273, -4.062283953234566, 0.8067389591286728, 3.1511460216763503, 6.801257614089839, 2.8442355586850905, 1.328061520424368, -0.14016452454146666, 3.721505899733185, 1.666931514923483]], [[3.0532372212419427, 0.39059799921762517, 2.105247413228505, -1.2861776050593665, -0.8709748831487412, 0.36890549768169495, 4.695464193350053, 2.1805088160026607, -4.23809065149628, -0.2727816588424083, -5.343253534288382, -0.45653762302975476, 7.873088808988971, 1.215964251310785, -2.9942199314912217, 1.7035133535249967, 0.3659518945242776], [0.11970884605588594, -4.338332050360318, -0.0033773172542085087, -0.30208156352680937, 6.574407547895977, -5.2712577671832666, -3.731818640608766, 3.0900497460551586, 1.8326397656063786, 3.667627905945216, 2.610436384364532, 0.8194429132050965, -4.404563506573521, -0.4911546698027789, -0.45693323061569263, -3.4107817124800786, -3.384664719909486]], [[-0.8164532181485689, -13.213798319125917, 0.3740662988300839, 8.801815316344056, -1.5281741182536615, -0.8752581457043601, -5.177818035086588, 2.1519667331330488, -2.0452101244084884, -0.25186532675318274, -5.487443270416762, 0.8758120947984368, 1.4110325209909715, -0.5762835060926689, 6.338410146861616, -0.5766402049446457, 3.065402162408897], [2.4681814403851634, 3.172747153992006, -0.5171078658544622, 0.8220866070317042, 0.8501648696099908, 1.5603555066387296, 4.546865464705278, -0.3403677743446806, -2.0144555680446454, -2.438782752325064, 0.2256062834486359, -1.9446920227008808, -0.9595412372808665, -1.9049496953655223, -1.6195909601984446, -2.6121022726154233, -1.5092428101676272]], [[22.854334481350698, -14.43277383932026, 8.874218358781915, -0.8475729025159499, 1.6526280861541083, -2.5184950113375786, -1.3147329030733568, 7.174113881753398, -3.519471761419319, -7.157193975954855, -8.753737193212485, 1.2626437495265619, 2.407313378527811, 1.8812359107629744, -0.5677434754747244, -2.0614133427844754, 3.8958025681276935], [15.79537136024538, 3.2063143967565915, -4.054523614855177, 1.178081399170022, -1.2730628555342278, 0.9035479291176836, -1.0926145038166013, 3.6321406779498564, -8.334404380017302, -6.279291816456049, 1.2956628301201225, 2.0045490656296527, 1.1247060570480574, -1.5668387936918513, -0.35926504911678875, -2.996873946444608, 1.6405373406075392]], [[-1.334454877888759, -2.602665606117216, -4.6027178558423625, 3.641488766295955, 1.012597681587222, 0.8351264308634209, 5.475442278148677, 2.7551462790146397, -2.3665753472622346, 1.9173932334497605, -3.9513050863625003, -1.5616621293082575, -2.77085671652106, -3.1403309522294562, -2.0246860112934764, 1.5401895498070404, -1.2474867537310284], [-0.09304646549357543, 0.9684315400394509, -3.5165671089277764, -2.1596554507866026, -0.928921865327582, 4.634913121278298, -4.520585551087628, 2.947299386068921, 0.8327565624881096, -4.207783348869129, 2.2261379082093455, 9.862646765408273, -2.155557717822405, -1.1346258377331462, 6.471149156851332, -5.945618545254587, -4.329640600528963]], [[-18.58384601661615, -3.3660625797937778, 1.6762380402788077, 5.602525798253964, 4.329047255752508, 0.27178794529038425, -1.937106268334514, 2.8433432723838283, 2.62695765822359, -1.6640331690510974, 3.4687202373247312, 1.9983133046260122, 4.3862270726713755, -0.12680277330411022, 2.1974857550973534, 0.7450082751446734, -2.581548068063892], [8.963914274794593, 1.106985362620233, 1.205670167016767, -0.8332986895973026, -0.4285213887928216, -3.0178683158658166, 3.8157181141502927, -0.6180255003966814, -3.29865637375788, -0.9543250453213952, -4.467703289746722, -3.232658465342415, -3.7354129894463037, -1.3380139395075503, -0.8458794769157587, -1.3319546248177991, 0.46269983703561124]], [[1.5328667362001176, 0.4164341985753242, 3.55932202888177, -1.1446145665582395, -0.7159927993203262, 2.1605530275582328, -3.8674580529540843, 2.608789727347661, 0.8006416786477001, 3.1610071163497655, 2.884294582561862, 2.87987227874794, -1.4979047317946215, -6.472801323555086, 3.663342829141972, -5.732475985788378, -5.373098300035086], [-0.9267069705197262, -2.4291482519107936, 1.5172545200086625, -0.4657888575356104, 1.4743246268526122, -1.6531315355512821, 0.6150423238276252, -1.0090177866649062, -1.497241204960571, -3.7743883405801313, -3.583697613988115, -4.364725822455222, 0.40144074851431044, 3.6295101510060253, 1.5790007932883914, 2.7490198078548316, 1.1378262589773713]], [[21.38034740779285, -1.1144370410877456, -9.35576740108744, -4.507472194794551, -6.030933851647279, 4.789331330499944, 0.7893733776975286, -4.296889544444565, -6.174807988369773, -4.932302001606682, -3.9939992485335263, 2.9972550847807233, 2.7356016311853484, -4.7571907385863605, 0.6824471260089345, -1.7768513549891947, 4.92289411832115], [-2.5280981590474387, -0.501903721930323, 4.22121183882366, 4.495895853872203, -0.3718433595632326, -1.6442940673353916, -5.984709293596441, 6.709119563686294, 1.4756484790558935, 2.1706430620363766, -0.7628051386039927, -2.232560611564201, -5.6932889275320955, -3.151669896945766, 3.9804609853500064, -1.525798804829275, -2.595950153253314]], [[-19.938557665230363, 1.288344163230681, 5.57949446992368, -1.460542250720511, 2.9894023452794, 0.016993831866554888, -0.34969879286838595, 3.3435953037554658, 2.341939545901692, 7.3047724470460365, -0.1830430452753521, -0.62104330665672, -3.732789435315229, 1.5076190770033808, 4.392353614720616, 0.23890044785404896, -2.8265991346334043], [13.597614486371144, 