{"ground_truth": [[-10, 0.2, 0.4, 0.3], [10, -0.2, -0.4, -0.3]], "milp": [[-14.369947278155696, -0.3982811276227657, 0.7056568192452729, 0.5598020563282678], [13.270525231532176, -0.023176845146732, 0.33243027750136056, -0.2906970075712722]], "refit_milp_assignment": [[-14.375613666133624, -0.3971619555309809, 0.7071014719583799, 0.5601669873301603], [13.273860433606623, -0.023749148910914047, 0.3321414356292614, -0.2910583229642653]], "refit_ground_truth_assignment": [[-14.375613666133624, -0.3971619555309809, 0.7071014719583799, 0.5601669873301603], [13.273860433606623, -0.023749148910914047, 0.3321414356292614, -0.2910583229642653]]}