{"time_milp": 6.7625038623809814, "time_greedy": 1.3043384909629823, "time_refit_milp_assignment": 7.502877950668335, "mse_refit_ground_truth_assignment": 0.1269476593953994, "r2_refit_ground_truth_assignment": 0.9993962505579521, "weight_mismatch_refit_ground_truth_assignment": 1.0359168807979788, "refit-weight_mismatch_refit_ground_truth_assignment": 0.0, "rand_score_refit_ground_truth_assignment": 1.0, "label_mismatch_refit_ground_truth_assignment": 0.0, "mse_milp": 7.149751602634571, "r2_milp": 0.9659965488026319, "weight_mismatch_milp": 11.934509009223756, "refit-weight_mismatch_milp": 12.050170338516658, "rand_score_milp": 0.7340301974448316, "label_mismatch_milp": 0.30952380952380953, "mse_refit_milp_assignment": 6.593257513719305, "r2_refit_milp_assignment": 0.9686431749577393, "weight_mismatch_refit_milp_assignment": 9.114235847797879, "refit-weight_mismatch_refit_milp_assignment": 9.292226400193773, "rand_score_refit_milp_assignment": 0.7340301974448316, "label_mismatch_refit_milp_assignment": 0.30952380952380953, "mse_greedy": 10.632280081063108, "r2_greedy": 0.9494340171594269, "weight_mismatch_greedy": 32.05433485307266, "refit-weight_mismatch_greedy": 31.89005985377964, "rand_score_greedy": 0.6263066202090593, "label_mismatch_greedy": 0.4797619047619047, "mse_greedy_sem": 2.0198358765690743, "r2_greedy_sem": 0.009606122628134645, "weight_mismatch_greedy_sem": 2.6929974694469205, "refit-weight_mismatch_greedy_sem": 2.6943300746563525, "rand_score_greedy_sem": 0.018257913409640277, "label_mismatch_greedy_sem": 0.028969398359194667, "mse_ground_truth": 0.26964615209472287, "r2_ground_truth": 0.9987175918433401, "weight_mismatch_ground_truth": 0, "rand_score_ground_truth": 1, "label_mismatch_ground_truth": 0, "mse_baseline_sklearn": 184.00715436718178, "r2_baseline_sklearn": 0.12488172439648149, "random_state": 2}