{"ground_truth": [[-10, -1.4218819993480631, -1.1132351130016058, -1.1388557487523978, -1.47270761702912, -1.2202332075867601, -1.7924922239584373], [1, 1.5386740778649914, 1.8858736122184898, 1.0698117856252085, 1.7220315948659302, 1.9508496564477795, 1.1366793427882187], [10, 0.1, 0.1, 0.1, 0.1, 0.1, 0.1]], "milp": [[3.201877171549558, 0.06865959367549931, 1.254745353567476, 0.3307665699415431, -0.1652845752449926, 2.102607236933899, 1.40579649486594], [-6.242036520086776, -1.0387939874944792, -1.731205500514927, -1.7684471907725494, -1.7374072707574266, -2.6436859770378693, -2.59544874260251], [6.051541282951949, 0.49100269497601645, 0.39023240708391127, 1.147810018604221, 1.0279895396306669, 0.953858362344635, 0.3347851989941435]], "greedy": [[[-10.007337732154706, 0.09409050681730013, 0.19080375390326512, 1.7736904964326574, 8.129922916132275, -2.4737693003933425, -1.3079034635684008], [6.926831390227002, 0.9335917130877636, 2.195321120061199, 1.618254858052941, -3.1271517898340555, 0.0971629946551291, -2.2102188466305495], [-4.318265221583676, 1.7510346912332333, 2.4982056747080623, -6.862679682374295, -0.4916269025331771, 2.621634177150376, -1.5077207202323688]], [[1.7930303194789703, 0.8701114287857291, 1.64914959753077, 1.557522088358953, 0.10743513389559467, 2.2106340028993237, 0.41596974571913575], [0.8154435888920633, -4.807384075613879, 2.8772276312183416, -0.04480198639369121, 1.8218286054423856, -3.4636826576664985, -2.4073459138229434], [-16.08846223249529, 8.068775274766042, 0.4138048388121382, -3.377872341429586, 2.0513031869363005, 1.2064241632794654, 0.912604127593728]], [[5.423894097738079, 0.644646955992565, -3.066808045627988, 0.12463105097235995, 2.084413387824232, -5.999485740723529, -0.9686585796439751], [5.1148661141858005, 0.9182875856048569, -1.8885366045977703, -7.727658230532536, 0.3808774786329443, 2.6883445269355644, -3.9811820431536757], [-2.0319574165360175, -0.7917821106585597, 4.07622989096756, 0.9671851994987853, -2.53232803357507, 1.2141684953515417, 0.2650841589826856]], [[2.337073858527642, -3.953033989214098, 2.6817614880896117, -0.27374313313128745, -3.1969538159819226, 2.792130777858755, -3.2458761520264536], [-2.4423477149738875, -2.200584951937837, 6.100011950260032, 4.370470454774884, -0.8563407373698952, -2.3625664013380305, -5.388761966684769], [-11.37761068286636, 4.87345775574849, 0.12971673058410946, -1.7528689284381969, 0.9824125892084007, 1.5468727865280374, 2.4259426391883485]], [[7.053248662144966, 0.3086640821763989, 1.0670008176721943, 0.4647087492230076, 0.687961359525586, 1.729810369454863, -0.0716124390796273], [1.7213205556977886, -5.022324874672672, 3.6817067000598414, -0.8385234025454701, 1.2028245949298542, -2.386246338971187, -2.966157725569049], [-11.657879169792224, 4.872173725006248, -2.9353840910777653, 0.46366341169666003, -1.2589851658814075, -3.073190775851284, -0.3443017051741871]], [[7.938784031508696, -2.899407298609174, 0.6543762360528835, -2.4445380060129174, -6.4405365269883434, 2.512472876767348, -5.1281769392111], [-2.165832436515724, 0.9315669239017844, -1.8753863833521913, -0.9933456859591661, -0.5469947246132657, -1.328869575052725, 4.699593769445266], [-1.2024053320963684, -5.09141056918145, 3.731187901414279, 3.2280992429182027, 2.8784016082492125, -2.255697541461083, 0.4429508770123716]], [[5.513119224753076, 0.254657056394619, 0.9341573897403688, 1.7236529905068758, 0.8410423139120058, 1.7886089788318822, 0.3677113691101567], [-10.37465776845147, -1.5469201915716244, -0.8762986614893109, -1.097891785985891, -1.3642501961288223, -1.147553516273086, -1.6833797039297147], [7.607812869262435, 0.12034186813143309, 0.2671717477921531, -1.3485890666168197, -0.468767074529612, 0.49457744974417034, 0.8006908055183672]], [[-18.19410986249399, 7.099044608847594, 1.5300189123896952, -2.641143988190037, 1.9552201688634125, 0.4632610419295795, 1.8918451932928269], [5.378952574693053, -0.6297610332987527, 3.1705614075618236, 2.4753039361977156, -1.181235927327791, 0.9087515279395955, -3.070668109562888], [-5.088679974822229, -6.8389178500482855, 3.813281834473365, 0.8770119016081089, 1.7220629016433802, -0.06366655717610212, 0.10602021692874054]], [[-0.1594592536268813, -0.5204223435402661, -0.41044078022732344, 4.363702284954073, 1.3919792500684467, 3.5387240468581047, -1.596176564484874], [-14.40854908314925, 7.183597006090647, 1.48146340387378, -4.574701818695375, 1.0989447511223298, -0.23245828532183888, 1.3204751748247685], [-0.3085603418785574, -3.4342803715700114, 2.3096888693830775, -0.8782698635743471, 0.8095674383003492, -4.272059696095362, -2.154978436688333]], [[-10.049707799237991, 3.64498165446296, 4.564617228820249, -6.5578628028509725, -6.214949137202399, 2.950726642786, 0.8506042608198571], [-3.8492122467947354, 0.5384213638974489, 1.1281785421503276, 2.8520106840983397, 4.940305627747894, 0.35577539550321324, -1.6025754139099668], [4.508561204660399, -4.502579658073731, 4.311761569084447, 2.7767778804213856, -3.6646666427589687, 3.49790063882297, -10.662748218859647]], [[-2.5648064665614623, -1.2598288651951408, 3.5315272916928127, 1.1108717881374959, 2.2579490250018623, -5.662521989149591, -1.8850358603127255], [-5.33761962955449, -2.4506529034270224, 7.140469053063937, -2.060074500203059, -0.27646817779895794, -0.7307107750041394, 0.7836199487738583], [7.293047307414998, -0.23481380760756868, -2.3682362322443256, -0.43987129124802504, 1.0295629545456368, 2.619491858216109, -0.8984873951774035]], [[5.395891940922673, 0.35477791645747536, 1.1071463074540568, 1.3826720651148385, 0.5735408690107301, 1.7067434332583489, 0.014710565084345604], [-0.8291036804926453, -1.9006421193889111, 2.22944714133198, -1.4335100251826398, -1.294868075483384, -0.73736084393597, -5.137216131537287], [-6.332019941257339, 2.5803485487777285, -3.3098690829089987, -2.180002591601261, 0.7457506174281525, 0.6598680130715763, 2.6939242288072673]], [[-10.840581378995, 2.9487229783439135, -2.3792515243165906, 3.247912908441735, -3.2110083945141907, -5.379277522315178, 0.12299210947002666], [-2.884525464136428, -0.14598473412384574, 0.031840905208067774, 1.3676580892219001, 2.9419613049377658, 6.840199293407222, -0.6718536545207182], [-0.8759776826293533, -4.531471782799117, 4.649797449843169, 0.2915573053053506, 0.9538249365438987, 0.16059822120484235, -2.052210351858307]], [[1.1791335437806003, 1.354295362230288, 1.2106306167354697, 1.319490717056049, 0.16138063093131427, 1.7796607822606836, 1.7729790895230166], [9.850410409909761, -0.08051732704708202, 0.5682341473713488, 0.387402144864241, 0.07902548184923448, 1.4232235975470053, 0.0009188539298358058], [-10.712091091094361, -1.6426968025640873, -0.8210011515740968, -1.0524590883872567, -1.352168680489777, -1.0168441937555939, -1.5264115266123945]], [[11.280047429962789, -1.3549640879213611, -3.5580913451168352, -5.796347974707692, -1.9740675475255027, 3.446548004359393, -2.5462614670717607], [-12.492388963412958, -0.6890899845989766, 3.1038558345751652, 5.625104830035153, 3.788721290692366, -2.803912249018615, 0.22628614196915536], [-5.049128537760959, -2.6814521519955314, 4.631113711211905, -1.8481206813147535, 0.33900135178379426, 0.5920190475513039, -1.9669658246660962]], [[7.788365426391421, -0.1200961674305664, 0.8392410296820875, 0.934360726015077, 0.5088783089477337, 1.7306704277795346, 0.44121572088348077], [4.419576179671891, -3.8011902126084247, 2.8294193439117783, -4.125021492218952, -4.898936007913142, 1.0676437544003745, 1.6621543618431356], [-12.28585859663793, 1.9014711797467863, -4.124314717317724, 2.3701581674978414, 0.7568782253088789, -2.170509626835204, -1.8075107162631807]], [[-8.74236086501813, -2.3189391657757734, 1.8928770552421577, -1.7783309982322115, -2.3610169750371823, 2.7741921457965177, -1.8236348700722205], [3.2696835889367115, -3.9202593778232266, 1.0031966191568693, -0.05572386412860443, 2.8130771519329874, -4.397381184932169, -0.07581594709564274], [2.002536849216847, 1.2866367344088172, 