{"time_milp": 12.851090908050537, "time_refit_milp_assignment": 13.339787006378174, "mse_refit_ground_truth_assignment": 24.982510751367293, "r2_refit_ground_truth_assignment": 0.8650928854960263, "weight_mismatch_refit_ground_truth_assignment": 7.055793916654942, "refit-weight_mismatch_refit_ground_truth_assignment": 0.0, "rand_score_refit_ground_truth_assignment": 1.0, "label_mismatch_refit_ground_truth_assignment": 0.0, "mse_milp": 24.982518673829023, "r2_milp": 0.8650928427142393, "weight_mismatch_milp": 7.048994863750778, "refit-weight_mismatch_milp": 0.0072001882291403765, "rand_score_milp": 1.0, "label_mismatch_milp": 0.0, "mse_refit_milp_assignment": 24.982510751367293, "r2_refit_milp_assignment": 0.8650928854960263, "weight_mismatch_refit_milp_assignment": 7.055793916654942, "refit-weight_mismatch_refit_milp_assignment": 0.0, "rand_score_refit_milp_assignment": 1.0, "label_mismatch_refit_milp_assignment": 0.0, "mse_greedy": NaN, "r2_greedy": NaN, "mse_ground_truth": 35.95878878067944, "r2_ground_truth": 0.7988302505307056, "weight_mismatch_ground_truth": 0, "rand_score_ground_truth": 1, "label_mismatch_ground_truth": 0, "mse_baseline_sklearn": 177.86967328774088, "r2_baseline_sklearn": 0.039492682708027305, "mse_milp_val": 27.44834581424909, "r2_milp_val": 0.8376724762946806, "label_mismatch_milp_val": 0.0, "mse_refit_milp_assignment_val": 27.45026339108758, "r2_refit_milp_assignment_val": 0.8376611358845221, "label_mismatch_refit_milp_assignment_val": 0.0, "mse_refit_ground_truth_assignment_val": 27.45026339108758, "r2_refit_ground_truth_assignment_val": 0.8376611358845221, "label_mismatch_refit_ground_truth_assignment_val": 0.0, "mse_ground_truth_val": 32.915377948748684, "r2_ground_truth_val": 0.8053408452952624, "label_mismatch_ground_truth_val": 0.0, "mse_baseline_sklearn_val": 169.14422778847796, "r2_baseline_sklearn_val": -0.0003066790166510458, "random_state": 12}