{"ground_truth": [[-10, 0.2, 0.4, 0.3], [10, -0.2, -0.4, -0.3]], "milp": [[-10.666787561338618, 0.5368671146617229, -0.05976744513659679, 0.32040390509542854], [9.113870725599556, 0.18899588774322099, -0.46982400414018305, -0.0632800567928783]], "refit_milp_assignment": [[-10.670479528039612, 0.5376886371612876, -0.05967266100805711, 0.321134653450657], [9.11644128339197, 0.18871612713350897, -0.4702827575997531, -0.0636087927816997]], "refit_ground_truth_assignment": [[-10.670479528039612, 0.5376886371612876, -0.05967266100805711, 0.321134653450657], [9.11644128339197, 0.18871612713350897, -0.4702827575997531, -0.0636087927816997]]}