{"ground_truth": [[-10, 0.2, 0.4, 0.3], [10, -0.2, -0.4, -0.3]], "milp": [[12.748384382143298, 0.10884998341340027, -0.5871312254279676, -0.27063085619688965], [-12.85277959740524, -0.1251710364049645, 0.8810032509619705, 0.07449181892396872]], "greedy": [[[12.752008619794264, 0.10835525321161156, -0.5877912304142843, -0.2711847514087669], [-12.856144736602484, -0.1250599029671637, 0.8814137884347162, 0.075161069664454]], [[12.752008619794264, 0.10835525321161156, -0.5877912304142843, -0.2711847514087669], [-12.856144736602484, -0.1250599029671637, 0.8814137884347162, 0.075161069664454]], [[3.8797843781512853, 2.8069450258089113, -2.8492485486126355, -2.3798313246733653], [-6.594083786857474, -2.1242986567712903, 3.7782451959955208, 3.7283534117529102]], [[12.752008619794264, 0.10835525321161156, -0.5877912304142843, -0.2711847514087669], [-12.856144736602484, -0.1250599029671637, 0.8814137884347162, 0.075161069664454]], [[12.752008619794264, 0.10835525321161156, -0.5877912304142843, -0.2711847514087669], [-12.856144736602484, -0.1250599029671637, 0.8814137884347162, 0.075161069664454]], [[-12.856144736602484, -0.1250599029671637, 0.8814137884347162, 0.075161069664454], [12.752008619794264, 0.10835525321161156, -0.5877912304142843, -0.2711847514087669]], [[-12.856144736602484, -0.1250599029671637, 0.8814137884347162, 0.075161069664454], [12.752008619794264, 0.10835525321161156, -0.5877912304142843, -0.2711847514087669]], [[-12.856144736602484, -0.1250599029671637, 0.8814137884347162, 0.075161069664454], [12.752008619794264, 0.10835525321161156, -0.5877912304142843, -0.2711847514087669]], [[-12.856144736602484, -0.1250599029671637, 0.8814137884347162, 0.075161069664454], [12.752008619794264, 0.10835525321161156, -0.5877912304142843, -0.2711847514087669]], [[12.752008619794264, 0.10835525321161156, -0.5877912304142843, -0.2711847514087669], [-12.856144736602484, -0.1250599029671637, 0.8814137884347162, 0.075161069664454]], [[-5.444919855796769, -2.9433407792400765, 2.859653856510336, 3.717298391042737], [2.7051174768894635, 3.5140101733722733, -1.943360912952477, -2.514274049927044]], [[12.752008619794264, 0.10835525321161156, -0.5877912304142843, -0.2711847514087669], [-12.856144736602484, -0.1250599029671637, 0.8814137884347162, 0.075161069664454]], [[-4.413973929460006, -3.5702886985117734, 1.7067701635518426, -1.271420983655], [5.616491590149937, 3.382458369334263, -1.8485593203658277, -0.6098882605163853]], [[-12.856144736602484, -0.1250599029671637, 0.8814137884347162, 0.075161069664454], [12.752008619794264, 0.10835525321161156, -0.5877912304142843, -0.2711847514087669]], [[6.745345589071679, 0.2257212990295038, 0.9731885541181828, -3.843888341384538], [-10.826625207017887, -0.16572847739839067, 0.4773901130119871, 5.6637343290542566]], [[-12.856144736602484, -0.1250599029671637, 0.8814137884347162, 0.075161069664454], [12.752008619794264, 0.10835525321161156, -0.5877912304142843, -0.2711847514087669]], [[-12.856144736602484, -0.1250599029671637, 0.8814137884347162, 0.075161069664454], [12.752008619794264, 0.10835525321161156, -0.5877912304142843, -0.2711847514087669]], [[-12.856144736602484, -0.1250599029671637, 0.8814137884347162, 0.075161069664454], [12.752008619794264, 0.10835525321161156, -0.5877912304142843, -0.2711847514087669]], [[-12.856144736602484, -0.1250599029671637, 0.8814137884347162, 0.075161069664454], [12.752008619794264, 0.10835525321161156, -0.5877912304142843, -0.2711847514087669]], [[-12.856144736602484, -0.1250599029671637, 0.8814137884347162, 0.075161069664454], [12.752008619794264, 0.10835525321161156, -0.5877912304142843, -0.2711847514087669]]], "refit_milp_assignment": [[12.752046630587255, 0.10835651395494417, -0.5878242819810068, -0.2712001912750038], [-12.856175723876065, -0.12506287470215238, 0.8814481129484553, 0.07516433702258361]], "refit_ground_truth_assignment": [[-12.856175723876065, -0.12506287470215238, 0.8814481129484553, 0.07516433702258361], [12.752046630587255, 0.10835651395494417, -0.5878242819810068, -0.2712001912750038]]}