{"time_milp": 1.7092349529266357, "time_refit_milp_assignment": 2.1471800804138184, "mse_refit_ground_truth_assignment": 3.8342392318787972, "r2_refit_ground_truth_assignment": 0.9390030254869149, "weight_mismatch_refit_ground_truth_assignment": 2.566961397943945, "refit-weight_mismatch_refit_ground_truth_assignment": 0.0, "rand_score_refit_ground_truth_assignment": 1.0, "label_mismatch_refit_ground_truth_assignment": 0.0, "mse_milp": 3.2270385406200988, "r2_milp": 0.9486626744678905, "weight_mismatch_milp": 5.703630411667821, "refit-weight_mismatch_milp": 6.589588174635415, "rand_score_milp": 0.7312629399585922, "label_mismatch_milp": 0.15714285714285714, "mse_refit_milp_assignment": 3.2269777563792594, "r2_refit_milp_assignment": 0.948663641453664, "weight_mismatch_refit_milp_assignment": 5.746367180298821, "refit-weight_mismatch_refit_milp_assignment": 6.628842483874892, "rand_score_refit_milp_assignment": 0.7312629399585922, "label_mismatch_refit_milp_assignment": 0.15714285714285714, "mse_greedy": NaN, "r2_greedy": NaN, "mse_ground_truth": 3.99568445853115, "r2_ground_truth": 0.9364346749537774, "weight_mismatch_ground_truth": 0, "rand_score_ground_truth": 1, "label_mismatch_ground_truth": 0, "mse_baseline_sklearn": 15.398634037322447, "r2_baseline_sklearn": 0.7550397545721357, "random_state": 4}