{"ground_truth": [[10, -1.176331045639512, -1.6698056550322082, -1.4958876314364842, -1.2192978055075216, -1.3751987828926875, -1.4167098690013826, -1.7712483557892704, -1.1948387333469657, -1.4155894542353007, -1.6377015310599097, -1.8739249260628312, -1.3647130611143559], [-10, 1.1231345079781496, 1.9715746709726834, 1.799038873090477, 1.4895002138535114, 1.4043094984663074, 1.7513089697925588, 1.456191392577968, 1.754468811475375, 1.8839342505317327, 1.1951954182673952, 1.713844794318405, 1.5841541941061434]], "milp": [[9.79944390109768, -1.2453627186341745, -1.7028610062069829, -1.4562698279682116, -1.167431880607537, -1.3074850482643072, -1.4007168615694847, -1.794472820597148, -1.1314092353803695, -1.3906164184589858, -1.7481112701637398, -1.880732714437568, -1.3133197103315597], [-10.483385563976258, 1.0309951152550585, 2.0062146088374964, 1.8698524532059086, 1.4874355661161935, 1.5661048351537736, 1.7211095198476447, 1.4798768178088861, 1.758641987178901, 2.0032825922324924, 1.1616632421512763, 1.6930896422909079, 1.6157698212991083]], "refit_milp_assignment": [[9.820969094054352, -1.2462923283437277, -1.7062207570174064, -1.4583426220350426, -1.168771714644955, -1.3075872261534964, -1.4037603719299034, -1.7973278816429366, -1.130784903717958, -1.392333678770399, -1.7478523362995342, -1.8824896083468234, -1.3134331309215017], [-10.514135911496144, 1.0328603567653925, 2.009871558114925, 1.8733969874569019, 1.4855886081754808, 1.570758870553368, 1.7250111691329708, 1.4802672911298949, 1.7596754430258454, 2.0016242387679553, 1.1663224344311431, 1.6906423551480718, 1.6208719919721442]], "refit_ground_truth_assignment": [[9.762513038546974, -1.2154907212210848, -1.6890655802232446, -1.4662141385320226, -1.1729695469896841, -1.3064084697105456, -1.3983233005286653, -1.7786941019608988, -1.1407411577073043, -1.4133970004214456, -1.7290959252823288, -1.8823907304188707, -1.3164720802572594], [-10.475543997675997, 1.0314387889874888, 2.02213163265348, 1.8698233836244074, 1.4845614174750743, 1.5615365444533194, 1.722660436014399, 1.4705408601706456, 1.761807423753489, 1.9990217578736988, 1.1658862778176569, 1.6932981033065917, 1.6228153526195959]]}