{"ground_truth": [[-10, -1.1281392622060729, -1.7513651349943629, -1.6228254350977118], [1, 1.6444371693942874, 1.4470205250788553, 1.8701814353803043], [10, 0.1, 0.1, 0.1]], "milp": [[2.6978875839202, -6.7450985017657015, -6.629867103225251, -8.092056889934401], [17.467955270817605, -1.8338697006729363, 0.7819582390644639, 2.7470179424355], [-22.0951263489153, 1.444916987155984, 5.889712437324504, 3.463123827956802]], "refit_milp_assignment": [[2.7007331039029445, -6.745791347563193, -6.630631330392882, -8.092733445224882], [17.476645281365407, -1.8353521606503707, 0.7803144239182628, 2.746211845779702], [-22.107723054730965, 1.4464121388249602, 5.891738594768597, 3.4649645165161322]], "refit_ground_truth_assignment": [[-18.964375698837863, -2.021161597761139, -1.1469895167980564, -5.431925447044085], [1.8827213461205616, 0.36358373698522906, 1.6532196820293463, 1.6031886401038236], [13.580291123768799, -0.7601557164020524, 0.5338336967102193, 1.6359539177054474]]}