{"time_milp": 18033.91253733635, "time_refit_milp_assignment": 18037.04218006134, "mse_refit_ground_truth_assignment": 124.1633575025085, "r2_refit_ground_truth_assignment": 0.600850295912632, "weight_mismatch_refit_ground_truth_assignment": 6.86423362895871, "refit-weight_mismatch_refit_ground_truth_assignment": 0.0, "rand_score_refit_ground_truth_assignment": 1.0, "label_mismatch_refit_ground_truth_assignment": 0.0, "mse_milp": 71.14209724025612, "r2_milp": 0.7712984923025354, "weight_mismatch_milp": 26.13415368865173, "refit-weight_mismatch_milp": 22.68515435116601, "rand_score_milp": 0.6554621848739496, "label_mismatch_milp": 0.4166666666666667, "mse_refit_milp_assignment": 71.14207506973162, "r2_refit_milp_assignment": 0.7712985635744346, "weight_mismatch_refit_milp_assignment": 26.144036556314575, "refit-weight_mismatch_refit_milp_assignment": 22.6945954639542, "rand_score_refit_milp_assignment": 0.6554621848739496, "label_mismatch_refit_milp_assignment": 0.4166666666666667, "mse_greedy": NaN, "r2_greedy": NaN, "mse_ground_truth": 140.84450674089584, "r2_ground_truth": 0.5472251691742138, "weight_mismatch_ground_truth": 0, "rand_score_ground_truth": 1, "label_mismatch_ground_truth": 0, "mse_baseline_sklearn": 295.785281945994, "r2_baseline_sklearn": 0.04918199056088979, "random_state": 12}