{"ground_truth": [[-10, -1.750567327284179, -1.387875727316524, -1.1215389819342274], [1, 1.5623013832660244, 1.2017695356195564, 1.6541741624343036], [10, 0.1, 0.1, 0.1]], "milp": [[9.785035628806906, -9.553215597798397, 4.883260535345049, -0.15447708316787412], [8.333661909815357, 1.0859989723725478, 0.14342096044005614, 1.3994609257210513], [-17.478130516654424, 2.1175590070818893, 1.8808316726785734, -1.731192456450129]], "refit_milp_assignment": [[9.789802805006932, -9.554959282108516, 4.883349530497156, -0.15479691015034222], [8.336482139849522, 1.0855286057002878, 0.14317479743040706, 1.3993396269457699], [-17.48596718605499, 2.1194018285389697, 1.8828208008624256, -1.730792402020549]], "refit_ground_truth_assignment": [[-13.015739306696863, -2.3464133204347886, -0.21329063284603986, -2.1855025203967196], [2.148335451934727, 1.0230903343523872, 0.22981583785614923, 2.586789594051388], [9.424744378332475, 0.41252808005766156, 1.3688421262021857, 0.7168578906959707]]}