{"ground_truth": [[-10, -1.3373682942964584, -1.9520107050830011, -1.693333828589223, -1.5341017000733372], [1, 1.9565103020637227, 1.7524491243774594, 1.0568292773327919, 1.4431398337567467], [10, 0.1, 0.1, 0.1, 0.1]], "milp": [[-8.141676552735326, -1.8053094402349523, -2.082358725853572, -2.1512259542389494, -1.918047953805126], [7.122312871869042, 4.414189632560329, -3.2161495965177584, -3.637301373724669, -0.4235958896062695], [5.638772130090779, 1.5004347642297433, 1.1885386783190262, 0.2601418177780712, 1.2598682163908637]], "refit_milp_assignment": [[-10.2138014493988, -1.4627039732964422, -1.8882800140797962, -1.5290499144341305, -1.4347509808716195], [8.954390927390858, 4.336639133516154, -3.2793779329223027, -3.9895287316590125, -0.8817638154882694], [6.204358297467538, 1.4844985574144185, 1.0815327242758603, 0.2375471305348195, 1.1663996337480076]], "refit_ground_truth_assignment": [[-9.925095259950659, -1.532021857643315, -1.8845650511266774, -1.7444439831426983, -1.5823294738804607], [0.9464948432022275, 1.938621829747481, 1.7781078755600395, 0.9884897701432173, 1.488287969200429], [10.099803569563084, 0.0478689980776853, -0.05925366093636129, -0.0278391155097811, 0.007799884959613393]]}