{"time_milp": 4.113189697265625, "time_refit_milp_assignment": 4.5589985847473145, "mse_refit_ground_truth_assignment": 14.954627602684182, "r2_refit_ground_truth_assignment": 0.8902521285938475, "weight_mismatch_refit_ground_truth_assignment": 4.482113139118138, "refit-weight_mismatch_refit_ground_truth_assignment": 0.0, "rand_score_refit_ground_truth_assignment": 1.0, "label_mismatch_refit_ground_truth_assignment": 0.0, "mse_milp": 14.95463489721808, "r2_milp": 0.8902520750612829, "weight_mismatch_milp": 4.475056804555095, "refit-weight_mismatch_milp": 0.007213923151885255, "rand_score_milp": 1.0, "label_mismatch_milp": 0.0, "mse_refit_milp_assignment": 14.954627602684182, "r2_refit_milp_assignment": 0.8902521285938475, "weight_mismatch_refit_milp_assignment": 4.482113139118138, "refit-weight_mismatch_refit_milp_assignment": 0.0, "rand_score_refit_milp_assignment": 1.0, "label_mismatch_refit_milp_assignment": 0.0, "mse_greedy": NaN, "r2_greedy": NaN, "mse_ground_truth": 22.00011269008176, "r2_ground_truth": 0.8455430788155437, "weight_mismatch_ground_truth": 0, "rand_score_ground_truth": 1, "label_mismatch_ground_truth": 0, "mse_baseline_sklearn": 132.800107272949, "r2_baseline_sklearn": 0.025416781819501022, "mse_milp_val": 23.00494696558244, "r2_milp_val": 0.8481344878166515, "label_mismatch_milp_val": 0.0, "mse_refit_milp_assignment_val": 23.004189875419705, "r2_refit_milp_assignment_val": 0.8481394856932171, "label_mismatch_refit_milp_assignment_val": 0.0, "mse_refit_ground_truth_assignment_val": 23.004189875419705, "r2_refit_ground_truth_assignment_val": 0.8481394856932171, "label_mismatch_refit_ground_truth_assignment_val": 0.0, "mse_ground_truth_val": 26.73559217911561, "r2_ground_truth_val": 0.8235069002384148, "label_mismatch_ground_truth_val": 0.0, "mse_baseline_sklearn_val": 151.81889494124226, "r2_baseline_sklearn_val": -0.0022215775526783776, "random_state": 7}