{"ground_truth": [[0.13782992947414577, 0.26390107177138206, -0.3022560493111767, 0.4228068844236929, 2.038327668362444, -1.423307888575089, -0.5618174604912745, 0.0548562971213439], [0.19619306884640775, -0.2767441076926741, 0.23020318279247903, 0.18609734756534058, 0.4723147546880899, -0.35356763117828083, -0.12238870014106573, 0.8482971722737157]], "milp": [[0.5849800493298616, 0.0108644980376839, 0.146552062735345, 0.44378570468276224, 0.18490848562157322, -0.5425620346501806, -0.036051763932335605, 0.6091338114554544], [-0.4465548051136076, 0.13068846782619448, 0.22287712540849178, 0.17026056279853324, 0.012344420598082464, -0.165685939856411, -0.07391927428810496, 0.25150780313201215]], "refit_milp_assignment": [[0.6203718630751219, -0.2942771268606213, 0.28706254045636387, 0.5336829175399194, 0.7723765546738244, -0.8818088694201839, -0.21907598467360184, 0.6253793155129231], [-0.45209771504683915, 0.03834353553472005, 0.34107443439354873, 0.18252780628514023, 0.1458633030676377, -0.30616869910071576, -0.12923055662978694, 0.280944871680608]], "refit_ground_truth_assignment": [[0.13782992947466916, 0.26390107175727007, -0.30225604929271044, 0.4228068844170221, 2.0383276682185683, -1.4233078885152959, -0.561817460452222, 0.054856297172381246], [0.19619306884610554, -0.2767441076768652, 0.2302031827798631, 0.18609734756599347, 0.4723147546648624, -0.35356763116947904, -0.12238870012181231, 0.8482971722655366]]}