{"time_milp": 1.386240005493164, "time_greedy": 1.462458062171936, "time_refit_milp_assignment": 2.0457003116607666, "mse_refit_ground_truth_assignment": 6.138428504060772, "r2_refit_ground_truth_assignment": 0.9207292168119022, "weight_mismatch_refit_ground_truth_assignment": 10.196747657118173, "refit-weight_mismatch_refit_ground_truth_assignment": 0.0, "rand_score_refit_ground_truth_assignment": 1.0, "label_mismatch_refit_ground_truth_assignment": 0.0, "mse_milp": 9.773586736687273, "r2_milp": 0.8737853060174154, "weight_mismatch_milp": 12.446902430538088, "refit-weight_mismatch_milp": 7.813357041207955, "rand_score_milp": 0.7158730158730159, "label_mismatch_milp": 0.4166666666666667, "mse_refit_milp_assignment": 9.77355419567849, "r2_refit_milp_assignment": 0.8737857262473244, "weight_mismatch_refit_milp_assignment": 12.42531091244334, "refit-weight_mismatch_refit_milp_assignment": 7.815255199443721, "rand_score_refit_milp_assignment": 0.7158730158730159, "label_mismatch_refit_milp_assignment": 0.4166666666666667, "mse_greedy": 4.890098651069929, "r2_greedy": 0.9368499690627763, "weight_mismatch_greedy": 19.79341589072704, "refit-weight_mismatch_greedy": 16.784862296969628, "rand_score_greedy": 0.6952380952380951, "label_mismatch_greedy": 0.49722222222222223, "mse_greedy_sem": 0.35205029901499746, "r2_greedy_sem": 0.004546326947697001, "weight_mismatch_greedy_sem": 1.1765748069474382, "refit-weight_mismatch_greedy_sem": 1.0726370890766952, "rand_score_greedy_sem": 0.007070552074223812, "label_mismatch_greedy_sem": 0.015596749965511393, "mse_ground_truth": 10.763419080070129, "r2_ground_truth": 0.8610027534417908, "weight_mismatch_ground_truth": 0, "rand_score_ground_truth": 1, "label_mismatch_ground_truth": 0, "mse_baseline_sklearn": 75.76320854753783, "r2_baseline_sklearn": 0.021617484772956774, "random_state": 42}