{"time_milp": 2649.0027227401733, "time_greedy": 0.6099116086959839, "time_refit_milp_assignment": 2657.27308678627, "mse_refit_ground_truth_assignment": 3.633060583926277, "r2_refit_ground_truth_assignment": 0.9683693026200173, "weight_mismatch_refit_ground_truth_assignment": 2.7195452401269335, "refit-weight_mismatch_refit_ground_truth_assignment": 0.0, "rand_score_refit_ground_truth_assignment": 1.0, "label_mismatch_refit_ground_truth_assignment": 0.0, "mse_milp": 10.775038814463128, "r2_milp": 0.9061887397348267, "weight_mismatch_milp": 6.60721515238633, "refit-weight_mismatch_milp": 7.452833910284468, "rand_score_milp": 0.75, "label_mismatch_milp": 0.3333333333333333, "mse_refit_milp_assignment": 12.114002272752137, "r2_refit_milp_assignment": 0.8945312550951887, "weight_mismatch_refit_milp_assignment": 6.697667616828999, "refit-weight_mismatch_refit_milp_assignment": 7.56150728029528, "rand_score_refit_milp_assignment": 0.75, "label_mismatch_refit_milp_assignment": 0.3333333333333333, "mse_greedy": 114.97277830829326, "r2_greedy": -0.000993259978968819, "weight_mismatch_greedy": 22.956050966705313, "refit-weight_mismatch_greedy": 23.513414607927235, "rand_score_greedy": 0.9158841940532081, "label_mismatch_greedy": 0.06944444444444445, "mse_greedy_sem": 3.260193663416e-15, "r2_greedy_sem": 0.0, "weight_mismatch_greedy_sem": 1.3268026938822534e-15, "refit-weight_mismatch_greedy_sem": 8.15048415854e-16, "rand_score_greedy_sem": 0.0, "label_mismatch_greedy_sem": 0.0, "mse_ground_truth": 4.225589526031081, "r2_ground_truth": 0.9626817954973053, "weight_mismatch_ground_truth": 0, "rand_score_ground_truth": 1, "label_mismatch_ground_truth": 0, "mse_baseline_sklearn": 111.69224923161904, "r2_baseline_sklearn": 0.02756817467742123, "mse_milp_val": 11.695243236266952, "r2_milp_val": 0.8939150256101243, "label_mismatch_milp_val": 0.3333333333333333, "mse_refit_milp_assignment_val": 12.940246277451076, "r2_refit_milp_assignment_val": 0.8826218773556469, "label_mismatch_refit_milp_assignment_val": 0.3333333333333333, "mse_greedy_val": 111.91294393681656, "label_mismatch_greedy_val": 0.14583333333333337, "mse_greedy_val_sem": 6.520387326832e-15, "label_mismatch_greedy_val_sem": 6.367565748859375e-18, "r2_greedy_val": -0.01513765482164886, "r2_greedy_val_sem": 0.0, "mse_refit_ground_truth_assignment_val": 4.4445559253839475, "r2_refit_ground_truth_assignment_val": 0.9596844125433319, "label_mismatch_refit_ground_truth_assignment_val": 0.10416666666666667, "mse_ground_truth_val": 4.466191605420062, "r2_ground_truth_val": 0.9594881600570714, "label_mismatch_ground_truth_val": 0.10416666666666667, "mse_baseline_sklearn_val": 111.15760500031054, "r2_baseline_sklearn_val": -0.008286141764919153}