{"time_milp": 10.936872959136963, "time_refit_milp_assignment": 11.413748025894165, "mse_refit_ground_truth_assignment": 26.959998569120252, "r2_refit_ground_truth_assignment": 0.8616590033299101, "weight_mismatch_refit_ground_truth_assignment": 7.916966419463603, "refit-weight_mismatch_refit_ground_truth_assignment": 0.0, "rand_score_refit_ground_truth_assignment": 1.0, "label_mismatch_refit_ground_truth_assignment": 0.0, "mse_milp": 26.960010444889488, "r2_milp": 0.8616589423912662, "weight_mismatch_milp": 7.906914087662589, "refit-weight_mismatch_milp": 0.010546603833533095, "rand_score_milp": 1.0, "label_mismatch_milp": 0.0, "mse_refit_milp_assignment": 26.959998569120252, "r2_refit_milp_assignment": 0.8616590033299101, "weight_mismatch_refit_milp_assignment": 7.916966419463603, "refit-weight_mismatch_refit_milp_assignment": 0.0, "rand_score_refit_milp_assignment": 1.0, "label_mismatch_refit_milp_assignment": 0.0, "mse_greedy": NaN, "r2_greedy": NaN, "mse_ground_truth": 45.60919120275942, "r2_ground_truth": 0.7738425532218768, "weight_mismatch_ground_truth": 0, "rand_score_ground_truth": 1, "label_mismatch_ground_truth": 0, "mse_baseline_sklearn": 193.8222707699454, "r2_baseline_sklearn": 0.005431471131964183, "mse_milp_val": 31.262811424225855, "r2_milp_val": 0.8521997767444053, "label_mismatch_milp_val": 0.0, "mse_refit_milp_assignment_val": 31.25793226634024, "r2_refit_milp_assignment_val": 0.852222843787705, "label_mismatch_refit_milp_assignment_val": 0.0, "mse_refit_ground_truth_assignment_val": 31.25793226634024, "r2_refit_ground_truth_assignment_val": 0.852222843787705, "label_mismatch_refit_ground_truth_assignment_val": 0.0, "mse_ground_truth_val": 49.30590463860749, "r2_ground_truth_val": 0.7668980049645133, "label_mismatch_ground_truth_val": 0.0, "mse_baseline_sklearn_val": 212.10034416580575, "r2_baseline_sklearn_val": -0.0027402140807570863, "random_state": 6}