{"ground_truth": [[-10, 0.2, 0.4, 0.3], [10, -0.2, -0.4, -0.3]], "milp": [[-10.386130435857797, 0.4799008238397968, 0.3129926763918518, 0.23077405546591356], [9.74136351594581, -0.10519024280017264, -0.3043853143591493, -0.2963014254816946]], "refit_milp_assignment": [[-10.389076676161427, 0.4805277639841605, 0.3130621304991197, 0.23125515572820782], [9.744145666741757, -0.10554320510319971, -0.30490362416568645, -0.29669843580228805]], "refit_ground_truth_assignment": [[-10.389076676161427, 0.4805277639841605, 0.3130621304991197, 0.23125515572820782], [9.744145666741757, -0.10554320510319971, -0.30490362416568645, -0.29669843580228805]]}