{"time_milp": 20.155064821243286, "time_refit_milp_assignment": 20.634958744049072, "mse_refit_ground_truth_assignment": 23.465559971943502, "r2_refit_ground_truth_assignment": 0.8767088027234338, "weight_mismatch_refit_ground_truth_assignment": 7.217181580911275, "refit-weight_mismatch_refit_ground_truth_assignment": 0.0, "rand_score_refit_ground_truth_assignment": 1.0, "label_mismatch_refit_ground_truth_assignment": 0.0, "mse_milp": 23.465569960448406, "r2_milp": 0.8767087502424902, "weight_mismatch_milp": 7.2086962353245445, "refit-weight_mismatch_milp": 0.009146558226260012, "rand_score_milp": 1.0, "label_mismatch_milp": 0.0, "mse_refit_milp_assignment": 23.465559971943502, "r2_refit_milp_assignment": 0.8767088027234338, "weight_mismatch_refit_milp_assignment": 7.217181580911275, "refit-weight_mismatch_refit_milp_assignment": 0.0, "rand_score_refit_milp_assignment": 1.0, "label_mismatch_refit_milp_assignment": 0.0, "mse_greedy": NaN, "r2_greedy": NaN, "mse_ground_truth": 40.10066714168466, "r2_ground_truth": 0.7896043718144865, "weight_mismatch_ground_truth": 0, "rand_score_ground_truth": 1, "label_mismatch_ground_truth": 0, "mse_baseline_sklearn": 182.41683893615672, "r2_baseline_sklearn": 0.041557478162215444, "mse_milp_val": 25.16840670075232, "r2_milp_val": 0.8678555957122734, "label_mismatch_milp_val": 0.0, "mse_refit_milp_assignment_val": 25.17293271993314, "r2_refit_milp_assignment_val": 0.8678318322648866, "label_mismatch_refit_milp_assignment_val": 0.0, "mse_refit_ground_truth_assignment_val": 25.17293271993314, "r2_refit_ground_truth_assignment_val": 0.8678318322648866, "label_mismatch_refit_ground_truth_assignment_val": 0.0, "mse_ground_truth_val": 38.98560857090249, "r2_ground_truth_val": 0.7953096482566613, "label_mismatch_ground_truth_val": 0.0, "mse_baseline_sklearn_val": 191.40479954711978, "r2_baseline_sklearn_val": -0.004953293813779958, "random_state": 2}