{"ground_truth": [[-10, 0.2, 0.4, 0.3], [10, -0.2, -0.4, -0.3]], "milp": [[-13.517488591295265, 0.05151975235357552, 0.44317308292161717, 0.678425333805071], [13.478066827890144, 0.8074614448312059, -0.07268430203266746, -0.7813836077192644]], "refit_milp_assignment": [[-13.521821882870531, 0.05168235391910111, 0.44368495279436004, 0.679446862337383], [13.482538954755224, 0.8068309358483754, -0.07362763116628829, -0.7820535810171664]], "refit_ground_truth_assignment": [[-13.521821882870531, 0.05168235391910111, 0.44368495279436004, 0.679446862337383], [13.482538954755224, 0.8068309358483754, -0.07362763116628829, -0.7820535810171664]]}