{"time_milp": 0.9896812438964844, "time_greedy": 1.539714276790619, "time_refit_milp_assignment": 1.4672973155975342, "mse_refit_ground_truth_assignment": 14.869427040165496, "r2_refit_ground_truth_assignment": 0.8356918004406552, "weight_mismatch_refit_ground_truth_assignment": 1.8016527725700842, "refit-weight_mismatch_refit_ground_truth_assignment": 0.0, "rand_score_refit_ground_truth_assignment": 1.0, "label_mismatch_refit_ground_truth_assignment": 0.0, "mse_milp": 14.530617118901464, "r2_milp": 0.8394356735573101, "weight_mismatch_milp": 1.7163605725796343, "refit-weight_mismatch_milp": 0.3203068148654563, "rand_score_milp": 0.9669467787114846, "label_mismatch_milp": 0.016666666666666666, "mse_refit_milp_assignment": 14.530610292597746, "r2_refit_milp_assignment": 0.8394357489884393, "weight_mismatch_refit_milp_assignment": 1.720909711442768, "refit-weight_mismatch_refit_milp_assignment": 0.3201168466365024, "rand_score_refit_milp_assignment": 0.9669467787114846, "label_mismatch_refit_milp_assignment": 0.016666666666666666, "mse_greedy": 20.702673331709796, "r2_greedy": 0.7712340245518539, "weight_mismatch_greedy": 6.761486223566019, "refit-weight_mismatch_greedy": 5.968795713132591, "rand_score_greedy": 0.7999229691876751, "label_mismatch_greedy": 0.15541666666666665, "mse_greedy_sem": 1.624898016352861, "r2_greedy_sem": 0.017955235720469163, "weight_mismatch_greedy_sem": 2.0616686963683737, "refit-weight_mismatch_greedy_sem": 2.2417334426682407, "rand_score_greedy_sem": 0.04514651251335339, "label_mismatch_greedy_sem": 0.04107596638692611, "mse_ground_truth": 15.707462471959776, "r2_ground_truth": 0.8386050121430307, "weight_mismatch_ground_truth": 0, "rand_score_ground_truth": 1, "label_mismatch_ground_truth": 0, "mse_baseline_sklearn": 88.32789017645005, "r2_baseline_sklearn": 0.023970690560883745, "mse_milp_val": 17.388279223606304, "r2_milp_val": 0.8383028013185831, "label_mismatch_milp_val": 0.025, "mse_refit_milp_assignment_val": 17.38948369361551, "r2_refit_milp_assignment_val": 0.838291600703279, "label_mismatch_refit_milp_assignment_val": 0.025, "mse_greedy_val": 34.62336638980443, "label_mismatch_greedy_val": 0.14875, "mse_greedy_val_sem": 4.756980487263031, "label_mismatch_greedy_val_sem": 0.037267922216241, "r2_greedy_val": 0.6780301672087725, "r2_greedy_val_sem": 0.0442361437311371, "mse_refit_ground_truth_assignment_val": 17.196850946204638, "r2_refit_ground_truth_assignment_val": 0.8400829323945919, "label_mismatch_refit_ground_truth_assignment_val": 0.025, "mse_ground_truth_val": 14.271708448007638, "r2_ground_truth_val": 0.8672844364433818, "label_mismatch_ground_truth_val": 0.025, "mse_baseline_sklearn_val": 107.55687419589881, "r2_baseline_sklearn_val": -0.00019358055830709375, "random_state": 7}