{"ground_truth": [[-10, 0.2, 0.4, 0.3], [10, -0.2, -0.4, -0.3]], "milp": [[9.715002932905133, 0.10616617231796205, -0.6957782834185601, -0.3891016356384518], [-10.570406656380074, 0.3061648377026771, 0.674133171181291, 0.17725720581770704]], "greedy": [[[-10.55921544131929, 0.34926707258303347, 0.5455768137616767, 0.14448779285473498], [9.78057927103661, 0.08409271635947796, -0.8293401221151724, -0.4373747892262072]], [[9.717662379415078, 0.10561352423538181, -0.696193943272656, -0.3894134724510857], [-10.57322523024234, 0.30660478304335154, 0.6743488719237499, 0.17771742200309606]], [[9.717662379415078, 0.10561352423538181, -0.696193943272656, -0.3894134724510857], [-10.57322523024234, 0.30660478304335154, 0.6743488719237499, 0.17771742200309606]], [[9.697258469678532, 0.09278938281909921, -0.8948718023709963, -0.4506122926948187], [-10.670921987716568, 0.39571095637724335, 0.46035965511302845, 0.14127397523171945]], [[6.547526996914269, -3.6043714442173584, -0.5697782167187934, -0.4213153107790702], [-7.3705676129030655, 5.011487979437077, -0.947252701438812, -0.8302795296421763]], [[-10.55921544131929, 0.34926707258303347, 0.5455768137616767, 0.14448779285473498], [9.78057927103661, 0.08409271635947796, -0.8293401221151724, -0.4373747892262072]], [[9.78057927103661, 0.08409271635947796, -0.8293401221151724, -0.4373747892262072], [-10.55921544131929, 0.34926707258303347, 0.5455768137616767, 0.14448779285473498]], [[-8.509099323670828, 4.5071497765123425, -1.2871892929895523, 0.6435234309201097], [6.498918160529172, -2.6418769001653275, 0.6017187480286112, -2.0718668517040744]], [[9.717662379415078, 0.10561352423538181, -0.696193943272656, -0.3894134724510857], [-10.57322523024234, 0.30660478304335154, 0.6743488719237499, 0.17771742200309606]], [[9.697258469678532, 0.09278938281909921, -0.8948718023709963, -0.4506122926948187], [-10.670921987716568, 0.39571095637724335, 0.46035965511302845, 0.14127397523171945]], [[-6.711271955280862, 4.970767264787015, -0.5131306365620194, -0.8083655134114291], [6.37035157223967, -3.796379700614528, -0.6061999688299224, 0.02170211895832609]], [[6.926158537266767, -3.181940486216699, -0.8964345929202914, -1.8400294624021296], [-8.268880097626273, 4.779464985367189, 0.34607244561067146, 0.754703099504531]], [[9.717662379415078, 0.10561352423538181, -0.696193943272656, -0.3894134724510857], [-10.57322523024234, 0.30660478304335154, 0.6743488719237499, 0.17771742200309606]], [[9.717662379415078, 0.10561352423538181, -0.696193943272656, -0.3894134724510857], [-10.57322523024234, 0.30660478304335154, 0.6743488719237499, 0.17771742200309606]], [[-0.8867548402207867, 3.3925934027128704, 0.02956893482759126, -3.1592631280070904], [1.544031840032898, -2.1467974278011273, -1.5176256312141123, 3.354313157836303]], [[2.323386960132049, -0.7171075697020494, -1.9938901343728248, 3.71064483842138], [-1.4305962628776507, 1.0022764153047625, 1.057414051577905, -3.2397041079225937]], [[-10.57322523024234, 0.30660478304335154, 0.6743488719237499, 0.17771742200309606], [9.717662379415078, 0.10561352423538181, -0.696193943272656, -0.3894134724510857]], [[-10.55921544131929, 0.34926707258303347, 0.5455768137616767, 0.14448779285473498], [9.78057927103661, 0.08409271635947796, -0.8293401221151724, -0.4373747892262072]], [[-10.55921544131929, 0.34926707258303347, 0.5455768137616767, 0.14448779285473498], [9.78057927103661, 0.08409271635947796, -0.8293401221151724, -0.4373747892262072]], [[9.717662379415078, 0.10561352423538181, -0.696193943272656, -0.3894134724510857], [-10.57322523024234, 0.30660478304335154, 0.6743488719237499, 0.17771742200309606]]], "refit_milp_assignment": [[9.71769866008098, 0.1056150234163125, -0.6962290799619634, -0.38943523227627036], [-10.573259490819227, 0.30661577690406455, 0.6743737993324225, 0.17772326257655086]], "refit_ground_truth_assignment": [[-10.573259490819227, 0.30661577690406455, 0.6743737993324225, 0.17772326257655086], [9.71769866008098, 0.1056150234163125, -0.6962290799619634, -0.38943523227627036]]}