{"time_milp": 0.3425447940826416, "time_refit_milp_assignment": 1.0098118782043457, "mse_refit_ground_truth_assignment": 0.15911113691029805, "r2_refit_ground_truth_assignment": 0.9984580787348862, "weight_mismatch_refit_ground_truth_assignment": 0.5064264118379359, "refit-weight_mismatch_refit_ground_truth_assignment": 0.0, "rand_score_refit_ground_truth_assignment": 1.0, "label_mismatch_refit_ground_truth_assignment": 0.0, "mse_milp": 0.7598514876910093, "r2_milp": 0.9926363974895133, "weight_mismatch_milp": 3.90825816510271, "refit-weight_mismatch_milp": 3.5600425148351467, "rand_score_milp": 1.0, "label_mismatch_milp": 0.0, "mse_refit_milp_assignment": 0.15911113691029805, "r2_refit_milp_assignment": 0.9984580787348862, "weight_mismatch_refit_milp_assignment": 0.5064264118379359, "refit-weight_mismatch_refit_milp_assignment": 0.0, "rand_score_refit_milp_assignment": 1.0, "label_mismatch_refit_milp_assignment": 0.0, "mse_greedy": NaN, "r2_greedy": NaN, "mse_ground_truth": 0.2255519993962094, "r2_ground_truth": 0.9978142106768176, "weight_mismatch_ground_truth": 0, "rand_score_ground_truth": 1, "label_mismatch_ground_truth": 0, "mse_baseline_sklearn": 101.0228216770855, "r2_baseline_sklearn": 0.021003557447348054, "random_state": 42}