{"ground_truth": [[-10, -1.009914934722865, -1.4035282373596427], [1, 1.249524188601519, 1.0053752219895107], [10, 0.1, 0.1]], "milp": [[-7.94927812911514, -1.4365475274481776, -1.9328105314095994], [8.523277409916563, 0.41904678649815663, 0.46332708339361345], [0.8246812642080614, 1.2097192629973108, 0.9326761473870607]], "refit_milp_assignment": [[-10.01110197898544, -1.0952129598526332, -1.31761932509133], [9.781075176505025, 0.10103332035911705, 0.19650164852065685], [0.8798242939547642, 1.223036751437397, 0.927550792918531]], "refit_ground_truth_assignment": [[-10.01110197898544, -1.0952129598526332, -1.31761932509133], [0.8798242939547642, 1.223036751437397, 0.927550792918531], [9.781075176505025, 0.10103332035911705, 0.19650164852065685]]}