{"time_milp": 3.731358289718628, "time_refit_milp_assignment": 4.2043633460998535, "mse_refit_ground_truth_assignment": 14.49808317126871, "r2_refit_ground_truth_assignment": 0.8876280559654229, "weight_mismatch_refit_ground_truth_assignment": 2.566943918311186, "refit-weight_mismatch_refit_ground_truth_assignment": 0.0, "rand_score_refit_ground_truth_assignment": 1.0, "label_mismatch_refit_ground_truth_assignment": 0.0, "mse_milp": 14.498091053537921, "r2_milp": 0.8876279948714214, "weight_mismatch_milp": 2.5593262400960795, "refit-weight_mismatch_milp": 0.008686105587058315, "rand_score_milp": 1.0, "label_mismatch_milp": 0.0, "mse_refit_milp_assignment": 14.49808317126871, "r2_refit_milp_assignment": 0.8876280559654229, "weight_mismatch_refit_milp_assignment": 2.566943918311186, "refit-weight_mismatch_refit_milp_assignment": 0.0, "rand_score_refit_milp_assignment": 1.0, "label_mismatch_refit_milp_assignment": 0.0, "mse_greedy": NaN, "r2_greedy": NaN, "mse_ground_truth": 18.09886765480637, "r2_ground_truth": 0.8631435647047554, "weight_mismatch_ground_truth": 0, "rand_score_ground_truth": 1, "label_mismatch_ground_truth": 0, "mse_baseline_sklearn": 126.79722253941208, "r2_baseline_sklearn": 0.01721832971856463, "mse_milp_val": 15.860419401099255, "r2_milp_val": 0.8842368693137921, "label_mismatch_milp_val": 0.0, "mse_refit_milp_assignment_val": 15.857241774959567, "r2_refit_milp_assignment_val": 0.8842600623921576, "label_mismatch_refit_milp_assignment_val": 0.0, "mse_refit_ground_truth_assignment_val": 15.857241774959567, "r2_refit_ground_truth_assignment_val": 0.8842600623921576, "label_mismatch_refit_ground_truth_assignment_val": 0.0, "mse_ground_truth_val": 18.899344890208287, "r2_ground_truth_val": 0.862056148889905, "label_mismatch_ground_truth_val": 0.0, "mse_baseline_sklearn_val": 137.17140501423705, "r2_baseline_sklearn_val": -0.001196177950585131, "random_state": 8}