{"ground_truth": [[-10, 0.2, 0.4, 0.3], [10, -0.2, -0.4, -0.3]], "milp": [[-11.478332114586056, -0.015532258259930912, 0.6593107068320608, 0.02153372030863261], [10.995745245752696, -0.04582423584664716, -0.33229430065461113, -0.17434815145907973]], "refit_milp_assignment": [[-11.48328169413244, -0.014471250618396847, 0.6596339163622509, 0.022652237697767485], [10.999135360465464, -0.04611335806144441, -0.3327526567956134, -0.17498604447835658]], "refit_ground_truth_assignment": [[-11.48328169413244, -0.014471250618396847, 0.6596339163622509, 0.022652237697767485], [10.999135360465464, -0.04611335806144441, -0.3327526567956134, -0.17498604447835658]]}