{"time_milp": 1402.9526188373566, "time_refit_milp_assignment": 1403.6223237514496, "mse_refit_ground_truth_assignment": 11.12883482281063, "r2_refit_ground_truth_assignment": 0.898328432059798, "weight_mismatch_refit_ground_truth_assignment": 2.2334674177556066, "refit-weight_mismatch_refit_ground_truth_assignment": 0.0, "rand_score_refit_ground_truth_assignment": 1.0, "label_mismatch_refit_ground_truth_assignment": 0.0, "mse_milp": 6.289404670788509, "r2_milp": 0.9425408279958637, "weight_mismatch_milp": 3.192050665372218, "refit-weight_mismatch_milp": 2.240787110366134, "rand_score_milp": 0.7891891891891892, "label_mismatch_milp": 0.2, "mse_refit_milp_assignment": 6.2893892190657565, "r2_refit_milp_assignment": 0.9425409691607659, "weight_mismatch_refit_milp_assignment": 3.1988129307600772, "refit-weight_mismatch_refit_milp_assignment": 2.250049623071537, "rand_score_refit_milp_assignment": 0.7891891891891892, "label_mismatch_refit_milp_assignment": 0.2, "mse_greedy": NaN, "r2_greedy": NaN, "mse_ground_truth": 11.875831734208125, "r2_ground_truth": 0.8915039667462683, "weight_mismatch_ground_truth": 0, "rand_score_ground_truth": 1, "label_mismatch_ground_truth": 0, "mse_baseline_sklearn": 107.65679239303398, "r2_baseline_sklearn": 0.01636484228547319, "random_state": 2}