{"ground_truth": [[-10, 0.2, 0.4, 0.3], [10, -0.2, -0.4, -0.3]], "milp": [[-10.392595017627585, 0.5379449459304205, -0.129123367865349, 0.22485696321350856], [9.915860732317565, 0.10663878644071512, -0.4870507182959326, -0.3835413580737027]], "refit_milp_assignment": [[-10.395916148693734, 0.5385182567549655, -0.12875785619078575, 0.22548999497514635], [9.918899078158015, 0.10622270519172218, -0.4874296554854003, -0.38403801973210694]], "refit_ground_truth_assignment": [[-10.395916148693734, 0.5385182567549655, -0.12875785619078575, 0.22548999497514635], [9.918899078158015, 0.10622270519172218, -0.4874296554854003, -0.38403801973210694]]}