{"ground_truth": [[-10, 0.2, 0.4], [10, -0.2, -0.4]], "milp": [[-10.53095940931022, 0.11484118223252215, 0.38595827367946695], [10.21371153179824, -0.06148515763137227, -0.47724255960556183]], "refit_milp_assignment": [[-10.91930618031638, 0.1786658595820981, 0.4692391639084152], [10.556666977443568, -0.13764047939170562, -0.5443447006651975]], "refit_ground_truth_assignment": [[-11.115433669730248, 0.2347021793865486, 0.4360688353247464], [10.341782064723919, -0.05785170846099425, -0.6156067493579609]]}