{"time_milp": 18072.054106473923, "time_refit_milp_assignment": 18074.856168031693, "mse_refit_ground_truth_assignment": 270.11549190017763, "r2_refit_ground_truth_assignment": 0.5350411238106625, "weight_mismatch_refit_ground_truth_assignment": 13.690652329633465, "refit-weight_mismatch_refit_ground_truth_assignment": 0.0, "rand_score_refit_ground_truth_assignment": 1.0, "label_mismatch_refit_ground_truth_assignment": 0.0, "mse_milp": 165.73755334421318, "r2_milp": 0.7147103781304998, "weight_mismatch_milp": 30.156289706536622, "refit-weight_mismatch_milp": 18.63877973298674, "rand_score_milp": 0.6696078431372549, "label_mismatch_milp": 0.375, "mse_refit_milp_assignment": 165.7374962746153, "r2_refit_milp_assignment": 0.714710476366317, "weight_mismatch_refit_milp_assignment": 30.182817701861634, "refit-weight_mismatch_refit_milp_assignment": 18.66491803686519, "rand_score_refit_milp_assignment": 0.6696078431372549, "label_mismatch_refit_milp_assignment": 0.375, "mse_greedy": NaN, "r2_greedy": NaN, "mse_ground_truth": 318.4738753646419, "r2_ground_truth": 0.4518002127773936, "weight_mismatch_ground_truth": 0, "rand_score_ground_truth": 1, "label_mismatch_ground_truth": 0, "mse_baseline_sklearn": 563.2700702290297, "r2_baseline_sklearn": 0.030433248278030067, "random_state": 9}