{"time_milp": 0.25199007987976074, "time_greedy": 0.79338698387146, "time_refit_milp_assignment": 0.6925938129425049, "mse_refit_ground_truth_assignment": 12.225783995250755, "r2_refit_ground_truth_assignment": 0.8720273851032901, "weight_mismatch_refit_ground_truth_assignment": 1.2574686486686169, "refit-weight_mismatch_refit_ground_truth_assignment": 0.0, "rand_score_refit_ground_truth_assignment": 1.0, "label_mismatch_refit_ground_truth_assignment": 0.0, "mse_milp": 12.428757535370329, "r2_milp": 0.8699027725063364, "weight_mismatch_milp": 1.855862839052541, "refit-weight_mismatch_milp": 1.0967311583406782, "rand_score_milp": 1.0, "label_mismatch_milp": 0.0, "mse_refit_milp_assignment": 12.225783995250755, "r2_refit_milp_assignment": 0.8720273851032901, "weight_mismatch_refit_milp_assignment": 1.2574686486686169, "refit-weight_mismatch_refit_milp_assignment": 0.0, "rand_score_refit_milp_assignment": 1.0, "label_mismatch_refit_milp_assignment": 0.0, "mse_greedy": 25.422893276994067, "r2_greedy": 0.7338874846667707, "weight_mismatch_greedy": 9.74405786850362, "refit-weight_mismatch_greedy": 9.222919303931015, "rand_score_greedy": 0.7120408163265306, "label_mismatch_greedy": 0.225, "mse_greedy_sem": 2.325014963348631, "r2_greedy_sem": 0.02433694597003224, "weight_mismatch_greedy_sem": 2.036669607742815, "refit-weight_mismatch_greedy_sem": 2.118544065448395, "rand_score_greedy_sem": 0.047196392942516846, "label_mismatch_greedy_sem": 0.04184872506389752, "mse_ground_truth": 14.542047570673594, "r2_ground_truth": 0.8477820437286993, "weight_mismatch_ground_truth": 0, "rand_score_ground_truth": 1, "label_mismatch_ground_truth": 0, "mse_baseline_sklearn": 95.35831253963683, "r2_baseline_sklearn": 0.0018449077604860697, "random_state": 7}