{"ground_truth": [[3683262156933.3486, -3683262156933.5674, 0.07811786574909395, -0.35674716197284767, 6389856227714.295, -10073118384647.922, -0.01952947905001344, 0.08930602130490214, -3683262156931.976, -0.027130645315066863, 0.011244363491617592, -3683262156932.939, -0.6418526837246785, -3683262156932.9297, -0.028921474930521003], [-21941792292006.812, 0.0, 0.16929503863465836, 21886195431146.344, -707937797544.8478, -272042695683.85138, 0.04267198774218709, -340960687943.6808, 0.0, -0.10981870383096702, 0.0, 0.0, 21886195431146.48, 0.0, 0.12284032587273282]], "milp": [[0.4534060927763004, 0.15512980052756425, -0.5401170001401978, 0.06528616268954723, 0.10401872350092903, 0.10401872350106926, -0.05043077357439713, -0.07393214626998584, -0.0016258717869664374, -0.004795502658682178, -0.008956936732603268, 0.04262078159795277, 0.1289714060623343, 0.31568103194596536, -0.6059552687845926], [0.38858554363000125, -0.8837727940607519, 0.30717762578258123, -0.4471035619265269, -0.21795497228741842, -0.2179549722855699, 0.012894637945828728, 0.13636292812609485, 0.0, -0.08671103995197516, 0.0007954816400781613, 0.021903216855227295, -0.4337186688236211, -0.001346427942280971, 0.3399909378994898]], "greedy": [[[0.07410248314746548, -0.09264989014588661, -0.10444379974318808, -0.09946105176464644, -0.19291552856273503, -0.1929155285621795, 0.12389561166151099, -0.1442312876699957, 0.7761406938888677, -0.017985118199562132, 0.0013602101261126628, -0.6973639919355293, 0.36210123665448946, -0.7399791989926016, 0.010413885031247917], [-0.9043649468887517, -0.4637214837461935, 0.2717682586745181, 0.6288996985672858, 0.560224378664363, 0.5602243786642591, -0.1580723035757677, 5.6304021046146386e-27, 0.0, 8.803809086453573e-27, 0.07697291269919812, 1.106760507671177, 0.5768407390979824, 2.254564888996737, 0.0632693530586041]], [[0.10823153011066022, -0.16847485807591972, -0.0741922379914563, -0.055150186176413894, -0.19015177860833338, -0.19015177860913615, 0.11050005997660092, -2.6578411479051307e-27, 0.7678773512441033, 0.00048221889034024437, -0.0013106135549870637, -0.7277945708006216, 0.41377682291222107, -0.791943298622552, 0.03714296040171688], [-0.7194700312031185, -0.7625143613292872, 0.37469004752309387, 0.6229360773893621, 0.3785372014143198, 0.37853720141486435, -0.15891295765529923, 0.1663872323134767, 0.0, -0.2194070107347709, 0.03454168991696928, 0.579083763839723, 0.350414497019372, 2.1686080505870535, -0.13209010137560687]], [[0.23618994568617468, -0.010342509869335383, 0.47718966116062744, -0.21378869693849367, -0.20414852829713867, -0.2041485282975465, -0.05337832050307639, -0.06506862826118809, 0.0, -0.023218704288792382, -0.003214108268340633, -0.4388396651296916, 0.10906404322347671, -0.5072020881804998, 0.03753419235598976], [-0.16904710204233186, 0.697666562455781, -0.358223378416882, -0.28667290677345014, 0.1866541217501332, 0.18665412175034593, 0.11960136223860997, -3.442375840236157e-27, 1.0530250503283007, 0.1534484593128945, 0.044618021373960925, 0.7226814030590577, -0.2444753483851152, 1.7845889469168175, -0.2029584682424224]], [[-0.34377609522062913, -4.424474027009857e-30, -4.713174260853e-31, -1.0000637034431643e-29, -4.983005906521364e-30, -4.9830059065045374e-30, 4.462491788971051e-31, 6.77142157645785e-31, 0.0, 1.605362081158319e-31, -1.6323248939259846e-31, -1.1519074743878576e-31, -9.721490372745623e-30, -8.201475686278162e-32, -1.6637489999157144e-32], [0.10247049023538035, 0.0, 0.2118103102438112, 0.3138076027173544, 0.4066368461337078, 0.406636846133682, -0.16144960786069967, 0.0, 0.829048681689401, -1.4259116150860392e-28, 1.2985922544778345e-28, 0.22306678117934542, 0.8801925536224438, 1.1088753093818478, -0.030233444369077746]], [[-0.20177585469353604, 0.10991344453781744, -0.06388231959166557, -0.25833241836789506, 0.07727884908983641, 0.0772788490899854, -0.06575400018068797, 3.959594413593444e-27, 0.0, -0.02297600597200831, 0.08441470452414343, 1.0588320973385266, -0.2318171578099487, -0.001994269635603973, 0.010464169132649113], [0.6320561992238001, -0.040358483851830496, 0.4363107564920562, -0.20233798922381308, -0.32858280647071897, -0.328582806469679, 0.21659282077342937, -0.2539104352646136, 0.4104439984379788, 0.0073685383864991825, -0.0005204987020942778, -1.1319641554341109, 0.5309207956794239, 1.0937567850404153, -0.016591120575007914]], [[-0.34462311659848116, -0.08540673598390823, 0.008360325523255519, 0.36712705507514376, 0.37845402880386647, 0.378454028803914, -0.06590643158988685, 0.027747909040366312, 0.0, -0.013896590030295192, 0.02141024283522927, 0.9280286127836826, -0.16777983148136186, 1.3709450152382145, -0.34308754369601197], [0.23578839170117255, 0.0, 0.08802043223532816, -0.15500619677903274, -0.22503530483378323, -0.22503530483178932, 0.04790884182647051, 4.139677984547105e-27, 0.9450151529092463, -0.09374453571603925, -0.0012185640546696836, -0.7152574437138038, 0.3800415016077495, -0.7994736399140026, 0.21170246529158485]], [[-0.21133953590303559, 0.47602434014984546, 0.017343670572753364, 0.30917884248326416, 0.1081409841250309, 0.10814098412490773, -0.28237118603221667, -2.5251457591656224e-27, 0.0, 1.0816021713439912e-27, 0.02141172788936443, 0.7867290402237268, -0.4280311621506707, 1.0399578067951047, -0.2580498653779507], [0.2555713728552521, -0.43207108634997043, 0.0616626800183547, -0.04811860491962087, -0.12861118006517921, -0.12861118006556316, 0.31050670763304583, -0.16610838564814748, 0.46834138886785304, -0.15879264947460744, 0.0008841387632265553, -0.831651802948276, 0.5823983227650291, -0.8159806322852766, 0.27055241068560243]], [[0.6565073665972461, -0.3029605774961239, -0.30777132353308806, 0.01680366000767391, -0.01915529473956096, -0.01915529473950714, -0.03644913481385956, -7.336625532662858e-30, 0.20937951291445422, -0.05269839359811363, 1.3178972749552556e-27, 0.03253983029624209, 0.07466082652021674, -1.2093563985897993, 0.016194520135801433], [-0.2166243088320416, 0.0008358044093087008, 0.4918343476907119, 0.02347466160720256, 0.03351419742451862, 0.033514197424376294, -0.021912972947819503, 0.00525836059497465, 0.0, -0.0009518559662132029, -0.0010855068864697654, 0.003630233713663535, 0.07408137671493814, 2.212591352617252, 0.0003434353762652691]], [[-0.41666635171544486, 0.031478478281861844, 0.007841166940447026, 0.02452049717612693, 0.6836941725110451, 0.6836941725110125, -0.03140160628445789, 0.003612052657728969, 0.0, -5.665775438830773e-06, -2.9807905661309593e-27, 0.0066325467460752185, 0.06261271419390795, 2.215773737898664, 0.0027517728345318], [0.9702434661615771, 0.0, 8.890415199102209e-05, 0.001009910990125181, -0.6569927475701893, -0.6569927475732052, -2.2162484978407e-05, -9.518698500975408e-28, 0.00047792236510833455, -1.1269418817687787e-05, 3.222960974607159e-06, 0.0005395966115405044, 0.0011414501334062886, -1.3151077877554198, 1.2963598372354725e-05]], [[0.8664928458907322, -0.032408175185279144, 0.10583678420980779, -0.15936506379972964, 0.05075127796963712, 0.05075127796962219, -0.003570885049973614, -0.20389204652294043, 0.26794935506114853, -0.02622202898331022, -8.566656428396262e-28, -1.2781089137167523, 0.10861378582802704, 0.9613388434842682, -0.013341052714604743], [-0.34350772039466404, -0.00024291610371721543, 3.917124237185511e-05, -0.00019672352995126952, -0.00012629732887387056, -0.00012629732883903704, 4.786596258749486e-06, -5.860439359154596e-27, 0.0, -6.753798497636709e-06, -4.858430858364054e-07, 1.3149637946903443, -0.00024302515687704817, -1.1954214718749e-05, -1.6847265908411476e-06]], [[-0.45339916552102244, 0.04094285347572411, 0.014905155240985155, 0.03759384967059098, 0.6989716022179897, 0.6989716022180097, -0.047210478111240954, 0.006537342156819859, 0.0, -0.01131195524526315, 5.444531678102574e-27, 1.3583863497991122, 0.0976274423227526, 2.2294095700108327, 0.015118049841185878], [0.7082014806661123, 0.0, 4.223078693237924e-05, 0.26296311479761497, -0.5259749117145486, -0.5259749117143321, 1.939705523896238e-06, 