{"time_milp": 3754.0274550914764, "time_greedy": 0.6098744869232178, "time_refit_milp_assignment": 3764.9110543727875, "mse_refit_ground_truth_assignment": 5.870002835249476, "r2_refit_ground_truth_assignment": 0.949925709673247, "weight_mismatch_refit_ground_truth_assignment": 3.3369624542638268, "refit-weight_mismatch_refit_ground_truth_assignment": 0.0, "rand_score_refit_ground_truth_assignment": 1.0, "label_mismatch_refit_ground_truth_assignment": 0.0, "mse_milp": 9.43640144459229, "r2_milp": 0.919502405903655, "weight_mismatch_milp": 15.829340411406458, "refit-weight_mismatch_milp": 17.386914518783026, "rand_score_milp": 0.7187010954616588, "label_mismatch_milp": 0.4444444444444444, "mse_refit_milp_assignment": 10.358130532096599, "r2_refit_milp_assignment": 0.911639559628157, "weight_mismatch_refit_milp_assignment": 17.270292510636327, "refit-weight_mismatch_refit_milp_assignment": 19.088931692969915, "rand_score_refit_milp_assignment": 0.7187010954616588, "label_mismatch_refit_milp_assignment": 0.4444444444444444, "mse_greedy": 117.61422181470198, "r2_greedy": -0.0033127504365542126, "weight_mismatch_greedy": 22.956050966705313, "refit-weight_mismatch_greedy": 24.842150970687676, "rand_score_greedy": 0.8748043818466353, "label_mismatch_greedy": 0.11111111111111112, "mse_greedy_sem": 0.0, "r2_greedy_sem": 0.0, "weight_mismatch_greedy_sem": 1.4693494276736472e-15, "refit-weight_mismatch_greedy_sem": 8.15048415854e-16, "rand_score_greedy_sem": 0.0, "label_mismatch_greedy_sem": 3.1837828744296875e-18, "mse_ground_truth": 5.226556082122184, "r2_ground_truth": 0.95421447118851, "weight_mismatch_ground_truth": 0, "rand_score_ground_truth": 1, "label_mismatch_ground_truth": 0, "mse_baseline_sklearn": 111.32214754020552, "r2_baseline_sklearn": 0.05036203692242669, "mse_milp_val": 12.193393446997518, "r2_milp_val": 0.8885578491101058, "label_mismatch_milp_val": 0.4375, "mse_refit_milp_assignment_val": 13.484750833971857, "r2_refit_milp_assignment_val": 0.8767554213940207, "label_mismatch_refit_milp_assignment_val": 0.4375, "mse_greedy_val": 110.59640462715033, "label_mismatch_greedy_val": 0.08333333333333331, "mse_greedy_val_sem": 0.0, "label_mismatch_greedy_val_sem": 3.1837828744296875e-18, "r2_greedy_val": -0.010801567743522034, "r2_greedy_val_sem": 0.0, "mse_refit_ground_truth_assignment_val": 6.62154703348741, "r2_refit_ground_truth_assignment_val": 0.9394820279655506, "label_mismatch_refit_ground_truth_assignment_val": 0.16666666666666666, "mse_ground_truth_val": 5.733464704201353, "r2_ground_truth_val": 0.9475987024067674, "label_mismatch_ground_truth_val": 0.16666666666666666, "mse_baseline_sklearn_val": 109.63243920129294, "r2_baseline_sklearn_val": -0.0019913558112978347}