{"time_milp": 21.130836009979248, "time_refit_milp_assignment": 21.60776710510254, "mse_refit_ground_truth_assignment": 28.833490892422443, "r2_refit_ground_truth_assignment": 0.8492275744832665, "weight_mismatch_refit_ground_truth_assignment": 7.437360599909467, "refit-weight_mismatch_refit_ground_truth_assignment": 0.0, "rand_score_refit_ground_truth_assignment": 1.0, "label_mismatch_refit_ground_truth_assignment": 0.0, "mse_milp": 28.83350238917059, "r2_milp": 0.8492275143659325, "weight_mismatch_milp": 7.427815918487242, "refit-weight_mismatch_milp": 0.010136171226228306, "rand_score_milp": 1.0, "label_mismatch_milp": 0.0, "mse_refit_milp_assignment": 28.833490892422443, "r2_refit_milp_assignment": 0.8492275744832665, "weight_mismatch_refit_milp_assignment": 7.437360599909467, "refit-weight_mismatch_refit_milp_assignment": 0.0, "rand_score_refit_milp_assignment": 1.0, "label_mismatch_refit_milp_assignment": 0.0, "mse_greedy": NaN, "r2_greedy": NaN, "mse_ground_truth": 49.332892778253814, "r2_ground_truth": 0.7593349168596134, "weight_mismatch_ground_truth": 0, "rand_score_ground_truth": 1, "label_mismatch_ground_truth": 0, "mse_baseline_sklearn": 186.78332150645147, "r2_baseline_sklearn": 0.02329639741955203, "mse_milp_val": 36.836308977308384, "r2_milp_val": 0.8366276656172235, "label_mismatch_milp_val": 0.0, "mse_refit_milp_assignment_val": 36.833576805655824, "r2_refit_milp_assignment_val": 0.8366397830435673, "label_mismatch_refit_milp_assignment_val": 0.0, "mse_refit_ground_truth_assignment_val": 36.833576805655824, "r2_refit_ground_truth_assignment_val": 0.8366397830435673, "label_mismatch_refit_ground_truth_assignment_val": 0.0, "mse_ground_truth_val": 57.24173729549045, "r2_ground_truth_val": 0.7461277607414281, "label_mismatch_ground_truth_val": 0.0, "mse_baseline_sklearn_val": 225.7296605495162, "r2_baseline_sklearn_val": -0.001131291577652016, "random_state": 3}