{"ground_truth": [[-10, 0.2, 0.4, 0.3], [10, -0.2, -0.4, -0.3]], "milp": [[-15.271023175839861, 0.898667691894817, 0.20467871967564433, 0.4760316887790387], [12.056603972678403, 0.010238374330334761, -0.12774776260693727, -0.017710359482800864]], "refit_milp_assignment": [[-15.27681982993455, 0.8998446950817776, 0.20555811378874878, 0.476983066156132], [12.060556082944329, 0.009893143516705533, -0.12847598183466535, -0.018331626202370346]], "refit_ground_truth_assignment": [[-15.27681982993455, 0.8998446950817776, 0.20555811378874878, 0.476983066156132], [12.060556082944329, 0.009893143516705533, -0.12847598183466535, -0.018331626202370346]]}