{"ground_truth": [[-10, -1.5826848885290346, -1.0255509418496929], [1, 1.3377979807316742, 1.6124765741267186], [10, 0.1, 0.1], [5, -3.4970737987345126, -3.414905837374687]], "milp": [[-8.3680262685845, -1.6534505109348432, -0.2226725253543168], [0.0, 0.0, 0.0], [0.0, 0.0, 0.0], [6.598489656811303, 0.634746910736445, 0.7096285995621187]], "greedy": [[[-6.5723324708023565, -3.991981334787887, 0.22365319011628212], [11.130635628075039, -0.7797977192299088, 0.26078441437741273], [0.5400940374285094, -0.4956365807788188, -0.7183942982296132], [-0.15124648425416076, 4.513274973066297, 1.4853835693974398]], [[-0.5796536931159508, 4.13279358668698, 2.255612526996914], [10.733657426346161, -0.5052854590562934, -0.4234845599952942], [-2.0293029661265765, -0.827821709683963, -2.4872056714779704], [-8.544051186963264, -2.233710242293308, 1.456371633085301]], [[-5.855921338228659, -3.7185620753131854, 1.2314027703321346], [2.7595749959080798, 1.9042526688234405, 2.475148020249148], [-8.71112048212953, -0.8957129169632629, -0.9116239148665297], [10.524641871624423, -0.9105119062598767, -0.40245931997875334]], [[-1.7100497318945092, -0.9597165906409159, -2.503744574103598], [-8.425855324046704, -2.224629193636752, 1.8521183784303878], [0.9654084558823928, 3.4998431056682424, 0.11874997348988292], [10.958450759936403, -0.49254400624222755, 0.048219144997180795]], [[11.820827205507435, 0.07745421692908247, -0.33645108837801835], [2.5862545254283136, 1.3613954699703816, -1.6999371864941424], [-2.027858354596199, -1.0024273286492917, -2.389001403045792], [-8.827136407447338, -2.0957789213264135, 1.8742686549103917]], [[11.075171041284806, -0.3433212596894953, -0.0002899148777850142], [-2.921553998126723, 0.0651459811886148, -3.308278910933011], [-8.333298650067983, -2.128481619730045, 1.946884618691604], [3.5402438518908834, 0.26586081056566113, -2.963432773615767]], [[-5.642970070711879, -3.5047194199448897, 2.2568158913483667], [7.140778065232783, -2.807716837630097, -1.7057686665009868], [4.821890886792334, 1.3169759728818136, 2.1047105725233113], [-8.345963947867713, -0.739270213338001, -0.9641187284285839]], [[3.067050022786071, 4.624509593291409, 0.699140706551508], [10.345808461380022, -0.8447656844749724, -0.7774483291226477], [-9.912150294340819, -1.9169024238799095, -0.04903851290117362], [-0.33273126501602507, -0.910023879338738, -1.16866149306535]], [[0.5514891751738964, -1.2739757821440723, -3.7592079752743275], [1.4945528407811284, 1.5724454632986924, -0.5564354709945328], [17.18789368686391, -0.7088278752912285, -4.797858800749925], [-8.63651389511028, 0.2041095974281833, 3.84693257428471]], [[-2.007360482451105, -1.1374563864652645, -2.956025791245548], [5.043088451493363, -0.9703730188477716, -3.0252695057392858], [10.51054654516735, -0.26474149766040683, 0.640944111578252], [-8.687460758337577, -1.5404605535000155, 2.748333323603407]], [[-10.457797881885728, -1.2095428836267352, -0.3311581154751477], [11.811989914998593, 0.10555236993295845, 0.7545329087021846], [-0.23204721555266072, -0.8446061945232365, -1.072574697796817], [5.049299787510881, 0.5332821531468541, 0.6520293233563917]], [[-2.340805828161439, -4.921317626237211, -0.6567793436704437], [-10.443481335113852, -1.873172490698513, 1.3184101360090317], [8.57477151769786, 0.7763289471616386, -0.029767188688555154], [-1.498436999111457, 4.756300890298755, 2.1905128299508347]], [[-1.3021974567187364, 4.659056865832394, 2.0675532847241223], [11.484729961468052, -0.7597264018494133, -0.3974779322679869], [3.557067751295829, 0.11624207624571688, -1.8821761513711133], [-5.028839984428727, -4.443516741815993, -0.12032547777345125]], [[-6.634729677447217, -3.7548561234033264, 0.13991258813793703], [1.8095859049833687, 0.25859618003139434, 1.1797786973804958], [-1.1920619781343191, 4.662051881080531, 1.8841754098813268], [11.130635628075039, -0.7797977192299088, 0.26078441437741273]], [[-8.223374762181415, 2.3138828662021447, 5.297688800753495], [6.001394044713631, 0.9879777499303335, -2.9835539569109204], [-7.253195890224629, -1.0375433223841242, -1.1886386565455185], [9.296505093535256, -1.2443487694303035, 0.3355369084436789]], [[-8.737787284732828, -1.902370047055706, 2.984927747048077], [-0.7265917593211332, 2.223934951364979, -0.41007679896231297], [-3.3743321563198263, -4.84426055778408, -0.3946245312831777], [9.049971139345308, 1.1251671714399134, 0.4236273273315643]], [[-9.699809147885682, -1.9250229635560099, 0.9641109408136371], [4.538196009542082, 1.9651819932660393, -2.0601892556180244], [-4.30710383268163, -4.808486511650354, -0.29273279511603595], [5.263131729139701, 0.6964845981852128, 1.4814877991140296]], [[-1.176161647209313, 2.1375480843984263, -0.4482830105952454], [-6.1706711635342595, -4.085591833587279, 2.4472380953203565], [3.986995709700686, -0.7511812390566845, -3.8043174957134758], [9.328659261131424, 0.9836033924893848, 0.4741934155827826]], [[2.1527703801064746, -0.10627800512019923, 0.047307730913504265], [10.96653180688118, 0.23895942616042162, -0.18298855643869305], [0.04936754234475921, 2.0840133104720957, -0.7220587424245789], [-9.426806358975464, -1.9437281721277933, -0.005947867944647711]], [[-2.176362073628674, 4.6956371316696055, 1.821762154014858], [-0.7201892842845274, 0.8675597472486254, -3.496080330198555], [-4.812555498540432, -4.725862147645423, 0.9004831016801818], [6.597578990453585, 0.8465213701520439, 0.8797422630784941]]], "refit_milp_assignment": [[-8.377316766921838, -1.6529429227188488, -0.2204835043265568], [0.0, 0.0, 0.0], [0.0, 0.0, 0.0], [6.602231776272781, 0.634559316104683, 0.7089822616611493]], "refit_ground_truth_assignment": [[-9.228079352101686, -2.0733165172921804, -0.7079727661704476], [0.5108836317957786, 1.5484045818070755, 1.8112850698776661], [10.057429910260074, -0.24744515308856618, -0.3189275150016464], [5.005853615699765, -3.7307611611453315, -3.4424087557687444]]}