{"ground_truth": [[-10, 0.2, 0.4, 0.3], [10, -0.2, -0.4, -0.3]], "milp": [[-10.041986291093474, 0.08937569267828566, 0.6089176395464914, 0.0804184360001915], [10.558097636830183, -0.14436907814635874, -0.4101013104369425, -0.723402588253562]], "greedy": [[[8.566770472553223, 0.2752829361150154, -1.4172734428561649, -3.811099381505239], [-7.559777419973141, -0.25274630416623217, 1.8038797182204964, 2.9025975077188244]], [[10.560833942020436, -0.14469424250261034, -0.41023227025585884, -0.7238954669959331], [-10.044567564914637, 0.08982687019072352, 0.6093789220632723, 0.08065364455299102]], [[10.560833942020436, -0.14469424250261034, -0.41023227025585884, -0.7238954669959331], [-10.044567564914637, 0.08982687019072352, 0.6093789220632723, 0.08065364455299102]], [[8.566770472553223, 0.2752829361150154, -1.4172734428561649, -3.811099381505239], [-7.559777419973141, -0.25274630416623217, 1.8038797182204964, 2.9025975077188244]], [[6.081187123320861, -0.5658410354775767, 1.8888979174925278, -3.7589547665715033], [-4.142854067251932, 0.7892203156043073, -1.9023325106287818, 2.6224050622959902]], [[-9.77329195759048, 2.667814241937576, 0.7486111504690202, 1.5673577396351772], [9.9035899431707, -2.070781425283836, -1.4021162664754139, -1.8937042513132842]], [[10.560833942020436, -0.14469424250261034, -0.41023227025585884, -0.7238954669959331], [-10.044567564914637, 0.08982687019072352, 0.6093789220632723, 0.08065364455299102]], [[-9.77329195759048, 2.667814241937576, 0.7486111504690202, 1.5673577396351772], [9.9035899431707, -2.070781425283836, -1.4021162664754139, -1.8937042513132842]], [[-9.47802963239559, 0.6100230549122665, 3.8410208863643227, 1.4601904125309562], [8.450372387163888, -0.9727072428879417, -3.2088884648681573, -1.214448806803043]], [[10.560833942020436, -0.14469424250261034, -0.41023227025585884, -0.7238954669959331], [-10.044567564914637, 0.08982687019072352, 0.6093789220632723, 0.08065364455299102]], [[-0.9350037618287962, 2.162258511243389, -3.7099960322956753, -0.6307613938065181], [-1.0170573259480715, -1.761081803991002, 4.137267174516237, 0.8373243135438524]], [[-8.814168135866911, 0.6176455587619276, 3.9545798291380874, 0.04354995530239567], [7.008076088210942, -0.7140160896175457, -3.20424660751493, 0.5199810384187363]], [[9.880993863751025, -2.0538140315874975, -1.5341126072185138, -1.9647728589980866], [-9.763833149946601, 2.534968195585869, 0.9677130254282654, 1.6452295160684898]], [[-10.044567564914637, 0.08982687019072352, 0.6093789220632723, 0.08065364455299102], [10.560833942020436, -0.14469424250261034, -0.41023227025585884, -0.7238954669959331]], [[10.560833942020436, -0.14469424250261034, -0.41023227025585884, -0.7238954669959331], [-10.044567564914637, 0.08982687019072352, 0.6093789220632723, 0.08065364455299102]], [[-10.044567564914637, 0.08982687019072352, 0.6093789220632723, 0.08065364455299102], [10.560833942020436, -0.14469424250261034, -0.41023227025585884, -0.7238954669959331]], [[8.450372387163888, -0.9727072428879417, -3.2088884648681573, -1.214448806803043], [-9.47802963239559, 0.6100230549122665, 3.8410208863643227, 1.4601904125309562]], [[-3.7365034771978403, 1.2189162004483922, -0.9809107859577315, 2.961215019450268], [5.458114728721304, -1.2138937271577341, 0.35728784566138655, -4.145617458994005]], [[10.560833942020436, -0.14469424250261034, -0.41023227025585884, -0.7238954669959331], [-10.044567564914637, 0.08982687019072352, 0.6093789220632723, 0.08065364455299102]], [[10.560833942020436, -0.14469424250261034, -0.41023227025585884, -0.7238954669959331], [-10.044567564914637, 0.08982687019072352, 0.6093789220632723, 0.08065364455299102]]], "refit_milp_assignment": [[-10.044601484044968, 0.08982985100378778, 0.6094185240241963, 0.08066086760287351], [10.560877281561938, -0.14469591958712866, -0.41024903742779106, -0.7239245465984231]], "refit_ground_truth_assignment": [[-10.044601484044968, 0.08982985100378778, 0.6094185240241963, 0.08066086760287351], [10.560877281561938, -0.14469591958712866, -0.41024903742779106, -0.7239245465984231]]}