{"ground_truth": [[-10, -1.3808540060928824, -1.4501416250733041, -1.5711648142108796, -1.9155045700450897, -1.4306502848573999, -1.374160765541736], [1, 1.1682102022347565, 1.2953539432019645, 1.0440637658632737, 1.8327446761202242, 1.5321791253290442, 1.3807316192996342], [10, 0.1, 0.1, 0.1, 0.1, 0.1, 0.1]], "milp": [[-9.234640261966979, -2.63244947426594, -1.841045813175052, -1.783753112003224, -0.6902053136241872, -1.0670961106806722, -0.8392863717724596], [0.6798397759967649, -1.3597687308529804, 2.137386476580092, 1.3318463735634072, 0.960721225854207, 2.56003993434375, -0.7893358377026706], [2.4047906786603432, 1.684597855206415, 1.984191180852745, 0.5819715508528351, 2.003963470217842, 0.6312738418339827, 0.3739497172567149]], "refit_milp_assignment": [[-13.701382332009903, -1.1124518929928346, -0.3614143555622888, -1.6061986430726325, -1.0999176476588801, -0.6718911981212419, -0.9823159017784776], [0.677096093658843, -1.427524323472808, 2.2670758691214523, 1.2901434197086608, 1.0146959507325761, 2.5885694764022156, -0.8964777084682742], [3.878890516006491, 1.404387743072093, 1.8263144961729894, 0.5245436583683333, 1.7667443812003523, 0.6483703958844336, 0.06964091868323546]], "refit_ground_truth_assignment": [[-9.83218717571575, -1.4370357797148898, -1.5499524115257808, -1.701279921028072, -1.8956315163206157, -1.3225680262577655, -1.320475289568095], [0.8946168600281723, 1.1638600386361604, 1.4334396292131921, 1.0651671900986641, 1.9054759112166135, 1.5042618124449738, 1.445032791437285], [9.714098204673233, 0.06278423827216392, 0.3387270517339529, 0.02046164805784846, 0.06190715161917042, 0.07459111488115036, 0.1231596297081725]]}