{"time_milp": 18073.3217086792, "time_greedy": 5.947689819335937, "time_refit_milp_assignment": 18075.456274032593, "mse_refit_ground_truth_assignment": 68.12333817174355, "r2_refit_ground_truth_assignment": 0.7211938609831794, "weight_mismatch_refit_ground_truth_assignment": 4.9840010434937545, "refit-weight_mismatch_refit_ground_truth_assignment": 0.0, "rand_score_refit_ground_truth_assignment": 1.0, "label_mismatch_refit_ground_truth_assignment": 0.0, "mse_milp": 62.911789979103595, "r2_milp": 0.7425229923628969, "weight_mismatch_milp": 2.9631018285652813, "refit-weight_mismatch_milp": 3.4679376813934852, "rand_score_milp": 0.7009803921568627, "label_mismatch_milp": 0.35, "mse_refit_milp_assignment": 62.911788900816425, "r2_refit_milp_assignment": 0.7425229967759671, "weight_mismatch_refit_milp_assignment": 2.9589986671774806, "refit-weight_mismatch_refit_milp_assignment": 3.4642791569985762, "rand_score_refit_milp_assignment": 0.7009803921568627, "label_mismatch_refit_milp_assignment": 0.35, "mse_greedy": 47.508403710923176, "r2_greedy": 0.8055639232460727, "weight_mismatch_greedy": 20.06629483184276, "refit-weight_mismatch_greedy": 20.25673497829201, "rand_score_greedy": 0.6891176470588236, "label_mismatch_greedy": 0.37875000000000003, "mse_greedy_sem": 2.2037527360070714, "r2_greedy_sem": 0.009019226129595884, "weight_mismatch_greedy_sem": 1.8701917118939269, "refit-weight_mismatch_greedy_sem": 2.0411403257803267, "rand_score_greedy_sem": 0.008684389412052409, "label_mismatch_greedy_sem": 0.016148468234349334, "mse_ground_truth": 77.11826294729251, "r2_ground_truth": 0.6843806290611747, "weight_mismatch_ground_truth": 0, "rand_score_ground_truth": 1, "label_mismatch_ground_truth": 0, "mse_baseline_sklearn": 238.5025947665432, "r2_baseline_sklearn": 0.02388361855536225, "random_state": 7}