{"time_milp": 0.7156610488891602, "time_refit_milp_assignment": 1.187441110610962, "mse_refit_ground_truth_assignment": 13.431736251711744, "r2_refit_ground_truth_assignment": 0.8202278424577087, "weight_mismatch_refit_ground_truth_assignment": 1.533912282301942, "refit-weight_mismatch_refit_ground_truth_assignment": 0.0, "rand_score_refit_ground_truth_assignment": 1.0, "label_mismatch_refit_ground_truth_assignment": 0.0, "mse_milp": 12.603550588564831, "r2_milp": 0.8313123903314461, "weight_mismatch_milp": 1.589476021012695, "refit-weight_mismatch_milp": 0.9210507765004985, "rand_score_milp": 0.8920634920634921, "label_mismatch_milp": 0.05555555555555555, "mse_refit_milp_assignment": 12.603537630549479, "r2_refit_milp_assignment": 0.8313125637632597, "weight_mismatch_refit_milp_assignment": 1.5910016981939816, "refit-weight_mismatch_refit_milp_assignment": 0.9206673978607184, "rand_score_refit_milp_assignment": 0.8920634920634921, "label_mismatch_refit_milp_assignment": 0.05555555555555555, "mse_greedy": NaN, "r2_greedy": NaN, "mse_ground_truth": 15.561454018532778, "r2_ground_truth": 0.7917234145324823, "weight_mismatch_ground_truth": 0, "rand_score_ground_truth": 1, "label_mismatch_ground_truth": 0, "mse_baseline_sklearn": 71.35601745599052, "r2_baseline_sklearn": 0.04478645291671102, "random_state": 8}