{"ground_truth": [[-10, -1.5826848885290346, -1.0255509418496929], [1, 1.3377979807316742, 1.6124765741267186]], "milp": [[-10.126664145446943, -0.40163843026569745, -0.47610230731809366], [1.1038290737031011, 1.4209112767673533, 1.8597066495606092]], "refit_milp_assignment": [[-10.133660465670925, -0.40161459607698724, -0.47490708575714596], [1.1041987880540733, 1.4210632177772526, 1.8598482485746142]], "refit_ground_truth_assignment": [[-10.167279502757944, -0.793670928856297, -0.4621285877201504], [0.6037698605302348, 1.5789648728611276, 1.9081173575771004]]}