{"time_milp": 0.633397102355957, "time_greedy": 1.017435121536255, "time_refit_milp_assignment": 1.1360924243927002, "mse_refit_ground_truth_assignment": 13.675404775966717, "r2_refit_ground_truth_assignment": 0.9048315499103289, "weight_mismatch_refit_ground_truth_assignment": 4.922231932973057, "refit-weight_mismatch_refit_ground_truth_assignment": 0.0, "rand_score_refit_ground_truth_assignment": 1.0, "label_mismatch_refit_ground_truth_assignment": 0.0, "mse_milp": 13.675412369960053, "r2_milp": 0.9048314970630027, "weight_mismatch_milp": 4.915044116989251, "refit-weight_mismatch_milp": 0.00748788570215963, "rand_score_milp": 1.0, "label_mismatch_milp": 0.0, "mse_refit_milp_assignment": 13.675404775966717, "r2_refit_milp_assignment": 0.9048315499103289, "weight_mismatch_refit_milp_assignment": 4.922231932973057, "refit-weight_mismatch_refit_milp_assignment": 0.0, "rand_score_refit_milp_assignment": 1.0, "label_mismatch_refit_milp_assignment": 0.0, "mse_greedy": 31.557752995600236, "r2_greedy": 0.7803865779401292, "weight_mismatch_greedy": 12.131832230165092, "refit-weight_mismatch_greedy": 11.796389641948387, "rand_score_greedy": 0.7554621848739494, "label_mismatch_greedy": 0.22083333333333335, "mse_greedy_sem": 4.12191001528961, "r2_greedy_sem": 0.028684766117752808, "weight_mismatch_greedy_sem": 1.7554299260292432, "refit-weight_mismatch_greedy_sem": 2.778503759356699, "rand_score_greedy_sem": 0.056339382292922645, "label_mismatch_greedy_sem": 0.051715808548268585, "mse_ground_truth": 22.00088088995855, "r2_ground_truth": 0.8503532757633461, "weight_mismatch_ground_truth": 0, "rand_score_ground_truth": 1, "label_mismatch_ground_truth": 0, "mse_baseline_sklearn": 142.99287280978825, "r2_baseline_sklearn": 0.004898918744067227, "mse_milp_val": 22.512782157394703, "r2_milp_val": 0.8518744839434456, "label_mismatch_milp_val": 0.0, "mse_refit_milp_assignment_val": 22.51623334445997, "r2_refit_milp_assignment_val": 0.8518517764494773, "label_mismatch_refit_milp_assignment_val": 0.0, "mse_greedy_val": 57.45776264452227, "label_mismatch_greedy_val": 0.183125, "mse_greedy_val_sem": 8.161944445937255, "label_mismatch_greedy_val_sem": 0.0434650021796121, "r2_greedy_val": 0.6219498468171645, "r2_greedy_val_sem": 0.053702479979013604, "mse_refit_ground_truth_assignment_val": 22.51623334445997, "r2_refit_ground_truth_assignment_val": 0.8518517764494773, "label_mismatch_refit_ground_truth_assignment_val": 0.0, "mse_ground_truth_val": 25.415158680117198, "r2_ground_truth_val": 0.832777953927164, "label_mismatch_ground_truth_val": 0.0, "mse_baseline_sklearn_val": 151.9993643667592, "r2_baseline_sklearn_val": -9.781686174337167e-05, "random_state": 2}