{"ground_truth": [[-10, 0.2, 0.4, 0.3], [10, -0.2, -0.4, -0.3]], "milp": [[12.690852132858017, -0.0733695409811899, -0.44959446183014345, -1.018821446868607], [-12.092373016466667, 0.43397088498613934, 0.10884367101368142, 0.23266010800694786]], "greedy": [[[-12.095921827649345, 0.43467426495585937, 0.109301480276792, 0.23289501593250655], [12.694463920076387, -0.07400649254269355, -0.4500808049533892, -1.019297708518022]], [[4.731774403511073, -1.5547227550796165, 2.4404244500186802, -0.2419012746642281], [-2.8349704251047374, 1.6049548840763295, -3.868928949865847, -0.5096517439623097]], [[-12.095921827649345, 0.43467426495585937, 0.109301480276792, 0.23289501593250655], [12.694463920076387, -0.07400649254269355, -0.4500808049533892, -1.019297708518022]], [[12.694463920076387, -0.07400649254269355, -0.4500808049533892, -1.019297708518022], [-12.095921827649345, 0.43467426495585937, 0.109301480276792, 0.23289501593250655]], [[0.7182186818934353, 1.7620910276322383, -4.461414045190506, 0.4838821039708328], [2.5636285648065202, -2.3621042208323284, 2.651111358048952, -1.5964402815489926]], [[1.4831666173509974, 1.2320064003060531, -4.78182645294112, 0.5351717371725131], [1.983172902892366, -1.877207022680025, 2.8957620641465964, -1.6147460916678218]], [[12.694463920076387, -0.07400649254269355, -0.4500808049533892, -1.019297708518022], [-12.095921827649345, 0.43467426495585937, 0.109301480276792, 0.23289501593250655]], [[1.0681694130418007, 0.10424961684962251, 2.410708362134495, -4.0826779551887], [-0.6432950601357807, -0.7077355745915866, -2.74824983505681, 3.8643421329084804]], [[0.07891969353733735, 3.346239676728952, -2.7664993196693413, -2.4681595045425517], [-0.23916229981033685, -2.3604095504773674, 1.3800389194592506, 2.395818427373832]], [[3.4465834102715798, -3.194933662002571, -1.2188033638538314, 2.48225980505912], [-5.997711224892975, 4.910525636878687, 0.9355389226488146, -2.425710387009734]], [[-12.095921827649345, 0.43467426495585937, 0.109301480276792, 0.23289501593250655], [12.694463920076387, -0.07400649254269355, -0.4500808049533892, -1.019297708518022]], [[12.694463920076387, -0.07400649254269355, -0.4500808049533892, -1.019297708518022], [-12.095921827649345, 0.43467426495585937, 0.109301480276792, 0.23289501593250655]], [[1.0681694130418007, 0.10424961684962251, 2.410708362134495, -4.0826779551887], [-0.6432950601357807, -0.7077355745915866, -2.74824983505681, 3.8643421329084804]], [[-12.095921827649345, 0.43467426495585937, 0.109301480276792, 0.23289501593250655], [12.694463920076387, -0.07400649254269355, -0.4500808049533892, -1.019297708518022]], [[-0.7457047701492773, -0.8054315811016202, -3.096965687685742, 3.605725159471978], [1.5390263577654975, 0.13625238209863239, 2.559096080894501, -3.9237818775056765]], [[-12.095921827649345, 0.43467426495585937, 0.109301480276792, 0.23289501593250655], [12.694463920076387, -0.07400649254269355, -0.4500808049533892, -1.019297708518022]], [[12.694463920076387, -0.07400649254269355, -0.4500808049533892, -1.019297708518022], [-12.095921827649345, 0.43467426495585937, 0.109301480276792, 0.23289501593250655]], [[3.4345623496813915, -2.183203301210533, 2.6910369211107517, -1.7707489926091762], [-0.22202012360210022, 1.5807401463034108, -4.427133008206466, 0.6839680145582474]], [[-6.5253270346232926, 4.942421493326578, 0.8339294723568381, -2.3667198405108896], [3.992139484425954, -3.235317180842919, -1.0781421451407405, 2.3436618997316363]], [[-12.095921827649345, 0.43467426495585937, 0.109301480276792, 0.23289501593250655], [12.694463920076387, -0.07400649254269355, -0.4500808049533892, -1.019297708518022]]], "refit_milp_assignment": [[12.694523137252508, -0.07401583435548313, -0.45009861244984867, -1.0193337376298695], [-12.09595577514593, 0.4346909927438586, 0.10930731254088094, 0.2329038414526306]], "refit_ground_truth_assignment": [[-12.09595577514593, 0.4346909927438586, 0.10930731254088094, 0.2329038414526306], [12.694523137252508, -0.07401583435548313, -0.45009861244984867, -1.0193337376298695]]}