{"ground_truth": [[-5, 2, 4], [5, -2, -4]], "milp": [[6.139754942629347, -1.6602964038923416, -4.521747659929926], [-6.866699592742939, 2.861878535303174, 4.804478016558908]], "refit_milp_assignment": [[6.152470864644929, -1.6612511559883028, -4.524898048718172], [-6.8944485887697775, 2.872833294840583, 4.819996053185701]], "refit_ground_truth_assignment": [[-5.118375733762868, 1.6900626190106518, 4.290915072325388], [6.144929925613345, -1.837273052334364, -4.3710127267464784]]}