{"ground_truth": [[-10, -1.2146357463999538, -1.416753440195337], [1, 1.356158065851805, 1.3385186732845586], [10, 0.1, 0.1]], "milp": [[0.4420554127440419, -0.945790193685685, -3.735416967724438], [6.181975726221602, -0.05719775459087474, 0.6801062425686816], [-8.443019896460827, -1.51125478637865, -0.5596487415093646]], "greedy": [[[1.329399899922738, 1.3001100355522, 1.1375853526547373], [-10.043259233319558, -1.1769198776404328, -1.4298441094639143], [9.876929044767461, 0.04132169237511718, 0.07701835368006361]], [[1.329399899922738, 1.3001100355522, 1.1375853526547373], [9.876929044767461, 0.04132169237511718, 0.07701835368006361], [-10.043259233319558, -1.1769198776404328, -1.4298441094639143]], [[-10.043259233319558, -1.1769198776404328, -1.4298441094639143], [9.899268907907576, 0.1099305371471012, 0.22190535446748572], [1.1795404725341938, 1.3498551760730928, 1.286061260498446]], [[-3.543716778524125, 2.732464500394865, 0.1721535350412643], [7.182421654083841, 1.459218029548774, 0.10072355970173946], [-6.567126664005215, -3.9242440411852533, -1.4053998377439603]], [[0.573625393704329, -0.5511296562794195, -3.5589366386928574], [-7.699775253912357, -3.8361464544563266, -0.6386876582209872], [3.761934926297515, 0.7792630687497685, 1.4549509797680449]], [[1.329399899922738, 1.3001100355522, 1.1375853526547373], [-10.043259233319558, -1.1769198776404328, -1.4298441094639143], [9.876929044767461, 0.04132169237511718, 0.07701835368006361]], [[-7.473722239401718, -2.2124459653761286, 2.116337514711743], [5.0362348308012415, 1.7558374484579966, 0.036762942453190325], [0.5337735230648031, -4.280175065910854, -2.4792107943827753]], [[-2.9139963601605294, -2.10564936254566, 3.7670878584368466], [-3.233422670019896, -0.296135369661149, -3.5946957149299363], [2.7012651566531036, 1.5559947091304993, 1.2819491914648156]], [[8.894219150757941, -0.13651192004127843, -0.13496366248701328], [-9.728514757629553, -1.4979673560246936, -1.2019400311751929], [3.5193182686067743, -0.6320799619593959, -3.949821339590206]], [[5.69970358240967, -1.730330501878527, -3.8246948688938867], [-4.26513813900019, 2.8058782757581966, 2.6321830678760145], [-6.361053714668055, -0.36498682457262277, 4.262857860102783]], [[0.5124064032129372, -0.3851078168200142, -3.6392957429965582], [7.483661025576896, -0.0662412725650519, 0.2526377981319996], [-10.025034649069612, -1.06757251748912, -1.289321271561027]], [[-8.841061089875051, -1.301231397673293, 0.8699950160404727], [0.6048203970459198, -0.798962259398272, -3.7477722846360293], [7.193534284399208, -0.3212897042953262, 0.5981317006827526]], [[-4.859155153871546, -2.0524588191866275, 3.5919267639187917], [6.320568411303023, -3.2577970708496933, -3.352901548906126], [-1.0347137256582695, 2.6603455756769696, 1.20825817242842]], [[9.899268907907576, 0.1099305371471012, 0.22190535446748572], [-10.043259233319558, -1.1769198776404328, -1.4298441094639143], [1.1795404725341938, 1.3498551760730928, 1.286061260498446]], [[1.329399899922738, 1.3001100355522, 1.1375853526547373], [-10.043259233319558, -1.1769198776404328, -1.4298441094639143], [9.876929044767461, 0.04132169237511718, 0.07701835368006361]], [[-11.719827209273122, -4.769264978380371, 0.22362424658031435], [-3.1622748071623237, -1.7264789713311486, 3.480344012673935], [5.063238269400737, 1.6965863155278862, -0.6605654275952247]], [[1.329399899922738, 1.3001100355522, 1.1375853526547373], [9.876929044767461, 0.04132169237511718, 0.07701835368006361], [-10.043259233319558, -1.1769198776404328, -1.4298441094639143]], [[7.193534284399208, -0.3212897042953262, 0.5981317006827526], [-8.841061089875051, -1.301231397673293, 0.8699950160404727], [0.6048203970459198, -0.798962259398272, -3.7477722846360293]], [[-10.043259233319558, -1.1769198776404328, -1.4298441094639143], [9.899268907907576, 0.1099305371471012, 0.22190535446748572], [1.1795404725341938, 1.3498551760730928, 1.286061260498446]], [[9.876929044767461, 0.04132169237511718, 0.07701835368006361], [1.329399899922738, 1.3001100355522, 1.1375853526547373], [-10.043259233319558, -1.1769198776404328, -1.4298441094639143]]], "refit_milp_assignment": [[0.6313119960446065, -1.0391417275601458, -3.805521749855398], [6.936780454787951, -0.11666852359855094, 0.45092714689709157], [-9.186194898479167, -1.6968650590744685, -0.8582909226319506]], "refit_ground_truth_assignment": [[-10.022312774163868, -1.211782633510069, -1.4542001880078927], [1.089611161425482, 1.378412769773555, 1.3248607279018911], [9.895264594204663, 0.11275447585196323, 0.22587759238448338]]}