{"time_milp": 12.987144947052002, "time_refit_milp_assignment": 13.69273328781128, "mse_refit_ground_truth_assignment": 0.16107981295457643, "r2_refit_ground_truth_assignment": 0.9992098660390373, "weight_mismatch_refit_ground_truth_assignment": 0.8139273848478612, "refit-weight_mismatch_refit_ground_truth_assignment": 0.0, "rand_score_refit_ground_truth_assignment": 1.0, "label_mismatch_refit_ground_truth_assignment": 0.0, "mse_milp": 0.9438618441078842, "r2_milp": 0.9953701380464302, "weight_mismatch_milp": 22.38641236582425, "refit-weight_mismatch_milp": 22.469672086710055, "rand_score_milp": 0.6759581881533101, "label_mismatch_milp": 0.35714285714285715, "mse_refit_milp_assignment": 0.8655834718288167, "r2_refit_milp_assignment": 0.9957541116754783, "weight_mismatch_refit_milp_assignment": 22.7387162497034, "refit-weight_mismatch_refit_milp_assignment": 22.808688106211044, "rand_score_refit_milp_assignment": 0.6759581881533101, "label_mismatch_refit_milp_assignment": 0.35714285714285715, "mse_greedy": NaN, "r2_greedy": NaN, "mse_ground_truth": 0.2836248441746171, "r2_ground_truth": 0.9986087541483655, "weight_mismatch_ground_truth": 0, "rand_score_ground_truth": 1, "label_mismatch_ground_truth": 0, "mse_baseline_sklearn": 188.73739024475495, "r2_baseline_sklearn": 0.07419918734380881, "random_state": 6}