{"ground_truth": [[10, -1.5400586944081016, -1.468556885654725, -1.5853699839166393, -1.8546256712987776], [-10, 1.7920087621685887, 1.796101476009155, 1.7092089577415461, 1.478664871865986]], "milp": [[-10.318393632109867, 1.7841347475096463, 1.7547540631188425, 1.7324235880828665, 1.6373170355008884], [9.87980837636507, -1.4800034035228642, -1.3697214040814196, -1.6402640763851293, -1.8638300065270297]], "refit_milp_assignment": [[-10.329634728973666, 1.7851969324391928, 1.7577575262456928, 1.7329130346291128, 1.6395099707627612], [9.887869881221429, -1.480837388258336, -1.3710966344623559, -1.6404598058540465, -1.86462800205595]], "refit_ground_truth_assignment": [[9.85688425894477, -1.4626323161022163, -1.403439682990685, -1.6527828979122592, -1.84022507076069], [-10.284847041065525, 1.7956284095653874, 1.720872204254758, 1.7576920131903138, 1.6008125074852193]]}