{"ground_truth": [[-10, -1.5826848885290346, -1.0255509418496929], [1, 1.3377979807316742, 1.6124765741267186], [10, 0.1, 0.1]], "milp": [[9.342194584737703, -0.46175143850762035, 0.08854401527290134], [-9.423006393037607, -1.471041329183556, -1.408994211255426], [-2.2391802542016728, -2.127083131545349, -3.0397695044507103]], "greedy": [[[-2.9205296329903883, 1.3506666319250393, 2.5151139419719977], [9.258535093185852, -0.2083352163911979, 2.157788632073711], [-8.34176998010017, -2.4438348290262084, -1.8291921695697333]], [[3.389012607278061, 0.6890392831952943, 0.4848213153595991], [14.093626037082545, 0.12049806115696479, -0.20798240708092536], [-10.066496410263786, -1.7799136694328996, -1.2661694052743515]], [[-5.016577423709048, -1.1654037912172484, -3.0971502556415027], [8.780604629800562, -0.4342123019300328, 0.31705268467801834], [-10.686714476577302, -0.820869839488688, -0.3775603921608781]], [[-1.1132395337922425, 2.350177233885698, 1.956830303397508], [2.0781660718389547, -2.413622907206712, 5.612757971912268], [-5.531432282562852, -1.6609101916991242, -2.807026199021907]], [[-9.945823166636462, -1.2903294225674529, -0.5019411120430181], [-0.15612087481576248, -4.442593280165247, -1.6429479452295388], [11.724704924560593, -2.0005036727500958, 0.4541253815553679]], [[-3.5017140158675972, -5.1885368361727835, -1.6097872699829565], [10.732572776607887, -1.411024867681554, 0.6215142904923185], [-7.684942888131862, 0.6817723468225249, 1.5999450186627093]], [[-9.945823166636462, -1.2903294225674529, -0.5019411120430181], [6.05261434230351, -0.1262887546373041, 1.400259349591005], [24.096371272662267, -4.582532265813331, -7.058671016651592]], [[10.21324392070743, -0.3228606764992416, 0.21280613675838148], [-7.0240846902497545, -2.0693718604900133, -2.2963990237485126], [-5.044826684113734, 0.033713790450329295, 4.914800633986488]], [[8.197027939849347, -0.31026120074091573, 1.936750066300104], [-8.54514202667416, 0.19414914206085696, 3.3425434255355024], [7.200169737993771, -1.8362030892627657, -4.9968418645147485]], [[1.403360677279185, -2.4319311107712673, -3.6492396311387716], [7.90405986165886, -0.08774886080907152, 2.913485638740523], [-7.797589378268976, 0.7478353016928585, 3.6039747655437244]], [[-10.066496410263786, -1.7799136694328996, -1.2661694052743515], [10.963067795529021, -0.44449295259564575, 0.8845935024967544], [2.402175769606197, 0.5796233794923308, 0.756652866204007]], [[-6.052535326460342, 0.820173874298818, 3.4165179153074448], [-6.570691350592336, -2.3104582072814255, -2.371505608255929], [9.39020079134568, -0.31511278095067946, 1.855825251311553]], [[2.0781660718389547, -2.413622907206712, 5.612757971912268], [-5.531432282562852, -1.6609101916991242, -2.807026199021907], [-1.1132395337922425, 2.350177233885698, 1.956830303397508]], [[9.39020079134568, -0.31511278095067946, 1.855825251311553], [-6.570691350592336, -2.3104582072814255, -2.371505608255929], [-6.052535326460342, 0.820173874298818, 3.4165179153074448]], [[3.389012607278061, 0.6890392831952943, 0.4848213153595991], [-10.066496410263786, -1.7799136694328996, -1.2661694052743515], [14.093626037082545, 0.12049806115696479, -0.20798240708092536]], [[-7.0240846902497545, -2.0693718604900133, -2.2963990237485126], [-5.044826684113734, 0.033713790450329295, 4.914800633986488], [10.21324392070743, -0.3228606764992416, 0.21280613675838148]], [[24.096371272662267, -4.582532265813331, -7.058671016651592], [6.05261434230351, -0.1262887546373041, 1.400259349591005], [-9.945823166636462, -1.2903294225674529, -0.5019411120430181]], [[7.70893034454859, -4.5058988176673145, 3.7969661589114456], [-7.325050610435255, -4.866129213625874, -0.9815254534819039], [0.4104929256627383, 2.6522341826872164, 0.9331768068261618]], [[-6.570691350592336, -2.3104582072814255, -2.371505608255929], [9.39020079134568, -0.31511278095067946, 1.855825251311553], [-6.052535326460342, 0.820173874298818, 3.4165179153074448]], [[13.307825585906473, 0.7523245429718731, -0.4275682457755746], [1.3213253160013738, 1.930556330559964, -0.023032116638248938], [-10.797788189096407, -0.9362588091641884, -1.5945272095404361]]], "refit_milp_assignment": [[9.357742222885458, -0.4642187464751742, 0.08384209854228272], [-9.432807037932694, -1.473813456631811, -1.4142969683343216], [-2.2436350412343335, -2.1280312854113568, -3.0396884887775335]], "refit_ground_truth_assignment": [[-10.428891571981314, -1.5528973190625148, -1.2401501069538754], [0.32599010554089647, 1.7957624234839933, 1.8862076476104828], [9.496281201836359, -0.6898303180311615, 1.1720351151615738]]}