{"time_milp": 57.989659786224365, "time_refit_milp_assignment": 58.8924880027771, "mse_refit_ground_truth_assignment": 10.301401945862676, "r2_refit_ground_truth_assignment": 0.8883937982111513, "weight_mismatch_refit_ground_truth_assignment": 0.9618805400451985, "refit-weight_mismatch_refit_ground_truth_assignment": 0.0, "rand_score_refit_ground_truth_assignment": 1.0, "label_mismatch_refit_ground_truth_assignment": 0.0, "mse_milp": 10.30140634481338, "r2_milp": 0.8883937505525722, "weight_mismatch_milp": 0.9654315843383955, "refit-weight_mismatch_milp": 0.005610022808241995, "rand_score_milp": 1.0, "label_mismatch_milp": 0.0, "mse_refit_milp_assignment": 10.301401945862676, "r2_refit_milp_assignment": 0.8883937982111513, "weight_mismatch_refit_milp_assignment": 0.9618805400451985, "refit-weight_mismatch_refit_milp_assignment": 0.0, "rand_score_refit_milp_assignment": 1.0, "label_mismatch_refit_milp_assignment": 0.0, "mse_greedy": NaN, "r2_greedy": NaN, "mse_ground_truth": 11.891663385616045, "r2_ground_truth": 0.8750753237796004, "weight_mismatch_ground_truth": 0, "rand_score_ground_truth": 1, "label_mismatch_ground_truth": 0, "mse_baseline_sklearn": 91.46675744037302, "r2_baseline_sklearn": 0.009041930262524867, "mse_milp_val": 14.382937594439136, "r2_milp_val": 0.8553578804876636, "label_mismatch_milp_val": 0.0, "mse_refit_milp_assignment_val": 14.381966431624324, "r2_refit_milp_assignment_val": 0.8553676469937757, "label_mismatch_refit_milp_assignment_val": 0.0, "mse_refit_ground_truth_assignment_val": 14.381966431624324, "r2_refit_ground_truth_assignment_val": 0.8553676469937757, "label_mismatch_refit_ground_truth_assignment_val": 0.0, "mse_ground_truth_val": 13.63478128928909, "r2_ground_truth_val": 0.8628817199671076, "label_mismatch_ground_truth_val": 0.0, "mse_baseline_sklearn_val": 99.57535455081323, "r2_baseline_sklearn_val": -0.0013802979295785, "random_state": 5}