{"ground_truth": [[-10, 0.2, 0.4, 0.3], [10, -0.2, -0.4, -0.3]], "milp": [[-10.53919193063653, 0.32432895357581615, 0.5021510479638169, 0.3435489648346224], [9.747473619249883, -0.1459925645857196, -0.49539849138720865, -0.14224898178185563]], "refit_milp_assignment": [[-10.543499288538065, 0.3253808281725334, 0.5028081471567052, 0.34415608638235895], [9.750418751323648, -0.1465184562713662, -0.4956650070588255, -0.14269963371408506]], "refit_ground_truth_assignment": [[-10.543499288538065, 0.3253808281725334, 0.5028081471567052, 0.34415608638235895], [9.750418751323648, -0.1465184562713662, -0.4956650070588255, -0.14269963371408506]]}