{"ground_truth": [[-10, -1.337719620706157, -1.6626352006348812, -1.0611537685933308], [1, 1.6272285743807728, 1.565890653114534, 1.026132378542826], [10, 0.1, 0.1, 0.1]], "milp": [[-10.070950668989777, -1.2214641043175098, -1.6570408843236262, -1.0059796361746414], [10.03403283458453, 3.61151298508556, -2.7114507836076402, -3.2977635757398165], [2.5305564722310616, 1.4249210320718761, 2.5217430116044253, 0.6467216364233714]], "greedy": [[[-10.188352094877995, -1.3028431879263769, -1.5824799988588938, -0.872476315792248], [10.692839669499996, -0.17858254038723165, -0.37698408556640434, -0.2550422130445407], [0.8738095817585343, 2.0669121554207748, 2.2026165335220353, 0.5750579729327201]], [[4.484632360980579, -0.569094766744935, 2.5649367637007443, -9.22438015971898], [-16.515829799939322, 3.63768948419709, 1.4274407437248697, 7.236918636400655], [7.616381695414929, -3.7616564202348606, -5.266081948035545, 3.0383464259188133]], [[0.5465726157741799, 2.140343751994997, 2.1680860644485933, 0.5956190559756668], [-10.188352094877995, -1.3028431879263769, -1.5824799988588938, -0.872476315792248], [9.121677658787073, 0.6272716742986835, -0.2999808524274608, 0.10432291021071631]], [[-10.188352094877995, -1.3028431879263769, -1.5824799988588938, -0.872476315792248], [0.9948626001927838, 1.77675252139228, 1.6514261761950815, 0.5589343820376014], [9.956480800913006, -0.08631172312280928, 0.15477511910586902, 0.4293755053675561]], [[7.649477918202354, -4.320608706484754, -5.252582549204727, 3.344118342325424], [-17.597751907526995, 1.218441514457013, 4.799177990147409, 7.920550345080468], [5.529740618648614, -0.26162633621504305, 0.09798829109645545, -9.389756788440197]], [[5.605159406178759, 1.041838832374592, 0.955438786360018, 0.29270203207858836], [-11.139601528187457, -0.4927814107542139, -1.2089216696897258, -0.2273089500350114], [3.3646089337036553, -4.583128898515099, -2.4124937473421, -4.8969449865154555]], [[8.066738480354001, -0.8174758926494203, 0.29035707021867696, 2.1263200820334593], [2.93493584621562, 2.117031249167292, 1.7564963845516164, -0.8955000621927811], [-10.188352094877995, -1.3028431879263769, -1.5824799988588938, -0.872476315792248]], [[9.956480800913006, -0.08631172312280928, 0.15477511910586902, 0.4293755053675561], [0.9948626001927838, 1.77675252139228, 1.6514261761950815, 0.5589343820376014], [-10.188352094877995, -1.3028431879263769, -1.5824799988588938, -0.872476315792248]], [[-10.188352094877995, -1.3028431879263769, -1.5824799988588938, -0.872476315792248], [0.9151261466790848, 1.8241589885478635, 1.8016145891016588, 0.5467606613135895], [9.999681076756534, -0.1192998288573418, 0.12590197188015123, 0.41768504333325124]], [[9.956480800913006, -0.08631172312280928, 0.15477511910586902, 0.4293755053675561], [0.9948626001927838, 1.77675252139228, 1.6514261761950815, 0.5589343820376014], [-10.188352094877995, -1.3028431879263769, -1.5824799988588938, -0.872476315792248]], [[-10.765123995978282, -1.3694979569079866, -1.704693051785891, -0.0015907753556372948], [5.298113582916954, 1.252645028872401, 1.0964806756510357, 0.06660779798780735], [-10.726593427151649, -1.006585528809853, -1.1641473791769488, -1.2791428518906272]], [[-3.1369004939288168, -0.30100478644891315, -8.55067472827487, 3.919064611087576], [0.747176585421379, 0.6355514013811141, 4.695926876359744, -8.0586233980053], [8.323843160651982, 0.9098066636749397, -3.551590563400624, 2.6500230101329674]], [[6.975679815415761, 1.298529013412931, -2.240853287493471, 1.5877834478815616], [-10.188352094877995, -1.3028431879263769, -1.5824799988588938, -0.872476315792248], [3.430305509357906, 1.1403622149147854, 2.9711864052416868, -0.05480062879772693]], [[9.956480800913006, -0.08631172312280928, 0.15477511910586902, 0.4293755053675561], [0.9948626001927838, 1.77675252139228, 1.6514261761950815, 0.5589343820376014], [-10.188352094877995, -1.3028431879263769, -1.5824799988588938, -0.872476315792248]], [[0.46292940482500367, 1.6181590214539663, 2.1677086440532394, 0.49843056853039097], [-10.188352094877995, -1.3028431879263769, -1.5824799988588938, -0.872476315792248], [9.359738903030651, -0.7140367475856919, 0.9632448796711675, 0.10572351329960539]], [[-4.324099157098102, -1.5239472977450077, -1.1687749588542797, -4.150920539800753], [6.488460257387496, 1.3269917874688477, 0.9073955081508739, -0.6763277822525042], [-10.408089690791812, -1.2130449326754724, -1.5362149979921196, -0.6962186874857498]], [[-10.188352094877995, -1.3028431879263769, -1.5824799988588938, -0.872476315792248], [9.956480800913006, -0.08631172312280928, 0.15477511910586902, 0.4293755053675561], [0.9948626001927838, 1.77675252139228, 1.6514261761950815, 0.5589343820376014]], [[8.780288916878353, -5.046415679848076, -1.461510995325972, -4.971546158726686], [4.9736885225255065, 1.1559602221318608, 1.2662827017579397, 0.4197894745499805], [-10.195737899818077, -1.415500020827712, -1.4830755849513342, -0.9604126783034358]], [[-10.188352094877995, -1.3028431879263769, -1.5824799988588938, -0.872476315792248], [9.956480800913006, -0.08631172312280928, 0.15477511910586902, 0.4293755053675561], [0.9948626001927838, 1.77675252139228, 1.6514261761950815, 0.5589343820376014]], [[-10.188352094877995, -1.3028431879263769, -1.5824799988588938, -0.872476315792248], [1.9054666183947182, 2.026013397791913, 1.6166999000846614, -0.1482749198490103], [7.917025410437155, -0.2443870139462984, 0.6186330547964498, 1.3542814402442207]]], "refit_milp_assignment": [[-10.091179265411125, -1.218444183023917, -1.6528170756973823, -0.9985615450741734], [10.04901805852613, 3.6128009899880844, -2.715684926553074, -3.3053160824312835], [2.5326743068508737, 1.4245233814150335, 2.521758732802693, 0.6460927940400596]], "refit_ground_truth_assignment": [[-10.186461821787287, -1.3034854286124895, -1.5831347021034619, -0.8730107415741782], [0.9938213276635057, 1.7772458953958181, 1.6524299376494123, 0.5587628737932097], [9.95634810659349, -0.0864345394992016, 0.15481942245889688, 0.429594488247726]]}