{"time_milp": 18055.607548236847, "time_greedy": 5.2704714894294735, "time_refit_milp_assignment": 18058.38295865059, "mse_refit_ground_truth_assignment": 135.43315001992988, "r2_refit_ground_truth_assignment": 0.6399521851711432, "weight_mismatch_refit_ground_truth_assignment": 9.986709302142394, "refit-weight_mismatch_refit_ground_truth_assignment": 0.0, "rand_score_refit_ground_truth_assignment": 1.0, "label_mismatch_refit_ground_truth_assignment": 0.0, "mse_milp": 129.67424830143023, "r2_milp": 0.6552621737467232, "weight_mismatch_milp": 7.669314745361229, "refit-weight_mismatch_milp": 8.980612910868963, "rand_score_milp": 0.7049019607843138, "label_mismatch_milp": 0.35833333333333334, "mse_refit_milp_assignment": 129.67425335094737, "r2_refit_milp_assignment": 0.6552621603226272, "weight_mismatch_refit_milp_assignment": 12.90637569951131, "refit-weight_mismatch_refit_milp_assignment": 15.13428307216552, "rand_score_refit_milp_assignment": 0.7049019607843138, "label_mismatch_refit_milp_assignment": 0.35833333333333334, "mse_greedy": 77.177321090102, "r2_greedy": 0.7948247839709321, "weight_mismatch_greedy": 40.25330962762825, "refit-weight_mismatch_greedy": 40.265605219450286, "rand_score_greedy": 0.6549019607843138, "label_mismatch_greedy": 0.4287500000000001, "mse_greedy_sem": 6.16531748626061, "r2_greedy_sem": 0.016390441249632112, "weight_mismatch_greedy_sem": 3.038093349576018, "refit-weight_mismatch_greedy_sem": 3.2895387655938553, "rand_score_greedy_sem": 0.011163370878535769, "label_mismatch_greedy_sem": 0.016792017649024375, "mse_ground_truth": 159.97224309992856, "r2_ground_truth": 0.5747152262727104, "weight_mismatch_ground_truth": 0, "rand_score_ground_truth": 1, "label_mismatch_ground_truth": 0, "mse_baseline_sklearn": 368.9962816416903, "r2_baseline_sklearn": 0.019062697069529122, "random_state": 9}