{"ground_truth": [[-5, 2, 4], [5, -2, -4]], "milp": [[7.5764187189841845, -1.828777127830628, -3.4418437287933044], [1.7850169887534404, -1.4413380476488222, -3.4353367501946357]], "refit_milp_assignment": [[7.581557737804033, -1.8302021580642183, -3.443637223438403], [1.786858600769071, -1.4419147433200643, -3.4360601059049753]], "refit_ground_truth_assignment": [[-5.7697333344586825, 2.1691618858016626, 4.473929718538401], [5.2056791044818524, -1.9247705794292267, -3.8808161749297345]]}