{"ground_truth": [[-10, 0.2, 0.4, 0.3], [10, -0.2, -0.4, -0.3]], "milp": [[10.060479356524532, -0.2530623953072608, -0.4984489087031076, -0.237171045484591], [-9.890144475154433, 0.24138767529578667, 0.37235242242304545, 0.23275092720666463]], "greedy": [[[10.062990710576745, -0.25346809116974467, -0.4988097528970613, -0.2375601034651093], [-9.893234163917965, 0.24178637018979648, 0.37271460010612223, 0.2329720862427594]], [[1.3249207292080787, -2.352487333124165, 2.26605813282273, -1.5342003288258435], [-0.7107194189054444, 2.1586301756069295, -2.844516146929343, 2.037328921008641]], [[-1.0731005726922254, 1.2211013594102218, -0.6283313278406646, -2.8323837932043214], [3.0702591717160552, -2.475127655456226, 0.2899914260080539, 2.606962075255013]], [[-9.893234163917965, 0.24178637018979648, 0.37271460010612223, 0.2329720862427594], [10.062990710576745, -0.25346809116974467, -0.4988097528970613, -0.2375601034651093]], [[-6.182378710294929, -1.29929036914601, 2.1977772248313507, 0.13980539929383812], [8.770577471575738, 0.9806314956501838, -2.6420371353680183, -0.8650604556390679]], [[6.955711612113916, -1.192473022406954, 0.6647070277077731, -2.1171010316087515], [-7.972191221077697, 0.35924504628056764, -1.3078542362812806, 3.5462186805344]], [[-4.685253749797473, 0.9441490335645729, 2.2818173247541034, -2.559430713995598], [4.7740159653411345, -1.8609592845712781, -2.1467120560215625, 2.3522811641393755]], [[10.062990710576745, -0.25346809116974467, -0.4988097528970613, -0.2375601034651093], [-9.893234163917965, 0.24178637018979648, 0.37271460010612223, 0.2329720862427594]], [[-4.563056658671254, 3.0113189892182874, -0.7290157299061739, 2.8194065192477145], [4.189563470685516, -2.913711740713648, 0.28523446234098393, -1.7387016634639796]], [[-9.893234163917965, 0.24178637018979648, 0.37271460010612223, 0.2329720862427594], [10.062990710576745, -0.25346809116974467, -0.4988097528970613, -0.2375601034651093]], [[-1.9120071045640956, -0.03882555406244818, -2.5494651560997315, 0.45955554212062766], [3.1721296198618587, -0.6224874977231272, 2.561635977201609, -0.5137533322568251]], [[-9.893234163917965, 0.24178637018979648, 0.37271460010612223, 0.2329720862427594], [10.062990710576745, -0.25346809116974467, -0.4988097528970613, -0.2375601034651093]], [[6.639953656676081, -0.5886188253458493, -0.5805102623174683, -2.9704370484655302], [-7.172764990000851, -0.11046662133530127, -0.5665648104423713, 4.21297680368964]], [[-9.893234163917965, 0.24178637018979648, 0.37271460010612223, 0.2329720862427594], [10.062990710576745, -0.25346809116974467, -0.4988097528970613, -0.2375601034651093]], [[-6.182378710294929, -1.29929036914601, 2.1977772248313507, 0.13980539929383812], [8.770577471575738, 0.9806314956501838, -2.6420371353680183, -0.8650604556390679]], [[10.062990710576745, -0.25346809116974467, -0.4988097528970613, -0.2375601034651093], [-9.893234163917965, 0.24178637018979648, 0.37271460010612223, 0.2329720862427594]], [[8.770577471575738, 0.9806314956501838, -2.6420371353680183, -0.8650604556390679], [-6.182378710294929, -1.29929036914601, 2.1977772248313507, 0.13980539929383812]], [[-9.893234163917965, 0.24178637018979648, 0.37271460010612223, 0.2329720862427594], [10.062990710576745, -0.25346809116974467, -0.4988097528970613, -0.2375601034651093]], [[-9.893234163917965, 0.24178637018979648, 0.37271460010612223, 0.2329720862427594], [10.062990710576745, -0.25346809116974467, -0.4988097528970613, -0.2375601034651093]], [[4.793901548942168, -0.19151966354044542, -3.569367746741465, 0.38480008184023023], [-3.1473824712053147, -0.17144838000081736, 3.6576944972517604, -1.0708908791402123]]], "refit_milp_assignment": [[10.063156574075501, -0.25332607167781557, -0.4989536729634836, -0.23749969119980133], [-9.89395620605795, 0.24196767264460534, 0.37277636435176564, 0.2333559499639818]], "refit_ground_truth_assignment": [[-9.89395620605795, 0.24196767264460534, 0.37277636435176564, 0.2333559499639818], [10.063156574075501, -0.25332607167781557, -0.4989536729634836, -0.23749969119980133]]}