{"time_milp": 18060.646685123444, "time_refit_milp_assignment": 18063.503383398056, "mse_refit_ground_truth_assignment": 168.42236473378634, "r2_refit_ground_truth_assignment": 0.5965909714262374, "weight_mismatch_refit_ground_truth_assignment": 10.566739724795488, "refit-weight_mismatch_refit_ground_truth_assignment": 0.0, "rand_score_refit_ground_truth_assignment": 1.0, "label_mismatch_refit_ground_truth_assignment": 0.0, "mse_milp": 94.9344539723051, "r2_milp": 0.772610864859413, "weight_mismatch_milp": 20.831052198878297, "refit-weight_mismatch_milp": 12.522236169560196, "rand_score_milp": 0.6983193277310924, "label_mismatch_milp": 0.31666666666666665, "mse_refit_milp_assignment": 94.9344234618941, "r2_refit_milp_assignment": 0.7726109379386342, "weight_mismatch_refit_milp_assignment": 20.8489287436985, "refit-weight_mismatch_refit_milp_assignment": 12.539561309495806, "rand_score_refit_milp_assignment": 0.6983193277310924, "label_mismatch_refit_milp_assignment": 0.31666666666666665, "mse_greedy": NaN, "r2_greedy": NaN, "mse_ground_truth": 192.03334190886454, "r2_ground_truth": 0.5400374289027672, "weight_mismatch_ground_truth": 0, "rand_score_ground_truth": 1, "label_mismatch_ground_truth": 0, "mse_baseline_sklearn": 406.6514145045647, "r2_baseline_sklearn": 0.02594853282595344, "random_state": 6}