{"time_milp": 262.63654017448425, "time_refit_milp_assignment": 263.44889211654663, "mse_refit_ground_truth_assignment": 0.20236182592310045, "r2_refit_ground_truth_assignment": 0.9991408279015935, "weight_mismatch_refit_ground_truth_assignment": 0.7094387643844209, "refit-weight_mismatch_refit_ground_truth_assignment": 0.0, "rand_score_refit_ground_truth_assignment": 1.0, "label_mismatch_refit_ground_truth_assignment": 0.0, "mse_milp": 15.664552052893422, "r2_milp": 0.93349266346808, "weight_mismatch_milp": 17.043635712141743, "refit-weight_mismatch_milp": 17.335903222614938, "rand_score_milp": 0.5192090395480226, "label_mismatch_milp": 0.38333333333333336, "mse_refit_milp_assignment": 15.664475693698284, "r2_refit_milp_assignment": 0.9334929876680106, "weight_mismatch_refit_milp_assignment": 17.02596425254319, "refit-weight_mismatch_refit_milp_assignment": 17.318678674966677, "rand_score_refit_milp_assignment": 0.5192090395480226, "label_mismatch_refit_milp_assignment": 0.38333333333333336, "mse_greedy": NaN, "r2_greedy": NaN, "mse_ground_truth": 0.2594939593127936, "r2_ground_truth": 0.9991017162589014, "weight_mismatch_ground_truth": 0, "rand_score_ground_truth": 1, "label_mismatch_ground_truth": 0, "mse_baseline_sklearn": 148.0592709587114, "r2_baseline_sklearn": 0.3713814651659385, "mse_milp_val": 726.4400164878499, "r2_milp_val": -0.99066462288197, "label_mismatch_milp_val": 0.425, "mse_refit_milp_assignment_val": 726.5750142625063, "r2_refit_milp_assignment_val": -0.9910345574781885, "label_mismatch_refit_milp_assignment_val": 0.425, "mse_refit_ground_truth_assignment_val": 12.440196490962384, "r2_refit_ground_truth_assignment_val": 0.9659101116483257, "label_mismatch_refit_ground_truth_assignment_val": 0.05, "mse_ground_truth_val": 12.448230677502618, "r2_ground_truth_val": 0.9658880955553844, "label_mismatch_ground_truth_val": 0.05, "mse_baseline_sklearn_val": 371.90697299344833, "r2_baseline_sklearn_val": -0.019137213448868984, "random_state": 7}