{"ground_truth": [[-10, 0.2, 0.4], [10, -0.2, -0.4]], "milp": [[-10.062336172580462, 0.10364266225074259, 0.19652989441213264], [9.54497500890657, -0.09257348899168459, -0.8704513271986447]], "refit_milp_assignment": [[-10.33551773746812, 0.14948893907730512, 0.2568951233084673], [9.708420996624195, -0.12217374781859723, -0.8907917444729857]], "refit_ground_truth_assignment": [[-10.26999195751781, 0.12422135526834975, 0.4244401994052997], [9.970350978859662, -0.1680870598826709, -0.6237548828718362]]}