{"time_milp": 2.35432505607605, "time_greedy": 0.22329894304275513, "time_refit_milp_assignment": 3.4485418796539307, "mse_refit_ground_truth_assignment": 16.434856964620945, "r2_refit_ground_truth_assignment": 0.8862336538619655, "weight_mismatch_refit_ground_truth_assignment": 9.632770149680553, "refit-weight_mismatch_refit_ground_truth_assignment": 0.0, "rand_score_refit_ground_truth_assignment": 1.0, "label_mismatch_refit_ground_truth_assignment": 0.0, "mse_milp": 29.601215234498184, "r2_milp": 0.7950927041395124, "weight_mismatch_milp": 21.77143634224668, "refit-weight_mismatch_milp": 20.32037627940211, "rand_score_milp": 0.7073170731707317, "label_mismatch_milp": 0.42857142857142855, "mse_refit_milp_assignment": 29.59279252496311, "r2_refit_milp_assignment": 0.7951510083213164, "weight_mismatch_refit_milp_assignment": 24.201915989455742, "refit-weight_mismatch_refit_milp_assignment": 22.632953256303423, "rand_score_refit_milp_assignment": 0.7073170731707317, "label_mismatch_refit_milp_assignment": 0.42857142857142855, "mse_greedy": 12.429728506678776, "r2_greedy": 0.9139581927158422, "weight_mismatch_greedy": 35.597802756610065, "refit-weight_mismatch_greedy": 31.68986706775895, "rand_score_greedy": 0.6760743321718932, "label_mismatch_greedy": 0.4119047619047619, "mse_greedy_sem": 0.9281327195405337, "r2_greedy_sem": 0.006424775613233878, "weight_mismatch_greedy_sem": 2.7842501098998373, "refit-weight_mismatch_greedy_sem": 3.0946479778542493, "rand_score_greedy_sem": 0.011272206957108996, "label_mismatch_greedy_sem": 0.01836983314517573, "mse_ground_truth": 24.320262686254097, "r2_ground_truth": 0.8316488285302139, "weight_mismatch_ground_truth": 0, "rand_score_ground_truth": 1, "label_mismatch_ground_truth": 0, "mse_baseline_sklearn": 130.07348649220478, "r2_baseline_sklearn": 0.09959756148115506, "random_state": 42}