{"time_milp": 0.4950988292694092, "time_refit_milp_assignment": 0.9297399520874023, "mse_refit_ground_truth_assignment": 3.76038822852196, "r2_refit_ground_truth_assignment": 0.9535571693767086, "weight_mismatch_refit_ground_truth_assignment": 0.734935945830812, "refit-weight_mismatch_refit_ground_truth_assignment": 0.0, "rand_score_refit_ground_truth_assignment": 1.0, "label_mismatch_refit_ground_truth_assignment": 0.0, "mse_milp": 3.2442291525670286, "r2_milp": 0.9599320134306886, "weight_mismatch_milp": 0.81220024771402, "refit-weight_mismatch_milp": 0.4854005153073341, "rand_score_milp": 0.8409937888198757, "label_mismatch_milp": 0.08571428571428572, "mse_refit_milp_assignment": 3.244214332465158, "r2_refit_milp_assignment": 0.9599321964669708, "weight_mismatch_refit_milp_assignment": 0.809688207890613, "refit-weight_mismatch_refit_milp_assignment": 0.4853585617727104, "rand_score_refit_milp_assignment": 0.8409937888198757, "label_mismatch_refit_milp_assignment": 0.08571428571428572, "mse_greedy": NaN, "r2_greedy": NaN, "mse_ground_truth": 4.214235887358235, "r2_ground_truth": 0.9479519050616474, "weight_mismatch_ground_truth": 0, "rand_score_ground_truth": 1, "label_mismatch_ground_truth": 0, "mse_baseline_sklearn": 80.948236586995, "r2_baseline_sklearn": 0.00026576898395369586, "random_state": 6}