{"ground_truth": [[10, -1.3392629469672792, -1.036745161306507, -1.889853091084115, -1.0119034336610735, -1.9853437991428873, -1.8455823918567602, -1.7692842993189553, -1.5109399823752705], [-10, 1.6142250348046057, 1.2011554602261243, 1.914623835400072, 1.4170536218260525, 1.0597016023270478, 1.0239983926346985, 1.2038264305174113, 1.2168535948453902]], "milp": [[9.504182443813384, -1.4171491444095328, -0.9721020823888075, -1.824754164006142, -0.9610888447751132, -1.89403268992554, -1.831139153502654, -1.720424478502638, -1.4627430992604358], [-9.941528112388136, 1.492537539216947, 1.2106330713443674, 1.8691661145159675, 1.3953666373010454, 1.0341074695527748, 1.1023918056745312, 1.172953339633364, 1.2407338777163652]], "refit_milp_assignment": [[9.518029452706525, -1.4169309455787955, -0.9736359196158925, -1.8266837252833752, -0.9630340455315367, -1.8952977772123945, -1.8318933942141542, -1.7221687978172635, -1.4632375084321327], [-9.957199595017372, 1.4948392942080206, 1.2110735066539875, 1.869220565502714, 1.395640292974383, 1.0347111479667301, 1.1050506430416438, 1.1738876396125926, 1.2413907801685955]], "refit_ground_truth_assignment": [[9.53962336761031, -1.4116041800570251, -0.9735066408756652, -1.8302610740122216, -0.9627661422215932, -1.9031356519126992, -1.8290340719560296, -1.7254737184983926, -1.4559026329979892], [-9.98084845035713, 1.4993599454923305, 1.2116430149356783, 1.867008839010779, 1.395378815902065, 1.042479397784353, 1.1067143940998796, 1.1739883032255976, 1.237970507714298]]}