{"ground_truth": [[-10, 0.2, 0.4, 0.3], [10, -0.2, -0.4, -0.3]], "milp": [[-11.031917795430484, 0.24785162434173802, 0.5210361401327911, -0.0624122868897789], [12.317003986284103, -0.36677756914825393, -0.41055426663450656, -0.3936215052475144]], "greedy": [[[-7.522035490005726, 1.9690155736911295, 3.8293817960806322, -0.5439291062887772], [6.778590144653605, -1.289325087223313, -3.938323649061326, 0.8249520501445644]], [[-11.035694281707181, 0.24861970912579837, 0.5216486112664472, -0.06209343460632848], [12.322062843512935, -0.3677949964508617, -0.41101240042091414, -0.3944659782849696]], [[5.859942639389831, 0.44383673069862856, 0.18626588627157215, -5.174373379098679], [-3.7840163458553664, 0.03202002948001343, -1.0407315474613978, 4.049112476959148]], [[12.322062843512935, -0.3677949964508617, -0.41101240042091414, -0.3944659782849696], [-11.035694281707181, 0.24861970912579837, 0.5216486112664472, -0.06209343460632848]], [[-11.035694281707181, 0.24861970912579837, 0.5216486112664472, -0.06209343460632848], [12.322062843512935, -0.3677949964508617, -0.41101240042091414, -0.3944659782849696]], [[12.322062843512935, -0.3677949964508617, -0.41101240042091414, -0.3944659782849696], [-11.035694281707181, 0.24861970912579837, 0.5216486112664472, -0.06209343460632848]], [[-11.035694281707181, 0.24861970912579837, 0.5216486112664472, -0.06209343460632848], [12.322062843512935, -0.3677949964508617, -0.41101240042091414, -0.3944659782849696]], [[-11.035694281707181, 0.24861970912579837, 0.5216486112664472, -0.06209343460632848], [12.322062843512935, -0.3677949964508617, -0.41101240042091414, -0.3944659782849696]], [[12.322062843512935, -0.3677949964508617, -0.41101240042091414, -0.3944659782849696], [-11.035694281707181, 0.24861970912579837, 0.5216486112664472, -0.06209343460632848]], [[-11.035694281707181, 0.24861970912579837, 0.5216486112664472, -0.06209343460632848], [12.322062843512935, -0.3677949964508617, -0.41101240042091414, -0.3944659782849696]], [[-11.035694281707181, 0.24861970912579837, 0.5216486112664472, -0.06209343460632848], [12.322062843512935, -0.3677949964508617, -0.41101240042091414, -0.3944659782849696]], [[-11.035694281707181, 0.24861970912579837, 0.5216486112664472, -0.06209343460632848], [12.322062843512935, -0.3677949964508617, -0.41101240042091414, -0.3944659782849696]], [[12.322062843512935, -0.3677949964508617, -0.41101240042091414, -0.3944659782849696], [-11.035694281707181, 0.24861970912579837, 0.5216486112664472, -0.06209343460632848]], [[-11.035694281707181, 0.24861970912579837, 0.5216486112664472, -0.06209343460632848], [12.322062843512935, -0.3677949964508617, -0.41101240042091414, -0.3944659782849696]], [[2.8679162621584964, 3.032739919738413, 0.3370211129532631, -2.6203999248079652], [-1.301690962448841, -3.5158775887923563, -0.45013432664895825, 2.5112791496979177]], [[6.6067546586790495, -1.2658121757345462, -3.9503648400214844, 0.8446297092992232], [-7.304067896141806, 1.9253888864267588, 3.8497721071017703, -0.5631807913465211]], [[-8.901235986935623, 3.3988919829034647, 0.31652582147198927, 2.7527081560027526], [12.013807910784713, -4.3063680515488425, -0.2217557562071924, -2.719162171960081]], [[3.5318641282071535, 1.2356518102558516, 2.574092956865464, -1.692845844261915], [-2.1606768831843506, -0.7815629168220684, -2.672997410661854, 2.0724161273312434]], [[-8.901235986935623, 3.3988919829034647, 0.31652582147198927, 2.7527081560027526], [12.013807910784713, -4.3063680515488425, -0.2217557562071924, -2.719162171960081]], [[-3.0160053253206485, -2.6919291154553684, -0.13559999247564095, 3.11455867024373], [5.212572670506827, 2.3243198606231923, -0.4368580187477263, -3.6816495096002537]]], "refit_milp_assignment": [[-11.03573876011242, 0.24863757099880868, 0.5216703768989073, -0.062099812446660296], [12.322135561390205, -0.36781827787733773, -0.4110292217007244, -0.3944846625055146]], "refit_ground_truth_assignment": [[-11.03573876011242, 0.24863757099880868, 0.5216703768989073, -0.062099812446660296], [12.322135561390205, -0.36781827787733773, -0.4110292217007244, -0.3944846625055146]]}