{"ground_truth": [[-10, -1.7983748404708613, -1.6182497217288399, -1.5378152681130697, -1.0449734918049454, -1.7621139409980837, -1.3790933257777227, -1.8800275584030945, -1.2647811070745443], [1, 1.1583148443975246, 1.7365250700898454, 1.4673503998286614, 1.5270899515655014, 1.3985935729421928, 1.04667597530125, 1.1350291397120822, 1.0550625114191834], [10, 0.1, 0.1, 0.1, 0.1, 0.1, 0.1, 0.1, 0.1]], "milp": [[-7.156843552472038, -1.643665539324757, -2.1872685614703076, -1.656249307154272, -1.6918195902428483, -2.038664144798599, -1.8550303332432994, -1.9946472908785906, -1.3613121378395638], [1.585548801432705, 1.6376412089386445, 1.1436606507250695, 1.2043721119648625, 0.6013410726001982, 1.4874485267173412, 1.3785383274272567, 0.4060596487940824, 0.24168717311820542], [1.7792408971403182, 2.1801282519316807, 0.11283793042147257, -0.44597023827451376, 2.8429770378825863, -0.07272887883745688, 0.6131913389811636, 0.0409809388603017, 0.7631944044272948]], "refit_milp_assignment": [[-9.994719591355889, -1.795031405144919, -1.543109040416025, -1.5748609220977328, -1.0907205911812174, -1.8264851690131703, -1.3330749500713572, -1.8338529240360848, -1.3762821060060322], [2.21275008340643, 1.7600833183453846, 1.0506776640112145, 1.3075823606989492, 0.8649137909641833, 1.353397753219366, 1.2293455234369226, 0.2536039789769035, 0.06079669385778111], [1.9186124289583457, 2.2497898505877965, 0.04001761061601725, -0.4927253382818154, 2.948671368210578, 0.018090271719648946, 0.6604488340188339, -0.0809614354425899, 0.7280961656439752]], "refit_ground_truth_assignment": [[-9.994719591355889, -1.795031405144919, -1.543109040416025, -1.5748609220977328, -1.0907205911812174, -1.8264851690131703, -1.3330749500713572, -1.8338529240360848, -1.3762821060060322], [1.133510447981645, 1.207502814968652, 1.743838493564887, 1.4591702180343082, 1.5151996934581602, 1.0929706605530076, 1.015982277958551, 1.1658869946619201, 1.080954842162637], [10.491741812112933, -0.13302404357138012, 0.24668616166246943, 0.05882015655935223, 0.07025854297518036, -0.09305348834864596, -0.11393939683735338, 0.11707149856256022, 0.08129270449587692]]}