{"time_milp": 0.08671188354492188, "time_greedy": 0.8111014842987061, "time_refit_milp_assignment": 0.5124938488006592, "mse_refit_ground_truth_assignment": 12.05093150090622, "r2_refit_ground_truth_assignment": 0.8631334964750428, "weight_mismatch_refit_ground_truth_assignment": 2.45770910435736, "refit-weight_mismatch_refit_ground_truth_assignment": 0.0, "rand_score_refit_ground_truth_assignment": 1.0, "label_mismatch_refit_ground_truth_assignment": 0.0, "mse_milp": 12.23439431671175, "r2_milp": 0.861049847246412, "weight_mismatch_milp": 3.548566291218211, "refit-weight_mismatch_milp": 1.1299208331500648, "rand_score_milp": 1.0, "label_mismatch_milp": 0.0, "mse_refit_milp_assignment": 12.05093150090622, "r2_refit_milp_assignment": 0.8631334964750428, "weight_mismatch_refit_milp_assignment": 2.45770910435736, "refit-weight_mismatch_refit_milp_assignment": 0.0, "rand_score_refit_milp_assignment": 1.0, "label_mismatch_refit_milp_assignment": 0.0, "mse_greedy": 21.760527303430987, "r2_greedy": 0.7528583340917671, "weight_mismatch_greedy": 12.7942068345745, "refit-weight_mismatch_greedy": 11.289714397964389, "rand_score_greedy": 0.6942857142857143, "label_mismatch_greedy": 0.2539999999999999, "mse_greedy_sem": 1.8959877951740232, "r2_greedy_sem": 0.02153337443100953, "weight_mismatch_greedy_sem": 2.627086121827726, "refit-weight_mismatch_greedy_sem": 2.5462073133462138, "rand_score_greedy_sem": 0.05007617774845815, "label_mismatch_greedy_sem": 0.04570154897754963, "mse_ground_truth": 13.392528288329864, "r2_ground_truth": 0.8478965281609185, "weight_mismatch_ground_truth": 0, "rand_score_ground_truth": 1, "label_mismatch_ground_truth": 0, "mse_baseline_sklearn": 87.4643839901294, "r2_baseline_sklearn": 0.006501105559936549, "random_state": 6}