{"ground_truth": [[-10, -1.7141854888321628, -1.0964450985072016, -1.3047695901490846, -1.413797004942405, -1.5379054924075386, -1.1599834450363362], [1, 1.0969356876331808, 1.0190783079272312, 1.1754623297750917, 1.7457561922838334, 1.6677919096688487, 1.1128085652475697], [10, 0.1, 0.1, 0.1, 0.1, 0.1, 0.1]], "milp": [[-1.4904388309986991, 0.7209979859187297, 2.5992340505743394, -3.66091991580486, 1.4040550270667969, -2.9629028415399854, 4.008799424960889], [6.0648477321507475, 0.7928261580970606, -0.010331430175918088, 1.2417519990749044, 1.6704846231147261, 0.04395139127205577, 0.4851631684211393], [-8.676749121836822, -1.156207413421307, 2.303320832370941, 5.2726126151591215, -0.6644124923053216, 2.9936794319237867, -5.892545990560161]], "refit_milp_assignment": [[-1.811783490618237, 0.8120053816172075, 2.7004268685543455, -3.7078525115226704, 1.4870927626670272, -3.008788653207788, 4.070553078993354], [7.0038701779126615, 0.7264294280611401, -0.18263730853546206, 1.135360889136884, 1.6388015385776113, -0.09453376538377861, 0.4533151839995437], [-10.622763684748385, -1.1091805061778577, 2.4737501592286044, 5.648414864907165, -0.2437459644203782, 3.3142089812358115, -6.135174599770295]], "refit_ground_truth_assignment": [[-10.024101710967365, -1.7465760681145037, -1.0804330847738368, -1.318461636203599, -1.3772829606892578, -1.549717806665904, -1.2278544103124642], [1.9520820461541941, 1.01039695418884, 0.8150423251888963, 1.2326287738838886, 1.6945717241768132, 1.5163433784751377, 0.9801940795627767], [9.917695939814045, 0.0564848231974316, 0.20135202760228205, 0.05194724012390533, 0.02915915273481555, 0.010308245762208082, 0.2866775355223377]]}