{"ground_truth": [[10, -1.5882186792817694, -1.4223670634467402, -1.2438918356907829, -1.3344271502583838, -1.7976284496544097, -1.8021891677420525, -1.228158185503034, -1.2825001889535024, -1.1741960565049117, -1.8192464134141657, -1.3098026530502072, -1.9674354446997055], [-10, 1.1176623265215788, 1.3186868046491778, 1.0114591266097082, 1.653652642827171, 1.6122846680552363, 1.1012441906026669, 1.2518356669543675, 1.6323200295882767, 1.0656651790856528, 1.9877600119960561, 1.9329155198065808, 1.4979452060685037]], "milp": [[9.035785746611232, -1.5979781169417286, -1.3827763988124238, -1.1420687479548066, -1.2922439694021555, -1.6806051494378984, -1.6613264739939642, -1.194067977631755, -1.2764566297171698, -1.081289928473151, -1.716594800307647, -1.2587605317583366, -1.970881407814768], [-9.773027657708049, 1.1399382863093566, 1.481996740282767, 0.9021484229470639, 1.573044991119718, 1.6293517521506546, 1.1755552469188435, 1.1727250816415775, 1.537535516791391, 1.084158894178086, 1.978398870152, 1.9316081891363304, 1.5858638990750553]], "greedy": [[[-11.412521416817002, -1.0125242713498661, -0.3882275662583515, 0.9371637081202989, 0.5341600013687533, 3.779597853393693, 1.7122778679670072, 2.2450044802691576, 0.5299409471573042, -0.019191135524557566, -2.3664631292755356, 3.163146844665294, -0.11335862109190825], [8.753086736557156, -1.7541299820537555, -0.7199640811162188, 1.4582370450301962, 2.4813397876672294, -4.8087974026844815, -0.8165402271266905, -4.60640739350432, 4.606577995424102, -4.0508512288029666, 1.5635396953869054, 0.42263887394399663, -1.191281613968095]], [[-9.537930982736002, 1.347679361533996, 0.34364954940469594, 0.9546300927092227, 3.2636436465318805, 1.1799580982291342, 0.24114517076398195, 2.1725742868428926, 1.2810941018315958, -0.8366834231908518, -1.1340353175609867, 3.00556144187326, 1.3084211730779305], [-9.368344050278182, -4.960248558270427, -1.6107716197858581, 0.7308940904602417, 0.34092487050279036, 1.0452361167250936, 5.4812799423506275, 0.7845118461272957, -1.90454117386569, 4.744753000226218, -1.4431387759833851, -1.8125283877964762, -3.657109017217588]], [[-18.13112497044713, -0.45315245996915, -0.3251650513385021, 3.336183691003641, -0.6752163807191864, 3.24383850297479, 3.0013456628139066, -0.2806766850879601, 1.0457621119100307, 2.4187866622000453, -2.1064679757515825, 4.37811876891609, 2.6895681370097004], [15.563061468154054, -1.6323015847988758, 0.2784176061340093, -0.534377011272682, 0.5320927590899632, 1.183568224533211, 1.3745959857666088, -2.2068925988223, 2.202271134735578, -4.576549454065781, -1.3120706347590068, -1.0098821728101517, -3.7389679894908197]], [[5.309464559075303, -2.6279627720480385, -1.132429184756198, 0.05689801669120249, -0.9317312230677516, 2.109654197486962, 1.6910481089159346, -1.2296350295539284, -1.3681575973194504, -1.2604837420758344, -1.5800912201607726, -0.49809686235125233, -2.744283602938982], [-7.050694693210647, 1.894760238778816, -0.40802186435326604, -1.7632461291217674, 3.5040758445854223, -0.3074273990278488, -0.6492051308843759, 0.8917104882223742, 2.623480587128588, 2.300056288351984, 2.2656494529491833, 1.6989017947000715, 1.0759715571631572]], [[5.107169349575019, 2.2381721641826413, 5.331006049366518, -3.135874250024317, -2.3185383729747673, -1.7815716482291795, -2.9333561256289937, 3.8516820929045856, -3.724051890551251, -0.9423934587773021, -4.665010119280095, -0.4371839919411547, -3.097166549473517], [-3.2643455507377546, -1.4281874771230418, -1.3559488932440773, 2.146965213064277, -0.564605744834389, 3.3824634394630335, 1.761521783491183, -1.359672399646008, 1.1858003105951225, 0.7239068283073029, 0.49958028885919853, 2.000967711796769, -1.5026648740805517]], [[-21.971187106732945, 2.0039229715497897, -1.6585769942893427, 0.9339071414801471, 4.134888549778867, 2.9347431088526292, 4.472690734807263, -0.116060831808634, 0.979461904179561, 1.9226357203476134, -0.9577697084785044, 3.686711868228214, 3.8260512472632], [20.08987741928276, -3.989758462206455, -1.310598756499252, -1.3557674995355433, 0.7487719589754857, 1.7805756814401723, -3.450472548884214, -6.203479799866997, 0.447120966555078, -2.740997119705184, 2.2144771476563148, 0.13164243101272036, -5.634092406878082]], [[-8.566887834698274, -3.3518612398177, -0.4067521226473218, -2.8732707618591036, 1.795043936781762, 6.310093547632163, 3.410128898205055, 2.4614244095687003, -2.817642608427146, 0.015652812621189685, -2.3106758411918484, -2.2985834090799804, -1.611233864363084], [-12.477289600526825, 2.120755071983737, 1.4458057936407138, 2.0697276021947197, 1.7566719089962766, -0.8228620818057846, 0.4225965576061595, 0.7390066982369299, 2.067696465508242, 0.46739184276010526, 1.6977369435803453, 2.4008701612542684, 1.3097552824832253]], [[10.419584101286326, -0.4882886394716188, -1.4800565183970895, 0.9241042445945115, -0.43535328284439917, -2.3128893485325213, -0.4523238629291908, -1.2578024261668423, 0.03155727209803323, -3.688159001255806, -2.6999700982339307, 0.023904896282460047, -1.3089244761987835], [-9.893357662323416, -2.072273984537365, 3.1498514933196384, 3.510576486514132, -1.6262964262711617, 3.5992657594236195, -0.6964141542760462, 0.7769758967916415, 0.05381620292563059, 1.4866831972937802, 2.074941583164967, 2.706286344219415, 1.7285084387768843]], [[-5.201248654186948, 1.872366163196351, -0.4182087607687339, -2.4955787652481503, 3.714305694661677, 0.29877520905832083, -0.3138257307075502, 0.17317025445020354, 2.2147031788229468, 2.5387159563441943, 1.9662505172178877, 1.9325239035849304, 1.6206519068309708], [6.323484813837895, -2.313244023240169, -1.1785191433841848, 0.6477089045947675, -1.4414387035406968, -0.14640278710461047, 0.3859628635316463, -1.3426629852258982, -1.5884359508954713, -1.2976865119568655, -1.3593399011517133, -0.5119674215103273, -2.3373473232690687]], [[-9.687160604483035, 2.560914198505118, 0.8868835431481012, 1.8414594443064294, 2.6821528487915196, 0.0315281490754028, 0.3245506449928561, -0.25497472034430707, 2.763227009418613, 1.4821289942226101, 0.9262342896761068, 0.18607597088325933, -0.1351666550753195], [4.39153796879432, -4.192197358863513, -0.8012931770192595, -1.5132864319674708, -0.8532177887491363, 0.2370289802299088, 0.3272673288862907, 2.4614918228253577, -2.963430956949551, 0.605009708859588, -4.230865257793607, 1.9335211829219061, -1.5771028429258644]], [[-9.800425244751679, 0.9988572604759327, 1.411218386055021, 0.8927528274289552, 1.6445835495146004, 1.6837805451401482, 1.0014372087465588, 1.1148581538013478, 1.5869178360398337, 1.1050385954827702, 2.105290592877491, 1.9581921871256163, 1.7083787130749846], [8.179903366089931, -1.52130016310405, -1.2377798523291947, -1.1085611545028273, -1.288154359708878, -1.6055827865952406, -1.5628567486358458, -1.2399322484709316, -1.2706599460267771, -1.104039757042183, -1.6929537046421712, -1.2172546653391232, -1.7506220293643544]], [[7.236570042186273, -1.7090555623697812, -1.0002528262724413, -0.4727122721747706, -1.804791512765827, -1.3454416249538836, -1.124761085145378, -0.8571661290596819, -1.974389815112309, -1.4879714680451923, -1.683435420334465, -0.0016701834362269669, -1.49114682232599], [-9.297925222975012, 2.1872525907553286, 0.933106579883084, -0.22273023668694925, 2.4464391983041187, 0.628621962261756, 1.2195583769889173, 0.7413092841369152, 2.5261647879760343, 2.0196874548892434, 1.137857261055385, 1.2373088181498302, 1.0216236863473138]], [[8.253437675724836, -1.5285201060064941, -1.254470474887995, -1.0947271455554144, -1.2823441479658553, -1.6123629219630475, -1.5608722013480953, -1.2535224785060801, -1.276690397114402, -1.1019410844164401, -1.692648479971124, -1.2185325556233015, -1.7729425651518866], [-9.780223170840546, 0.9995297739042507, 1.4102009998906755, 0.897897780682671, 1.6486706443213837, 1.683266293339154, 1.0038558971077292, 1.1148424758285815, 1.5816881144855715, 1.102382624563682, 2.10272160284503, 1.9535725449504762, 1.6946339608997754]], [[5.28283127195474, 