{"time_milp": 178.25271677970886, "time_greedy": 0.4897618889808655, "time_refit_milp_assignment": 181.03016185760498, "mse_refit_ground_truth_assignment": 0.3570984695753912, "r2_refit_ground_truth_assignment": 0.9967281330323918, "weight_mismatch_refit_ground_truth_assignment": 1.0081642104694508, "refit-weight_mismatch_refit_ground_truth_assignment": 0.0, "rand_score_refit_ground_truth_assignment": 1.0, "label_mismatch_refit_ground_truth_assignment": 0.0, "mse_milp": 0.3514692462359866, "r2_milp": 0.9967797100383627, "weight_mismatch_milp": 1.1680753441655618, "refit-weight_mismatch_milp": 0.35668663329709327, "rand_score_milp": 0.9640062597809077, "label_mismatch_milp": 0.027777777777777776, "mse_refit_milp_assignment": 0.3514250245807846, "r2_refit_milp_assignment": 0.9967801152133642, "weight_mismatch_refit_milp_assignment": 1.174056519040633, "refit-weight_mismatch_refit_milp_assignment": 0.3528048240943252, "rand_score_refit_milp_assignment": 0.9640062597809077, "label_mismatch_refit_milp_assignment": 0.027777777777777776, "mse_greedy": 4.293372276148258, "r2_greedy": 0.9606625507337595, "weight_mismatch_greedy": 10.264745902977173, "refit-weight_mismatch_greedy": 9.807848289340892, "rand_score_greedy": 0.8448552425665101, "label_mismatch_greedy": 0.18402777777777776, "mse_greedy_sem": 1.5284459058594497, "r2_greedy_sem": 0.014004181191545674, "weight_mismatch_greedy_sem": 2.754414206857333, "refit-weight_mismatch_greedy_sem": 2.8189912561944763, "rand_score_greedy_sem": 0.02900898079058755, "label_mismatch_greedy_sem": 0.03706120526032077, "mse_ground_truth": 0.4523696431339141, "r2_ground_truth": 0.9959560213171762, "weight_mismatch_ground_truth": 0, "rand_score_ground_truth": 1, "label_mismatch_ground_truth": 0, "mse_baseline_sklearn": 109.07803753763274, "r2_baseline_sklearn": 0.0005870696246300655, "mse_milp_val": 1.1135935545500506, "r2_milp_val": 0.9903874093328721, "label_mismatch_milp_val": 0.0625, "mse_refit_milp_assignment_val": 1.122806717542244, "r2_refit_milp_assignment_val": 0.9903078808871194, "label_mismatch_refit_milp_assignment_val": 0.0625, "mse_greedy_val": 11.144307614461193, "label_mismatch_greedy_val": 0.20624999999999996, "mse_greedy_val_sem": 4.860068671588346, "label_mismatch_greedy_val_sem": 0.03255323462876342, "r2_greedy_val": 0.9038018252452469, "r2_greedy_val_sem": 0.04195233580800266, "mse_refit_ground_truth_assignment_val": 0.7920695114221078, "r2_refit_ground_truth_assignment_val": 0.9931628196283077, "label_mismatch_refit_ground_truth_assignment_val": 0.0625, "mse_ground_truth_val": 0.5739259375768268, "r2_ground_truth_val": 0.9950458449686315, "label_mismatch_ground_truth_val": 0.0625, "mse_baseline_sklearn_val": 116.00740575806476, "r2_baseline_sklearn_val": -0.001381250233860376}