{"ground_truth": [[-10, -1.8569143957043017, -1.293501112355362], [1, 1.758327624697797, 1.8157161152789039], [10, 0.1, 0.1]], "milp": [[-8.09158097482578, -2.0236201888663023, -2.3571998511119223], [7.2159649271993205, 1.0251745608160998, 2.710928452030548], [-0.7369924469031769, 1.9698070069601843, 1.9946935628357796]], "refit_milp_assignment": [[-8.112575062309684, -2.020522479037343, -2.351644091829188], [7.224976185012118, 1.0241073287215121, 2.7074139494182177], [-0.7382341077294665, 1.9702783139944975, 1.9951252843431757]], "refit_ground_truth_assignment": [[-7.257514723658396, -2.1684635017072553, -2.5801674317569456], [-0.3368236623520011, 1.7792269788108794, 1.7806460265263435], [7.65299170475092, 0.46983834295633925, 1.1331874711753773]]}