{"time_milp": 30.777475833892822, "time_refit_milp_assignment": 31.513410806655884, "mse_refit_ground_truth_assignment": 0.7272360810797232, "r2_refit_ground_truth_assignment": 0.27064986054504536, "weight_mismatch_refit_ground_truth_assignment": 1.099464488260771e-12, "refit-weight_mismatch_refit_ground_truth_assignment": 0.0, "rand_score_refit_ground_truth_assignment": 1.0, "label_mismatch_refit_ground_truth_assignment": 0.0, "mse_milp": 0.42567518684489225, "r2_milp": 0.5730873852863727, "weight_mismatch_milp": 1.5074751368517645, "refit-weight_mismatch_milp": 1.5074751368514785, "rand_score_milp": 0.5063363667003707, "label_mismatch_milp": 0.43768115942028984, "mse_refit_milp_assignment": 0.42567518681624616, "r2_refit_milp_assignment": 0.5730873853151022, "weight_mismatch_refit_milp_assignment": 1.5074855627224764, "refit-weight_mismatch_refit_milp_assignment": 1.5074855627221901, "rand_score_refit_milp_assignment": 0.5063363667003707, "label_mismatch_refit_milp_assignment": 0.43768115942028984, "mse_greedy": NaN, "r2_greedy": NaN, "mse_ground_truth": NaN, "r2_ground_truth": NaN, "weight_mismatch_ground_truth": 0, "rand_score_ground_truth": 1, "label_mismatch_ground_truth": 0, "mse_baseline_sklearn": 0.8093529625829683, "r2_baseline_sklearn": 0.18829426717696518}