{"ground_truth": [[0.08831444450914701, 0.39070166642526194, -0.04175941803498346, 0.14144242064604762, 0.22186324027541832, 0.37423164729017616], [-0.05602019943983447, 0.13933946779242373, 0.0825069824627132, -0.21171628436688458, 0.21416561599599493, 0.16057355524403247]], "milp": [[-0.4230188958429571, 0.07175049231129978, 0.1398572611701983, 0.15364226331848496, -0.12743196548805422, 0.537554586312296], [0.5799389545934128, 0.2689299137995814, -0.03095845958094086, -0.18285767924812482, 0.25840080470966603, -0.23288841686400877]], "refit_milp_assignment": [[-0.4230212835035663, 0.07174991818609111, 0.1398579224310461, 0.15364353171091735, -0.1274375446223302, 0.5375593905709197], [0.5799425003012028, 0.2689313512222032, -0.03095888816007811, -0.1828623693651029, 0.25840640921749547, -0.23289086976837003]], "refit_ground_truth_assignment": [[0.08831444450906371, 0.3907016664249878, -0.04175941803486957, 0.1414424206462831, 0.22186324027526683, 0.3742316472898159], [-0.05602019943976802, 0.1393394677923984, 0.08250698246270259, -0.21171628436648113, 0.21416561599563805, 0.1605735552439559]]}