{"ground_truth": [[-10, -1.5169306980318211, -1.76811440921482, -1.1163839305737429], [1, 1.3787424211987487, 1.82248489781362, 1.1072160969390161], [10, 0.1, 0.1, 0.1]], "milp": [[-29.766852669624477, -0.8326596456324932, 17.810584300782434, 4.171620380606855], [5.040399845293898, 0.24886872576643107, 0.11608781659299297, 2.3804408841267124], [-12.305757236309733, 0.44881932372366473, -1.0996442202945813, -0.5256491228364262]], "refit_milp_assignment": [[-29.921468793131755, -0.8014471347655977, 17.8706080885886, 4.187102212357572], [5.0539099110938785, 0.24324538046164745, 0.1147766922198119, 2.377180165490432], [-12.344466869121677, 0.4684851666277927, -1.0904571823216098, -0.5178193744624057]], "refit_ground_truth_assignment": [[-15.063566716362576, -1.964565101218903, 1.066876638582326, -0.8531003948427917], [-5.180596419708787, 2.705836903000367, 3.2603561439844215, 5.744492120115804], [8.50180628945864, -0.350774138625997, 1.2338551906761959, 1.2745108308171342]]}