{"ground_truth": [[-10, 0.2, 0.4, 0.3], [10, -0.2, -0.4, -0.3]], "milp": [[9.73053394068652, -0.007362528243799016, -0.6914912696608629, -0.4147650811149311], [-11.118937830321975, 0.441209385869172, 0.6575200418123769, 0.1861508334951602]], "refit_milp_assignment": [[9.733052041301482, -0.007602857743445598, -0.6918987115740354, -0.41511466614556386], [-11.122896546167638, 0.44159139856601953, 0.6585287736970076, 0.18649471027533523]], "refit_ground_truth_assignment": [[-11.141984005914777, 0.4184621056402675, 0.7583499035704933, 0.1809635871316227], [9.784980025846426, -0.0654630558858707, -0.6006209841784222, -0.38137193923099666]]}