{"time_milp": 1.561453104019165, "time_refit_milp_assignment": 2.004317283630371, "mse_refit_ground_truth_assignment": 8.440544106423147, "r2_refit_ground_truth_assignment": 0.9265924317800511, "weight_mismatch_refit_ground_truth_assignment": 2.8349101868622912, "refit-weight_mismatch_refit_ground_truth_assignment": 0.0, "rand_score_refit_ground_truth_assignment": 1.0, "label_mismatch_refit_ground_truth_assignment": 0.0, "mse_milp": 8.44054984049676, "r2_milp": 0.9265923819107069, "weight_mismatch_milp": 2.8289177495219087, "refit-weight_mismatch_milp": 0.006142754169230564, "rand_score_milp": 1.0, "label_mismatch_milp": 0.0, "mse_refit_milp_assignment": 8.440544106423147, "r2_refit_milp_assignment": 0.9265924317800511, "weight_mismatch_refit_milp_assignment": 2.8349101868622912, "refit-weight_mismatch_refit_milp_assignment": 0.0, "rand_score_refit_milp_assignment": 1.0, "label_mismatch_refit_milp_assignment": 0.0, "mse_greedy": NaN, "r2_greedy": NaN, "mse_ground_truth": 9.523429579026212, "r2_ground_truth": 0.9137394380505086, "weight_mismatch_ground_truth": 0, "rand_score_ground_truth": 1, "label_mismatch_ground_truth": 0, "mse_baseline_sklearn": 111.99511716799685, "r2_baseline_sklearn": 0.02597639439445676, "mse_milp_val": 8.111480665676506, "r2_milp_val": 0.921599858917229, "label_mismatch_milp_val": 0.0, "mse_refit_milp_assignment_val": 8.112778527340499, "r2_refit_milp_assignment_val": 0.9215873146553665, "label_mismatch_refit_milp_assignment_val": 0.0, "mse_refit_ground_truth_assignment_val": 8.112778527340499, "r2_refit_ground_truth_assignment_val": 0.9215873146553665, "label_mismatch_refit_ground_truth_assignment_val": 0.0, "mse_ground_truth_val": 8.410988535976117, "r2_ground_truth_val": 0.91870501637803, "label_mismatch_ground_truth_val": 0.0, "mse_baseline_sklearn_val": 103.59786521091368, "r2_baseline_sklearn_val": -0.001307601308587758, "random_state": 4}