{"time_milp": 0.7049009799957275, "time_greedy": 1.1135205030441284, "time_refit_milp_assignment": 1.1842041015625, "mse_refit_ground_truth_assignment": 12.177425084652032, "r2_refit_ground_truth_assignment": 0.8810452301431483, "weight_mismatch_refit_ground_truth_assignment": 2.4921323272490374, "refit-weight_mismatch_refit_ground_truth_assignment": 0.0, "rand_score_refit_ground_truth_assignment": 1.0, "label_mismatch_refit_ground_truth_assignment": 0.0, "mse_milp": 11.955687300743506, "r2_milp": 0.8832112682727239, "weight_mismatch_milp": 2.6095070475957933, "refit-weight_mismatch_milp": 0.393369124798737, "rand_score_milp": 0.9866666666666667, "label_mismatch_milp": 0.006666666666666667, "mse_refit_milp_assignment": 11.927381990041011, "r2_refit_milp_assignment": 0.883487767754095, "weight_mismatch_refit_milp_assignment": 2.6964630754477508, "refit-weight_mismatch_refit_milp_assignment": 0.34438725937384507, "rand_score_refit_milp_assignment": 0.9866666666666667, "label_mismatch_refit_milp_assignment": 0.006666666666666667, "mse_greedy": 21.638404846799105, "r2_greedy": 0.7886259656103707, "weight_mismatch_greedy": 7.057481038091694, "refit-weight_mismatch_greedy": 5.369566378531209, "rand_score_greedy": 0.8179105145413871, "label_mismatch_greedy": 0.15833333333333335, "mse_greedy_sem": 3.063986068202225, "r2_greedy_sem": 0.029930445480380517, "weight_mismatch_greedy_sem": 1.5742201476518567, "refit-weight_mismatch_greedy_sem": 1.7575318060322842, "rand_score_greedy_sem": 0.0527629815756115, "label_mismatch_greedy_sem": 0.047476371469955626, "mse_ground_truth": 14.098286202348755, "r2_ground_truth": 0.8622813625279349, "weight_mismatch_ground_truth": 0, "rand_score_ground_truth": 1, "label_mismatch_ground_truth": 0, "mse_baseline_sklearn": 100.4951029385064, "r2_baseline_sklearn": 0.01831863248626653, "random_state": 12}