{"time_milp": 281.72215509414673, "time_refit_milp_assignment": 282.5744330883026, "mse_refit_ground_truth_assignment": 0.1593884509271344, "r2_refit_ground_truth_assignment": 0.13101110055502785, "weight_mismatch_refit_ground_truth_assignment": 52445103754030.46, "refit-weight_mismatch_refit_ground_truth_assignment": 0.0, "rand_score_refit_ground_truth_assignment": 1.0, "label_mismatch_refit_ground_truth_assignment": 0.0, "mse_milp": 0.11242980361294654, "r2_milp": 0.3870305487121326, "weight_mismatch_milp": 52445103754030.53, "refit-weight_mismatch_milp": 2.206763876995201, "rand_score_milp": 0.6532683537512295, "label_mismatch_milp": 0.22169811320754718, "mse_refit_milp_assignment": 0.052128043503010216, "r2_refit_milp_assignment": 0.7157969044155583, "weight_mismatch_refit_milp_assignment": 52445103754028.05, "refit-weight_mismatch_refit_milp_assignment": 5.367982208675679, "rand_score_refit_milp_assignment": 0.6532683537512295, "label_mismatch_refit_milp_assignment": 0.22169811320754718, "mse_greedy": NaN, "r2_greedy": NaN, "mse_ground_truth": NaN, "r2_ground_truth": NaN, "weight_mismatch_ground_truth": 0, "rand_score_ground_truth": 1, "label_mismatch_ground_truth": 0, "mse_baseline_sklearn": 0.16389894011119488, "r2_baseline_sklearn": 0.10076514223166066}