{"ground_truth": [[3683262156933.3486, -3683262156933.5674, 0.07811786574909395, -0.35674716197284767, 6389856227714.295, -10073118384647.922, -0.01952947905001344, 0.08930602130490214, -3683262156931.976, -0.027130645315066863, 0.011244363491617592, -3683262156932.939, -0.6418526837246785, -3683262156932.9297, -0.028921474930521003], [-21941792292006.812, 0.0, 0.16929503863465836, 21886195431146.344, -707937797544.8478, -272042695683.85138, 0.04267198774218709, -340960687943.6808, 0.0, -0.10981870383096702, 0.0, 0.0, 21886195431146.48, 0.0, 0.12284032587273282]], "milp": [[-0.00664723232392524, 0.0, 0.19543743661024893, 0.21029560982154255, -0.06985771673153969, -0.06985771673153972, 0.013347377876843175, 0.0010635571718279244, 0.07222649037524201, -0.06622024544902602, 0.028108688584267995, 0.19725938385726755, -0.17583827025912768, 0.43874940890252895, -0.028892067623306594], [-0.11977710746083911, -0.035039895554461506, -0.041688599605591, -0.10063706614453019, -0.08757280344126174, -0.08757280344126159, 0.030911297668440935, -0.03632193964314369, 0.0, -0.010019883394460166, -0.0010669434953706133, -0.183394418013299, 0.07465627019580202, -0.2363687248252078, 0.013768157760355108]], "refit_milp_assignment": [[-1.4696679961416144, 0.0, 0.42764878649843757, 0.7245200493166096, 0.6219671671726494, 0.6219963408545469, -0.0942113027048235, -3.892562549800931e-20, 1.8954450749959795, -0.47622180373434103, 0.01655131353739355, 1.2303574650372402, 1.1379841621584939, 2.368341628196892, -0.01007284290463526], [0.5099872014803472, -0.6107261492928524, -0.08004790246753155, -0.6288017483799679, -0.4133282529891348, -0.4133262821214, 0.07075707046193959, -0.03563340653222359, 0.0, -0.021946825043374397, 0.0025483667617150992, -0.618241412963075, -0.1443444234445376, -0.6723042483034535, 0.006207374522940236]], "refit_ground_truth_assignment": [[0.4113870342026552, -0.6309003440436575, 0.08103908477925108, -0.3584712007925197, -0.34644583669916484, -0.3464536134779239, -0.021621075469595425, 0.09011388842598825, 0.9686803671083639, -0.02558570764938008, 0.009237261105137486, -0.0007141859447026444, -0.6357068477445382, 0.009428469481869161, -0.03171839760440702], [-0.17935159251528815, 0.0, 0.16798875116488515, -0.05608555905572856, 0.0, 0.0, 0.04153684336527227, -2.3325220561706942e-20, 0.0, -0.1112034589683403, 1.642101698750473e-19, 0.0, 0.05608853921070944, 0.0, 0.1213063822386995]]}