{"ground_truth": [[0.010717503626761667, 0.1901083997780748, 0.02902728553839711, -0.3383923564477263, 0.031146318589932227, 0.10277129900988217, -0.04083394170601358, -0.4341859891681596, -0.008652511488970565, -0.0649196874091815, 0.0009047349203567683, -0.08117854907522838], [0.025956024329242808, 0.12742259067367828, 0.29569410317164735, -0.17172130524340926, -0.06288267035427442, 0.24399437390352088, -0.13840258392540097, -0.48639268292902726, 0.002421596924284053, 0.1425308480294491, -0.02349706281731062, 0.5318427918306124]], "milp": [[0.686289527423768, 0.16851923867051033, -0.06846118759947549, -0.3809535353759269, 0.00031021450617629154, -0.19003236343790522, -0.11295414551784728, -0.6173443249163071, -0.13896926084094063, 0.01829620457507831, -0.1157305907167136, -0.17340014373950624], [-0.19907042176892498, 0.18883692867396032, 0.12726364555488523, -0.22784463409894878, -0.021011251680594648, 0.31722370060810356, -0.15230069007684802, -0.384650193594318, -0.12901667261122174, 0.07705661056661188, -0.08948225400973768, -0.1479943098682373]], "refit_milp_assignment": [[0.6863340707049594, 0.16852140013153682, -0.06846640209264718, -0.38096082049059077, 0.00031246257254421875, -0.19003952022564946, -0.11295554104885805, -0.6173542971370877, -0.13899910704538546, 0.018286874615298238, -0.11575678579600215, -0.1734219827071868], [-0.1990716590372791, 0.18883814528867296, 0.1272640708364774, -0.22784608229776276, -0.02101159558232943, 0.3172247236009103, -0.15230069058278756, -0.38465263809413797, -0.1290182387937516, 0.07706012130990726, -0.08948347599883569, -0.14799700958622267]], "refit_ground_truth_assignment": [[0.010717503626582851, 0.19010839977800956, 0.029027285538422615, -0.3383923564475194, 0.031146318589884096, 0.10277129900989276, -0.04083394170606372, -0.4341859891679539, -0.008652511488893531, -0.06491968740902296, 0.0009047349204139468, -0.08117854907502979], [0.025956024329451544, 0.1274225906735364, 0.2956941031703549, -0.17172130524320456, -0.06288267035392044, 0.2439943739035269, -0.13840258392522775, -0.48639268292889803, 0.0024215969241017893, 0.14253084802916824, -0.023497062816552707, 0.5318427918161234]]}