{"ground_truth": [[-10, -1.707146628671738, -1.3436202707396958, -1.1289837815234174], [1, 1.505130281830402, 1.236007952911256, 1.4788796669191786], [10, 0.1, 0.1, 0.1]], "milp": [[-13.456327809072732, -1.8881786631850703, -0.6851906060083509, -0.6145468243843953], [17.088605113058346, -1.9321061904543757, -0.5125255405717527, 0.6436405149092856], [-0.33128286179326305, 3.603022637261507, 3.9914564811458977, -1.305064957665392]], "refit_milp_assignment": [[-13.464111111753008, -1.887264709022717, -0.683354627855437, -0.6136671938096444], [17.099404123369514, -1.9338396767879644, -0.5137064882278392, 0.6419996125996192], [-0.3317986815252736, 3.603252363597483, 3.991755092494625, -1.3052534006483074]], "refit_ground_truth_assignment": [[-13.418776130534955, -1.2499569812457825, -0.6846272432473218, -1.356045087030802], [4.805674461042651, -0.5506971564350198, 2.3334760364072133, 1.3246077522747841], [10.519723513942001, 0.6415801984753999, 0.2543944997261764, -0.04120244486405592]]}