{"ground_truth": [[-10, 0.2, 0.4, 0.3], [10, -0.2, -0.4, -0.3]], "milp": [[-10.20849524651107, 0.312773349270281, 0.4664337473889255, 0.30550786864635465], [10.155399824347988, -0.1060690654774109, -0.3033181387215656, -0.6697531169676744]], "refit_milp_assignment": [[-10.211445376040034, 0.31307005940843696, 0.4669715784270472, 0.30605737709472375], [10.15827213354736, -0.10637877780378141, -0.30374872293609917, -0.670135819131329]], "refit_ground_truth_assignment": [[-10.211445376040034, 0.31307005940843696, 0.4669715784270472, 0.30605737709472375], [10.15827213354736, -0.10637877780378141, -0.30374872293609917, -0.670135819131329]]}