{"time_milp": 14.841983079910278, "time_greedy": 0.8666362524032593, "time_refit_milp_assignment": 15.274302005767822, "mse_refit_ground_truth_assignment": 0.08819187030250544, "r2_refit_ground_truth_assignment": 0.999694071432461, "weight_mismatch_refit_ground_truth_assignment": 0.9156669831345043, "refit-weight_mismatch_refit_ground_truth_assignment": 0.0, "rand_score_refit_ground_truth_assignment": 1.0, "label_mismatch_refit_ground_truth_assignment": 0.0, "mse_milp": 0.18964862235359922, "r2_milp": 0.999342128348414, "weight_mismatch_milp": 1.5843947007274013, "refit-weight_mismatch_milp": 1.2569345606367144, "rand_score_milp": 0.9344632768361582, "label_mismatch_milp": 0.03333333333333333, "mse_refit_milp_assignment": 0.18948110196746565, "r2_refit_milp_assignment": 0.99934270945948, "weight_mismatch_refit_milp_assignment": 1.580518154850503, "refit-weight_mismatch_refit_milp_assignment": 1.1775408557034144, "rand_score_refit_milp_assignment": 0.9344632768361582, "label_mismatch_refit_milp_assignment": 0.03333333333333333, "mse_greedy": 27.918790501686573, "r2_greedy": 0.9031525745365874, "weight_mismatch_greedy": 29.783998261649696, "refit-weight_mismatch_greedy": 29.786981702819407, "rand_score_greedy": 0.5164406779661017, "label_mismatch_greedy": 0.41166666666666674, "mse_greedy_sem": 1.5665961508176582, "r2_greedy_sem": 0.005434361633195284, "weight_mismatch_greedy_sem": 2.4598767523565477, "refit-weight_mismatch_greedy_sem": 2.4714228907756577, "rand_score_greedy_sem": 0.007992944821917702, "label_mismatch_greedy_sem": 0.01529916100593036, "mse_ground_truth": 0.23695127305086597, "r2_ground_truth": 0.9993952107288688, "weight_mismatch_ground_truth": 0, "rand_score_ground_truth": 1, "label_mismatch_ground_truth": 0, "mse_baseline_sklearn": 201.47720717941039, "r2_baseline_sklearn": 0.301096198859125, "mse_milp_val": 7.757709434317581, "r2_milp_val": 0.9857737521176406, "label_mismatch_milp_val": 0.075, "mse_refit_milp_assignment_val": 7.799273785771317, "r2_refit_milp_assignment_val": 0.9856975305509712, "label_mismatch_refit_milp_assignment_val": 0.075, "mse_greedy_val": 657.3573748479726, "label_mismatch_greedy_val": 0.35250000000000004, "mse_greedy_val_sem": 65.46955070103681, "label_mismatch_greedy_val_sem": 0.026587739556736337, "r2_greedy_val": -0.20547553901867815, "r2_greedy_val_sem": 0.12005941507676146, "mse_refit_ground_truth_assignment_val": 8.365854980927518, "r2_refit_ground_truth_assignment_val": 0.9846585222462622, "label_mismatch_refit_ground_truth_assignment_val": 0.05, "mse_ground_truth_val": 8.7510910951754, "r2_ground_truth_val": 0.9839520682986209, "label_mismatch_ground_truth_val": 0.05, "mse_baseline_sklearn_val": 548.3926452679019, "r2_baseline_sklearn_val": -0.005653766037218011, "random_state": 4}