{"ground_truth": [[10, -1.8169063327187531, -1.2984638158860076, -1.5549771580079197, -1.2890597264223982, -1.6280641297197747, -1.428692394614743, -1.967222185738137, -1.9802283165531285, -1.3179373150265372, -1.2752274340435954, -1.5034612858380387, -1.8972568777719798, -1.5489162096390743, -1.1248827504150798, -1.6257563939900064, -1.1353278880506843], [-10, 1.038639260211121, 1.7886865090164201, 1.250808440935835, 1.6323407203444438, 1.4660343251293044, 1.9671488237688854, 1.1813268597809632, 1.2353992459397345, 1.1130947478949353, 1.476755248127874, 1.817795647694462, 1.1199456203101312, 1.9155523882855832, 1.9920399006186256, 1.353306782766002, 1.2668070933958784]], "milp": [[-8.892547183030029, 0.867166111382084, 1.8412105094107654, 1.2533434661393397, 1.6936714065775338, 1.580655371049132, 1.842476807991261, 0.9266185002983207, 1.385919556747138, 1.159818438607982, 1.3240220906837907, 1.88794054832073, 0.9256298674145449, 1.7367842414809327, 1.8584099241204335, 1.1918173941338568, 1.2030873839710874], [10.093285017178216, -1.623605092453801, -1.345323435351972, -1.503990659033173, -1.3239764712824296, -1.6454415178991864, -1.419055791947287, -1.8890151862413678, -1.958084361060755, -1.4097616451076034, -1.2092985205666469, -1.5177922584977575, -2.056850232059114, -1.6351227182076826, -1.2415391519161654, -1.671873498231198, -1.1045957872861107]], "greedy": [[[4.760684856162675, 0.5998521174223553, -1.6869944685591867, -1.4534389846962865, -2.0096949093261944, -0.3935840239344666, 1.1425397038443754, 2.1051828837694653, -1.6858905312248385, 1.1233928955059336, 1.6781590526770833, -2.0024074363841584, 1.5288299137277814, -1.8342952278124274, 1.2412786875582327, -2.4267958793587496, -1.1154952155280533], [8.484562431565525, -0.3537737941956306, 4.394524136278433, 3.3492221550835066, -1.3926092899183402, -0.07492292751357449, -8.447185866590083, -1.1509529773316265, 4.931993303129761, -0.9915972554214084, 0.8139058446017877, -1.5132978022342176, 0.5810455292330383, -1.9155077280548862, -0.4686521524218341, -1.6287474824624746, 0.3368726537416711]], [[7.416359966829311, 0.027853974552166618, 2.306207664511204, -5.30027310746651, -4.670076224864746, -0.7109795130746548, 0.39647711498292154, 1.5693812185612788, 0.5910602368124385, 1.4151947665339013, -0.23080620513771086, 0.37000446007467674, 3.395177246184967, 0.1909804573969325, -2.322596398110506, -3.9397715847121426, -0.788832229719697], [-9.407076198252174, -2.9334448907069395, 0.13616131842707427, 3.8967173738637233, 2.5813748852806575, 1.6489749229438977, -0.4591958207661914, -1.1886195755811286, 0.2399995249558898, 0.568836732094832, 0.5769393967568812, -1.4776424042410048, 2.019843947464641, -0.16876048846174174, 4.027998649667791, -0.7896463998118617, 4.062068523388836]], [[-24.755331174689022, 0.5780290391025935, 7.510986678217796, -5.107609594723989, 5.158284562834654, -1.7544516807052113, -1.781187760508739, 2.7878060912564635, 5.443678774655787, -0.7481353839914717, 1.3545091343545723, 2.6780414618132093, 1.466302602246022, -1.3173409509896017, -2.0364351526088016, -1.6119972989001619, 0.7536958134732454], [-1.3091404137185123, -2.5109922276468057, -0.0474613961377522, 1.8710256527027644, -1.2310340929358836, 2.2555103956319185, -0.15804687875445844, 1.3162013188016817, 0.957071571685334, 1.9868138261723087, 0.7539572130658242, -3.8519122851236656, -1.3986823800869916, -2.9702364028411745, 5.282932039287597, -1.9139108212063751, 0.841667311324081]], [[-2.230061566951667, -0.6993328688065913, 3.2258324588803444, -0.49285070562526806, 0.2868323010934295, -1.096090344525159, -2.849961518162106, -1.4477120095224223, 0.9222944114327438, 4.097132736122981, 1.5826631765182961, -3.4461109866045794, -0.039241728892141226, 0.48210696408659437, 0.7218716808656575, -6.073300933614192, -2.635393213139214], [-14.985470707685533, -1.6511617433775339, -1.552744821316407, 2.3047937474586555, -1.794516786255014, 2.359869314342505, -0.800951244593184, 5.339404098920983, 1.512875803662409, -4.057666128673251, 0.3660643558046558, 0.5228501303906365, 3.7581365852292694, 0.23982187524647852, 5.665621488145491, 3.1992073899669764, -1.6090674548763182]], [[-8.56948131406062, -2.029414240555102, 3.039693173102726, 0.40928275799335023, 2.7988024128922606, 1.4574021414851939, 1.0703292260618602, 2.627164026665881, -3.281070072319084, -0.15002551202698694, 1.3572495394476243, 0.5444068678323665, 1.8351323430877822, -0.009405471430877247, 1.2833053742369307, 2.239664485457692, -0.1635642776235002], [10.218172509477728, -3.0099373078740976, 1.4920391376178592, -2.242769154557263, -4.571658080630015, -0.814851082395968, -3.3105333791571807, 0.6010636352441208, 2.599243444637143, 0.5872006648544358, -0.43708831025489664, -0.18010218236649614, 2.3181906301187407, 1.5753045238732886, 0.7456702344357757, -7.274840227910534, 0.47795602438380047]], [[-14.230289732208998, -2.301258988633029, 2.0362356560761325, -3.265421960896919, -0.17064685707573973, 2.952117057632628, -0.5656404331122963, 3.8238454324249234, -0.29299657516602334, -3.2876201029059375, 2.9615113064262464, 1.34971794800869, 2.548774926486031, 3.051468169477744, 0.01782017579433587, 3.316185326102746, 0.5799900494391275], [8.998505895688218, 1.19382351638114, -1.9156913647748077, 0.9044865089746428, -2.6409358556401217, -1.1592585191143023, -2.5856019151597507, -0.8031420822898357, -2.7619592738922627, 3.2616119036690447, 4.5894223653378425, -3.851376440919674, -2.2793010677252266, -4.451491341703544, 4.13315597132767, -3.4725683276967523, 2.7338264818744147]], [[12.367010096573647, 0.024781943560989707, -0.7702492574406661, -1.9138899460132395, -1.7702749194367584, -1.248106548304053, -0.824498829139968, -2.7586882471625263, -0.915916224969961, -3.0063579460428227, 0.047845509771002485, -2.1565259948174758, -0.7492414165606918, -1.8953650374624118, -1.1778543417143645, -2.508093932042137, -1.6497345180183383], [-6.651336720502901, -2.50988377558827, 1.2876453985020186, 0.31175352077217766, -0.46925338469934413, 2.090019961580233, -0.8756531195540652, 4.138905892199593, 0.25449955587544826, 4.301452524364568, 1.1709452051737554, 2.6460381952132597, 0.8175650084467806, 0.4320578985760407, 2.216082742964942, 3.5188301757836307, -0.15250359028305496]], [[2.3707812527018914, -1.0103424968489032, 3.8775047359533725, -3.379496425766708, 1.2187763626965413, -4.928383049652509, -2.266918747067225, 0.038762776391891116, 3.984895720713484, -4.489636209202951, -2.932565446877473, 0.5506807014042824, 0.8147886148490405, -0.3129165014343873, -1.3953019488576361, -3.167949560362149, 1.414601697490807], [-2.428195675927979, 2.3535747025493605, -0.2019681447872954, 0.6726866222615032, -3.74927876285752, 4.705289978789369, -1.5634112367740276, -1.0986088033022747, -0.9727974909590906, 5.210881663384752, 4.270589982031332, -1.0436204765553407, 0.6153312686559583, -2.1476877090381223, 0.05195992214923637, 0.1857104929470146, 2.6393103338228237]], [[-7.657900164221189, -0.4934392558286238, 1.4370867124071467, 0.9917491165634621, 0.4213937856428163, 2.97677221811563, -0.9693787901706354, 0.6304825351992758, 3.373277390829086, 0.46039290126472376, 1.7419170881427821, 2.0829144016980545, 0.739885897876962, 0.05371500066575413, 2.2868631701342403, 2.3348400681547834, 1.3766580200041418], [15.968417496143681, -0.4983977396592809, -0.5972015172200185, -0.09144079992164011, -0.5428262012957743, -4.258871701573786, -2.218957705403383, -2.0086021758497, -3.5570225322703717, 3.056431000806747, 1.7794496740172037, -5.79930294786481, -2.899327177898312, -1.5059180123998936, -0.02459709684870581, -4.014503762319077, -1.5863142710280453]], [[-4.850776146463755, -1.4959239432349665, 1.958000798526855, -1.466610861885916, 0.23288980552203023, -1.8901358399898367, -3.391725070990052, 4.406172397975081, 2.4038916484324107, 2.4569880024680564, 3.2053246609310855, 2.9836359918192237, 2.1196312860923934, -0.2621353237561321, 0.7869707352745428, -3.6707938617373492, -0.7741583025499149], 