{"time_greedy": 3.1883471727371218, "mse_refit_ground_truth_assignment": 0.00034073374847540944, "r2_refit_ground_truth_assignment": 0.9999992982712036, "weight_mismatch_refit_ground_truth_assignment": 0.03484291597763585, "refit-weight_mismatch_refit_ground_truth_assignment": 0.0, "rand_score_refit_ground_truth_assignment": 1.0, "label_mismatch_refit_ground_truth_assignment": 0.0, "mse_milp": NaN, "r2_milp": NaN, "mse_refit_milp_assignment": NaN, "r2_refit_milp_assignment": NaN, "mse_greedy": 3.14893626962254e-05, "r2_greedy": 0.9999999351487996, "weight_mismatch_greedy": 0.5872836715422101, "refit-weight_mismatch_greedy": 0.5996997423612173, "rand_score_greedy": 0.9162556667522026, "label_mismatch_greedy": 0.04374133949191686, "mse_greedy_sem": 6.113484550972925e-06, "r2_greedy_sem": 1.2590499692167557e-08, "weight_mismatch_greedy_sem": 0.006866400561962005, "refit-weight_mismatch_greedy_sem": 0.006773765601728506, "rand_score_greedy_sem": 0.0018929759305135747, "label_mismatch_greedy_sem": 0.0010357936009595349, "mse_ground_truth": NaN, "r2_ground_truth": NaN, "weight_mismatch_ground_truth": 0, "rand_score_ground_truth": 1, "label_mismatch_ground_truth": 0, "mse_baseline_sklearn": 1.554361531628191e-05, "r2_baseline_sklearn": 0.999986141307606}