{"time_milp": 444.8666660785675, "time_greedy": 1.1985618829727174, "time_refit_milp_assignment": 445.36319613456726, "mse_refit_ground_truth_assignment": 12.08797865267628, "r2_refit_ground_truth_assignment": 0.9063784461331593, "weight_mismatch_refit_ground_truth_assignment": 3.360657623355183, "refit-weight_mismatch_refit_ground_truth_assignment": 0.0, "rand_score_refit_ground_truth_assignment": 1.0, "label_mismatch_refit_ground_truth_assignment": 0.0, "mse_milp": 19.22112474099345, "r2_milp": 0.85113213573373, "weight_mismatch_milp": 3.9956359902084913, "refit-weight_mismatch_milp": 4.027436171516405, "rand_score_milp": 0.7293693693693694, "label_mismatch_milp": 0.3333333333333333, "mse_refit_milp_assignment": 19.221119397811016, "r2_refit_milp_assignment": 0.8511321771167484, "weight_mismatch_refit_milp_assignment": 3.988045600487962, "refit-weight_mismatch_refit_milp_assignment": 4.019076567713256, "rand_score_refit_milp_assignment": 0.7293693693693694, "label_mismatch_refit_milp_assignment": 0.3333333333333333, "mse_greedy": 10.930689050798048, "r2_greedy": 0.9153416693415155, "weight_mismatch_greedy": 9.663413428109422, "refit-weight_mismatch_greedy": 9.481246996136566, "rand_score_greedy": 0.7521981981981982, "label_mismatch_greedy": 0.2766666666666666, "mse_greedy_sem": 0.5591718783648891, "r2_greedy_sem": 0.004330793562376991, "weight_mismatch_greedy_sem": 1.2186826670995259, "refit-weight_mismatch_greedy_sem": 1.1950184127293777, "rand_score_greedy_sem": 0.010754119572872775, "label_mismatch_greedy_sem": 0.021101259628153405, "mse_ground_truth": 14.203980001623641, "r2_ground_truth": 0.8899899878172669, "weight_mismatch_ground_truth": 0, "rand_score_ground_truth": 1, "label_mismatch_ground_truth": 0, "mse_baseline_sklearn": 123.38061015891665, "r2_baseline_sklearn": 0.04435980559326014, "random_state": 12}