{"time_milp": 31.389481782913208, "time_refit_milp_assignment": 31.859339714050293, "mse_refit_ground_truth_assignment": 24.08472653470893, "r2_refit_ground_truth_assignment": 0.8822186921591956, "weight_mismatch_refit_ground_truth_assignment": 7.775224701724788, "refit-weight_mismatch_refit_ground_truth_assignment": 0.0, "rand_score_refit_ground_truth_assignment": 1.0, "label_mismatch_refit_ground_truth_assignment": 0.0, "mse_milp": 24.084736949534086, "r2_milp": 0.8822186412276757, "weight_mismatch_milp": 7.766528213749625, "refit-weight_mismatch_milp": 0.00923673378844831, "rand_score_milp": 1.0, "label_mismatch_milp": 0.0, "mse_refit_milp_assignment": 24.08472653470893, "r2_refit_milp_assignment": 0.8822186921591956, "weight_mismatch_refit_milp_assignment": 7.775224701724788, "refit-weight_mismatch_refit_milp_assignment": 0.0, "rand_score_refit_milp_assignment": 1.0, "label_mismatch_refit_milp_assignment": 0.0, "mse_greedy": NaN, "r2_greedy": NaN, "mse_ground_truth": 42.946612040001234, "r2_ground_truth": 0.7906291276279065, "weight_mismatch_ground_truth": 0, "rand_score_ground_truth": 1, "label_mismatch_ground_truth": 0, "mse_baseline_sklearn": 201.13153730279544, "r2_baseline_sklearn": 0.01640836662955747, "mse_milp_val": 27.36417607272208, "r2_milp_val": 0.8670265950972347, "label_mismatch_milp_val": 0.0, "mse_refit_milp_assignment_val": 27.35940573962384, "r2_refit_milp_assignment_val": 0.8670497760412874, "label_mismatch_refit_milp_assignment_val": 0.0, "mse_refit_ground_truth_assignment_val": 27.35940573962384, "r2_refit_ground_truth_assignment_val": 0.8670497760412874, "label_mismatch_refit_ground_truth_assignment_val": 0.0, "mse_ground_truth_val": 42.95556162329807, "r2_ground_truth_val": 0.7912618573502586, "label_mismatch_ground_truth_val": 0.0, "mse_baseline_sklearn_val": 206.2611108830336, "r2_baseline_sklearn_val": -0.0023046972163214274, "random_state": 2}