{"time_milp": 1690.521109342575, "time_greedy": 0.4948777198791504, "time_refit_milp_assignment": 1700.2453076839447, "mse_refit_ground_truth_assignment": 3.633924574311094, "r2_refit_ground_truth_assignment": 0.9685927486678355, "weight_mismatch_refit_ground_truth_assignment": 4.667473839943042, "refit-weight_mismatch_refit_ground_truth_assignment": 0.0, "rand_score_refit_ground_truth_assignment": 1.0, "label_mismatch_refit_ground_truth_assignment": 0.0, "mse_milp": 7.733085319700905, "r2_milp": 0.9331645582503701, "weight_mismatch_milp": 15.94684652152444, "refit-weight_mismatch_milp": 17.61341441525341, "rand_score_milp": 0.7402190923317684, "label_mismatch_milp": 0.3888888888888889, "mse_refit_milp_assignment": 8.709171241195635, "r2_refit_milp_assignment": 0.9247284514376732, "weight_mismatch_refit_milp_assignment": 19.148258120470334, "refit-weight_mismatch_refit_milp_assignment": 18.476978952464478, "rand_score_refit_milp_assignment": 0.7402190923317684, "label_mismatch_refit_milp_assignment": 0.3888888888888889, "mse_greedy": 116.88765882002212, "r2_greedy": -0.010235629033297444, "weight_mismatch_greedy": 22.956050966705313, "refit-weight_mismatch_greedy": 25.589017697745028, "rand_score_greedy": 0.8530320813771517, "label_mismatch_greedy": 0.13680555555555557, "mse_greedy_sem": 0.0, "r2_greedy_sem": 0.0, "weight_mismatch_greedy_sem": 1.4350408191326673e-15, "refit-weight_mismatch_greedy_sem": 6.571130405957371e-16, "rand_score_greedy_sem": 0.0009294273331519809, "label_mismatch_greedy_sem": 0.0011377472526515634, "mse_ground_truth": 3.716075053164218, "r2_ground_truth": 0.9674584228728109, "weight_mismatch_ground_truth": 0, "rand_score_ground_truth": 1, "label_mismatch_ground_truth": 0, "mse_baseline_sklearn": 109.48988883422828, "r2_baseline_sklearn": 0.05370175229922969, "mse_milp_val": 11.329392776463193, "r2_milp_val": 0.8984988122060291, "label_mismatch_milp_val": 0.3958333333333333, "mse_refit_milp_assignment_val": 13.901313923120782, "r2_refit_milp_assignment_val": 0.8754567077924091, "label_mismatch_refit_milp_assignment_val": 0.3958333333333333, "mse_greedy_val": 111.75199244875338, "label_mismatch_greedy_val": 0.10416666666666667, "mse_greedy_val_sem": 6.520387326832e-15, "label_mismatch_greedy_val_sem": 0.0, "r2_greedy_val": -0.0011975218527449094, "r2_greedy_val_sem": 0.0, "mse_refit_ground_truth_assignment_val": 4.328494862457623, "r2_refit_ground_truth_assignment_val": 0.9612205721376089, "label_mismatch_refit_ground_truth_assignment_val": 0.125, "mse_ground_truth_val": 3.997414523911695, "r2_ground_truth_val": 0.9641867547283878, "label_mismatch_ground_truth_val": 0.125, "mse_baseline_sklearn_val": 112.14893959228004, "r2_baseline_sklearn_val": -0.004753811881198944}