{"time_milp": 11.529319047927856, "time_refit_milp_assignment": 12.023761987686157, "mse_refit_ground_truth_assignment": 22.29408743805775, "r2_refit_ground_truth_assignment": 0.8643721557326162, "weight_mismatch_refit_ground_truth_assignment": 5.018207564733217, "refit-weight_mismatch_refit_ground_truth_assignment": 0.0, "rand_score_refit_ground_truth_assignment": 1.0, "label_mismatch_refit_ground_truth_assignment": 0.0, "mse_milp": 22.2940969471105, "r2_milp": 0.8643720978835416, "weight_mismatch_milp": 5.009426813083966, "refit-weight_mismatch_milp": 0.009407156270000504, "rand_score_milp": 1.0, "label_mismatch_milp": 0.0, "mse_refit_milp_assignment": 22.29408743805775, "r2_refit_milp_assignment": 0.8643721557326162, "weight_mismatch_refit_milp_assignment": 5.018207564733217, "refit-weight_mismatch_refit_milp_assignment": 0.0, "rand_score_refit_milp_assignment": 1.0, "label_mismatch_refit_milp_assignment": 0.0, "mse_greedy": NaN, "r2_greedy": NaN, "mse_ground_truth": 29.34024355286814, "r2_ground_truth": 0.815543441884705, "weight_mismatch_ground_truth": 0, "rand_score_ground_truth": 1, "label_mismatch_ground_truth": 0, "mse_baseline_sklearn": 149.766936591093, "r2_baseline_sklearn": 0.08888099551880402, "mse_milp_val": 21.209608451506053, "r2_milp_val": 0.8595031593814956, "label_mismatch_milp_val": 0.0, "mse_refit_milp_assignment_val": 21.209132847085236, "r2_refit_milp_assignment_val": 0.8595063098837155, "label_mismatch_refit_milp_assignment_val": 0.0, "mse_refit_ground_truth_assignment_val": 21.209132847085236, "r2_refit_ground_truth_assignment_val": 0.8595063098837155, "label_mismatch_refit_ground_truth_assignment_val": 0.0, "mse_ground_truth_val": 26.704864343928175, "r2_ground_truth_val": 0.8231014458354491, "label_mismatch_ground_truth_val": 0.0, "mse_baseline_sklearn_val": 151.18054812512037, "r2_baseline_sklearn_val": -0.0014512725738196064, "random_state": 9}