{"time_milp": 16.628777980804443, "time_refit_milp_assignment": 17.09233593940735, "mse_refit_ground_truth_assignment": 12.804082586279264, "r2_refit_ground_truth_assignment": 0.8920236567457565, "weight_mismatch_refit_ground_truth_assignment": 2.5015288545049392, "refit-weight_mismatch_refit_ground_truth_assignment": 0.0, "rand_score_refit_ground_truth_assignment": 1.0, "label_mismatch_refit_ground_truth_assignment": 0.0, "mse_milp": 14.435086476777872, "r2_milp": 0.8782694627421812, "weight_mismatch_milp": 2.403934383680943, "refit-weight_mismatch_milp": 0.5895414269183845, "rand_score_milp": 0.9833333333333333, "label_mismatch_milp": 0.008333333333333333, "mse_refit_milp_assignment": 14.435076812166464, "r2_refit_milp_assignment": 0.878269544243483, "weight_mismatch_refit_milp_assignment": 2.413150003978741, "refit-weight_mismatch_refit_milp_assignment": 0.5856590190369388, "rand_score_refit_milp_assignment": 0.9833333333333333, "label_mismatch_refit_milp_assignment": 0.008333333333333333, "mse_greedy": NaN, "r2_greedy": NaN, "mse_ground_truth": 14.63134212422318, "r2_ground_truth": 0.8793973962005522, "weight_mismatch_ground_truth": 0, "rand_score_ground_truth": 1, "label_mismatch_ground_truth": 0, "mse_baseline_sklearn": 112.35036088169035, "r2_baseline_sklearn": 0.052553664071239736, "mse_milp_val": 13.507532425444978, "r2_milp_val": 0.8922641550478358, "label_mismatch_milp_val": 0.0, "mse_refit_milp_assignment_val": 13.506832482136137, "r2_refit_milp_assignment_val": 0.8922697377835586, "label_mismatch_refit_milp_assignment_val": 0.0, "mse_refit_ground_truth_assignment_val": 13.706262670714267, "r2_refit_ground_truth_assignment_val": 0.8906790860494964, "label_mismatch_refit_ground_truth_assignment_val": 0.0, "mse_ground_truth_val": 13.87595236795534, "r2_ground_truth_val": 0.8893256439598438, "label_mismatch_ground_truth_val": 0.0, "mse_baseline_sklearn_val": 125.47257427368045, "r2_baseline_sklearn_val": -0.0007670817975338196, "random_state": 12}