{"time_milp": 2.8126189708709717, "time_refit_milp_assignment": 3.538878917694092, "mse_refit_ground_truth_assignment": 0.1949177512802708, "r2_refit_ground_truth_assignment": 0.9978304714995134, "weight_mismatch_refit_ground_truth_assignment": 0.4588518479647135, "refit-weight_mismatch_refit_ground_truth_assignment": 0.0, "rand_score_refit_ground_truth_assignment": 1.0, "label_mismatch_refit_ground_truth_assignment": 0.0, "mse_milp": 0.7692916078993581, "r2_milp": 0.9914374136908498, "weight_mismatch_milp": 1.9922992499595646, "refit-weight_mismatch_milp": 1.6647950319884801, "rand_score_milp": 0.9686411149825784, "label_mismatch_milp": 0.023809523809523808, "mse_refit_milp_assignment": 0.3949381771030885, "r2_refit_milp_assignment": 0.9956041477724451, "weight_mismatch_refit_milp_assignment": 0.8308434932486615, "refit-weight_mismatch_refit_milp_assignment": 0.4933857268201049, "rand_score_refit_milp_assignment": 0.9686411149825784, "label_mismatch_refit_milp_assignment": 0.023809523809523808, "mse_greedy": NaN, "r2_greedy": NaN, "mse_ground_truth": 0.2255519993962094, "r2_ground_truth": 0.9974894975556732, "weight_mismatch_ground_truth": 0, "rand_score_ground_truth": 1, "label_mismatch_ground_truth": 0, "mse_baseline_sklearn": 84.98717743768763, "r2_baseline_sklearn": 0.05406708425538487, "random_state": 42}