{"time_milp": 18146.121849298477, "time_greedy": 0.5053907752037048, "time_refit_milp_assignment": 18155.697387456894, "mse_refit_ground_truth_assignment": 1.4365063473283812, "r2_refit_ground_truth_assignment": 0.9881038896726677, "weight_mismatch_refit_ground_truth_assignment": 2.2691352537482006, "refit-weight_mismatch_refit_ground_truth_assignment": 0.0, "rand_score_refit_ground_truth_assignment": 1.0, "label_mismatch_refit_ground_truth_assignment": 0.0, "mse_milp": 6.338946598037007, "r2_milp": 0.9475054125381615, "weight_mismatch_milp": 23.82593678293384, "refit-weight_mismatch_milp": 25.292669213729923, "rand_score_milp": 0.7374804381846636, "label_mismatch_milp": 0.4027777777777778, "mse_refit_milp_assignment": 6.478862725686956, "r2_refit_milp_assignment": 0.9463467280017566, "weight_mismatch_refit_milp_assignment": 23.25430481649737, "refit-weight_mismatch_refit_milp_assignment": 24.83121883794808, "rand_score_refit_milp_assignment": 0.7374804381846636, "label_mismatch_refit_milp_assignment": 0.4027777777777778, "mse_greedy": 120.90290787364161, "r2_greedy": -0.0012307523980235047, "weight_mismatch_greedy": 22.956050966705313, "refit-weight_mismatch_greedy": 23.147384622386078, "rand_score_greedy": 0.9158841940532081, "label_mismatch_greedy": 0.06944444444444445, "mse_greedy_sem": 3.260193663416e-15, "r2_greedy_sem": 0.0, "weight_mismatch_greedy_sem": 1.4693494276736472e-15, "refit-weight_mismatch_greedy_sem": 0.0, "rand_score_greedy_sem": 0.0, "label_mismatch_greedy_sem": 0.0, "mse_ground_truth": 1.9522283297023937, "r2_ground_truth": 0.9832383392616317, "weight_mismatch_ground_truth": 0, "rand_score_ground_truth": 1, "label_mismatch_ground_truth": 0, "mse_baseline_sklearn": 119.49760228942053, "r2_baseline_sklearn": 0.010406975694582266, "mse_milp_val": 8.978438938903816, "r2_milp_val": 0.918100754511205, "label_mismatch_milp_val": 0.4791666666666667, "mse_refit_milp_assignment_val": 9.16341258184899, "r2_refit_milp_assignment_val": 0.916413467679317, "label_mismatch_refit_milp_assignment_val": 0.4791666666666667, "mse_greedy_val": 111.11026536894208, "label_mismatch_greedy_val": 0.08333333333333331, "mse_greedy_val_sem": 3.260193663416e-15, "label_mismatch_greedy_val_sem": 3.1837828744296875e-18, "r2_greedy_val": -0.01352216812950191, "r2_greedy_val_sem": 0.0, "mse_refit_ground_truth_assignment_val": 2.7284977830537174, "r2_refit_ground_truth_assignment_val": 0.9751112736556371, "label_mismatch_refit_ground_truth_assignment_val": 0.08333333333333333, "mse_ground_truth_val": 2.6182501433548615, "r2_ground_truth_val": 0.9761169271517179, "label_mismatch_ground_truth_val": 0.08333333333333333, "mse_baseline_sklearn_val": 110.3245262121804, "r2_baseline_sklearn_val": -0.006354837090367216}