{"time_milp": 0.23532319068908691, "time_refit_milp_assignment": 0.6987400054931641, "mse_refit_ground_truth_assignment": 0.22305095089537927, "r2_refit_ground_truth_assignment": 0.9950655796009369, "weight_mismatch_refit_ground_truth_assignment": 0.34951142079630115, "refit-weight_mismatch_refit_ground_truth_assignment": 0.0, "rand_score_refit_ground_truth_assignment": 1.0, "label_mismatch_refit_ground_truth_assignment": 0.0, "mse_milp": 0.22191918716310066, "r2_milp": 0.9950906169209979, "weight_mismatch_milp": 0.3792548085082587, "refit-weight_mismatch_milp": 0.19649951833283744, "rand_score_milp": 0.8734463276836159, "label_mismatch_milp": 0.06666666666666667, "mse_refit_milp_assignment": 0.22188390782978926, "r2_refit_milp_assignment": 0.9950913973842116, "weight_mismatch_refit_milp_assignment": 0.3851233887742179, "refit-weight_mismatch_refit_milp_assignment": 0.1944632706649456, "rand_score_refit_milp_assignment": 0.8734463276836159, "label_mismatch_refit_milp_assignment": 0.06666666666666667, "mse_greedy": NaN, "r2_greedy": NaN, "mse_ground_truth": 0.27870927053756284, "r2_ground_truth": 0.9937701979166265, "weight_mismatch_ground_truth": 0, "rand_score_ground_truth": 1, "label_mismatch_ground_truth": 0, "mse_baseline_sklearn": 40.29434575945531, "r2_baseline_sklearn": 0.1085927189092325, "mse_milp_val": 20.70599612979997, "r2_milp_val": 0.5239841728518909, "label_mismatch_milp_val": 0.375, "mse_refit_milp_assignment_val": 20.727982835026303, "r2_refit_milp_assignment_val": 0.5234787144518716, "label_mismatch_refit_milp_assignment_val": 0.375, "mse_refit_ground_truth_assignment_val": 20.47837364899628, "r2_refit_ground_truth_assignment_val": 0.5292170485270358, "label_mismatch_refit_ground_truth_assignment_val": 0.325, "mse_ground_truth_val": 20.47475062852314, "r2_ground_truth_val": 0.5293003391389186, "label_mismatch_ground_truth_val": 0.325, "mse_baseline_sklearn_val": 44.39677859052072, "r2_baseline_sklearn_val": -0.020649726340035812, "random_state": 12}