{"time_milp": 87.05044102668762, "time_greedy": 1.4051948547363282, "time_refit_milp_assignment": 87.54112696647644, "mse_refit_ground_truth_assignment": 0.3209849931068066, "r2_refit_ground_truth_assignment": 0.9962769156956718, "weight_mismatch_refit_ground_truth_assignment": 0.15420889504960128, "refit-weight_mismatch_refit_ground_truth_assignment": 0.0, "rand_score_refit_ground_truth_assignment": 1.0, "label_mismatch_refit_ground_truth_assignment": 0.0, "mse_milp": 0.3209901277594275, "r2_milp": 0.9962768561391661, "weight_mismatch_milp": 0.15586365360340182, "refit-weight_mismatch_milp": 0.0062915334067078, "rand_score_milp": 1.0, "label_mismatch_milp": 0.0, "mse_refit_milp_assignment": 0.3209849931068066, "r2_refit_milp_assignment": 0.9962769156956718, "weight_mismatch_refit_milp_assignment": 0.15420889504960128, "refit-weight_mismatch_refit_milp_assignment": 0.0, "rand_score_refit_milp_assignment": 1.0, "label_mismatch_refit_milp_assignment": 0.0, "mse_greedy": 9.875088837843334, "r2_greedy": 0.8854594792729543, "weight_mismatch_greedy": 6.265606293588356, "refit-weight_mismatch_greedy": 6.159658934316411, "rand_score_greedy": 0.8334733893557423, "label_mismatch_greedy": 0.1408333333333333, "mse_greedy_sem": 2.995624936983005, "r2_greedy_sem": 0.03474606110580496, "weight_mismatch_greedy_sem": 2.0579441782747407, "refit-weight_mismatch_greedy_sem": 2.0714835265956344, "rand_score_greedy_sem": 0.052275787055255575, "label_mismatch_greedy_sem": 0.044973595242162344, "mse_ground_truth": 0.41999076036901317, "r2_ground_truth": 0.9951831191999877, "weight_mismatch_ground_truth": 0, "rand_score_ground_truth": 1, "label_mismatch_ground_truth": 0, "mse_baseline_sklearn": 83.32713938489763, "r2_baseline_sklearn": 0.033493865972579306, "mse_milp_val": 0.5870427861136056, "r2_milp_val": 0.9933750140685884, "label_mismatch_milp_val": 0.0, "mse_refit_milp_assignment_val": 0.5862143644868583, "r2_refit_milp_assignment_val": 0.9933843631002984, "label_mismatch_refit_milp_assignment_val": 0.0, "mse_greedy_val": 12.229999204534671, "label_mismatch_greedy_val": 0.12437499999999999, "mse_greedy_val_sem": 3.6824548183698558, "label_mismatch_greedy_val_sem": 0.03986485186820195, "r2_greedy_val": 0.8619801237868602, "r2_greedy_val_sem": 0.04155780795173205, "mse_refit_ground_truth_assignment_val": 0.5862143644868583, "r2_refit_ground_truth_assignment_val": 0.9933843631002984, "label_mismatch_refit_ground_truth_assignment_val": 0.0, "mse_ground_truth_val": 0.5330506431553198, "r2_ground_truth_val": 0.9939843345405655, "label_mismatch_ground_truth_val": 0.0, "mse_baseline_sklearn_val": 88.69890805079555, "r2_baseline_sklearn_val": -0.0009986186157944221, "random_state": 2}