{"ground_truth": [[-10, 0.2, 0.4, 0.3], [10, -0.2, -0.4, -0.3]], "milp": [[9.963988019819555, -0.21440629904218306, -0.40744707908420835, -0.22592176533240338], [-10.009667469024784, 0.18393992788632957, 0.35027987767975555, 0.2515414663702049]], "greedy": [[[-2.9278698760655124, 0.07317812019529081, 0.9780702029384307, -2.8018680266300717], [2.8035964326842007, -0.8673090712737995, -0.9582876760114741, 3.339103556236082]], [[9.966821271594908, -0.214746740695789, -0.40786830956989706, -0.22636145792577772], [-10.012863558361591, 0.18454515063324822, 0.3506768591406589, 0.25190297046278365]], [[-10.012863558361591, 0.18454515063324822, 0.3506768591406589, 0.25190297046278365], [9.966821271594908, -0.214746740695789, -0.40786830956989706, -0.22636145792577772]], [[-10.012863558361591, 0.18454515063324822, 0.3506768591406589, 0.25190297046278365], [9.966821271594908, -0.214746740695789, -0.40786830956989706, -0.22636145792577772]], [[9.966821271594908, -0.214746740695789, -0.40786830956989706, -0.22636145792577772], [-10.012863558361591, 0.18454515063324822, 0.3506768591406589, 0.25190297046278365]], [[-10.012863558361591, 0.18454515063324822, 0.3506768591406589, 0.25190297046278365], [9.966821271594908, -0.214746740695789, -0.40786830956989706, -0.22636145792577772]], [[9.966821271594908, -0.214746740695789, -0.40786830956989706, -0.22636145792577772], [-10.012863558361591, 0.18454515063324822, 0.3506768591406589, 0.25190297046278365]], [[9.966821271594908, -0.214746740695789, -0.40786830956989706, -0.22636145792577772], [-10.012863558361591, 0.18454515063324822, 0.3506768591406589, 0.25190297046278365]], [[0.06535438199195392, 1.1230792572736437, -3.4366961349901812, 1.486640609629215], [1.725885277985822, -1.5592757170912876, 2.185521080473603, -1.2604692478682473]], [[-7.057537054720887, 3.572315783881173, 1.1424729963165965, -0.06702258701034386], [6.576871542018241, -3.3339053773758596, -1.4942863946751996, 0.3478108848164902]], [[1.9549674567422746, 0.6134747612628924, -4.310115689530723, 0.46749486211970065], [0.6295327316021432, -1.1618911330550243, 2.5355123385780702, -0.6472684391078807]], [[9.966821271594908, -0.214746740695789, -0.40786830956989706, -0.22636145792577772], [-10.012863558361591, 0.18454515063324822, 0.3506768591406589, 0.25190297046278365]], [[-4.8448842683864815, -1.0035289093627815, 0.4042457740482954, 3.670112905532219], [5.363024223631512, 0.9427889222004782, -0.21992827968502907, -3.2717081600464994]], [[9.966821271594908, -0.214746740695789, -0.40786830956989706, -0.22636145792577772], [-10.012863558361591, 0.18454515063324822, 0.3506768591406589, 0.25190297046278365]], [[-10.012863558361591, 0.18454515063324822, 0.3506768591406589, 0.25190297046278365], [9.966821271594908, -0.214746740695789, -0.40786830956989706, -0.22636145792577772]], [[-10.012863558361591, 0.18454515063324822, 0.3506768591406589, 0.25190297046278365], [9.966821271594908, -0.214746740695789, -0.40786830956989706, -0.22636145792577772]], [[9.966821271594908, -0.214746740695789, -0.40786830956989706, -0.22636145792577772], [-10.012863558361591, 0.18454515063324822, 0.3506768591406589, 0.25190297046278365]], [[3.0695076282428664, -1.0322465647949732, 2.0851219800025906, -2.0123941142709474], [-1.66627148042244, 0.35757197241910493, -2.74436323636426, 2.5857019193047655]], [[2.6737121575837235, -3.1700343061603613, -0.34654659093942825, 0.9877964006921566], [-3.238636970529475, 3.63010787984514, 0.19406386530142283, -0.5008681435852134]], [[-10.012863558361591, 0.18454515063324822, 0.3506768591406589, 0.25190297046278365], [9.966821271594908, -0.214746740695789, -0.40786830956989706, -0.22636145792577772]]], "refit_milp_assignment": [[9.96685584202467, -0.21475450425468218, -0.40788538851502343, -0.22637227476972194], [-10.012897723690212, 0.18455322774519498, 0.3506932358977351, 0.2519170852922649]], "refit_ground_truth_assignment": [[-10.012897723690212, 0.18455322774519498, 0.3506932358977351, 0.2519170852922649], [9.96685584202467, -0.21475450425468218, -0.40788538851502343, -0.22637227476972194]]}