{"time_milp": 9.911619901657104, "time_refit_milp_assignment": 10.365602970123291, "mse_refit_ground_truth_assignment": 11.316140202055399, "r2_refit_ground_truth_assignment": 0.8865771336761099, "weight_mismatch_refit_ground_truth_assignment": 0.585454953631554, "refit-weight_mismatch_refit_ground_truth_assignment": 0.0, "rand_score_refit_ground_truth_assignment": 1.0, "label_mismatch_refit_ground_truth_assignment": 0.0, "mse_milp": 11.997610187979637, "r2_milp": 0.8797466881587249, "weight_mismatch_milp": 1.2380137966983735, "refit-weight_mismatch_milp": 1.2590977358661952, "rand_score_milp": 0.9604040404040404, "label_mismatch_milp": 0.02, "mse_refit_milp_assignment": 11.938053254062465, "r2_refit_milp_assignment": 0.8803436335865592, "weight_mismatch_refit_milp_assignment": 0.8057922402399978, "refit-weight_mismatch_refit_milp_assignment": 0.7945297468714468, "rand_score_refit_milp_assignment": 0.9604040404040404, "label_mismatch_refit_milp_assignment": 0.02, "mse_greedy": NaN, "r2_greedy": NaN, "mse_ground_truth": 11.610612379492434, "r2_ground_truth": 0.8836256079949877, "weight_mismatch_ground_truth": 0, "rand_score_ground_truth": 1, "label_mismatch_ground_truth": 0, "mse_baseline_sklearn": 97.78903431292981, "r2_baseline_sklearn": 0.01990766421007284, "random_state": 4}