{"ground_truth": [[-10, -1.337719620706157, -1.6626352006348812, -1.0611537685933308], [1, 1.6272285743807728, 1.565890653114534, 1.026132378542826], [10, 0.1, 0.1, 0.1]], "milp": [[-10.08189486448215, -1.7384523875171911, -1.621510099820433, -0.31006599377308547], [9.352496986727054, -0.9690213874047503, 1.3330443670516607, 0.889966972714152], [0.6990391080783454, 2.0310172272701146, 1.072631878925143, 1.183458810900456]], "greedy": [[[-15.792121700992677, 5.744419642369947, 0.7356506034037955, 6.138585245621462], [8.496930488650305, -0.06295938697009122, 0.9068615163464668, -0.25062394332440724], [-2.2184800844609196, -4.909816405338421, -0.015922643108617365, -2.970177530536092]], [[-10.497271585256783, -2.2568692298905133, -1.275426084654997, 0.07755339442072252], [2.557351282310413, 2.21984211577531, 1.3445424055354174, 1.025296601706968], [7.55216166849425, -4.8900827564695835, 3.497005559011274, -1.8446900362705148]], [[-10.313358811646054, -1.2126493265926206, -1.640598745358183, -0.2504285956196165], [4.275342464868595, 1.2142053605035947, 1.4600403375354325, 0.8102965954604527], [3.881563784177187, -6.823703756807223, 3.280402502244234, -7.426326044468258]], [[-10.099107003965404, -1.734168871443955, -1.6175032528808548, -0.30438014117793666], [9.39422520079135, -0.9315122911975731, 1.288205178469753, 0.8756201758950085], [0.6732009502439018, 2.0193247841350024, 1.0935346925000522, 1.187629660691796]], [[1.9257145145309247, 1.0184490639847, -0.5396877671397853, 1.1795724420486353], [-10.099107003965404, -1.734168871443955, -1.6175032528808548, -0.30438014117793666], [9.695709347036123, -0.7117207419924648, 0.9561196669273818, 0.13268008968106235]], [[9.844843366078235, -0.9087141806236829, 0.8206968205314773, 0.8041038690892338], [1.1191737001782935, 1.9152422540846858, 0.5846984612359034, 1.1761979779352258], [-10.099107003965404, -1.734168871443955, -1.6175032528808548, -0.30438014117793666]], [[-10.099107003965404, -1.734168871443955, -1.6175032528808548, -0.30438014117793666], [9.39422520079135, -0.9315122911975731, 1.288205178469753, 0.8756201758950085], [0.6732009502439018, 2.0193247841350024, 1.0935346925000522, 1.187629660691796]], [[8.145887368338887, -4.624824830466785, -1.0041789221975403, 4.303026844230119], [-10.099107003965404, -1.734168871443955, -1.6175032528808548, -0.30438014117793666], [3.5897640470504752, 2.10075317609235, 1.6290377552512303, -0.31640379487869114]], [[-3.7530203556677173, 0.07134058919135626, 4.927440300060124, -0.09283467473859568], [8.697995049889059, -0.5435212059723078, 1.7446348197900399, -0.06206038375185439], [-10.979931696989027, -2.617288657817764, -0.9132462388566779, 0.3572858261957438]], [[-10.099107003965404, -1.734168871443955, -1.6175032528808548, -0.30438014117793666], [8.842599607478412, 0.1420343652521902, -2.193988405885461, -1.7407275986910766], [4.950695529764453, -0.7972110010372305, 2.6578451191851475, 1.7292157479117614]], [[-10.099107003965404, -1.734168871443955, -1.6175032528808548, -0.30438014117793666], [10.030257548352186, -0.617012470791227, 0.5981941724671603, 0.268753991282294], [2.060767552091605, 1.0540502112102141, -0.6820374172519497, 1.1927771588236225]], [[-0.10426274131132107, -1.2172180637968764, 4.4170258285653174, -7.493649522047736], [-12.974017215233827, 3.8059510414374738, 1.8095188836401095, 6.121321956451438], [12.130273954505812, -5.44959916045741, -6.596909130992122, 4.565482926412964]], [[2.557351282310413, 2.21984211577531, 1.3445424055354174, 1.025296601706968], [-10.497271585256783, -2.2568692298905133, -1.275426084654997, 0.07755339442072252], [7.55216166849425, -4.8900827564695835, 3.497005559011274, -1.8446900362705148]], [[-4.144606848338492, -6.100799928793931, 2.8764307999121597, -2.4840634710109764], [8.176997171177414, -0.2298036396761878, 1.3161651047491907, -0.26744478707363417], [-9.771896723460298, -1.2930304458707236, -1.906870222548103, -0.22542901226902187]], [[-15.766594338793482, 5.8739577608662294, 0.686025484177299, 6.1185650317849865], [8.182431758091662, -0.029603760470915046, 1.0838384300674662, -0.06885647761201426], [-2.2184800844609196, -4.909816405338421, -0.015922643108617365, -2.970177530536092]], [[10.030257548352186, -0.617012470791227, 0.5981941724671603, 0.268753991282294], [2.060767552091605, 1.0540502112102141, -0.6820374172519497, 1.1927771588236225], [-10.099107003965404, -1.734168871443955, -1.6175032528808548, -0.30438014117793666]], [[8.969252027856797, -0.8717089941311192, 1.6240821427146948, 0.566908847342894], [0.09773854961239259, 2.058934774293424, 1.5730686576463626, 1.0874683707360469], [-10.099107003965404, -1.734168871443955, -1.6175032528808548, -0.30438014117793666]], [[1.2685247314967283, 1.8606130259827962, 0.3222868674180088, 1.1224447969739137], [9.893656664324292, -0.8043257956636349, 0.6815661536976803, 0.6382151303863494], [-10.099107003965404, -1.734168871443955, -1.6175032528808548, -0.30438014117793666]], [[-10.099107003965404, -1.734168871443955, -1.6175032528808548, -0.30438014117793666], [9.93358650747013, -0.973381464275064, 0.7728673106991707, 0.40067010453993385], [1.4910999213271623, 1.7280933170945092, 0.14016321687651462, 1.003347405649318]], [[-10.979931696989027, -2.617288657817764, -0.9132462388566779, 0.3572858261957438], [3.3915340258006905, 1.6825571886553414, 1.348697072925475, 0.9367482539417883], [7.246764068670717, -6.114739413121576, 1.78337345478643, -6.31423092782853]]], "refit_milp_assignment": [[-10.097554955716355, -1.7350845505377255, -1.6180357642987453, -0.30463385887213396], [9.368385328696128, -0.9739578675899865, 1.327315650164812, 0.8874482970657042], [0.6982299636795126, 2.0315680749487783, 1.0732244811406682, 1.1835866281022918]], "refit_ground_truth_assignment": [[-10.097554955716355, -1.7350845505377255, -1.6180357642987453, -0.30463385887213396], [0.8327234301236413, 2.3098097825102055, 1.3562310762200167, 0.8208104226483325], [9.707388091980603, -0.6163930979753515, 1.0379325229786696, 0.30813058810501714]]}