{"time_milp": 0.48058223724365234, "time_greedy": 1.0920724987983703, "time_refit_milp_assignment": 1.0966482162475586, "mse_refit_ground_truth_assignment": 4.916204315154716, "r2_refit_ground_truth_assignment": 0.940834069501332, "weight_mismatch_refit_ground_truth_assignment": 1.0359503442275482, "refit-weight_mismatch_refit_ground_truth_assignment": 0.0, "rand_score_refit_ground_truth_assignment": 1.0, "label_mismatch_refit_ground_truth_assignment": 0.0, "mse_milp": 4.916210827887212, "r2_milp": 0.9408339911213759, "weight_mismatch_milp": 1.0320536773471805, "refit-weight_mismatch_milp": 0.007718528068118551, "rand_score_milp": 1.0, "label_mismatch_milp": 0.0, "mse_refit_milp_assignment": 4.916204315154716, "r2_refit_milp_assignment": 0.940834069501332, "weight_mismatch_refit_milp_assignment": 1.0359503442275482, "refit-weight_mismatch_refit_milp_assignment": 0.0, "rand_score_refit_milp_assignment": 1.0, "label_mismatch_refit_milp_assignment": 0.0, "mse_greedy": 12.147219268151053, "r2_greedy": 0.8538096700423873, "weight_mismatch_greedy": 6.741058724944563, "refit-weight_mismatch_greedy": 6.139234209400812, "rand_score_greedy": 0.8369467787114846, "label_mismatch_greedy": 0.1391666666666667, "mse_greedy_sem": 2.309813033323767, "r2_greedy_sem": 0.027798323388081334, "weight_mismatch_greedy_sem": 2.296825161733775, "refit-weight_mismatch_greedy_sem": 2.429289431330526, "rand_score_greedy_sem": 0.051593776467749056, "label_mismatch_greedy_sem": 0.04527813654649236, "mse_ground_truth": 5.1932797797917, "r2_ground_truth": 0.9406066686170474, "weight_mismatch_ground_truth": 0, "rand_score_ground_truth": 1, "label_mismatch_ground_truth": 0, "mse_baseline_sklearn": 80.47383832617199, "r2_baseline_sklearn": 0.031506987882886306, "mse_milp_val": 5.791436417333884, "r2_milp_val": 0.9383620510653639, "label_mismatch_milp_val": 0.0, "mse_refit_milp_assignment_val": 5.792292062258977, "r2_refit_milp_assignment_val": 0.9383529444820573, "label_mismatch_refit_milp_assignment_val": 0.0, "mse_greedy_val": 21.65513373938551, "label_mismatch_greedy_val": 0.11687499999999999, "mse_greedy_val_sem": 5.000216856841649, "label_mismatch_greedy_val_sem": 0.03883876717310059, "r2_greedy_val": 0.7695255664715674, "r2_greedy_val_sem": 0.05321704134774831, "mse_refit_ground_truth_assignment_val": 5.792292062258977, "r2_refit_ground_truth_assignment_val": 0.9383529444820573, "label_mismatch_refit_ground_truth_assignment_val": 0.0, "mse_ground_truth_val": 4.7255239335546975, "r2_ground_truth_val": 0.9497065007855281, "label_mismatch_ground_truth_val": 0.0, "mse_baseline_sklearn_val": 93.94365079600225, "r2_baseline_sklearn_val": 0.0001627345564534366, "random_state": 7}