{"time_milp": 155.9322807788849, "time_greedy": 1.2370638132095337, "time_refit_milp_assignment": 156.4530189037323, "mse_refit_ground_truth_assignment": 0.3522795045641119, "r2_refit_ground_truth_assignment": 0.9956273499149941, "weight_mismatch_refit_ground_truth_assignment": 0.30391966623280325, "refit-weight_mismatch_refit_ground_truth_assignment": 0.0, "rand_score_refit_ground_truth_assignment": 1.0, "label_mismatch_refit_ground_truth_assignment": 0.0, "mse_milp": 0.35228588931371196, "r2_milp": 0.9956272706646389, "weight_mismatch_milp": 0.3117522919168806, "refit-weight_mismatch_milp": 0.007990283674177803, "rand_score_milp": 1.0, "label_mismatch_milp": 0.0, "mse_refit_milp_assignment": 0.3522795045641119, "r2_refit_milp_assignment": 0.9956273499149941, "weight_mismatch_refit_milp_assignment": 0.30391966623280325, "refit-weight_mismatch_refit_milp_assignment": 0.0, "rand_score_refit_milp_assignment": 1.0, "label_mismatch_refit_milp_assignment": 0.0, "mse_greedy": 8.981660462072401, "r2_greedy": 0.8885156307019055, "weight_mismatch_greedy": 5.1916334796342545, "refit-weight_mismatch_greedy": 4.92329497908077, "rand_score_greedy": 0.840280112044818, "label_mismatch_greedy": 0.13166666666666665, "mse_greedy_sem": 2.7029226527250185, "r2_greedy_sem": 0.03354987961001725, "weight_mismatch_greedy_sem": 1.7669040832564131, "refit-weight_mismatch_greedy_sem": 1.773219885721759, "rand_score_greedy_sem": 0.0504219375744009, "label_mismatch_greedy_sem": 0.04300312786121439, "mse_ground_truth": 0.3363416410879527, "r2_ground_truth": 0.9959103380483116, "weight_mismatch_ground_truth": 0, "rand_score_ground_truth": 1, "label_mismatch_ground_truth": 0, "mse_baseline_sklearn": 75.43477039029216, "r2_baseline_sklearn": 0.06367003789321224, "mse_milp_val": 0.3048852348017676, "r2_milp_val": 0.996402532523399, "label_mismatch_milp_val": 0.0, "mse_refit_milp_assignment_val": 0.30445986003773823, "r2_refit_milp_assignment_val": 0.9964075516968594, "label_mismatch_refit_milp_assignment_val": 0.0, "mse_greedy_val": 13.687192204119716, "label_mismatch_greedy_val": 0.11624999999999999, "mse_greedy_val_sem": 4.243331091444363, "label_mismatch_greedy_val_sem": 0.038088582693229046, "r2_greedy_val": 0.8384991361345456, "r2_greedy_val_sem": 0.050068825418345245, "mse_refit_ground_truth_assignment_val": 0.30445986003773823, "r2_refit_ground_truth_assignment_val": 0.9964075516968594, "label_mismatch_refit_ground_truth_assignment_val": 0.0, "mse_ground_truth_val": 0.2932163306356519, "r2_ground_truth_val": 0.9965402187686921, "label_mismatch_ground_truth_val": 0.0, "mse_baseline_sklearn_val": 84.75594865856048, "r2_baseline_sklearn_val": -7.062967769333461e-05, "random_state": 6}