{"ground_truth": [[-10, 0.2, 0.4, 0.3], [10, -0.2, -0.4, -0.3]], "milp": [[-13.657780332963437, 0.06139331227762679, -0.1851186542549847, 0.7916496174857152], [12.662270937332178, -0.12434425248230696, -0.026994992793318184, 0.3444201776432756]], "refit_milp_assignment": [[-13.66384188350442, 0.062372669867658076, -0.1839132218625055, 0.7924589868225521], [12.666821429512412, -0.12506660318286972, -0.027512305617332332, 0.3434464754431008]], "refit_ground_truth_assignment": [[-13.66384188350442, 0.062372669867658076, -0.1839132218625055, 0.7924589868225521], [12.666821429512412, -0.12506660318286972, -0.027512305617332332, 0.3434464754431008]]}