{"time_milp": 1.5301203727722168, "time_greedy": 1.2067149043083192, "time_refit_milp_assignment": 2.233201503753662, "mse_refit_ground_truth_assignment": 0.21096211359576109, "r2_refit_ground_truth_assignment": 0.9983187072726231, "weight_mismatch_refit_ground_truth_assignment": 0.594927541022988, "refit-weight_mismatch_refit_ground_truth_assignment": 0.0, "rand_score_refit_ground_truth_assignment": 1.0, "label_mismatch_refit_ground_truth_assignment": 0.0, "mse_milp": 7.3490875235153075, "r2_milp": 0.941430396218824, "weight_mismatch_milp": 10.167898470207387, "refit-weight_mismatch_milp": 10.544568616204476, "rand_score_milp": 0.6922183507549361, "label_mismatch_milp": 0.30952380952380953, "mse_refit_milp_assignment": 6.901367561172272, "r2_refit_milp_assignment": 0.9449985644731069, "weight_mismatch_refit_milp_assignment": 7.020289331528921, "refit-weight_mismatch_refit_milp_assignment": 7.322020666837142, "rand_score_refit_milp_assignment": 0.6922183507549361, "label_mismatch_refit_milp_assignment": 0.30952380952380953, "mse_greedy": 1.962278267775228, "r2_greedy": 0.9843613427810922, "weight_mismatch_greedy": 8.136713458612947, "refit-weight_mismatch_greedy": 8.046767230356597, "rand_score_greedy": 0.8492450638792102, "label_mismatch_greedy": 0.18571428571428572, "mse_greedy_sem": 0.5263840471529854, "r2_greedy_sem": 0.0041950929254595684, "weight_mismatch_greedy_sem": 1.9212723535870442, "refit-weight_mismatch_greedy_sem": 1.9860681797016455, "rand_score_greedy_sem": 0.03394868216927189, "label_mismatch_greedy_sem": 0.04257775824390033, "mse_ground_truth": 0.26964615209472287, "r2_ground_truth": 0.9978510164372417, "weight_mismatch_ground_truth": 0, "rand_score_ground_truth": 1, "label_mismatch_ground_truth": 0, "mse_baseline_sklearn": 111.41156338850931, "r2_baseline_sklearn": 0.1120896161017425, "random_state": 2}