{"ground_truth": [[-10, -1.6608613565286987, -1.8809828292504125], [1, 1.900439397982372, 1.9157139680456337], [10, 0.1, 0.1]], "milp": [[4.244033634626987, 1.386410936189077, -0.8734484596600526], [1.4952785170468492, 0.1374156949064247, 2.355768847583281], [-7.834235906267856, -2.454766958544931, -1.8957757071476904]], "greedy": [[[10.164192386685663, -0.006715822251794775, 0.02448491644152282], [0.8778151158221448, 1.9302771179107436, 1.8808303837115834], [-10.143968219219767, -1.7446838713425965, -1.7538829587422986]], [[0.8778151158221448, 1.9302771179107436, 1.8808303837115834], [-10.143968219219767, -1.7446838713425965, -1.7538829587422986], [10.164192386685663, -0.006715822251794775, 0.02448491644152282]], [[6.088975755696869, -0.6960154608879006, 0.8367335011597595], [-10.26295881032921, -1.9027398148343906, -1.4318123726612297], [5.6885195513842675, 2.0565075827463666, -0.07068430419821897]], [[10.164192386685663, -0.006715822251794775, 0.02448491644152282], [-10.143968219219767, -1.7446838713425965, -1.7538829587422986], [0.8778151158221448, 1.9302771179107436, 1.8808303837115834]], [[5.4596728945500015, 1.6101329672562148, 0.32719981508004203], [-0.3763026849226625, -1.5553273855946008, 2.26186293105307], [-10.65113057602423, -1.8166803467882762, -1.3686556238153162]], [[-10.143968219219767, -1.7446838713425965, -1.7538829587422986], [0.8780367449521926, 1.9322895400824016, 1.8811928567719802], [10.15902775362099, -0.015850307265212416, 0.020060548928978305]], [[10.164192386685663, -0.006715822251794775, 0.02448491644152282], [-10.143968219219767, -1.7446838713425965, -1.7538829587422986], [0.8778151158221448, 1.9302771179107436, 1.8808303837115834]], [[-10.143968219219767, -1.7446838713425965, -1.7538829587422986], [10.164192386685663, -0.006715822251794775, 0.02448491644152282], [0.8778151158221448, 1.9302771179107436, 1.8808303837115834]], [[-10.18820709469377, -1.795562160022217, -1.6500570230981224], [5.598477217249041, 1.9941615268890989, -0.1858726737747085], [3.918590565307985, -0.60552654450367, 1.594685244228578]], [[-3.846322251116013, -0.028540244421715103, 3.010721414787802], [5.254547708924017, 0.41334084866850285, 1.9231613306262052], [0.18156855245099024, -2.254627143914581, -5.72973177917041]], [[-10.143968219219767, -1.7446838713425965, -1.7538829587422986], [10.164192386685663, -0.006715822251794775, 0.02448491644152282], [0.8778151158221448, 1.9302771179107436, 1.8808303837115834]], [[10.164192386685663, -0.006715822251794775, 0.02448491644152282], [-10.143968219219767, -1.7446838713425965, -1.7538829587422986], [0.8778151158221448, 1.9302771179107436, 1.8808303837115834]], [[0.8780367449521926, 1.9322895400824016, 1.8811928567719802], [-10.143968219219767, -1.7446838713425965, -1.7538829587422986], [10.15902775362099, -0.015850307265212416, 0.020060548928978305]], [[10.164192386685663, -0.006715822251794775, 0.02448491644152282], [0.8778151158221448, 1.9302771179107436, 1.8808303837115834], [-10.143968219219767, -1.7446838713425965, -1.7538829587422986]], [[1.9388444353521237, 1.9180895437832293, 1.5964108950007794], [4.183900520829284, -3.829229938574398, -6.246468459011878], [-2.5908892156685743, -4.926377847884395, 0.10829847950005071]], [[7.239731791805691, 0.7727617805219725, 0.32972897162740195], [-2.005592603702708, -2.53346947735832, 1.471187701480011], [-10.65113057602423, -1.8166803467882762, -1.3686556238153162]], [[-10.286296158023397, -1.738652542797025, -1.6714845444074495], [5.607064792563845, 1.9894882003197272, -0.1866407100006608], [3.918590565307985, -0.60552654450367, 1.594685244228578]], [[-10.80367259798789, -1.869351874383528, -1.2737487140958224], [-2.307276370642124, -2.809512988492667, 1.3452959862038592], [7.239731791805691, 0.7727617805219725, 0.32972897162740195]], [[-1.6553860435634329, -1.6510558179161785, 2.7152947630727886], [1.32567584773967, 2.1074342339703036, 1.8221484042494502], [1.9143356254914092, -2.6418720525812156, -6.015040291479426]], [[3.918590565307985, -0.60552654450367, 1.594685244228578], [5.607064792563845, 1.9894882003197272, -0.1866407100006608], [-10.286296158023397, -1.738652542797025, -1.6714845444074495]]], "refit_milp_assignment": [[5.4382719345513815, 1.527429253915345, -0.12819108505797475], [1.5599271667578796, 0.13606282002428627, 2.354508515860138], [-9.844103809350306, -1.9122703812805217, -1.7289290038549396]], "refit_ground_truth_assignment": [[-10.091317144985279, -1.7653176228710314, -1.78550086707429], [0.8060916354881722, 1.997368293678375, 1.9025334513543475], [10.163642509228236, -0.006685228688326004, 0.024810492299412113]]}