{"ground_truth": [[-10, -1.5594775478567198, -1.6062053615415794], [1, 1.0846183751315808, 1.3583820405472267], [10, 0.1, 0.1]], "milp": [[-8.34228435389889, -1.8083763129013746, -2.051260431941845], [8.669348359357246, 0.5412970499163939, 0.22599954945843903], [1.1570323267318372, 1.0569692686619732, 1.3891415748765041]], "refit_milp_assignment": [[-10.226682765701277, -1.490958612690338, -1.559210243365928], [9.801427155647556, 0.26319611753192024, 0.16140599438755132], [1.2391110253368405, 1.053553248086164, 1.3880995834955003]], "refit_ground_truth_assignment": [[-10.226682765701277, -1.490958612690338, -1.559210243365928], [1.2422303815930449, 1.044977357571943, 1.385896553416125], [9.84081603792674, 0.1810933171533597, 0.1372893745636219]]}