{"ground_truth": [[-10, 0.2, 0.4, 0.3], [10, -0.2, -0.4, -0.3]], "milp": [[12.505646067055999, -0.23189982298271045, -0.19510318521304154, -0.4349088599740701], [-13.517635550240419, 0.24153016926530801, 0.8146649588137411, 0.3115212965911774]], "greedy": [[[10.347656847432996, 1.9588007425600205, -2.791830848262167, -3.0650226349429537], [-9.572747940267998, -2.292985342908475, 2.488464942755983, 2.6658314927703994]], [[10.347656847432996, 1.9588007425600205, -2.791830848262167, -3.0650226349429537], [-9.572747940267998, -2.292985342908475, 2.488464942755983, 2.6658314927703994]], [[-13.522740892964908, 0.24219581619270994, 0.8152905538346354, 0.31244323330637785], [12.509136515168498, -0.23223829076837213, -0.19569707462990374, -0.4354276191814845]], [[12.509136515168498, -0.23223829076837213, -0.19569707462990374, -0.4354276191814845], [-13.522740892964908, 0.24219581619270994, 0.8152905538346354, 0.31244323330637785]], [[12.509136515168498, -0.23223829076837213, -0.19569707462990374, -0.4354276191814845], [-13.522740892964908, 0.24219581619270994, 0.8152905538346354, 0.31244323330637785]], [[-9.475018565864398, -2.2286699309852356, 2.619924012717339, 2.776979300746709], [10.19795630647608, 1.9128631946817103, -2.911159249638974, -3.15530310958181]], [[-13.522740892964908, 0.24219581619270994, 0.8152905538346354, 0.31244323330637785], [12.509136515168498, -0.23223829076837213, -0.19569707462990374, -0.4354276191814845]], [[-13.522740892964908, 0.24219581619270994, 0.8152905538346354, 0.31244323330637785], [12.509136515168498, -0.23223829076837213, -0.19569707462990374, -0.4354276191814845]], [[10.19795630647608, 1.9128631946817103, -2.911159249638974, -3.15530310958181], [-9.475018565864398, -2.2286699309852356, 2.619924012717339, 2.776979300746709]], [[-0.27498017552722065, -3.7713544934994756, 2.317689377091759, 1.4921462078204708], [2.668749310299822, 3.2769122518625466, -3.066554235155029, -2.1082629820808263]], [[-13.522740892964908, 0.24219581619270994, 0.8152905538346354, 0.31244323330637785], [12.509136515168498, -0.23223829076837213, -0.19569707462990374, -0.4354276191814845]], [[-2.406949627130486, -3.396900816155897, 2.6832772204774873, -0.8603859346921996], [3.1542551850353955, 3.565738800395943, -2.9669373955601825, 0.3952582949240267]], [[-13.522740892964908, 0.24219581619270994, 0.8152905538346354, 0.31244323330637785], [12.509136515168498, -0.23223829076837213, -0.19569707462990374, -0.4354276191814845]], [[3.6874659204659395, -1.2618061595717716, 0.15825530134072585, -4.121582221818556], [-5.373038082059547, 1.4474435567958823, -0.10700272750253151, 5.221169976726987]], [[-6.3463652651874645, -2.3834207286589466, 0.18568253897212605, 5.0472337227570945], [7.123392283284374, 1.4031127166035255, -0.6565459518702706, -4.442785234853642]], [[12.509136515168498, -0.23223829076837213, -0.19569707462990374, -0.4354276191814845], [-13.522740892964908, 0.24219581619270994, 0.8152905538346354, 0.31244323330637785]], [[1.0833879956121195, 2.7941021622632265, -2.9926302634356254, 2.2291886788745003], [-1.6828090168638286, -2.5085590723681044, 2.938132166125733, -2.2265827044042537]], [[-13.522740892964908, 0.24219581619270994, 0.8152905538346354, 0.31244323330637785], [12.509136515168498, -0.23223829076837213, -0.19569707462990374, -0.4354276191814845]], [[4.618683067306433, -2.025724626173894, -2.3015860718668986, 3.072534166247646], [-5.149827316872202, 1.161283958436997, 3.33796988269626, -3.2170975131322312]], [[8.635959899012558, 0.8340477953058792, -2.0257747876996772, -4.337787828125564], [-8.392982621148054, -1.4764873434708365, 1.4555013699351276, 4.849174730666276]]], "refit_milp_assignment": [[12.509170158138575, -0.2322474359218756, -0.19570624033800849, -0.43544468627331484], [-13.522811863215285, 0.24220633675781603, 0.8153184536899047, 0.31245845339970846]], "refit_ground_truth_assignment": [[-13.522811863215285, 0.24220633675781603, 0.8153184536899047, 0.31245845339970846], [12.509170158138575, -0.2322474359218756, -0.19570624033800849, -0.43544468627331484]]}