{"ground_truth": [[-10, -1.825589548855929, -1.2903445353497576, -1.6615059758407127], [1, 1.6522496637852497, 1.7264331132239166, 1.9413302825828826], [10, 0.1, 0.1, 0.1]], "milp": [[-24.031653861730362, 8.75051905387156, -3.9859716894105057, 2.6028552477505578], [6.98221602354294, 3.050356648534607, -0.10231126851286268, -0.4277443398457201], [17.083671572137213, -9.881110855357038, -4.29525855432728, 3.3190749916614664]], "refit_milp_assignment": [[-24.154130413335743, 8.77879357158833, -3.9447897924816933, 2.6238066272226113], [7.024304241641631, 3.037570130205912, -0.10850784090008563, -0.44212331145785644], [17.1913660627411, -9.923757638705517, -4.317860992035748, 3.289521774381934]], "refit_ground_truth_assignment": [[-25.22008805254545, 3.9945769740783112, 0.8321926830152111, 1.9577930249975535], [4.304632208352954, -1.9893770579970629, 0.9107092029523306, 3.279005965631987], [9.194801778376016, 0.6735834827464533, 0.4503878579383452, 0.7173408374314822]]}