{"time_greedy": 2.315815262794495, "mse_refit_ground_truth_assignment": 164.9306298970393, "r2_refit_ground_truth_assignment": 0.44654151041262, "weight_mismatch_refit_ground_truth_assignment": 0.006892872968456167, "refit-weight_mismatch_refit_ground_truth_assignment": 0.0, "rand_score_refit_ground_truth_assignment": 1.0, "label_mismatch_refit_ground_truth_assignment": 0.0, "mse_milp": NaN, "r2_milp": NaN, "mse_refit_milp_assignment": NaN, "r2_refit_milp_assignment": NaN, "mse_greedy": 25.064384351248577, "r2_greedy": 0.9158913276803741, "weight_mismatch_greedy": 2.9445786971899746, "refit-weight_mismatch_greedy": 2.94533563143549, "rand_score_greedy": 0.5025305829274315, "label_mismatch_greedy": 0.4595317725752508, "mse_greedy_sem": 4.406180447492614, "r2_greedy_sem": 0.014785840427827554, "weight_mismatch_greedy_sem": 0.15608762945233529, "refit-weight_mismatch_greedy_sem": 0.15609962062169572, "rand_score_greedy_sem": 0.0004930940886244288, "label_mismatch_greedy_sem": 0.003062287694020463, "mse_ground_truth": NaN, "r2_ground_truth": NaN, "weight_mismatch_ground_truth": 0, "rand_score_ground_truth": 1, "label_mismatch_ground_truth": 0, "mse_baseline_sklearn": 0.5852177337114196, "r2_baseline_sklearn": 0.4137740528709898}