{"ground_truth": [[-10, 0.2, 0.4, 0.3], [10, -0.2, -0.4, -0.3]], "milp": [[-9.98056683327893, 0.5820077362391283, 0.44688587234739796, 0.051764267485860285], [9.62057534841212, 0.025202821621352848, -0.2847201909782323, -0.12544075047387998]], "refit_milp_assignment": [[-9.983110895351778, 0.5823323288461985, 0.44732176528032924, 0.05203530837188216], [9.623877676529892, 0.024713686925199756, -0.28501220380747766, -0.1260731952302966]], "refit_ground_truth_assignment": [[-9.983110895351778, 0.5823323288461985, 0.44732176528032924, 0.05203530837188216], [9.623877676529892, 0.024713686925199756, -0.28501220380747766, -0.1260731952302966]]}