{"time_milp": 0.4803428649902344, "time_greedy": 0.9690803170204163, "time_refit_milp_assignment": 0.8880155086517334, "mse_refit_ground_truth_assignment": 0.9560440321092708, "r2_refit_ground_truth_assignment": 0.9880377018530879, "weight_mismatch_refit_ground_truth_assignment": 0.4895819795597265, "refit-weight_mismatch_refit_ground_truth_assignment": 0.0, "rand_score_refit_ground_truth_assignment": 1.0, "label_mismatch_refit_ground_truth_assignment": 0.0, "mse_milp": 0.956049185245337, "r2_milp": 0.988037637375566, "weight_mismatch_milp": 0.4953665540181944, "refit-weight_mismatch_milp": 0.00707281930084941, "rand_score_milp": 1.0, "label_mismatch_milp": 0.0, "mse_refit_milp_assignment": 0.9560440321092708, "r2_refit_milp_assignment": 0.9880377018530879, "weight_mismatch_refit_milp_assignment": 0.4895819795597265, "refit-weight_mismatch_refit_milp_assignment": 0.0, "rand_score_refit_milp_assignment": 1.0, "label_mismatch_refit_milp_assignment": 0.0, "mse_greedy": 13.584034530080524, "r2_greedy": 0.8300326495127383, "weight_mismatch_greedy": 9.393215080014752, "refit-weight_mismatch_greedy": 9.032303551478794, "rand_score_greedy": 0.7337745098039216, "label_mismatch_greedy": 0.22791666666666668, "mse_greedy_sem": 2.661614005675585, "r2_greedy_sem": 0.03330288063996734, "weight_mismatch_greedy_sem": 2.457719507554892, "refit-weight_mismatch_greedy_sem": 2.4641331150655303, "rand_score_greedy_sem": 0.05538672058366404, "label_mismatch_greedy_sem": 0.048104703512234635, "mse_ground_truth": 0.9342823363554242, "r2_ground_truth": 0.9884197018714811, "weight_mismatch_ground_truth": 0, "rand_score_ground_truth": 1, "label_mismatch_ground_truth": 0, "mse_baseline_sklearn": 79.43533226166825, "r2_baseline_sklearn": 0.006093441535803268, "mse_milp_val": 0.8069961639954233, "r2_milp_val": 0.9901351969136467, "label_mismatch_milp_val": 0.0, "mse_refit_milp_assignment_val": 0.8074588613526469, "r2_refit_milp_assignment_val": 0.9901295408541495, "label_mismatch_refit_milp_assignment_val": 0.0, "mse_greedy_val": 22.123509507587848, "label_mismatch_greedy_val": 0.240625, "mse_greedy_val_sem": 4.4590209950352735, "label_mismatch_greedy_val_sem": 0.0505388318002785, "r2_greedy_val": 0.7295599723908269, "r2_greedy_val_sem": 0.05450752560725625, "mse_refit_ground_truth_assignment_val": 0.8074588613526469, "r2_refit_ground_truth_assignment_val": 0.9901295408541495, "label_mismatch_refit_ground_truth_assignment_val": 0.0, "mse_ground_truth_val": 0.8144898073212552, "r2_ground_truth_val": 0.9900435938563996, "label_mismatch_ground_truth_val": 0.0, "mse_baseline_sklearn_val": 81.82895332404625, "r2_baseline_sklearn_val": -0.000285437922712406, "random_state": 6}