{"ground_truth": [[-10, 0.2, 0.4, 0.3], [10, -0.2, -0.4, -0.3]], "milp": [[-9.951477012885007, 0.740897691730587, 0.5825259062129385, -0.10836906186146217], [10.4591286303685, -0.23783384842173752, -0.6923244613546049, -0.4800220583229351]], "refit_milp_assignment": [[-9.953953646700782, 0.7411916888107603, 0.5828193625466087, -0.10792117398990128], [10.462857014579598, -0.23859725092300976, -0.6929193813076541, -0.4804050097364187]], "refit_ground_truth_assignment": [[-9.953953646700782, 0.7411916888107603, 0.5828193625466087, -0.10792117398990128], [10.462857014579598, -0.23859725092300976, -0.6929193813076541, -0.4804050097364187]]}