{"time_milp": 507.47183895111084, "time_greedy": 0.5367294788360596, "time_refit_milp_assignment": 510.6353409290314, "mse_refit_ground_truth_assignment": 3.2696178774945825, "r2_refit_ground_truth_assignment": 0.9714917808446522, "weight_mismatch_refit_ground_truth_assignment": 2.985082210290976, "refit-weight_mismatch_refit_ground_truth_assignment": 0.0, "rand_score_refit_ground_truth_assignment": 1.0, "label_mismatch_refit_ground_truth_assignment": 0.0, "mse_milp": 2.6432540268479183, "r2_milp": 0.9769531278871102, "weight_mismatch_milp": 4.935933942333365, "refit-weight_mismatch_milp": 2.647028820701182, "rand_score_milp": 0.8137715179968701, "label_mismatch_milp": 0.19444444444444445, "mse_refit_milp_assignment": 2.643199201300776, "r2_refit_milp_assignment": 0.9769536059181131, "weight_mismatch_refit_milp_assignment": 4.9724786915897266, "refit-weight_mismatch_refit_milp_assignment": 2.6414452910908537, "rand_score_refit_milp_assignment": 0.8137715179968701, "label_mismatch_refit_milp_assignment": 0.19444444444444445, "mse_greedy": 6.34649670098083, "r2_greedy": 0.9446640783115325, "weight_mismatch_greedy": 13.009187657350665, "refit-weight_mismatch_greedy": 12.062608828975574, "rand_score_greedy": 0.7640453834115806, "label_mismatch_greedy": 0.2951388888888889, "mse_greedy_sem": 1.4085589241205467, "r2_greedy_sem": 0.012281406576116318, "weight_mismatch_greedy_sem": 2.677693982063704, "refit-weight_mismatch_greedy_sem": 2.8958979299478766, "rand_score_greedy_sem": 0.018923569911334977, "label_mismatch_greedy_sem": 0.03147659885023615, "mse_ground_truth": 4.491299055607753, "r2_ground_truth": 0.9621183805746369, "weight_mismatch_ground_truth": 0, "rand_score_ground_truth": 1, "label_mismatch_ground_truth": 0, "mse_baseline_sklearn": 114.11027491265307, "r2_baseline_sklearn": 0.005057824194537153, "mse_milp_val": 6.737638792234222, "r2_milp_val": 0.945821742175329, "label_mismatch_milp_val": 0.08333333333333333, "mse_refit_milp_assignment_val": 6.734636820151863, "r2_refit_milp_assignment_val": 0.9458458814357548, "label_mismatch_refit_milp_assignment_val": 0.08333333333333333, "mse_greedy_val": 19.57847945558084, "label_mismatch_greedy_val": 0.23333333333333334, "mse_greedy_val_sem": 4.647542479283785, "label_mismatch_greedy_val_sem": 0.03507640990984885, "r2_greedy_val": 0.8425668189600675, "r2_greedy_val_sem": 0.03737151284868021, "mse_refit_ground_truth_assignment_val": 6.190306468580276, "r2_refit_ground_truth_assignment_val": 0.9502229148503734, "label_mismatch_refit_ground_truth_assignment_val": 0.125, "mse_ground_truth_val": 6.260156012358711, "r2_ground_truth_val": 0.9496612452939517, "label_mismatch_ground_truth_val": 0.125, "mse_baseline_sklearn_val": 124.37140436751243, "r2_baseline_sklearn_val": -8.715510335055576e-05}