{"time_milp": 1.0394468307495117, "time_greedy": 1.1336127996444703, "time_refit_milp_assignment": 1.6783978939056396, "mse_refit_ground_truth_assignment": 9.092189414829429, "r2_refit_ground_truth_assignment": 0.9180245360960279, "weight_mismatch_refit_ground_truth_assignment": 4.084423764186415, "refit-weight_mismatch_refit_ground_truth_assignment": 0.0, "rand_score_refit_ground_truth_assignment": 1.0, "label_mismatch_refit_ground_truth_assignment": 0.0, "mse_milp": 14.698047732975988, "r2_milp": 0.8674819423110274, "weight_mismatch_milp": 15.512569998926995, "refit-weight_mismatch_milp": 12.531364495583386, "rand_score_milp": 0.7444444444444445, "label_mismatch_milp": 0.35555555555555557, "mse_refit_milp_assignment": 14.697991993546822, "r2_refit_milp_assignment": 0.8674824448594627, "weight_mismatch_refit_milp_assignment": 15.34119818119046, "refit-weight_mismatch_refit_milp_assignment": 12.342325762805372, "rand_score_refit_milp_assignment": 0.7444444444444445, "label_mismatch_refit_milp_assignment": 0.35555555555555557, "mse_greedy": 8.086390559622155, "r2_greedy": 0.9270928500067812, "weight_mismatch_greedy": 17.207553534503862, "refit-weight_mismatch_greedy": 17.206726101784785, "rand_score_greedy": 0.7170202020202019, "label_mismatch_greedy": 0.33111111111111113, "mse_greedy_sem": 0.40051827435740867, "r2_greedy_sem": 0.00361108527819676, "weight_mismatch_greedy_sem": 1.529630632810172, "refit-weight_mismatch_greedy_sem": 1.851689693962563, "rand_score_greedy_sem": 0.012175643115981702, "label_mismatch_greedy_sem": 0.021013934545777404, "mse_ground_truth": 13.159095057877153, "r2_ground_truth": 0.8813571877235046, "weight_mismatch_ground_truth": 0, "rand_score_ground_truth": 1, "label_mismatch_ground_truth": 0, "mse_baseline_sklearn": 101.77442277291772, "r2_baseline_sklearn": 0.08248285743383132, "random_state": 12}