{"ground_truth": [[-10, 0.2, 0.4], [10, -0.2, -0.4]], "milp": [[9.848443585580371, -0.10432188304973727, -0.39087639920840017], [-10.046452209823215, 0.3139271214470517, 0.38167843146103875]], "greedy": [[[-10.085513301715178, 0.3235920260158391, 0.3847677597359109], [9.848719433864394, -0.10170000563552169, -0.39412015905959313]], [[9.848719433864394, -0.10170000563552169, -0.39412015905959313], [-10.085513301715178, 0.3235920260158391, 0.3847677597359109]], [[-10.085513301715178, 0.3235920260158391, 0.3847677597359109], [9.848719433864394, -0.10170000563552169, -0.39412015905959313]], [[-10.085513301715178, 0.3235920260158391, 0.3847677597359109], [9.848719433864394, -0.10170000563552169, -0.39412015905959313]], [[-10.085513301715178, 0.3235920260158391, 0.3847677597359109], [9.848719433864394, -0.10170000563552169, -0.39412015905959313]], [[-10.085513301715178, 0.3235920260158391, 0.3847677597359109], [9.848719433864394, -0.10170000563552169, -0.39412015905959313]], [[9.848719433864394, -0.10170000563552169, -0.39412015905959313], [-10.085513301715178, 0.3235920260158391, 0.3847677597359109]], [[9.848719433864394, -0.10170000563552169, -0.39412015905959313], [-10.085513301715178, 0.3235920260158391, 0.3847677597359109]], [[9.848719433864394, -0.10170000563552169, -0.39412015905959313], [-10.085513301715178, 0.3235920260158391, 0.3847677597359109]], [[-10.085513301715178, 0.3235920260158391, 0.3847677597359109], [9.848719433864394, -0.10170000563552169, -0.39412015905959313]], [[-10.085513301715178, 0.3235920260158391, 0.3847677597359109], [9.848719433864394, -0.10170000563552169, -0.39412015905959313]], [[9.848719433864394, -0.10170000563552169, -0.39412015905959313], [-10.085513301715178, 0.3235920260158391, 0.3847677597359109]], [[-10.085513301715178, 0.3235920260158391, 0.3847677597359109], [9.848719433864394, -0.10170000563552169, -0.39412015905959313]], [[-10.085513301715178, 0.3235920260158391, 0.3847677597359109], [9.848719433864394, -0.10170000563552169, -0.39412015905959313]], [[9.848719433864394, -0.10170000563552169, -0.39412015905959313], [-10.085513301715178, 0.3235920260158391, 0.3847677597359109]], [[-10.085513301715178, 0.3235920260158391, 0.3847677597359109], [9.848719433864394, -0.10170000563552169, -0.39412015905959313]], [[-10.085513301715178, 0.3235920260158391, 0.3847677597359109], [9.848719433864394, -0.10170000563552169, -0.39412015905959313]], [[-10.085513301715178, 0.3235920260158391, 0.3847677597359109], [9.848719433864394, -0.10170000563552169, -0.39412015905959313]], [[9.848719433864394, -0.10170000563552169, -0.39412015905959313], [-10.085513301715178, 0.3235920260158391, 0.3847677597359109]], [[9.848719433864394, -0.10170000563552169, -0.39412015905959313], [-10.085513301715178, 0.3235920260158391, 0.3847677597359109]]], "refit_milp_assignment": [[9.868291532229037, -0.1078645257803483, -0.3937839897708219], [-10.066163646801357, 0.3176043769856566, 0.38484679414998124]], "refit_ground_truth_assignment": [[-10.102541364269008, 0.30477408278715185, 0.3947788341012077], [9.822329046053323, -0.1335295191698972, -0.3750635919724015]]}