{"time_milp": 7721.596058368683, "time_greedy": 0.5196679949760437, "time_refit_milp_assignment": 7728.53019118309, "mse_refit_ground_truth_assignment": 1.817835032456747, "r2_refit_ground_truth_assignment": 0.9842249780457523, "weight_mismatch_refit_ground_truth_assignment": 2.553150496936977, "refit-weight_mismatch_refit_ground_truth_assignment": 0.0, "rand_score_refit_ground_truth_assignment": 1.0, "label_mismatch_refit_ground_truth_assignment": 0.0, "mse_milp": 6.97776336169616, "r2_milp": 0.9394475470782736, "weight_mismatch_milp": 6.382363426143609, "refit-weight_mismatch_milp": 7.404265966317635, "rand_score_milp": 0.7656494522691706, "label_mismatch_milp": 0.3333333333333333, "mse_refit_milp_assignment": 8.247064675507815, "r2_refit_milp_assignment": 0.9284326553337386, "weight_mismatch_refit_milp_assignment": 4.119574812063718, "refit-weight_mismatch_refit_milp_assignment": 2.9170180552536813, "rand_score_refit_milp_assignment": 0.7656494522691706, "label_mismatch_refit_milp_assignment": 0.3333333333333333, "mse_greedy": 115.64730270544264, "r2_greedy": -0.0035777210555516525, "weight_mismatch_greedy": 22.956050966705313, "refit-weight_mismatch_greedy": 24.05526964110294, "rand_score_greedy": 0.8626760563380282, "label_mismatch_greedy": 0.125, "mse_greedy_sem": 3.260193663416e-15, "r2_greedy_sem": 0.0, "weight_mismatch_greedy_sem": 1.39989162600147e-15, "refit-weight_mismatch_greedy_sem": 0.0, "rand_score_greedy_sem": 2.54702629954375e-17, "label_mismatch_greedy_sem": 0.0, "mse_ground_truth": 2.0450003428686703, "r2_ground_truth": 0.9824080370384133, "weight_mismatch_ground_truth": 0, "rand_score_ground_truth": 1, "label_mismatch_ground_truth": 0, "mse_baseline_sklearn": 106.76199892753694, "r2_baseline_sklearn": 0.0735282097159512, "mse_milp_val": 9.336773118160037, "r2_milp_val": 0.9207047604810908, "label_mismatch_milp_val": 0.3333333333333333, "mse_refit_milp_assignment_val": 12.293065289005128, "r2_refit_milp_assignment_val": 0.8955975962811714, "label_mismatch_refit_milp_assignment_val": 0.3333333333333333, "mse_greedy_val": 117.97512392301262, "label_mismatch_greedy_val": 0.125, "mse_greedy_val_sem": 0.0, "label_mismatch_greedy_val_sem": 0.0, "r2_greedy_val": -0.0019377776839251126, "r2_greedy_val_sem": 0.0, "mse_refit_ground_truth_assignment_val": 2.742385833282725, "r2_refit_ground_truth_assignment_val": 0.976709497087333, "label_mismatch_refit_ground_truth_assignment_val": 0.125, "mse_ground_truth_val": 3.0400639516017143, "r2_ground_truth_val": 0.9741813797824654, "label_mismatch_ground_truth_val": 0.125, "mse_baseline_sklearn_val": 117.78207699230693, "r2_baseline_sklearn_val": -0.0002982709276855289}