{"time_milp": 0.3840909004211426, "time_greedy": 1.118672823905945, "time_refit_milp_assignment": 0.8629477024078369, "mse_refit_ground_truth_assignment": 6.009037659603546, "r2_refit_ground_truth_assignment": 0.9308869695026782, "weight_mismatch_refit_ground_truth_assignment": 0.6410421245528868, "refit-weight_mismatch_refit_ground_truth_assignment": 0.0, "rand_score_refit_ground_truth_assignment": 1.0, "label_mismatch_refit_ground_truth_assignment": 0.0, "mse_milp": 6.009043066412829, "r2_milp": 0.9308869073161857, "weight_mismatch_milp": 0.6427092915802362, "refit-weight_mismatch_milp": 0.006650468762462241, "rand_score_milp": 1.0, "label_mismatch_milp": 0.0, "mse_refit_milp_assignment": 6.009037659603546, "r2_refit_milp_assignment": 0.9308869695026782, "weight_mismatch_refit_milp_assignment": 0.6410421245528868, "refit-weight_mismatch_refit_milp_assignment": 0.0, "rand_score_refit_milp_assignment": 1.0, "label_mismatch_refit_milp_assignment": 0.0, "mse_greedy": 14.290128902791674, "r2_greedy": 0.8356418830075262, "weight_mismatch_greedy": 6.407904725297092, "refit-weight_mismatch_greedy": 5.972617928455215, "rand_score_greedy": 0.8433543417366944, "label_mismatch_greedy": 0.12708333333333335, "mse_greedy_sem": 2.624870937093549, "r2_greedy_sem": 0.03018998971273697, "weight_mismatch_greedy_sem": 2.120672622291829, "refit-weight_mismatch_greedy_sem": 2.1734117651630984, "rand_score_greedy_sem": 0.04971582157011752, "label_mismatch_greedy_sem": 0.04184119151049052, "mse_ground_truth": 6.528608512931439, "r2_ground_truth": 0.923949357755083, "weight_mismatch_ground_truth": 0, "rand_score_ground_truth": 1, "label_mismatch_ground_truth": 0, "mse_baseline_sklearn": 82.79497585799486, "r2_baseline_sklearn": 0.047732429775427354, "mse_milp_val": 7.037526645324239, "r2_milp_val": 0.9163527918020327, "label_mismatch_milp_val": 0.0, "mse_refit_milp_assignment_val": 7.037030572100062, "r2_refit_milp_assignment_val": 0.9163586880696215, "label_mismatch_refit_milp_assignment_val": 0.0, "mse_greedy_val": 20.77007089106116, "label_mismatch_greedy_val": 0.12437499999999999, "mse_greedy_val_sem": 4.349271525272526, "label_mismatch_greedy_val_sem": 0.04083296969941918, "r2_greedy_val": 0.7531293973479387, "r2_greedy_val_sem": 0.05169492623174294, "mse_refit_ground_truth_assignment_val": 7.037030572100062, "r2_refit_ground_truth_assignment_val": 0.9163586880696215, "label_mismatch_refit_ground_truth_assignment_val": 0.0, "mse_ground_truth_val": 6.931178969858001, "r2_ground_truth_val": 0.917616827677052, "label_mismatch_ground_truth_val": 0.0, "mse_baseline_sklearn_val": 84.26759186654145, "r2_baseline_sklearn_val": -0.0015946164672993035, "random_state": 8}