{"ground_truth": [[-10, 0.2, 0.4, 0.3], [10, -0.2, -0.4, -0.3]], "milp": [[-9.022113395226352, -0.11994637339357181, 0.4296943909315145, -0.11140272392663159], [10.220168748229106, -0.5880347943602837, -0.7194546318292329, 0.10121730111255063]], "refit_milp_assignment": [[-9.025200637996129, -0.11957340780437956, 0.43020636096412074, -0.1109786178829867], [10.223143293448834, -0.588351577532763, -0.7199686392984109, 0.10081786241721172]], "refit_ground_truth_assignment": [[-9.255680175683688, 0.23210260322447251, 0.3920691551358277, -0.17162423582706865], [10.029136695197646, -0.3032821130258873, -0.7793619747692458, 0.06165413002766436]]}