{"time_milp": 22.414190769195557, "time_refit_milp_assignment": 22.890262603759766, "mse_refit_ground_truth_assignment": 26.707961406133723, "r2_refit_ground_truth_assignment": 0.8387871629166143, "weight_mismatch_refit_ground_truth_assignment": 4.866623632853432, "refit-weight_mismatch_refit_ground_truth_assignment": 0.0, "rand_score_refit_ground_truth_assignment": 1.0, "label_mismatch_refit_ground_truth_assignment": 0.0, "mse_milp": 26.707969223791498, "r2_milp": 0.8387871157281834, "weight_mismatch_milp": 4.859528883925374, "refit-weight_mismatch_milp": 0.007728354669673604, "rand_score_milp": 1.0, "label_mismatch_milp": 0.0, "mse_refit_milp_assignment": 26.707961406133723, "r2_refit_milp_assignment": 0.8387871629166143, "weight_mismatch_refit_milp_assignment": 4.866623632853432, "refit-weight_mismatch_refit_milp_assignment": 0.0, "rand_score_refit_milp_assignment": 1.0, "label_mismatch_refit_milp_assignment": 0.0, "mse_greedy": NaN, "r2_greedy": NaN, "mse_ground_truth": 33.29853068716745, "r2_ground_truth": 0.7931330346367784, "weight_mismatch_ground_truth": 0, "rand_score_ground_truth": 1, "label_mismatch_ground_truth": 0, "mse_baseline_sklearn": 160.8354614776642, "r2_baseline_sklearn": 0.029175583484440604, "mse_milp_val": 30.121213214101363, "r2_milp_val": 0.8036668299051175, "label_mismatch_milp_val": 0.0, "mse_refit_milp_assignment_val": 30.121843433932987, "r2_refit_milp_assignment_val": 0.8036627220673449, "label_mismatch_refit_milp_assignment_val": 0.0, "mse_refit_ground_truth_assignment_val": 30.121843433932987, "r2_refit_ground_truth_assignment_val": 0.8036627220673449, "label_mismatch_refit_ground_truth_assignment_val": 0.0, "mse_ground_truth_val": 31.29257188271681, "r2_ground_truth_val": 0.7960317934577898, "label_mismatch_ground_truth_val": 0.0, "mse_baseline_sklearn_val": 154.27127110144374, "r2_baseline_sklearn_val": -0.0055560343676253066, "random_state": 9}