{"ground_truth": [[-10, -1.337719620706157, -1.6626352006348812, -1.0611537685933308], [1, 1.6272285743807728, 1.565890653114534, 1.026132378542826], [10, 0.1, 0.1, 0.1]], "milp": [[-9.815805407331727, -1.548970435453649, -1.7950472547538867, -1.0040854027764627], [1.182601151727941, 1.5217400304955213, 1.4068364283769275, 1.0643400399903955], [10.13353725970292, -0.09041946535086806, 0.04937165103453749, 0.12854562301619213]], "greedy": [[[-9.835717922591769, -1.5432209328657438, -1.7905466210738867, -0.9990491352332287], [2.09057820435339, 1.9856061610741726, 1.6474989738171841, 0.27563179474140076], [9.857753809014332, -1.0440537080168364, 0.19018276761668546, 0.6088087571022932]], [[8.999094951279165, -3.6169936626210353, -3.082739929955109, -8.259889629051159], [-11.214078106856991, 1.6413866035188849, 5.9143792285564665, 4.219547716536706], [5.498929249339431, -5.357953394589919, -3.774448483636298, 5.5897710823994]], [[1.1846161031162756, 1.5215368256013708, 1.4061682011459695, 1.0637744004172558], [10.149803749551937, -0.09469751178091582, 0.04419671956213693, 0.12580136710459805], [-9.835717922591769, -1.5432209328657438, -1.7905466210738867, -0.9990491352332287]], [[1.6176745445946972, 1.0585320916333767, 1.0741914070922227, 0.6208354010754243], [8.664919156189367, 0.5182794419524155, 0.3078202961416786, -0.35336815492207424], [-9.835717922591769, -1.5432209328657438, -1.7905466210738867, -0.9990491352332287]], [[7.695906314682203, -0.2104104697179417, 0.8346766982941638, 0.07951391460475359], [-15.535670305530424, 5.934633218200159, -0.5468492890311007, 0.7873549688066559], [-1.4922218414729738, -6.542780143142737, -0.6197186057458757, -0.9953065598640538]], [[8.664919156189367, 0.5182794419524155, 0.3078202961416786, -0.35336815492207424], [1.6176745445946972, 1.0585320916333767, 1.0741914070922227, 0.6208354010754243], [-9.835717922591769, -1.5432209328657438, -1.7905466210738867, -0.9990491352332287]], [[1.1846161031162756, 1.5215368256013708, 1.4061682011459695, 1.0637744004172558], [10.149803749551937, -0.09469751178091582, 0.04419671956213693, 0.12580136710459805], [-9.835717922591769, -1.5432209328657438, -1.7905466210738867, -0.9990491352332287]], [[8.558324675991289, 1.3887050877563392, -1.2803484810453893, -1.1667726512003376], [4.1585723921255, -0.3986743226429841, 2.420539218405637, 1.572502637642525], [-9.835717922591769, -1.5432209328657438, -1.7905466210738867, -0.9990491352332287]], [[-5.279580007273784, 1.2353587290297598, 5.858151033260683, 1.625194543690202], [6.315910491730148, -6.2693233062072125, -4.569693141797312, 6.097660574396038], [10.61563579811563, -5.3454299839872474, -5.087037915562982, -7.910858562543642]], [[-9.835717922591769, -1.5432209328657438, -1.7905466210738867, -0.9990491352332287], [10.149803749551937, -0.09469751178091582, 0.04419671956213693, 0.12580136710459805], [1.1846161031162756, 1.5215368256013708, 1.4061682011459695, 1.0637744004172558]], [[9.931402576523851, -0.841949983274368, 0.7907982620690182, -0.5173706987512009], [-9.835717922591769, -1.5432209328657438, -1.7905466210738867, -0.9990491352332287], [1.7637291985834214, 1.7974811307359573, 0.23838765545082244, 1.7989794045242244]], [[-13.574770791855805, 0.9419567332779359, 3.496711299358271, 9.047961477459857], [8.703605963784401, 0.2714551350432477, 0.2743995037900559, 0.2609804338880326], [-4.936506355490835, -2.2662776925120194, -2.7714892257389465, -2.6635953807515023]], [[3.8925629419449397, 0.539049050781463, 0.5432105236834865, 2.484359916608194], [-9.835717922591769, -1.5432209328657438, -1.7905466210738867, -0.9990491352332287], [8.051533984015139, 0.8781927838833916, 0.48749670748144175, -1.5264976240233747]], [[12.098945318554906, -2.0110959962828527, -8.266161828571157, -4.803386584161973], [-2.676577208799329, 0.515236074186412, 5.935327819447785, -7.385865845390419], [-6.136636209490282, -0.5539557748154431, 1.5847305622123369, 6.582116903429954]], [[9.83148940359649, -1.774029769643656, 0.7822637878889366, -0.028522413990820804], [-9.835717922591769, -1.5432209328657438, -1.7905466210738867, -0.9990491352332287], [2.5898285123442855, 2.2987259782653773, 0.8847811630617942, 0.7907871520902738]], [[6.328135375055971, -5.479833823008959, 5.130335634424617, -5.857604994954891], [2.8776396493040424, -3.7693679966778038, -5.64744106368422, 3.5286609127649764], [-12.102729087500494, 8.394236115474413, 1.6104941762510068, -0.18556937843236246]], [[10.149803749551937, -0.09469751178091582, 0.04419671956213693, 0.12580136710459805], [-9.835717922591769, -1.5432209328657438, -1.7905466210738867, -0.9990491352332287], [1.1846161031162756, 1.5215368256013708, 1.4061682011459695, 1.0637744004172558]], [[0.9129451102278994, -6.210315330465667, 1.7091662212001109, -4.119412020110628], [9.066527391678237, -0.7454672090011703, 0.8206798460648224, -0.22868813585442974], [-18.68143491354384, 5.63624551991873, 0.3046054097851202, 1.5826038555801456]], [[-9.835717922591769, -1.5432209328657438, -1.7905466210738867, -0.9990491352332287], [1.1846161031162756, 1.5215368256013708, 1.4061682011459695, 1.0637744004172558], [10.149803749551937, -0.09469751178091582, 0.04419671956213693, 0.12580136710459805]], [[8.613496956775203, 0.4845644664569807, 0.7620738392105967, -0.5345260310106167], [1.431919055567974, 1.4451035169620858, 1.4161511864973335, 0.6960621929990067], [-9.835717922591769, -1.5432209328657438, -1.7905466210738867, -0.9990491352332287]]], "refit_milp_assignment": [[-9.833479274813254, -1.5441665997655794, -1.7912222013567582, -0.9996105879332281], [1.1830505159239681, 1.5219248786203428, 1.4072435278648088, 1.0640065406951007], [10.14978709496756, -0.09476968721150233, 0.04421866225333222, 0.12585212138428087]], "refit_ground_truth_assignment": [[-9.833479274813254, -1.5441665997655794, -1.7912222013567582, -0.9996105879332281], [1.1263300741016922, 1.5454266385899924, 1.5020886710384962, 1.065723377343786], [10.101133050019332, -0.057560252421604875, 0.07664775581407275, 0.14144939207494606]]}