{"time_milp": 1.9787518978118896, "time_greedy": 0.17267409563064576, "time_refit_milp_assignment": 2.9080288410186768, "mse_refit_ground_truth_assignment": 57.32117004134869, "r2_refit_ground_truth_assignment": 0.8200156615502548, "weight_mismatch_refit_ground_truth_assignment": 31.95708217221006, "refit-weight_mismatch_refit_ground_truth_assignment": 0.0, "rand_score_refit_ground_truth_assignment": 1.0, "label_mismatch_refit_ground_truth_assignment": 0.0, "mse_milp": 64.89196853337604, "r2_milp": 0.7962439004863942, "weight_mismatch_milp": 48.191955182834334, "refit-weight_mismatch_milp": 50.762553217762374, "rand_score_milp": 0.6643437862950058, "label_mismatch_milp": 0.38095238095238093, "mse_refit_milp_assignment": 64.89149520443311, "r2_refit_milp_assignment": 0.7962453867051262, "weight_mismatch_refit_milp_assignment": 48.27730405158456, "refit-weight_mismatch_refit_milp_assignment": 50.791146850490335, "rand_score_refit_milp_assignment": 0.6643437862950058, "label_mismatch_refit_milp_assignment": 0.38095238095238093, "mse_greedy": 42.65739587777205, "r2_greedy": 0.8660588544945715, "weight_mismatch_greedy": 47.39636728651063, "refit-weight_mismatch_greedy": 43.49137260915641, "rand_score_greedy": 0.6874564459930314, "label_mismatch_greedy": 0.3428571428571428, "mse_greedy_sem": 1.76280797763797, "r2_greedy_sem": 0.005535089870640016, "weight_mismatch_greedy_sem": 2.3670667793300932, "refit-weight_mismatch_greedy_sem": 3.958330031373422, "rand_score_greedy_sem": 0.013363045492704053, "label_mismatch_greedy_sem": 0.01934294858246657, "mse_ground_truth": 112.64635578457417, "r2_ground_truth": 0.6462985697947876, "weight_mismatch_ground_truth": 0, "rand_score_ground_truth": 1, "label_mismatch_ground_truth": 0, "mse_baseline_sklearn": 293.11135685561396, "r2_baseline_sklearn": 0.07965148621862317, "random_state": 4}