{"ground_truth": [[-10, -1.8085751671049515, -1.3145454730891515, -1.4312256333395998], [1, 1.6164379345957802, 1.6406448655678303, 1.7084465536495328], [10, 0.1, 0.1, 0.1]], "milp": [[-21.213829504041446, 14.884089963334816, 8.992988576715025, -10.409844584123547], [-4.160498434048011, -6.515598391536519, -2.4765965381553365, 12.240905119087804], [26.01534182508124, 4.0191311219460975, -6.747971251792233, -8.685747387539259]], "refit_milp_assignment": [[-21.27856616285173, 14.893603014483224, 9.027123238683886, -10.412800315957679], [-4.178515309664413, -6.517851748946579, -2.4774158755513582, 12.256558965132832], [26.135094246128553, 4.001155253799893, -6.798793062787324, -8.723152999884258]], "refit_ground_truth_assignment": [[-23.539981028676454, 5.058528267910942, 0.5074422509444736, -0.407968507795746], [2.8453177812552353, 2.8221194553714484, 4.955274876428097, -0.47859544515464963], [15.693153619000741, -2.345152903493537, -3.8777486711202043, 3.35326576328701]]}