{"ground_truth": [[-10, -1.5256128574147114, -1.2813623322785248, -1.1750964867942733], [1, 1.5493558978602802, 1.7666427402285338, 1.1926968169078815], [10, 0.1, 0.1, 0.1]], "milp": [[-9.382690811980181, -3.6398734576901957, -2.143930622534862, 0.08730462234776315], [3.196764623955763, 1.466995910026737, -0.25169190854266726, 3.212549537998423], [13.164198360042654, -9.726661630957313, 0.5099960947090045, -0.3897569195796293]], "refit_milp_assignment": [[-9.436556378358663, -3.6366983472388306, -2.136263237260158, 0.11847056912314068], [3.2001321578538207, 1.466623969608999, -0.25307318469512025, 3.212902889064593], [13.208837234202623, -9.73200593166769, 0.496246551604794, -0.4038662476868949]], "refit_ground_truth_assignment": [[-9.293232658639837, -2.3291627664610175, -1.3203158997748465, -1.600397095633879], [4.690381714979895, 1.2157960844244786, 1.086906229111268, -0.5488377206804714], [9.371315882548164, -2.098826906103956, -0.1886011654233613, 3.2325721693779967]]}