{"ground_truth": [[-10, 0.2, 0.4, 0.3], [10, -0.2, -0.4, -0.3]], "milp": [[9.64072576444157, -0.24326201259692004, -0.29636611437204063, -0.3338564166657589], [-9.748032051806554, 0.2803436177559038, 0.41956566909949755, 0.12026477302109845]], "refit_milp_assignment": [[9.6439863361844, -0.24376191603707156, -0.296798777688845, -0.33443056246408776], [-9.750936096400268, 0.2805947924108274, 0.41996576585743634, 0.12076008830650187]], "refit_ground_truth_assignment": [[-9.750936096400268, 0.2805947924108274, 0.41996576585743634, 0.12076008830650187], [9.6439863361844, -0.24376191603707156, -0.296798777688845, -0.33443056246408776]]}