{"time_milp": 33.81236386299133, "time_refit_milp_assignment": 34.99149680137634, "mse_refit_ground_truth_assignment": 27.22751100094416, "r2_refit_ground_truth_assignment": 0.8872488226848003, "weight_mismatch_refit_ground_truth_assignment": 27.84148951063016, "refit-weight_mismatch_refit_ground_truth_assignment": 0.0, "rand_score_refit_ground_truth_assignment": 1.0, "label_mismatch_refit_ground_truth_assignment": 0.0, "mse_milp": 19.28031383847921, "r2_milp": 0.920158765734419, "weight_mismatch_milp": 38.472698860091114, "refit-weight_mismatch_milp": 22.165319406537243, "rand_score_milp": 0.7015098722415796, "label_mismatch_milp": 0.3333333333333333, "mse_refit_milp_assignment": 19.279198965574764, "r2_refit_milp_assignment": 0.9201633825072312, "weight_mismatch_refit_milp_assignment": 38.6972393400635, "refit-weight_mismatch_refit_milp_assignment": 22.237562849104265, "rand_score_refit_milp_assignment": 0.7015098722415796, "label_mismatch_refit_milp_assignment": 0.3333333333333333, "mse_greedy": NaN, "r2_greedy": NaN, "mse_ground_truth": 58.007541865676615, "r2_ground_truth": 0.75978639258326, "weight_mismatch_ground_truth": 0, "rand_score_ground_truth": 1, "label_mismatch_ground_truth": 0, "mse_baseline_sklearn": 225.39255871709025, "r2_baseline_sklearn": 0.06663240894270683, "random_state": 12}