{"time_milp": 43.77816414833069, "time_refit_milp_assignment": 44.23830819129944, "mse_refit_ground_truth_assignment": 30.899847941403063, "r2_refit_ground_truth_assignment": 0.8496267858237946, "weight_mismatch_refit_ground_truth_assignment": 7.418846453557677, "refit-weight_mismatch_refit_ground_truth_assignment": 0.0, "rand_score_refit_ground_truth_assignment": 1.0, "label_mismatch_refit_ground_truth_assignment": 0.0, "mse_milp": 30.89985647648702, "r2_milp": 0.849626744288056, "weight_mismatch_milp": 7.411553755156982, "refit-weight_mismatch_milp": 0.007677156546639577, "rand_score_milp": 1.0, "label_mismatch_milp": 0.0, "mse_refit_milp_assignment": 30.899847941403063, "r2_refit_milp_assignment": 0.8496267858237946, "weight_mismatch_refit_milp_assignment": 7.418846453557677, "refit-weight_mismatch_refit_milp_assignment": 0.0, "rand_score_refit_milp_assignment": 1.0, "label_mismatch_refit_milp_assignment": 0.0, "mse_greedy": NaN, "r2_greedy": NaN, "mse_ground_truth": 40.776301078771056, "r2_ground_truth": 0.7860282644927846, "weight_mismatch_ground_truth": 0, "rand_score_ground_truth": 1, "label_mismatch_ground_truth": 0, "mse_baseline_sklearn": 203.8630387989338, "r2_baseline_sklearn": 0.00790643196504437, "mse_milp_val": 21.504095197051793, "r2_milp_val": 0.8719758704137749, "label_mismatch_milp_val": 0.0, "mse_refit_milp_assignment_val": 21.507560354010895, "r2_refit_milp_assignment_val": 0.871955240682577, "label_mismatch_refit_milp_assignment_val": 0.0, "mse_refit_ground_truth_assignment_val": 21.507560354010895, "r2_refit_ground_truth_assignment_val": 0.871955240682577, "label_mismatch_refit_ground_truth_assignment_val": 0.0, "mse_ground_truth_val": 29.82655979847734, "r2_ground_truth_val": 0.822428271370605, "label_mismatch_ground_truth_val": 0.0, "mse_baseline_sklearn_val": 168.36157884952013, "r2_baseline_sklearn_val": -0.0023367358849639697, "random_state": 12}