{"ground_truth": [[-10, -1.7846958472759, -1.498805218379999, -1.0701190131268645], [1, 1.176954785871318, 1.6082925226799165, 1.8932350643198392], [10, 0.1, 0.1, 0.1]], "milp": [[-2.6517142656576382, -9.536525602236146, -4.6003838551833685, 0.7786942590107617], [-15.838655714518914, 8.341671115637139, 3.6871906327967747, -0.009107055266717179], [11.606643776260984, -0.6488818280223274, 0.41212793062746944, 1.64417602641319]], "refit_milp_assignment": [[-2.652138874317215, -9.537001319192148, -4.600506921802796, 0.7790181885835223], [-15.84672582219217, 8.343574922660459, 3.6880401142591226, -0.008182135322749685], [11.610842503591918, -0.6495012040553766, 0.411504528829399, 1.6439155435632893]], "refit_ground_truth_assignment": [[-18.41418931379573, -2.42860286179753, -2.60132181644485, -2.283737430983315], [4.7660932592574206, 1.1121255165000885, 1.7420711899555792, 0.8029979246974231], [12.528570966673314, -0.4809114437604068, -0.24415805048581324, 0.8807639897761378]]}