{"time_milp": 18054.01079392433, "time_refit_milp_assignment": 18057.153118610382, "mse_refit_ground_truth_assignment": 149.82819245701288, "r2_refit_ground_truth_assignment": 0.6126211439407798, "weight_mismatch_refit_ground_truth_assignment": 15.78892512500734, "refit-weight_mismatch_refit_ground_truth_assignment": 0.0, "rand_score_refit_ground_truth_assignment": 1.0, "label_mismatch_refit_ground_truth_assignment": 0.0, "mse_milp": 86.59651378698945, "r2_milp": 0.7761058322909087, "weight_mismatch_milp": 24.719753280032435, "refit-weight_mismatch_milp": 25.18434740862084, "rand_score_milp": 0.7133053221288516, "label_mismatch_milp": 0.375, "mse_refit_milp_assignment": 86.5964107348938, "r2_refit_milp_assignment": 0.7761060987307706, "weight_mismatch_refit_milp_assignment": 24.751103646947684, "refit-weight_mismatch_refit_milp_assignment": 25.21433422868804, "rand_score_refit_milp_assignment": 0.7133053221288516, "label_mismatch_refit_milp_assignment": 0.375, "mse_greedy": NaN, "r2_greedy": NaN, "mse_ground_truth": 186.74626536492875, "r2_ground_truth": 0.5171699433592705, "weight_mismatch_ground_truth": 0, "rand_score_ground_truth": 1, "label_mismatch_ground_truth": 0, "mse_baseline_sklearn": 372.97572748703834, "r2_baseline_sklearn": 0.035652526031343834, "random_state": 4}