{"ground_truth": [[-10, -1.707146628671738, -1.3436202707396958, -1.1289837815234174], [1, 1.505130281830402, 1.236007952911256, 1.4788796669191786], [10, 0.1, 0.1, 0.1]], "milp": [[-17.452248424279666, -0.7394124065007325, 1.2177019581928903, -1.6532993123017887], [24.340714491163673, 0.6156325336564825, 0.7939898315210323, -1.722849488918237], [2.662706337697212, 1.411154346117315, 1.3049635181526373, -0.07858624028365269]], "refit_milp_assignment": [[-17.46291853753066, -0.7388166468359181, 1.2205221477485326, -1.6518141554313488], [24.3607022663546, 0.6111585644827777, 0.7915534390952339, -1.7244976680269146], [2.6635736709549303, 1.4110947639278315, 1.3048894899711607, -0.07875576805065983]], "refit_ground_truth_assignment": [[-13.190976684438489, -1.37400116302635, -0.553163700150372, -2.114725925751289], [10.434305967134364, 2.220923894680562, 2.0886551327526752, -1.9445552340433567], [12.116184811535229, 0.777587825713077, 0.006189835134348538, 0.39112151031028874]]}