{"time_milp": 15.219197988510132, "time_greedy": 1.9165485858917237, "time_refit_milp_assignment": 16.232781171798706, "mse_refit_ground_truth_assignment": 0.17532883172496316, "r2_refit_ground_truth_assignment": 0.9992582459714829, "weight_mismatch_refit_ground_truth_assignment": 1.1207895240059997, "refit-weight_mismatch_refit_ground_truth_assignment": 0.0, "rand_score_refit_ground_truth_assignment": 1.0, "label_mismatch_refit_ground_truth_assignment": 0.0, "mse_milp": 3.6235154896801314, "r2_milp": 0.9846701926578723, "weight_mismatch_milp": 23.93629670560754, "refit-weight_mismatch_milp": 23.47852309202313, "rand_score_milp": 0.7131242740998839, "label_mismatch_milp": 0.40476190476190477, "mse_refit_milp_assignment": 3.1540610029381924, "r2_refit_milp_assignment": 0.9866562878900156, "weight_mismatch_refit_milp_assignment": 22.138909020109956, "refit-weight_mismatch_refit_milp_assignment": 21.768895869101925, "rand_score_refit_milp_assignment": 0.7131242740998839, "label_mismatch_refit_milp_assignment": 0.40476190476190477, "mse_greedy": 10.345366285244994, "r2_greedy": 0.9562324288420385, "weight_mismatch_greedy": 40.886993089361894, "refit-weight_mismatch_greedy": 40.775019807671455, "rand_score_greedy": 0.6204413472706156, "label_mismatch_greedy": 0.4583333333333333, "mse_greedy_sem": 1.3259025011581378, "r2_greedy_sem": 0.0056094226601454125, "weight_mismatch_greedy_sem": 4.03168705411755, "refit-weight_mismatch_greedy_sem": 3.9560860065068715, "rand_score_greedy_sem": 0.017342281268042298, "label_mismatch_greedy_sem": 0.024542295390581313, "mse_ground_truth": 0.27827376155560923, "r2_ground_truth": 0.9988227225286698, "weight_mismatch_ground_truth": 0, "rand_score_ground_truth": 1, "label_mismatch_ground_truth": 0, "mse_baseline_sklearn": 208.4812633175208, "r2_baseline_sklearn": 0.1179898057002271, "random_state": 7}