{"ground_truth": [[-10, -1.703233714956792, -1.5557482164017755, -1.712616202973329, -1.2859929420890672, -1.4456568798064167, -1.5840420647988704], [1, 1.4694689041489684, 1.4677030008296565, 1.8544954884929656, 1.3129808877455336, 1.9070254005383989, 1.1360903662476916], [10, 0.1, 0.1, 0.1, 0.1, 0.1, 0.1]], "milp": [[-3.2383741818467717, -2.7528662015763654, -0.8806750684324864, -1.3857601509020179, -3.157526880128792, -2.182165810447602, -1.3336251659592802], [5.553888565096417, 0.6650996237279245, 1.0883397665905674, 0.7158129254842861, 1.4565647529416517, -0.08539196211194612, 1.035526424461459], [-0.28130096868338317, 2.7224995217479053, -2.071826524065946, -1.7917591776439492, -0.9557778874192981, 0.9666787027203774, -3.2733002576384633]], "greedy": [[[17.571183137876563, -4.003101407032015, -1.8563889162922718, -0.634791165203289, -10.108789376736015, -2.729997225065484, -2.8534648381976835], [1.880715553512373, 1.0506386543012654, 0.7590170462214594, 1.4053542672760944, 2.341583145778986, -5.7938563633556885, -1.726522132872399], [-6.167637787940604, -0.758820123810408, 2.9072047582819858, -0.09328479424670179, 0.3039900214660126, 6.869034752672561, 3.4979298345308125]], [[-10.532075587043424, -1.6115881073546536, -1.4817655211725187, -1.7140319140029752, -1.2168384922076725, -1.3270344313077496, -1.5558253937344269], [-2.086261735739562, 2.4864226654605517, 0.7552941583952024, 2.638755464836653, 0.7474612252833226, 1.0033419088467916, 1.7751957153980031], [9.574950230373895, -0.03310479231520919, 0.4401124693385557, 0.3995982829557415, 0.7012344121404024, -0.0403635747597731, 0.07856075730865746]], [[-10.381428169912356, -1.613324222693803, -1.4806288208517824, -1.7636445690406226, -1.247024657360364, -1.3689979960721728, -1.5627686586251457], [7.034624124973437, 0.586289740215681, 1.765151590293526, 0.6341047941500212, 0.8308884221577398, 0.24350917990487075, 1.2250016579731935], [8.130323000412726, 0.5624360101646095, 0.5953045055561316, -0.036595646940187014, 0.25073691539860654, -0.7551326511552563, 0.2581131676242837]], [[-1.0445324896050243, -3.3549710206021057, 0.5975180291219865, -1.267187201072407, -0.7026136557120974, 0.1739204600141209, 5.939489615644622], [-9.557928393972556, 5.705359472756383, 2.380352589815555, 0.27636010224466706, 2.3257473838804215, 1.7204489235200748, -4.062381404685879], [7.892324646363463, 0.8034709416928721, -2.4415694982349048, -1.8118724501821386, -3.4278370919882293, -8.360889498697002, -7.794510153763801]], [[8.588187127089586, 0.7150996953003909, 0.4856592045807302, -0.11192678876319694, 0.19070861967487665, -1.1862550462126138, 0.15363800740401592], [-10.381428169912356, -1.613324222693803, -1.4806288208517824, -1.7636445690406226, -1.247024657360364, -1.3689979960721728, -1.5627686586251457], [7.4562354710153, 0.550500663012508, 1.7439514143831532, 0.6102331848681898, 0.8026224655124832, 0.07468054473325281, 1.2235104650989546]], [[-1.6050977369006925, 1.0199848872982171, 4.201167534449845, -5.087418183579247, -6.021415813277564, -1.1862960659431192, 1.8063408230067326], [0.9993376288766083, 0.6000073771252853, 2.8293118383446143, 1.356583017466532, 1.971683003286729, -1.7659054327112385, 2.343570713902027], [17.744236662028126, -5.924102127869692, -4.4326433558444025, -0.33641721939427427, -4.931168918164116, -3.294361703766716, -5.097635454953167]], [[-6.797644058929324, -4.817188049190858, 4.472362008223267, -5.74901063419734, 0.19966198649824818, -2.6002336473718337, 1.2727195874317123], [-15.557040507897113, 6.100616259275447, 1.0152809858687033, -1.9072929198802153, 6.623718425798372, 3.95258206904177, -4.736881449529552], [8.64152135373983, -1.1989684539923102, -0.8430296218351624, 2.5408930587056924, 0.9595959285005422, -5.6986758796247825, 0.10002506535040549]], [[27.3260863582181, -10.232486582001378, -2.0455910030999918, 2.002179000459982, -6.090165335017181, -2.2769876905676703, -5.898943483335851], [3.2264910929931636, 3.240220358350885, -3.75255769908415, 3.6688159541897694, -0.9475845383484235, -8.094838114344574, 1.312853301722887], [-16.16465970730593, 4.3967679880908115, 1.2834908483603185, -1.787321165796857, 2.9704709522539785, -0.6345937070140963, 3.2941066719495637]], [[-10.516505728047704, -0.08400746017298336, -0.27488718919898214, -4.407496548477333, 0.3048668644124897, -2.012299467632496, 8.45953006106702], [7.348450782845124, 6.588436145183325, -1.712105224451854, 2.2621707990353483, -4.747014277669439, -6.707604155547111, 3.6163006636801605], [2.0805962738463135, -4.129516848758231, 1.2514278282452638, 7.768705796765866, -4.989938504068341, 3.1661185967840284, -4.919278891133139]], [[7.496095669350332, 1.1314168767734956, 0.04519685222517374, 1.5420509226708914, -0.45387691548303244, -0.5751522074333253, 0.45081972632758377], [2.8893126669986877, -2.6890707646260976, -1.5154592474566262, -2.711081330869773, -4.199615054444368, -4.019408481852818, -2.5279509483504103], [-13.048251000782455, 1.4278164065581962, 8.135501917593876, -2.040485800433202, -2.2761475573311163, 5.867116601604704, -2.3202159704461134]], [[-8.47358627964223, 5.0485973364493315, 1.41234502972492, 0.5874750514408756, 1.092460785258758, 0.47797014635832885, -0.6631930848571528], [5.910754301108142, -3.3754437447337016, 2.894228797869953, 0.5161642856780182, -3.1502850847859794, -0.25771499771385564, -6.611522968588488], [6.7727660282769016, -6.804090543819744, 0.34617602217967913, -0.7769025026218583, -2.1277758360248304, -2.5879187603735514, 3.530066939909881]], [[-12.0334845281855, 5.72094792098702, 1.364052275324038, -0.7167515035695967, 0.8286660377390934, 1.2092492767211422, -1.3252770504268285], [14.571292394914613, -5.402943003168693, -0.6672837933982494, -3.244262993159364, -6.995207077054724, -2.3146600632738394, -1.6415880374241179], [-3.493541111806695, -0.8080215748200946, 1.781172564033342, 4.384095572772082, 1.6017924432843456, -1.7687668740595146, 0.0015997455487806727]], [[-6.908283800987924, 0.06015114042985612, -2.9425961958481475, -6.374526005145377, 3.830585670784952, -3.481798938476067, -4.234635470641237], [2.525920673524574, -1.0286640338868818, 1.5843738862850336, 3.216244048999832, -0.016941393383345788, -0.1680869952003416, 0.10597381699075746], [-5.200359642507658, 0.1923276064760989, 3.027327779732023, 1.3381867169008945, -7.153109173252608, 2.844831491449958, 6.418970146988166]], [[13.940472593060424, 3.080250071948432, -2.1162332005017426, 0.2847339010700833, -3.9833879556826024, -1.7061190883877904, -3.750330274087554], [-20.139671168939298, -0.8630697015875844, 5.747527159852433, 7.707578401908395, -1.049648763282285, 3.704249440236482, 1.2160430984862303], [-6.444925453529306, -1.3115904115317412, 0.718406071006432, -5.444483895685325, -0.534172460716717, -0.3580173145411454, 2.3833192898094415]], [[-11.323297530964888, -1.5435550039262391, 1.569793566441898, -1.531924715316046, 0.772179101104306, 3.7324558730244073, 8.165044452929374], [12.841071663417349, -6.682967158110514, -0.30095069373920047, -0.10530799739012858, -3.865777639553731, -1.2662348545015367, -6.896609553896426], [-2.582874420002371, 4.817918349885208, -0.30659944579931653, 2.0095774995917877, -0.1397319664023165, -3.421067078639183, 2.580648101958527]], [[-14.402896308160365, -3.5331319584868184, -0.12374799083077083, 5.608968303429044, -1.3975225498072428, 5.076315114460206, -1.8550350227848302], [8.111205776277952, 2.8097747308058767, -4.816598289258632, -1.5893212583695375, -4.821006229222805, -1.867134091608281, 0.5202090575805401], [-3.559702044158275, 1.2200474587408023, 4.4024369309625255, 0.8211706057425021, 1.521662938830965, -1.4405314022921898, -1.2650674866615057]], [[12.622899795131255, -7.2354677128830955, -2.213269939598624, -0.50083633809114, -2.096408181534868, -3.0559728086106017, 1.8634074945835695], [-5.501127510595807, -3.004764951136981, 0.41652589436937676, 0.3165483860112985, 0.040876667454827965, 8.779664395953871, -0.600383172674284], [0.6729040839083869, 