{"ground_truth": [[-10, 0.2, 0.4, 0.3], [10, -0.2, -0.4, -0.3]], "milp": [[-9.959570041866789, 0.2399288584508729, 0.3916386480154287, 0.1847843882642203], [9.781344745680682, -0.038365250235709636, -0.30274529339776945, -0.3407351133466195]], "refit_milp_assignment": [[-9.962148914422452, 0.2401867827695761, 0.3919331500259736, 0.18522576940826546], [9.783996179682989, -0.03894108110579236, -0.30298369781653367, -0.34094601987484646]], "refit_ground_truth_assignment": [[-9.962148914422452, 0.2401867827695761, 0.3919331500259736, 0.18522576940826546], [9.783996179682989, -0.03894108110579236, -0.30298369781653367, -0.34094601987484646]]}