{"ground_truth": [[-10, 0.2, 0.4, 0.3], [10, -0.2, -0.4, -0.3]], "milp": [[-12.529013304767455, 0.2223054640376252, 1.1182429542440935, 0.28209850846963724], [13.177005139803914, -0.09409710839989052, -0.5224327525453203, -0.6147100814958139]], "refit_milp_assignment": [[-12.532726172488207, 0.22290670433741602, 1.1189222553270881, 0.2827505804270831], [13.180402033525938, -0.09461651083083845, -0.5228066907643072, -0.6152309217680706]], "refit_ground_truth_assignment": [[-12.532726172488207, 0.22290670433741602, 1.1189222553270881, 0.2827505804270831], [13.180402033525938, -0.09461651083083845, -0.5228066907643072, -0.6152309217680706]]}