{"ground_truth": [[-0.048767779247710516, 0.16968672696298626, 0.740861077701583], [0.44849025801657355, 0.29918161839827295, -0.2592888909728118]], "milp": [[-0.09678040339048713, -7.240708908924218e-05, -0.061996253009541306], [0.389484775623575, 0.9584912252511233, 5.080070052126349]], "refit_milp_assignment": [[-0.09683329414902644, 6.9267367153467105e-06, -0.06226071937905472], [0.378891308251742, 0.9563663586816581, 5.217744953167252]], "refit_ground_truth_assignment": [[-0.04806370872648094, 0.1703441095200254, 0.7401318959328549], [0.44450887527522487, 0.296725835338698, -0.2557980309559507]]}