{"ground_truth": [[10, -1.7660608572190664, -1.413355308228081, -1.8560097112596645, -1.1320869263662225, -1.6438619571676838, -1.5550663085297431, -1.3190135451473592, -1.877806113832666, -1.6494940898390182, -1.0355339425387657, -1.9237335743674273, -1.2622753314825257, -1.2605459334975622, -1.8805598297242203, -1.854980357112006, -1.4268035350844768], [-10, 1.448120552422819, 1.971647017170056, 1.1989242071918067, 1.2174385638200418, 1.4832537620231678, 1.8060242965906148, 1.1671852508644323, 1.2067495631259413, 1.432746531114243, 1.5538464821190594, 1.3867532785860324, 1.509981958861582, 1.3057679965492714, 1.921952783656865, 1.904180092537728, 1.2245952133003788]], "milp": [[9.867336593203131, -1.74908738933184, -1.3810436354550226, -1.772663562782002, -1.1444503386195701, -1.6547942442338095, -1.5742829230220952, -1.2944616592668585, -1.8059301375785646, -1.6316458504168072, -1.1068090798664376, -1.8816265984896217, -1.2030013433411941, -1.1823933530641642, -1.8801199270275895, -1.91785570406861, -1.5279027308799948], [-10.12672944629807, 1.5329465273857577, 1.9162760440120719, 1.2078699530248216, 1.2516689675196644, 1.4313735242926775, 1.868796706363021, 1.0822914085009658, 1.2587209801887587, 1.4433683756484421, 1.6214139558727998, 1.4616472356300534, 1.4974034717664082, 1.3751709338751612, 1.8617279590462996, 1.9658300820531471, 1.2014968823535692]], "refit_milp_assignment": [[9.94387906127338, -1.7506507127977005, -1.3772695752126443, -1.7781716082849097, -1.1444700513716628, -1.6481567577554457, -1.5884388374029486, -1.2976717563970885, -1.826296371306266, -1.6341868734889793, -1.1122116142760077, -1.893162982613864, -1.2120361638257273, -1.1867041761914106, -1.880926306658998, -1.9236023142370002, -1.5325002903454312], [-10.18221262078896, 1.5293273271762549, 1.9212282430305556, 1.208230914000557, 1.2483607442229618, 1.4438880105390455, 1.8711749516358354, 1.076430247966509, 1.2675100238397574, 1.4446358372122041, 1.6205627055483138, 1.460649208374387, 1.5063205326695368, 1.3748626942729822, 1.8770542899057863, 1.9682392875586172, 1.2059097730458401]], "refit_ground_truth_assignment": [[9.987046878070505, -1.7489241565557936, -1.372922501252378, -1.7797021586332504, -1.1392489499413174, -1.642448995132578, -1.5930442747576647, -1.2992739196391936, -1.8391431835854477, -1.640654011929043, -1.1154210948394498, -1.8977025067985487, -1.2201899542345722, -1.1858019685728927, -1.8849514253235353, -1.9311724008997992, -1.5342650316934114], [-10.22026355925189, 1.5303248837004482, 1.923567338808332, 1.2083885493734858, 1.240926850630879, 1.455837540272584, 1.8703663734331812, 1.0690167687464625, 1.2738852174075852, 1.4477089279231363, 1.618999201736082, 1.45915540771624, 1.5135402811152558, 1.3694008950372882, 1.8923247496859665, 1.973092693281192, 1.2102862164351065]]}