{"time_milp": 0.4578728675842285, "time_greedy": 1.0290444612503051, "time_refit_milp_assignment": 0.9090089797973633, "mse_refit_ground_truth_assignment": 22.982045779588375, "r2_refit_ground_truth_assignment": 0.8776075994650111, "weight_mismatch_refit_ground_truth_assignment": 6.124187859322826, "refit-weight_mismatch_refit_ground_truth_assignment": 0.0, "rand_score_refit_ground_truth_assignment": 1.0, "label_mismatch_refit_ground_truth_assignment": 0.0, "mse_milp": 22.98205457300052, "r2_milp": 0.8776075526351148, "weight_mismatch_milp": 6.116551593345337, "refit-weight_mismatch_milp": 0.008372824930888057, "rand_score_milp": 1.0, "label_mismatch_milp": 0.0, "mse_refit_milp_assignment": 22.982045779588375, "r2_refit_milp_assignment": 0.8776075994650111, "weight_mismatch_refit_milp_assignment": 6.124187859322826, "refit-weight_mismatch_refit_milp_assignment": 0.0, "rand_score_refit_milp_assignment": 1.0, "label_mismatch_refit_milp_assignment": 0.0, "mse_greedy": 40.25945776536854, "r2_greedy": 0.7855956024368902, "weight_mismatch_greedy": 9.776964858687094, "refit-weight_mismatch_greedy": 6.819069365077537, "rand_score_greedy": 0.8553291316526611, "label_mismatch_greedy": 0.12541666666666668, "mse_greedy_sem": 6.089833854045853, "r2_greedy_sem": 0.032431811832778656, "weight_mismatch_greedy_sem": 1.6035825580331877, "refit-weight_mismatch_greedy_sem": 2.624597002573646, "rand_score_greedy_sem": 0.05086537381668095, "label_mismatch_greedy_sem": 0.04469468795705981, "mse_ground_truth": 43.42024836248564, "r2_ground_truth": 0.7876883893792034, "weight_mismatch_ground_truth": 0, "rand_score_ground_truth": 1, "label_mismatch_ground_truth": 0, "mse_baseline_sklearn": 186.84829799518968, "r2_baseline_sklearn": 0.004927065813293496, "mse_milp_val": 33.64966165376827, "r2_milp_val": 0.8533639181542398, "label_mismatch_milp_val": 0.0, "mse_refit_milp_assignment_val": 33.63916071462131, "r2_refit_milp_assignment_val": 0.8534096783936163, "label_mismatch_refit_milp_assignment_val": 0.0, "mse_greedy_val": 64.71094494790498, "label_mismatch_greedy_val": 0.12375, "mse_greedy_val_sem": 10.9565183644746, "label_mismatch_greedy_val_sem": 0.044249033590398446, "r2_greedy_val": 0.7180072858582563, "r2_greedy_val_sem": 0.04774552981152348, "mse_refit_ground_truth_assignment_val": 33.63916071462131, "r2_refit_ground_truth_assignment_val": 0.8534096783936163, "label_mismatch_refit_ground_truth_assignment_val": 0.0, "mse_ground_truth_val": 51.53206115578895, "r2_ground_truth_val": 0.7754372803188416, "label_mismatch_ground_truth_val": 0.0, "mse_baseline_sklearn_val": 229.71285620434224, "r2_baseline_sklearn_val": -0.001026207335761642, "random_state": 4}