{"X": [[0.16648430518905877, 0.887466345547341], [-3.272392191336908, 4.280541616809977], [-2.5868711703897262, -0.683494731312408], [2.0057628343160854, -1.4905761732144631], [-1.1159044377246778, -0.8180152298536987], [2.102908089092849, 5.584416025629915], [1.083078785996807, -1.2358508902270335], [2.0781166411615777, -0.19231939961293398], [0.9617390069576971, 3.350002439000582], [-0.4957418985877249, 1.0180505019466501], [-0.756215786480684, 0.6871316592307527], [1.5131409040025914, -0.9775580975392435], [0.3223560679416073, 0.5276319382947974], [-0.27531002496860246, -1.3752245727705685], [-1.8424344546082536, 0.6930096086461017], [0.461886079567973, 5.462733577773209], [-3.8695351530420883, 1.2254530096332978], [1.7408890733264686, 3.7192677253451922], [2.0037144135626264, -0.6884274076597237], [1.0000195229431923, 2.0847051442980584], [0.37298360601318226, 2.542023476138823], [-2.736181309127527, 4.462369331960936], [3.9353560211468257, 0.3286453229523051], [2.2226815591474347, 1.0959411837363768], [-0.6582705780295575, 1.1754204368166628], [3.00073177310139, 0.2378149649693001], [0.2486611538420127, 0.8510584742120381], [1.8669926601531417, 3.5567584605437363], [-0.26935861035872466, 2.0167924853668637], [1.432232012527364, -2.717224772246995], [0.1613670356946223, 0.7353422031265133], [0.9208595206127886, 1.6520068667739611], [-3.0806460974574303, 1.0925110462833938], [-0.355351154656083, -1.8788780534772362], [2.0485928600206975, 2.470559152130405], [-0.3065005355840713, 2.6849125631426802], [0.23696703646982764, 1.1329780182922897], [-1.197477893992113, 4.168974112791353], [-4.318898912766977, 0.8170947542186837], [2.390239210093983, -3.066933092245227], [0.6210614705752384, 0.8455626692940856], [2.649406010873963, 3.496425841194068]], "y": [-11.211181709903354, -12.15883968026255, -5.565706024120566, -9.562977387882, -7.602733376707526, -20.583076430673536, -8.775043801587874, -11.867968221949077, -16.149027249642334, -10.568900698119693, -10.286678262237137, -10.685821110447085, -11.018088431143878, -8.673884580145906, -1.4334849607383395, 8.657217668718294, -3.113825132435408, 8.496353726161725, 2.3418684855024483, 4.4404494553163705, 5.641195000925585, 3.1493821756725393, 6.810626814079992, 4.768871170403855, 1.40841188746909, 5.443247663802093, 1.9008847005255887, 8.480573779926269, 9.87442404254141, 9.725653849131398, 9.788817617767416, 11.183425730993143, 9.79443788251363, 9.247721614708718, 10.863187657266705, 9.62741937777035, 10.241426302978589, 9.317314559940037, 8.985726559695955, 10.030761229719438, 10.515895703984638, 10.700267325801788], "z": [0, 0, 0, 0, 0, 0, 0, 0, 0, 0, 0, 0, 0, 0, 1, 1, 1, 1, 1, 1, 1, 1, 1, 1, 1, 1, 1, 1, 2, 2, 2, 2, 2, 2, 2, 2, 2, 2, 2, 2, 2, 2], "regression_weights": [[[-10], -1.2146357463999538, -1.416753440195337], [[1], 1.356158065851805, 1.3385186732845586], [[10], 0.1, 0.1]], "ground_truth_mse": 0.2255519993962094, "ground_truth_r2": 0.9974027668095825, "train": [0, 1, 2, 3, 4, 5, 6, 7, 8, 9, 10, 11, 12, 13, 14, 15, 16, 17, 18, 19, 20, 21, 22, 23, 24, 25, 26, 27, 28, 29, 30, 31, 32, 33, 34, 35, 36, 37, 38, 39, 40, 41], "val": null, "input_args": {"N": 42, "K": 3, "D": 2, "noise_std": 0.5, "outlier_ratio": 0.0}}