{"ground_truth": [[-10, 0.2, 0.4, 0.3], [10, -0.2, -0.4, -0.3]], "milp": [[-9.59436157077823, 0.1580443621185718, 0.2053873522437606, 0.22113664939696867], [10.33470542139466, -0.6670677422648312, -0.846946893507829, 0.09314991874453266]], "greedy": [[[6.612755590061039, -1.2313748679507317, -0.8654075057345184, -2.958465195591701], [-5.854435559873412, 0.06536265363731021, -1.3043353894906988, 4.505058894004323]], [[-8.798040852227322, -0.25054614499342437, -0.13182281291986866, 0.18803573771352236], [10.956407620779451, -0.9647832870742886, -1.1761211021377307, 0.024913265926973273]], [[-8.798040852227322, -0.25054614499342437, -0.13182281291986866, 0.18803573771352236], [10.956407620779451, -0.9647832870742886, -1.1761211021377307, 0.024913265926973273]], [[-8.798040852227322, -0.25054614499342437, -0.13182281291986866, 0.18803573771352236], [10.956407620779451, -0.9647832870742886, -1.1761211021377307, 0.024913265926973273]], [[-8.798040852227322, -0.25054614499342437, -0.13182281291986866, 0.18803573771352236], [10.956407620779451, -0.9647832870742886, -1.1761211021377307, 0.024913265926973273]], [[10.956407620779451, -0.9647832870742886, -1.1761211021377307, 0.024913265926973273], [-8.798040852227322, -0.25054614499342437, -0.13182281291986866, 0.18803573771352236]], [[-8.798040852227322, -0.25054614499342437, -0.13182281291986866, 0.18803573771352236], [10.956407620779451, -0.9647832870742886, -1.1761211021377307, 0.024913265926973273]], [[0.7125367154241808, 1.6011309315769144, -3.215316641439763, 2.409042576424095], [0.902381684655088, -2.4413605260422666, 1.8834684322906443, -1.7019990880509774]], [[-3.540035531855505, 2.1974456860362324, -1.3840705036790937, 3.055545134632498], [4.523571202720566, -3.3652135407554553, -0.2178493233094262, -1.7904682436491366]], [[-8.798040852227322, -0.25054614499342437, -0.13182281291986866, 0.18803573771352236], [10.956407620779451, -0.9647832870742886, -1.1761211021377307, 0.024913265926973273]], [[-1.3437749972030884, -0.9063008336634628, -2.969430862585639, 0.9645320828615569], [3.7765768614235955, -1.0595726470773477, 2.051242397494169, -0.6695356171989967]], [[-8.798040852227322, -0.25054614499342437, -0.13182281291986866, 0.18803573771352236], [10.956407620779451, -0.9647832870742886, -1.1761211021377307, 0.024913265926973273]], [[5.478747851809723, -2.21882170718864, 0.41395471843831694, -2.350937624264277], [-5.884139354173328, 1.413652467810732, -1.7526156619386952, 4.0121441893325684]], [[-8.49751876072333, 1.4044172890577142, -1.211792051251246, 3.113045107924512], [7.852883528417855, -2.2594453402558954, 0.04955546214271611, -1.6707257962149296]], [[-8.798040852227322, -0.25054614499342437, -0.13182281291986866, 0.18803573771352236], [10.956407620779451, -0.9647832870742886, -1.1761211021377307, 0.024913265926973273]], [[-3.540035531855505, 2.1974456860362324, -1.3840705036790937, 3.055545134632498], [4.523571202720566, -3.3652135407554553, -0.2178493233094262, -1.7904682436491366]], [[10.956407620779451, -0.9647832870742886, -1.1761211021377307, 0.024913265926973273], [-8.798040852227322, -0.25054614499342437, -0.13182281291986866, 0.18803573771352236]], [[-8.798040852227322, -0.25054614499342437, -0.13182281291986866, 0.18803573771352236], [10.956407620779451, -0.9647832870742886, -1.1761211021377307, 0.024913265926973273]], [[-8.798040852227322, -0.25054614499342437, -0.13182281291986866, 0.18803573771352236], [10.956407620779451, -0.9647832870742886, -1.1761211021377307, 0.024913265926973273]], [[4.177308332735264, -0.38211581877962053, -4.156883099215734, 1.4348263163150914], [-0.7603061153346722, -0.9946404497454827, 2.7690175136145494, -1.4611796369584475]]], "refit_milp_assignment": [[-9.598030620884584, 0.15857307643374002, 0.20577569416274347, 0.2217599423561809], [10.337489503342894, -0.6673967110246639, -0.8474864846301222, 0.09284886504991703]], "refit_ground_truth_assignment": [[-9.573110338691878, 0.36718642783976807, 0.2909076049379367, 0.03192706978488349], [10.252114381636808, -0.41391396331583713, -0.7953271536407118, -0.05027502187723085]]}