{"ground_truth": [[-10, 0.2, 0.4, 0.3], [10, -0.2, -0.4, -0.3]], "milp": [[-11.795793785065982, -0.025044763803371645, 0.4403591006910695, 0.16886289999218862], [11.853902983394988, -0.30202172727008714, -0.6448190761612406, -0.1963683633034402]], "refit_milp_assignment": [[-11.800007730386396, -0.024360004762474057, 0.44103823105839324, 0.16946173906006828], [11.857743223126544, -0.3026443434382021, -0.6455495812496925, -0.1967194425817873]], "refit_ground_truth_assignment": [[-11.800007730386396, -0.024360004762474057, 0.44103823105839324, 0.16946173906006828], [11.857743223126544, -0.3026443434382021, -0.6455495812496925, -0.1967194425817873]]}