{"ground_truth": [[-10, 0.2, 0.4, 0.3], [10, -0.2, -0.4, -0.3]], "milp": [[-13.72563509359062, 0.5684236669887969, -0.020444844205337345, 0.5385053041803951], [12.479812634904745, -0.17752114198610539, -0.2998968013570217, -0.371380276800669]], "refit_milp_assignment": [[-13.730272769008993, 0.5690772444882851, -0.019820464510136745, 0.5396575700365809], [12.483070123711297, -0.1780132011775815, -0.3001994474489478, -0.37184319025164353]], "refit_ground_truth_assignment": [[-13.730272769008993, 0.5690772444882851, -0.019820464510136745, 0.5396575700365809], [12.483070123711297, -0.1780132011775815, -0.3001994474489478, -0.37184319025164353]]}