{"ground_truth": [[-10, 0.2, 0.4, 0.3], [10, -0.2, -0.4, -0.3]], "milp": [[-10.054443611335216, 0.22965498670272774, 0.3214102754919041, 0.27445796307844783], [9.890327331865201, -0.17013613624951135, -0.38081112157157354, -0.3093637209444595]], "greedy": [[[-10.057703537853996, 0.23030267390053663, 0.3218485100149205, 0.2749206389724595], [9.893217405197, -0.17070571613946017, -0.3812759738477811, -0.309798190713126]], [[9.893217405197, -0.17070571613946017, -0.3812759738477811, -0.309798190713126], [-10.057703537853996, 0.23030267390053663, 0.3218485100149205, 0.2749206389724595]], [[-3.4811449403859682, 2.220455345448211, 2.7104181663033815, -1.394547409212889], [1.8462518897077826, -2.5040117576221013, -2.4390609417650992, 1.3223815373009913]], [[-10.057703537853996, 0.23030267390053663, 0.3218485100149205, 0.2749206389724595], [9.893217405197, -0.17070571613946017, -0.3812759738477811, -0.309798190713126]], [[1.4668934093898676, -3.4266709410377114, 0.004084623416938673, 1.979658733657168], [-2.7200157405358865, 3.7274780789571036, -0.24346293824984924, -2.246733688942142]], [[-4.511837657628282, -2.635579922588035, 0.5956135971938568, 2.890032399885268], [3.833551980633098, 2.025046580044555, -1.003351154476712, -2.887725735542014]], [[-10.057703537853996, 0.23030267390053663, 0.3218485100149205, 0.2749206389724595], [9.893217405197, -0.17070571613946017, -0.3812759738477811, -0.309798190713126]], [[-10.057703537853996, 0.23030267390053663, 0.3218485100149205, 0.2749206389724595], [9.893217405197, -0.17070571613946017, -0.3812759738477811, -0.309798190713126]], [[9.893217405197, -0.17070571613946017, -0.3812759738477811, -0.309798190713126], [-10.057703537853996, 0.23030267390053663, 0.3218485100149205, 0.2749206389724595]], [[6.846188887093127, -2.7979366652607878, -1.9473753696056062, -2.5010165076271784], [-6.746623905990298, 3.8332188033718153, 1.7831278231256307, 2.4179444096049627]], [[-10.057703537853996, 0.23030267390053663, 0.3218485100149205, 0.2749206389724595], [9.893217405197, -0.17070571613946017, -0.3812759738477811, -0.309798190713126]], [[9.893217405197, -0.17070571613946017, -0.3812759738477811, -0.309798190713126], [-10.057703537853996, 0.23030267390053663, 0.3218485100149205, 0.2749206389724595]], [[2.7012038041047646, 0.14711509281729193, 1.4850877479257223, -2.5834959269417013], [-4.253008337665331, -0.7198171760393324, -1.5915893313654892, 3.2084554286853644]], [[-7.70812345727312, 1.5305216096050343, 2.935882604550951, 1.7185634921978066], [8.034982373739718, -1.749794077677178, -2.79072449876204, -2.8739947038578126]], [[9.893217405197, -0.17070571613946017, -0.3812759738477811, -0.309798190713126], [-10.057703537853996, 0.23030267390053663, 0.3218485100149205, 0.2749206389724595]], [[-10.057703537853996, 0.23030267390053663, 0.3218485100149205, 0.2749206389724595], [9.893217405197, -0.17070571613946017, -0.3812759738477811, -0.309798190713126]], [[1.7605171250191216, -0.07215764925929831, 1.7877725584314954, -2.4540969595894717], [-3.4980417234241123, -0.08587331619020036, -1.9593022825849526, 3.127605221988786]], [[7.055220702285286, -0.08605539626684504, -1.2754443789855392, -3.4890093201425545], [-6.7716810249570045, -0.9395243047136048, 0.8584612885604296, 3.676225783303431]], [[-6.323473746478371, -0.7401679983342916, 1.0486230080343975, 3.821558532393208], [6.56149890711845, -0.050244360264103116, -1.512915299907781, -3.6340328634822154]], [[5.888361571878992, 1.1546266439073638, -1.7995899367233266, -3.177473502962624], [-5.805727217609453, -2.04673719081781, 1.2042027414785124, 2.844864323309891]]], "refit_milp_assignment": [[-10.057745054899513, 0.2303158809667428, 0.3218675191675395, 0.2749326096139124], [9.893258767826353, -0.1707222906331677, -0.3812909084239273, -0.3098167633606056]], "refit_ground_truth_assignment": [[-10.057745054899513, 0.2303158809667428, 0.3218675191675395, 0.2749326096139124], [9.893258767826353, -0.1707222906331677, -0.3812909084239273, -0.3098167633606056]]}