{"ground_truth": [[-10, 0.2, 0.4, 0.3], [10, -0.2, -0.4, -0.3]], "milp": [[-11.549087849708265, 0.9807152970968173, 0.24212241211987312, -0.1664283270683708], [9.550265385120909, -0.7640684746555305, -0.7942836170922232, 0.022025843498178932]], "greedy": [[[-7.011998359180904, -0.021143747535677965, 2.939908693642691, -0.6530004257882766], [1.6180620096407035, 0.3195065277628457, -3.650962317551352, 2.305736860426653]], [[-5.682596196146416, -0.3725136991748028, 3.1041325022565505, -0.02336517860711488], [0.14524521624058195, 0.8219415265328703, -4.434452034954689, 1.5590900107788568]], [[-8.275314547314032, 0.22308820701467255, 2.8149656069574127, -0.448283778164926], [3.981242776000427, -0.1745573512451214, -3.3107287804722056, 1.7163841548491245]], [[-11.60070524400014, 0.8749916025472791, 0.1544038145521218, -0.07460957840382769], [9.51407435662667, -0.8387363444963822, -0.820494899833567, 0.07134793449169774]], [[-11.60070524400014, 0.8749916025472791, 0.1544038145521218, -0.07460957840382769], [9.51407435662667, -0.8387363444963822, -0.820494899833567, 0.07134793449169774]], [[-11.60070524400014, 0.8749916025472791, 0.1544038145521218, -0.07460957840382769], [9.51407435662667, -0.8387363444963822, -0.820494899833567, 0.07134793449169774]], [[9.51407435662667, -0.8387363444963822, -0.820494899833567, 0.07134793449169774], [-11.60070524400014, 0.8749916025472791, 0.1544038145521218, -0.07460957840382769]], [[9.51407435662667, -0.8387363444963822, -0.820494899833567, 0.07134793449169774], [-11.60070524400014, 0.8749916025472791, 0.1544038145521218, -0.07460957840382769]], [[-9.265567884723689, 0.25061118683507705, 1.3689981019318491, 3.235534949282444], [6.8334431688368795, 0.3175991650077762, -1.747975479258863, -2.765710095727192]], [[-11.60070524400014, 0.8749916025472791, 0.1544038145521218, -0.07460957840382769], [9.51407435662667, -0.8387363444963822, -0.820494899833567, 0.07134793449169774]], [[-11.60070524400014, 0.8749916025472791, 0.1544038145521218, -0.07460957840382769], [9.51407435662667, -0.8387363444963822, -0.820494899833567, 0.07134793449169774]], [[-11.60070524400014, 0.8749916025472791, 0.1544038145521218, -0.07460957840382769], [9.51407435662667, -0.8387363444963822, -0.820494899833567, 0.07134793449169774]], [[-11.60070524400014, 0.8749916025472791, 0.1544038145521218, -0.07460957840382769], [9.51407435662667, -0.8387363444963822, -0.820494899833567, 0.07134793449169774]], [[-11.60070524400014, 0.8749916025472791, 0.1544038145521218, -0.07460957840382769], [9.51407435662667, -0.8387363444963822, -0.820494899833567, 0.07134793449169774]], [[-11.60070524400014, 0.8749916025472791, 0.1544038145521218, -0.07460957840382769], [9.51407435662667, -0.8387363444963822, -0.820494899833567, 0.07134793449169774]], [[-11.60070524400014, 0.8749916025472791, 0.1544038145521218, -0.07460957840382769], [9.51407435662667, -0.8387363444963822, -0.820494899833567, 0.07134793449169774]], [[-11.60070524400014, 0.8749916025472791, 0.1544038145521218, -0.07460957840382769], [9.51407435662667, -0.8387363444963822, -0.820494899833567, 0.07134793449169774]], [[9.51407435662667, -0.8387363444963822, -0.820494899833567, 0.07134793449169774], [-11.60070524400014, 0.8749916025472791, 0.1544038145521218, -0.07460957840382769]], [[-11.60070524400014, 0.8749916025472791, 0.1544038145521218, -0.07460957840382769], [9.51407435662667, -0.8387363444963822, -0.820494899833567, 0.07134793449169774]], [[9.51407435662667, -0.8387363444963822, -0.820494899833567, 0.07134793449169774], [-11.60070524400014, 0.8749916025472791, 0.1544038145521218, -0.07460957840382769]]], "refit_milp_assignment": [[-11.551987948402635, 0.9812020796917298, 0.24240922357868222, -0.16601154908417443], [9.553913175642691, -0.7646840216494372, -0.7947056860436372, 0.021325107605908285]], "refit_ground_truth_assignment": [[-11.432161721598796, 0.9305642128241282, 0.29725849751844796, 0.008269437652918626], [9.587905321596565, -0.7864882463202592, -0.7939933107551214, 0.07031251011995905]]}