{"ground_truth": [[10, -1.3341326886534322, -1.860591362532383, -1.7645707606343362, -1.0505171046647224, -1.998745402527704, -1.601629454401251, -1.716962425991873, -1.0852972606037645], [-10, 1.5567699559595458, 1.9865472165189626, 1.6498614610015387, 1.4421143731837034, 1.7343154792032927, 1.5991755820313933, 1.1623038806501977, 1.3344299734995495]], "milp": [[9.3388109891063, -2.0793657254699274, -1.620838059734133, -1.503230646710693, -0.9139589904614756, -1.7908381087569465, -1.3587367735247833, -1.5469896214266163, -1.3145445808263596], [-8.756859754489371, 0.8268127191941077, 2.235021966899577, 1.5209293070717924, 1.000993270814397, 1.9904452109244524, 0.38093879877764925, 0.5968899520748114, 2.244757846048877]], "refit_milp_assignment": [[9.35510194849975, -2.0812813476747447, -1.6218663352536558, -1.5041711198474845, -0.9143486292233146, -1.792273490596516, -1.3606632659214082, -1.5491539400537935, -1.3169097552837208], [-8.774616316491883, 0.827843140328493, 2.23654437906777, 1.5230541270758022, 1.001653827430802, 1.991883233590223, 0.38284217920633257, 0.5989916389801283, 2.2463765909066145]], "refit_ground_truth_assignment": [[9.9513193262407, -1.3077512658296098, -1.9153266191125753, -1.7377526090991815, -1.156134792477407, -1.9336956671071894, -1.5714300444016234, -1.6393618812998791, -1.1645048668388507], [-10.32300330603096, 1.579599791504223, 2.0615499715332177, 1.6217974835329978, 1.4637784405743814, 1.751155797846045, 1.5343226059865285, 1.1981351752545808, 1.4067091034319912]]}