{"ground_truth": [[-10, 0.2, 0.4, 0.3], [10, -0.2, -0.4, -0.3]], "milp": [[-9.151343186640517, 0.3909348454882466, 0.461325869734478, -0.04429200273915406], [10.133757500274609, 0.08693157196164326, -0.5469252138782406, -0.1803677257725226]], "refit_milp_assignment": [[-9.153826450424322, 0.39126676779805414, 0.46194222652086525, -0.04398712904166202], [10.136708894611901, 0.08652483364185937, -0.5473817644204678, -0.18077597800842823]], "refit_ground_truth_assignment": [[-9.285066103937796, 0.21413722172356214, 0.3215465423114823, -0.08347418653350054], [9.892954880675259, -0.04719864144142839, -0.6006351273346083, -0.22482313716232782]]}