{"ground_truth": [[-10, -1.9740083417899572, -1.5209732995680398, -1.9952159579274715, -1.284220090091822], [1, 1.7115606319430432, 1.7712821510795203, 1.049312348349463, 1.8213105601647581], [10, 0.1, 0.1, 0.1, 0.1]], "milp": [[-8.940792794788955, -2.316321244450515, -1.6192003390794474, -2.13689344988181, -1.0612571317316462], [8.315934352358047, 0.01310592818259845, 0.3315228110312209, -0.09226985844315737, 0.6778373592806182], [0.98139842505574, 1.6744911684966053, 1.6743848747035015, 0.9688231720385094, 1.7464418159813981]], "refit_milp_assignment": [[-9.859752215370351, -2.1199221011239047, -1.5791507281828208, -2.0570184892851153, -1.0659701498656269], [9.674029240388824, -0.06945764141489152, 0.0831506505228537, -0.16424366582074282, 0.3185897369330211], [0.9874950855443521, 1.6807898075534629, 1.7302180313822217, 0.9764380849625186, 1.7722574330283067]], "refit_ground_truth_assignment": [[-9.859752215370351, -2.1199221011239047, -1.5791507281828208, -2.0570184892851153, -1.0659701498656269], [0.8625401286026175, 1.6342927092530652, 1.920026871981694, 1.08161809595322, 1.8729676629616847], [9.953889987791571, 0.07147122830913813, 0.17931054795834767, 0.10153073122214745, 0.15453814074066738]]}