{"time_milp": 6841.875481843948, "time_greedy": 0.4744594573974609, "time_refit_milp_assignment": 6844.580781698227, "mse_refit_ground_truth_assignment": 2.7297580918049795, "r2_refit_ground_truth_assignment": 0.976393358974037, "weight_mismatch_refit_ground_truth_assignment": 2.78236391531921, "refit-weight_mismatch_refit_ground_truth_assignment": 0.0, "rand_score_refit_ground_truth_assignment": 1.0, "label_mismatch_refit_ground_truth_assignment": 0.0, "mse_milp": 2.1758854270375787, "r2_milp": 0.9811831874978576, "weight_mismatch_milp": 3.4231670040047315, "refit-weight_mismatch_milp": 1.1134160084950226, "rand_score_milp": 0.9014084507042254, "label_mismatch_milp": 0.08333333333333333, "mse_refit_milp_assignment": 2.175857731581475, "r2_refit_milp_assignment": 0.9811834270050478, "weight_mismatch_refit_milp_assignment": 3.4082169181934296, "refit-weight_mismatch_refit_milp_assignment": 1.095839963888547, "rand_score_refit_milp_assignment": 0.9014084507042254, "label_mismatch_refit_milp_assignment": 0.08333333333333333, "mse_greedy": 5.268621892765518, "r2_greedy": 0.9544375503098864, "weight_mismatch_greedy": 11.354947983118446, "refit-weight_mismatch_greedy": 10.078433916496254, "rand_score_greedy": 0.8061032863849766, "label_mismatch_greedy": 0.22638888888888892, "mse_greedy_sem": 0.9572063431235165, "r2_greedy_sem": 0.008277812820750822, "weight_mismatch_greedy_sem": 2.2378157429916414, "refit-weight_mismatch_greedy_sem": 2.2861649235250527, "rand_score_greedy_sem": 0.021669082691861054, "label_mismatch_greedy_sem": 0.033267783989799245, "mse_ground_truth": 3.356025610130487, "r2_ground_truth": 0.9710088756309849, "weight_mismatch_ground_truth": 0, "rand_score_ground_truth": 1, "label_mismatch_ground_truth": 0, "mse_baseline_sklearn": 110.82629669037125, "r2_baseline_sklearn": 0.04158664825990399, "mse_milp_val": 5.423795662785625, "r2_milp_val": 0.953217394571433, "label_mismatch_milp_val": 0.10416666666666667, "mse_refit_milp_assignment_val": 5.428936197170341, "r2_refit_milp_assignment_val": 0.9531730552181895, "label_mismatch_refit_milp_assignment_val": 0.10416666666666667, "mse_greedy_val": 9.327068097044895, "label_mismatch_greedy_val": 0.27291666666666664, "mse_greedy_val_sem": 2.7213188726008752, "label_mismatch_greedy_val_sem": 0.02984410640536089, "r2_greedy_val": 0.9195499657954807, "r2_greedy_val_sem": 0.023472563307595937, "mse_refit_ground_truth_assignment_val": 5.039124422796629, "r2_refit_ground_truth_assignment_val": 0.9565353519501739, "label_mismatch_refit_ground_truth_assignment_val": 0.125, "mse_ground_truth_val": 3.344889043033548, "r2_ground_truth_val": 0.9711488717437766, "label_mismatch_ground_truth_val": 0.125, "mse_baseline_sklearn_val": 115.9628386600329, "r2_baseline_sklearn_val": -0.00023010871000250788}