{"ground_truth": [[-10, -1.5826848885290346, -1.0255509418496929], [1, 1.3377979807316742, 1.6124765741267186], [10, 0.1, 0.1], [5, -3.4970737987345126, -3.414905837374687]], "milp": [[5.5248258075012, 2.1174073845364436, -0.9553193536993738], [-7.782068673996806, -2.1393352453372625, 3.0097384658123447], [0.0, 0.0, 0.0], [-1.099027553206751, -3.14297123699662, -2.5268025226598545]], "greedy": [[[-10.413490388320742, -1.960600870505721, -0.5656212656325975], [5.946040461470446, 2.982865221733739, -2.489983805850498], [8.02779792100567, 0.3952679217510305, 0.3806431920893264], [-0.3731832418145107, 3.0047283326290897, 1.4839971281014268]], [[6.955693743927455, -0.48436320268301786, 0.11761108190991483], [1.304436614420593, -1.5343803724362954, -3.386034880164931], [-11.065650862395763, -2.002624549780052, -0.09759210050029189], [5.252589203344027, 2.914299979840273, -0.390043602520028]], [[-7.788824934186583, -2.1414081229717117, 3.0102040787488673], [-3.908463116842798, 4.090195898046071, -2.3845301942000665], [0.06950958467270318, -3.396505844844546, -2.5486295007213866], [7.847788628641982, 2.2117707634864288, -1.8787879389804156]], [[-6.722414392138886, -4.210104710430647, 1.154905749116294], [9.667110926574699, 1.5164823097477167, -1.7427804452114048], [4.925534534887782, 0.9351970921075783, 0.2703715929164229], [-10.052356075126161, -1.7747304583493622, -0.8701636971870421]], [[-7.769537727654692, -2.9471637653561715, 2.098105838778303], [4.080403762003084, 3.209769336913109, -0.6234714358100174], [-5.594793311982531, -1.0268205539429025, -2.24054422218564], [8.084992983788581, -0.3788716919398403, -0.23684327923085302]], [[3.6380771480630782, -1.8620493618954694, -3.7050224614582903], [5.53896499043806, 2.239564394105875, -0.2507961900384125], [-7.787962863947069, -1.5736930692234503, 3.3062781389374463], [-10.96333415564546, -1.2924008951004655, -0.430247771670527]], [[3.4066099657232947, 1.623941507511547, -0.7398010159623439], [-6.426286722358277, -4.030582816389256, -0.835643009667735], [-8.600004945190708, -1.9527363300691718, 3.126538832748336], [9.029313953485952, 2.08487862768524, -1.8607143788223877]], [[6.872470894385715, -0.31856997775389095, 0.36923281507688543], [-11.01725170148356, -2.0781241042497474, -0.42178248722041256], [4.017564947844111, 2.66748081575106, -0.8193257892849276], [2.6118767944591927, 2.5871099927406966, -4.488124007417916]], [[5.975092527583161, 2.8734379361674884, -2.315051996370544], [7.169476245525129, -0.036514856038650054, 0.30644318235505696], [-11.045046578849176, -1.974198357602508, -0.49815617393929207], [-5.061174049422334, -1.597853245434909, 0.48980030854579815]], [[3.3183026137643745, 1.747787690563368, -0.9106481616027314], [-7.016804373970538, -0.4253787488504366, -2.101634626423901], [10.315460102654795, 1.059990529365965, -1.3617593869483033], [-8.171994320808041, -2.024819053178982, 2.9919771643617286]], [[5.286492014061734, 0.5415669349975749, -0.25236153172042775], [8.324858792890028, 2.3372521518408482, -1.820125724710183], [-5.830213072490473, -0.9339402070484406, 2.898277154121133], [-7.0704900223644565, -4.3828044340855055, -0.4328165312859914]], [[-0.3938236533922037, -1.6047714865091913, -3.332323873065429], [5.569580101436923, -0.4103438547001633, 0.39012806297294406], [-8.877558604493984, -2.334203184033101, 2.0825709642851153], [8.447382948822668, 2.303611540870223, -1.4057439287793305]], [[-5.594793311982531, -1.0268205539429025, -2.24054422218564], [-8.157279646156702, -2.0381726608179758, 2.9856574086665035], [4.930798907319441, 2.7279886408257834, -1.2474058077633285], [8.039639171185433, -0.2952336111428482, -0.4040012711535286]], [[6.528200781651115, -4.989377060851109, -2.5564607605330067], [-5.39538125298537, -2.76265258573221, 3.7414764116202837], [-3.513631085631566, 0.2860516818183321, -0.5468043325477673], [7.2261142911839125, 2.244795095758792, -5.975875462948948]], [[6.063511071537388, 2.52640395106499, 0.1752113027358222], [-7.769537727654692, -2.9471637653561715, 2.098105838778303], [1.6038178388333861, -2.589115762614267, -3.5178524797932327], [1.0848892295947261, 2.2926347780794805, -0.25705070264775215]], [[0.8276723230905363, -1.299698638005102, -3.7915526872788594], [10.592510730406474, 1.6215343443725834, -2.696195980923593], [-8.600961897233272, -1.334588121400109, 3.1096476885771476], [5.385560887589781, -0.11771414510156165, 0.18415754640997126]], [[-5.342898706881581, -5.811525112112814, -0.3253196956397907], [9.399649866809476, 0.0999929262929682, -1.617442714335257], [4.2543453572812115, 2.598308257805708, 0.4659460252335672], [-9.857980192683085, -1.4609155051246512, -0.6647483803521503]], [[-1.3572010025071242, 0.5289173209929738, -3.7758968697318234], [-7.41056915453917, -1.9915311098163044, 3.105815025548467], [7.460045208163194, 1.9764127213807647, -1.7984961022508124], [-5.871204034733208, -4.277402211781913, 0.4639885139467067]], [[-2.000427591003541, 1.1022685941098405, 2.017040178540127], [2.320027107690501, -0.44055944803162317, -2.7518716018729057], [-6.320348449448512, -4.579402029537293, 0.609719428845988], [10.396079293037582, 1.184715332391558, -6.362636635022071]], [[4.351080983715963, 0.6017537019286716, -5.379840569399715], [-8.016714017178227, -1.7170807054766364, 3.215483116373112], [6.5517292290058595, 2.7854292380807384, -0.8567854480801903], [6.292048302398932, -1.2514334804442784, -1.4574999046064938]]], "refit_milp_assignment": [[5.528655064538121, 2.117026446687668, -0.9563113133934947], [-7.791413785252849, -2.1403863143585853, 3.011310467292544], [0.0, 0.0, 0.0], [-1.111644773308619, -3.146685507288521, -2.5224814796453874]], "refit_ground_truth_assignment": [[-10.589108938903856, -2.27850519077024, -0.7130725391499566], [2.299473249111043, 1.7672034428969978, 0.4330724812503593], [10.496423790814003, 0.3587484543305046, -0.7305934341560095], [3.701841416037267, -2.450187596018185, -3.7514693691916317]]}