{"ground_truth": [[-10, -1.4359949021420038, -1.0259262318278912], [1, 1.4503375221212909, 1.5646776073817232], [10, 0.1, 0.1]], "milp": [[0.0, 0.0, 0.0], [7.8548454183530385, 0.27718578948398626, 0.14232319111340214], [-9.372866168673267, -1.271948116628949, -1.1171382449790268]], "greedy": [[[-10.692014541469275, -0.882773453564773, -1.156433701733179], [10.005135057756261, -1.0009170222990538, -1.3577179208397177], [2.884202623562336, 1.235013810455658, 1.2087525875285703]], [[-11.83096274845517, -1.0303986474821762, -0.7239779229494984], [11.086306515399908, -0.02194442399804664, 0.03209745857516471], [-0.28372496961215043, 0.6044536980370643, 1.3487987830865171]], [[1.20951443936705, 1.0869753423118873, 0.0054533285027493885], [-10.692014541469275, -0.882773453564773, -1.156433701733179], [11.303105446117891, 0.24519766148555255, -0.3937593386495189]], [[11.086306515399908, -0.02194442399804664, 0.03209745857516471], [-11.83096274845517, -1.0303986474821762, -0.7239779229494984], [-0.28372496961215043, 0.6044536980370643, 1.3487987830865171]], [[-0.36547874484871645, -0.8840640261209922, -3.9894337715934802], [-5.692484263207596, -0.40437544287773874, 4.890404047049861], [0.07236644754377064, 2.788690014617138, 1.950458034054606]], [[-13.063562755522481, -0.38564262071611655, 2.7966417185062125], [3.340673882276537, 0.3356633443319937, 2.5614987045605053], [2.8643598544723288, -0.6516053593641917, -3.9091345994416433]], [[10.652637211732676, 0.1142235875162465, -0.07927860039556006], [-0.6365087521795966, 0.7015114454436335, 1.2131961622434626], [-11.83096274845517, -1.0303986474821762, -0.7239779229494984]], [[-5.407435067868856, 1.7861337705330158, 2.3110947522816065], [-7.961509598390325, -1.7792549951850558, -1.8704678944579687], [9.839791932780802, 0.12995497481265342, 0.04342016353324111]], [[7.5542394486388975, 0.940706792570171, 0.36313245569891567], [-8.047892972547237, 1.7521607840129891, 0.5143224261811525], [-1.278642068123962, -5.171458041209172, -1.7210717311819754]], [[-10.94553846834209, -0.8953604720197726, -1.0790479267868982], [0.5486488011756236, 0.8874727719449446, 0.46760582382457394], [11.023855809304784, 0.10877090574652402, -0.21063518725392]], [[-10.692014541469275, -0.882773453564773, -1.156433701733179], [1.023218936048878, 1.360851296864466, 0.1886740732414023], [11.417462615005093, 0.09897572540703883, -0.40776280546602833]], [[-7.7830677787425095, -1.8416311485827592, -2.1401889144523443], [0.5410077495032883, -0.01046578304930108, 4.0385860105890625], [4.248145392390056, 1.962619705859674, -0.3202614957916881]], [[0.5410077495032883, -0.01046578304930108, 4.0385860105890625], [4.248145392390056, 1.962619705859674, -0.3202614957916881], [-7.7830677787425095, -1.8416311485827592, -2.1401889144523443]], [[1.817892909818906, 1.0619771585064066, 3.4021347198182235], [8.415167554557664, 0.4610975920138282, -0.8222626372307101], [-11.83096274845517, -1.0303986474821762, -0.7239779229494984]], [[1.8209752855548311, 0.9017320528052095, 3.222736145538809], [8.29648861116979, 0.436792185276749, -0.9003660031211478], [-11.83096274845517, -1.0303986474821762, -0.7239779229494984]], [[11.417462615005093, 0.09897572540703883, -0.40776280546602833], [1.023218936048878, 1.360851296864466, 0.1886740732414023], [-10.692014541469275, -0.882773453564773, -1.156433701733179]], [[1.023218936048878, 1.360851296864466, 0.1886740732414023], [-10.692014541469275, -0.882773453564773, -1.156433701733179], [11.417462615005093, 0.09897572540703883, -0.40776280546602833]], [[3.18578965619389, 1.6265130377565267, 2.7124257694146285], [-9.043303812403256, 1.4969766147507917, 2.839828473503184], [1.5902880340307304, -2.4813195928654466, -4.102635819296486]], [[7.9874366564257056, 0.8466975417401292, -2.0082039438772066], [3.6684529405353317, 1.2486193939774597, 1.7487838190138292], [-10.692014541469275, -0.882773453564773, -1.156433701733179]], [[11.303105446117891, 0.24519766148555255, -0.3937593386495189], [-10.692014541469275, -0.882773453564773, -1.156433701733179], [1.20951443936705, 1.0869753423118873, 0.0054533285027493885]]], "refit_milp_assignment": [[0.0, 0.0, 0.0], [7.857448500637025, 0.2767735542289853, 0.14189796103855115], [-9.375752760587694, -1.2718646036034749, -1.1167036609857826]], "refit_ground_truth_assignment": [[-10.71050655628513, -1.110996460311779, -1.0805147674119095], [0.3384945185934951, 1.82267361676179, 1.533771447377644], [10.891900766340715, -0.27098273903616305, -0.16248055199684458]]}