{"ground_truth": [[-10, 0.2, 0.4], [10, -0.2, -0.4]], "milp": [[-11.388594186642045, 0.7589547309413827, 0.5940896569354545], [10.194567722182226, -0.13060839994895904, -0.3795592409571079]], "greedy": [[[0.2351779133043318, 1.9154545950026274, -3.339081021004939], [-2.2846025490105566, -1.1395115352214054, 4.036235270808739]], [[0.2351779133043318, 1.9154545950026274, -3.339081021004939], [-2.2846025490105566, -1.1395115352214054, 4.036235270808739]], [[4.550292898735529, -2.5979364486293424, 1.8736055016811353], [-6.940914787420398, 3.1691319871820203, -1.5760336234352288]], [[-11.685306117702112, 0.8075439593142161, 0.6218902341138318], [10.486546466592877, -0.17133695333770738, -0.4328455201649181]], [[-0.6485107972261357, -2.9019003384158184, -0.1419496088011489], [-0.892325313654406, 3.271825399880285, 1.4240129938162513]], [[10.486546466592877, -0.17133695333770738, -0.4328455201649181], [-11.685306117702112, 0.8075439593142161, 0.6218902341138318]], [[-11.685306117702112, 0.8075439593142161, 0.6218902341138318], [10.486546466592877, -0.17133695333770738, -0.4328455201649181]], [[0.9829471832973488, -2.991841756238323, 2.0901826101736023], [-3.222284406592295, 3.490891322529104, -1.7142532421402996]], [[10.486546466592877, -0.17133695333770738, -0.4328455201649181], [-11.685306117702112, 0.8075439593142161, 0.6218902341138318]], [[-5.734255853616379, 3.6442708246786646, -1.0564467746445285], [3.5258186732591277, -3.2180390733238142, 1.370039464567882]], [[-11.685306117702112, 0.8075439593142161, 0.6218902341138318], [10.486546466592877, -0.17133695333770738, -0.4328455201649181]], [[10.486546466592877, -0.17133695333770738, -0.4328455201649181], [-11.685306117702112, 0.8075439593142161, 0.6218902341138318]], [[-1.4837425947956433, 3.320928454341326, -1.943171487808398], [-0.7544402985389836, -2.7963921467509536, 2.41298667738424]], [[-11.685306117702112, 0.8075439593142161, 0.6218902341138318], [10.486546466592877, -0.17133695333770738, -0.4328455201649181]], [[5.272559566282753, -1.0403789137822368, 2.396227231673378], [-8.214501978195914, 1.8592361164694255, -1.7118326542844715]], [[3.7662427398496625, -0.08729367881529355, -3.8793029595330144], [-3.8918331703070908, 0.3449940014942699, 4.53566488194583]], [[-11.685306117702112, 0.8075439593142161, 0.6218902341138318], [10.486546466592877, -0.17133695333770738, -0.4328455201649181]], [[10.486546466592877, -0.17133695333770738, -0.4328455201649181], [-11.685306117702112, 0.8075439593142161, 0.6218902341138318]], [[3.7662427398496625, -0.08729367881529355, -3.8793029595330144], [-3.8918331703070908, 0.3449940014942699, 4.53566488194583]], [[-1.4837425947956433, 3.320928454341326, -1.943171487808398], [-0.7544402985389836, -2.7963921467509536, 2.41298667738424]]], "refit_milp_assignment": [[-11.689691258787683, 0.8109227201461693, 0.6243489681221568], [10.490542531061436, -0.17276117285577616, -0.4355804635260361]], "refit_ground_truth_assignment": [[-11.81641516268395, 0.8190607675571293, 0.5598017041128825], [10.371558075887265, -0.18980160869807464, -0.51962612881874]]}