{"time_milp": 1375.2697882652283, "time_refit_milp_assignment": 1375.7395083904266, "mse_CLR": 4.186407439187168, "r2_CLR": 0.9296979283763629, "rand_score_CLR": 1.0, "label_mismatch_CLR": 0.0, "time_CLR": 0.00433802604675293, "mse_refit_ground_truth_assignment": 4.186424446466514, "r2_refit_ground_truth_assignment": 0.9343258532368374, "weight_mismatch_refit_ground_truth_assignment": 2.4446852677691346, "refit-weight_mismatch_refit_ground_truth_assignment": 0.0, "rand_score_refit_ground_truth_assignment": 1.0, "label_mismatch_refit_ground_truth_assignment": 0.0, "mse_milp": 4.362635628934295, "r2_milp": 0.9315615565902164, "weight_mismatch_milp": 22.594564750601442, "refit-weight_mismatch_milp": 22.42390608763055, "rand_score_milp": 0.49440993788819876, "label_mismatch_milp": 0.4714285714285714, "mse_refit_milp_assignment": 4.362598458010628, "r2_refit_milp_assignment": 0.9315621397056476, "weight_mismatch_refit_milp_assignment": 22.610769657651673, "refit-weight_mismatch_refit_milp_assignment": 22.440249305028672, "rand_score_refit_milp_assignment": 0.49440993788819876, "label_mismatch_refit_milp_assignment": 0.4714285714285714, "mse_greedy": NaN, "r2_greedy": NaN, "mse_ground_truth": 4.554019943060344, "r2_ground_truth": 0.9285592328423963, "weight_mismatch_ground_truth": 0, "rand_score_ground_truth": 1, "label_mismatch_ground_truth": 0, "mse_baseline_sklearn": 12.614337930545789, "r2_baseline_sklearn": 0.8021174429975183, "random_state": 12}