{"ground_truth": [[-5, 2, 4], [5, -2, -4]], "milp": [[11.13097813994386, -2.7451209602829434, -4.599595647649236], [1.3613043630308848, -1.8517054985866852, -3.29856742893502]], "refit_milp_assignment": [[11.149404676654111, -2.7461846193363297, -4.605091403898661], [1.36345945398973, -1.851561340131672, -3.299601330297268]], "refit_ground_truth_assignment": [[-4.162466794004909, 0.9733288756704636, 3.4879786773908847], [5.981114001462808, -2.0139212251838563, -4.2937297454468295]]}