{"time_milp": 1.9793930053710938, "time_greedy": 0.27204370498657227, "time_refit_milp_assignment": 3.042382001876831, "mse_refit_ground_truth_assignment": 28.8011419213332, "r2_refit_ground_truth_assignment": 0.8741396330158151, "weight_mismatch_refit_ground_truth_assignment": 13.339989382661901, "refit-weight_mismatch_refit_ground_truth_assignment": 0.0, "rand_score_refit_ground_truth_assignment": 1.0, "label_mismatch_refit_ground_truth_assignment": 0.0, "mse_milp": 34.71690626608386, "r2_milp": 0.8482878708372199, "weight_mismatch_milp": 21.590547028910468, "refit-weight_mismatch_milp": 10.211558727489535, "rand_score_milp": 0.7572590011614402, "label_mismatch_milp": 0.2857142857142857, "mse_refit_milp_assignment": 34.716284231330306, "r2_refit_milp_assignment": 0.848290589115633, "weight_mismatch_refit_milp_assignment": 21.718441960486494, "refit-weight_mismatch_refit_milp_assignment": 10.398266429875882, "rand_score_refit_milp_assignment": 0.7572590011614402, "label_mismatch_refit_milp_assignment": 0.2857142857142857, "mse_greedy": 23.430464629407346, "r2_greedy": 0.8976093765684041, "weight_mismatch_greedy": 37.46734954083071, "refit-weight_mismatch_greedy": 37.54588793467214, "rand_score_greedy": 0.7319396051103368, "label_mismatch_greedy": 0.3178571428571429, "mse_greedy_sem": 1.7269354806767796, "r2_greedy_sem": 0.007546670682352167, "weight_mismatch_greedy_sem": 3.5966366062814816, "refit-weight_mismatch_greedy_sem": 3.4948394412908175, "rand_score_greedy_sem": 0.014853295511290813, "label_mismatch_greedy_sem": 0.019563426398882547, "mse_ground_truth": 43.911071221162835, "r2_ground_truth": 0.8081095689309945, "weight_mismatch_ground_truth": 0, "rand_score_ground_truth": 1, "label_mismatch_ground_truth": 0, "mse_baseline_sklearn": 223.28632878631007, "r2_baseline_sklearn": 0.024243574773667342, "random_state": 2}