{"ground_truth": [[-10, 0.2, 0.4, 0.3], [10, -0.2, -0.4, -0.3]], "milp": [[-9.897776893724913, 0.23204724160127643, 0.407589942713806, 0.22801025342135783], [9.854228598256952, -0.21701811446430924, -0.35843851495562035, -0.3130995630766707]], "refit_milp_assignment": [[-9.900729373786485, 0.2323001668890576, 0.4079958659289919, 0.22851747029494393], [9.857560499110143, -0.21752831917121354, -0.3588832002187308, -0.3136846050304467]], "refit_ground_truth_assignment": [[-9.900729373786485, 0.2323001668890576, 0.4079958659289919, 0.22851747029494393], [9.857560499110143, -0.21752831917121354, -0.3588832002187308, -0.3136846050304467]]}