{"ground_truth": [[-10, 0.2, 0.4, 0.3], [10, -0.2, -0.4, -0.3]], "milp": [[11.942851182827354, -0.24040292186256104, -0.2620363308903417, -0.2326405274717485], [-12.415782639852248, 0.5819074562475652, 0.24832000596188686, -0.023348673509718587]], "greedy": [[[-5.757117546768981, -0.8953472940498506, 1.0486442925120782, 3.932945448995029], [5.391299408158396, 1.4078611348428138, -0.8519728475572202, -4.268248645588834]], [[11.945950570561035, -0.2409381242607403, -0.26242071314826243, -0.2329511774404821], [-12.41936631900792, 0.5824147911498202, 0.24908185213496264, -0.022915718453790427]], [[11.945950570561035, -0.2409381242607403, -0.26242071314826243, -0.2329511774404821], [-12.41936631900792, 0.5824147911498202, 0.24908185213496264, -0.022915718453790427]], [[11.945950570561035, -0.2409381242607403, -0.26242071314826243, -0.2329511774404821], [-12.41936631900792, 0.5824147911498202, 0.24908185213496264, -0.022915718453790427]], [[-11.567969347632198, 2.6142573330161087, 4.3948346179485505, 0.22305174978597805], [9.805140901375218, -2.8961520080340786, -3.2128825253267754, 0.3026176890848146]], [[-5.754707291735265, 3.4217806591472564, 1.443436061237839, -2.569629806785675], [6.105662349732209, -3.399971769925372, -1.9453261984516204, 2.5200679588101766]], [[11.945950570561035, -0.2409381242607403, -0.26242071314826243, -0.2329511774404821], [-12.41936631900792, 0.5824147911498202, 0.24908185213496264, -0.022915718453790427]], [[9.647292131976329, -3.2596737384531562, -3.057978898119877, 0.3104702724098465], [-11.233562676025338, 3.01926483822235, 4.08801692220517, 0.1591702967996154]], [[-12.41936631900792, 0.5824147911498202, 0.24908185213496264, -0.022915718453790427], [11.945950570561035, -0.2409381242607403, -0.26242071314826243, -0.2329511774404821]], [[9.805140901375218, -2.8961520080340786, -3.2128825253267754, 0.3026176890848146], [-11.567969347632198, 2.6142573330161087, 4.3948346179485505, 0.22305174978597805]], [[-12.41936631900792, 0.5824147911498202, 0.24908185213496264, -0.022915718453790427], [11.945950570561035, -0.2409381242607403, -0.26242071314826243, -0.2329511774404821]], [[-12.41936631900792, 0.5824147911498202, 0.24908185213496264, -0.022915718453790427], [11.945950570561035, -0.2409381242607403, -0.26242071314826243, -0.2329511774404821]], [[11.945950570561035, -0.2409381242607403, -0.26242071314826243, -0.2329511774404821], [-12.41936631900792, 0.5824147911498202, 0.24908185213496264, -0.022915718453790427]], [[-12.41936631900792, 0.5824147911498202, 0.24908185213496264, -0.022915718453790427], [11.945950570561035, -0.2409381242607403, -0.26242071314826243, -0.2329511774404821]], [[9.805140901375218, -2.8961520080340786, -3.2128825253267754, 0.3026176890848146], [-11.567969347632198, 2.6142573330161087, 4.3948346179485505, 0.22305174978597805]], [[-11.233562676025338, 3.01926483822235, 4.08801692220517, 0.1591702967996154], [9.647292131976329, -3.2596737384531562, -3.057978898119877, 0.3104702724098465]], [[9.805140901375218, -2.8961520080340786, -3.2128825253267754, 0.3026176890848146], [-11.567969347632198, 2.6142573330161087, 4.3948346179485505, 0.22305174978597805]], [[4.81316236626816, 1.0704898852810525, 0.6894366790592602, -4.189048911318791], [-4.233797911965725, -0.8307905764931236, -0.5940834403131355, 3.821606247068997]], [[11.945950570561035, -0.2409381242607403, -0.26242071314826243, -0.2329511774404821], [-12.41936631900792, 0.5824147911498202, 0.24908185213496264, -0.022915718453790427]], [[-1.6364671415080398, 2.8889041754033338, 0.45996797124175515, -3.8200480894341418], [3.1478101874530062, -2.76345807939848, -1.3957782234562768, 3.294907925807022]]], "refit_milp_assignment": [[11.945975874326056, -0.2409479020223355, -0.26243315035620324, -0.23295853352144624], [-12.419404604401011, 0.5824355533299397, 0.24909819221175264, -0.022915231493518647]], "refit_ground_truth_assignment": [[-12.419404604401011, 0.5824355533299397, 0.24909819221175264, -0.022915231493518647], [11.945975874326056, -0.2409479020223355, -0.26243315035620324, -0.23295853352144624]]}