{"time_milp": 56.0177640914917, "time_refit_milp_assignment": 56.90922713279724, "mse_refit_ground_truth_assignment": 8.738103399576765, "r2_refit_ground_truth_assignment": 0.9216312306493297, "weight_mismatch_refit_ground_truth_assignment": 12.79294277515803, "refit-weight_mismatch_refit_ground_truth_assignment": 0.0, "rand_score_refit_ground_truth_assignment": 1.0, "label_mismatch_refit_ground_truth_assignment": 0.0, "mse_milp": 4.545223535837402, "r2_milp": 0.9592355962571314, "weight_mismatch_milp": 7.495581858482173, "refit-weight_mismatch_milp": 11.652854898549686, "rand_score_milp": 0.834920634920635, "label_mismatch_milp": 0.2222222222222222, "mse_refit_milp_assignment": 4.545060195800019, "r2_refit_milp_assignment": 0.9592370611926134, "weight_mismatch_refit_milp_assignment": 7.519182082010399, "refit-weight_mismatch_refit_milp_assignment": 11.685282956281192, "rand_score_refit_milp_assignment": 0.834920634920635, "label_mismatch_refit_milp_assignment": 0.2222222222222222, "mse_greedy": NaN, "r2_greedy": NaN, "mse_ground_truth": 14.984623331024165, "r2_ground_truth": 0.8656085381534184, "weight_mismatch_ground_truth": 0, "rand_score_ground_truth": 1, "label_mismatch_ground_truth": 0, "mse_baseline_sklearn": 106.59276373612933, "r2_baseline_sklearn": 0.04401257145792947, "random_state": 12}