{"time_milp": 14.71436595916748, "time_greedy": 0.12849215269088746, "time_refit_milp_assignment": 15.158276081085205, "mse_refit_ground_truth_assignment": 0.5190991492865775, "r2_refit_ground_truth_assignment": 0.40534821378485963, "weight_mismatch_refit_ground_truth_assignment": 5.592839186460039e-07, "refit-weight_mismatch_refit_ground_truth_assignment": 0.0, "rand_score_refit_ground_truth_assignment": 1.0, "label_mismatch_refit_ground_truth_assignment": 0.0, "mse_milp": 0.20342100998242083, "r2_milp": 0.7669719414759553, "weight_mismatch_milp": 24.943671246518043, "refit-weight_mismatch_milp": 24.94367069909331, "rand_score_milp": 0.49927557229788466, "label_mismatch_milp": 0.47058823529411764, "mse_refit_milp_assignment": 0.20342021776184419, "r2_refit_milp_assignment": 0.7669728490008118, "weight_mismatch_refit_milp_assignment": 25.12022960257508, "refit-weight_mismatch_refit_milp_assignment": 25.120229055069487, "rand_score_refit_milp_assignment": 0.49927557229788466, "label_mismatch_refit_milp_assignment": 0.47058823529411764, "mse_greedy": 0.2133385734466911, "r2_greedy": 0.7556109195266117, "weight_mismatch_greedy": 21.426740608535685, "refit-weight_mismatch_greedy": 21.426740101913662, "rand_score_greedy": 0.5012846517917512, "label_mismatch_greedy": 0.4642156862745098, "mse_greedy_sem": 0.011825902171371926, "r2_greedy_sem": 0.013547111104837363, "weight_mismatch_greedy_sem": 1.261644743490249, "refit-weight_mismatch_greedy_sem": 1.2616447321079391, "rand_score_greedy_sem": 0.000803397864270483, "label_mismatch_greedy_sem": 0.005544795220922741, "mse_ground_truth": NaN, "r2_ground_truth": NaN, "weight_mismatch_ground_truth": 0, "rand_score_ground_truth": 1, "label_mismatch_ground_truth": 0, "mse_baseline_sklearn": 0.5525527878859683, "r2_baseline_sklearn": 0.3670255427192959}