{"time_milp": 935.3463792800903, "time_greedy": 0.5634793996810913, "time_refit_milp_assignment": 946.2285611629486, "mse_refit_ground_truth_assignment": 0.08176330292200018, "r2_refit_ground_truth_assignment": 0.999256650333672, "weight_mismatch_refit_ground_truth_assignment": 0.7001210759914539, "refit-weight_mismatch_refit_ground_truth_assignment": 0.0, "rand_score_refit_ground_truth_assignment": 1.0, "label_mismatch_refit_ground_truth_assignment": 0.0, "mse_milp": 5.461991453914763, "r2_milp": 0.9503423983663265, "weight_mismatch_milp": 15.46292637766901, "refit-weight_mismatch_milp": 15.514327228188433, "rand_score_milp": 0.7421752738654147, "label_mismatch_milp": 0.375, "mse_refit_milp_assignment": 6.340604733966656, "r2_refit_milp_assignment": 0.9423545007983796, "weight_mismatch_refit_milp_assignment": 15.63940517990951, "refit-weight_mismatch_refit_milp_assignment": 15.294022721223945, "rand_score_refit_milp_assignment": 0.7421752738654147, "label_mismatch_refit_milp_assignment": 0.375, "mse_greedy": 110.77632732044299, "r2_greedy": -0.007121080092013621, "weight_mismatch_greedy": 22.956050966705313, "refit-weight_mismatch_greedy": 23.271375474626204, "rand_score_greedy": 0.8748043818466353, "label_mismatch_greedy": 0.11111111111111112, "mse_greedy_sem": 0.0, "r2_greedy_sem": 0.0, "weight_mismatch_greedy_sem": 1.4693494276736472e-15, "refit-weight_mismatch_greedy_sem": 8.15048415854e-16, "rand_score_greedy_sem": 0.0, "label_mismatch_greedy_sem": 3.1837828744296875e-18, "mse_ground_truth": 0.08361168869619488, "r2_ground_truth": 0.9992491674604773, "weight_mismatch_ground_truth": 0, "rand_score_ground_truth": 1, "label_mismatch_ground_truth": 0, "mse_baseline_sklearn": 101.92020415584021, "r2_baseline_sklearn": 0.07339421178223393, "mse_milp_val": 9.020479149937211, "r2_milp_val": 0.9203629060841548, "label_mismatch_milp_val": 0.3958333333333333, "mse_refit_milp_assignment_val": 7.367539899952283, "r2_refit_milp_assignment_val": 0.9349558424570694, "label_mismatch_refit_milp_assignment_val": 0.3958333333333333, "mse_greedy_val": 113.4353477627174, "label_mismatch_greedy_val": 0.04166666666666666, "mse_greedy_val_sem": 0.0, "label_mismatch_greedy_val_sem": 1.5918914372148438e-18, "r2_greedy_val": -0.0014613739469666598, "r2_greedy_val_sem": 0.0, "mse_refit_ground_truth_assignment_val": 0.09236028465570588, "r2_refit_ground_truth_assignment_val": 0.9991845993387977, "label_mismatch_refit_ground_truth_assignment_val": 0.0, "mse_ground_truth_val": 0.07464887981784495, "r2_ground_truth_val": 0.9993409640714255, "label_mismatch_ground_truth_val": 0.0, "mse_baseline_sklearn_val": 113.50775932846085, "r2_baseline_sklearn_val": -0.0021006577993931685}