{"time_milp": 18043.71305990219, "time_greedy": 7.248411750793457, "time_refit_milp_assignment": 18047.334397792816, "mse_refit_ground_truth_assignment": 45.76015902974728, "r2_refit_ground_truth_assignment": 0.7898774403899477, "weight_mismatch_refit_ground_truth_assignment": 6.900797073230361, "refit-weight_mismatch_refit_ground_truth_assignment": 0.0, "rand_score_refit_ground_truth_assignment": 1.0, "label_mismatch_refit_ground_truth_assignment": 0.0, "mse_milp": 42.79122294261165, "r2_milp": 0.8035102699774072, "weight_mismatch_milp": 16.293716991343253, "refit-weight_mismatch_milp": 17.646542458896956, "rand_score_milp": 0.7163865546218487, "label_mismatch_milp": 0.375, "mse_refit_milp_assignment": 42.79120635238881, "r2_refit_milp_assignment": 0.8035103461567772, "weight_mismatch_refit_milp_assignment": 16.31192552476457, "refit-weight_mismatch_refit_milp_assignment": 17.666433929884647, "rand_score_refit_milp_assignment": 0.7163865546218487, "label_mismatch_refit_milp_assignment": 0.375, "mse_greedy": 30.635455014734326, "r2_greedy": 0.8593274070938003, "weight_mismatch_greedy": 29.661928705602246, "refit-weight_mismatch_greedy": 28.202485999092705, "rand_score_greedy": 0.6711834733893558, "label_mismatch_greedy": 0.40791666666666665, "mse_greedy_sem": 2.134312421213262, "r2_greedy_sem": 0.00980038527972169, "weight_mismatch_greedy_sem": 2.5551109905418006, "refit-weight_mismatch_greedy_sem": 2.674889474503251, "rand_score_greedy_sem": 0.01508045624411518, "label_mismatch_greedy_sem": 0.02058603221172604, "mse_ground_truth": 54.950952549095426, "r2_ground_truth": 0.7476749415333002, "weight_mismatch_ground_truth": 0, "rand_score_ground_truth": 1, "label_mismatch_ground_truth": 0, "mse_baseline_sklearn": 213.06996576486537, "r2_baseline_sklearn": 0.021617920327689166, "random_state": 42}