{"ground_truth": [[-10, -1.7460448792654233, -1.5833687650971595, -1.962172548474542], [1, 1.6251294204762958, 1.7142879137181393, 1.1314008718105397], [10, 0.1, 0.1, 0.1]], "milp": [[-5.28194625850621, -2.5507405594806065, -3.91851611245045, -3.005132601033237], [9.049988667943296, -0.1534408946600132, 1.4644167515925983, 0.4556584328522291], [-4.789921279926741, -3.9428619856440745, -0.6731142884832181, -2.537745688817161]], "greedy": [[[7.862206579014065, 0.5558954587442101, 0.3997284131204104, 0.5765286922023417], [30.808603459250186, -19.47648893163996, -5.027483923822775, -24.38695733876813], [-9.006142857845514, -1.9400054229915007, -1.5806176770917741, -2.4838117737008663]], [[-5.619399638394544, -2.4659441499186556, -3.928545839848887, -3.039407563584349], [3.3210498924129483, -2.9182030642141252, 4.561651659511227, -4.612890356035186], [11.112668936482756, -0.7176106087078957, 0.292563269118806, 0.42614768261116526]], [[-0.5241121042372536, -1.8335812051848577, 3.3021744755819302, -5.965902507381681], [-4.437612272440937, -2.910736477683212, -4.437124284471449, -3.0542111164479318], [11.527514303446821, -0.5822511889209044, 0.5357702851563841, 0.18286828478600328]], [[2.3821356297479834, 1.22242048762545, 1.6282603547657786, 1.2767061380320908], [-8.553384298946241, -2.2224840931973233, -2.9618494041144783, -2.775312207920634], [21.47101677899076, -3.114905652676207, 2.7250120200809076, -1.8715086816059767]], [[6.187188544040267, -9.217526229328845, -2.017833327145045, 1.1510213338149975], [7.8129424314584295, -1.9552981956392286, -9.48838646864794, -1.6780322932185274], [-2.034092464630352, 1.4306457677000153, 4.575174518302876, 0.4306297482146099]], [[-8.225144966634373, -2.0294766688943953, -1.8448380257243058, -2.7521790588456523], [20.867515269811506, -7.533110607335222, -12.71680557409465, -6.347665108853909], [6.241263479121229, 0.5630632465167821, 2.1752682296029606, 0.6278695207434665]], [[11.516862675097702, -6.962275176432826, 1.6198426783735669, -9.363015796482657], [-0.49519414541051177, 1.713119910090772, 1.3615684287898835, 1.9988150769461135], [20.996647497579207, -6.582752678085943, -10.651867643195207, -5.732850318778289]], [[-8.981951849920199, -2.017911905358841, -1.658115723273791, -2.5499555838195915], [45.90829160197731, -15.55794570343756, -9.014258561610768, -22.78481016477861], [5.868810922029284, 0.9486618690224216, 0.31266657750037125, 0.8358836565576354]], [[11.112668936482756, -0.7176106087078957, 0.292563269118806, 0.42614768261116526], [-5.619399638394544, -2.4659441499186556, -3.928545839848887, -3.039407563584349], [3.3210498924129483, -2.9182030642141252, 4.561651659511227, -4.612890356035186]], [[-4.834414429864527, -3.2608609268122635, -3.985500214642094, -3.0712054286175765], [8.765274628363803, 0.2448670256669933, 0.13702735468557412, 0.5290762765268348], [13.058254045015234, -8.124280151011106, 4.848200043074112, -3.9658464206855033]], [[-6.822885448834912, -3.914653888993518, -3.2630429682701565, -2.610209528429954], [7.379935684583087, 0.32222276500691804, 0.4052481697450445, 0.9281023582139984], [17.332281597020152, -9.601595694166933, 3.269357674781337, -6.368290817904646]], [[10.932060158397675, -0.715120683818201, 1.4290213300066195, 0.24322258684385], [-7.623902448711349, -2.656801793649459, -2.0927174323430626, -2.5323972041084737], [16.457676754326133, -2.755747459049031, -14.204650611163979, -6.000863082099989]], [[-0.5731592837959436, 1.853170593289202, 1.6630975932458671, 1.820347888568037], [15.461756063183293, -9.280154515678365, 1.866372855476823, -9.250034766449993], [15.002741762425778, -3.8702096929302887, -10.086015849382424, -4.86306794037172]], [[-9.602362419551303, 3.001872381277052, -2.289816564003832, -0.5174316713412029], [20.60943374159748, -5.725251422938037, -11.407914253248737, -6.608576911523638], [1.1181369930035672, 0.4360528899814519, 4.197835039306796, 1.2119003846505454]], [[-4.9056541060848815, -2.6557930070856033, -4.075957656678724, -3.091750525604192], [10.763980125663178, -6.245522375848703, 6.552703697659498, -0.3973043877187435], [7.39459950658329, 0.39264115563934493, 0.3785499195249045, 0.880773479506976]], [[2.1634161058819608, -0.6667138162195092, -7.82943318844691, 1.402544163607358], [1.0166339533636424, -1.531507095648467, 5.843552947824675, -2.1843126010911122], [9.027518221502877, -8.739586510661962, -1.5372658303212434, 0.7607758447341528]], [[7.3340843767141495, 0.2956922659107872, 1.8526742852324893, 0.5898170553132892], [-8.292323473883755, -2.187033768526464, -1.9983659207578508, -2.4073512916054702], [14.04667339512547, -7.886121766706207, -13.87884577382461, -2.861998480786412]], [[2.1301918586084136, 0.44475480278086116, 1.3698117987960636, 2.1600926703576593], [17.38321569437365, -4.705957104504785, -10.378493372840381, -4.704235899553973], [8.959715874032728, -5.340906453574493, 1.5652463135636236, -9.046504044198437]], [[5.121364156291228, -4.729587820465386, -13.56514688455637, 0.38447807194272243], [11.26522144317419, -0.8106846774388796, 1.180673385445126, 0.16318133441438593], [-7.393845338676369, -2.6539209516675486, -1.7810273961668794, -2.4655862588354953]], [[-0.01683173287513018, 1.4645104987410584, 1.3599025713298645, 2.052035173002759], [20.67090960695048, -6.44526894292376, -10.63283975374306, -5.715005244091672], [12.268642571180198, -7.355470741275576, 1.6493163217234583, -9.474832649901355]]], "refit_milp_assignment": [[-5.284006587483306, -2.550451062910498, -3.9182674119561987, -3.0050942314985885], [9.05371022029605, -0.15415894908550215, 1.463888496916006, 0.45501513519426484], [-4.816459856741594, -3.947180204102334, -0.6869905126940573, -2.5367227503404]], "refit_ground_truth_assignment": [[-8.961900290528014, -2.4829078289635733, -2.693216764451158, -2.6082822721156877], [1.7073132681944712, 0.48043447492009556, 3.6272112297754413, 1.1055826374518671], [12.65098536738292, -0.3711472949770724, -0.24573282081522446, -0.3616320289466684]]}