{"time_milp": 1.0393717288970947, "time_refit_milp_assignment": 2.101848840713501, "mse_refit_ground_truth_assignment": 0.2615332018825508, "r2_refit_ground_truth_assignment": 0.9978948840983232, "weight_mismatch_refit_ground_truth_assignment": 0.12126830033198256, "refit-weight_mismatch_refit_ground_truth_assignment": 0.0, "rand_score_refit_ground_truth_assignment": 1.0, "label_mismatch_refit_ground_truth_assignment": 0.0, "mse_milp": 0.8016673703566097, "r2_milp": 0.9935472715622888, "weight_mismatch_milp": 3.0216258302076833, "refit-weight_mismatch_milp": 2.964332418450724, "rand_score_milp": 0.9686411149825784, "label_mismatch_milp": 0.023809523809523808, "mse_refit_milp_assignment": 0.2616258883242195, "r2_refit_milp_assignment": 0.9978941380526937, "weight_mismatch_refit_milp_assignment": 0.13888948370864948, "refit-weight_mismatch_refit_milp_assignment": 0.03521745532156782, "rand_score_refit_milp_assignment": 0.9686411149825784, "label_mismatch_refit_milp_assignment": 0.023809523809523808, "mse_greedy": NaN, "r2_greedy": NaN, "mse_ground_truth": 0.27827376155560923, "r2_ground_truth": 0.997760137082965, "weight_mismatch_ground_truth": 0, "rand_score_ground_truth": 1, "label_mismatch_ground_truth": 0, "mse_baseline_sklearn": 102.16578246007094, "r2_baseline_sklearn": 0.17765388212338618, "random_state": 7}