{"time_milp": 1.0178349018096924, "time_greedy": 1.7208277106285095, "time_refit_milp_assignment": 1.898427963256836, "mse_refit_ground_truth_assignment": 0.2552720359165168, "r2_refit_ground_truth_assignment": 0.9971811802306542, "weight_mismatch_refit_ground_truth_assignment": 0.2686238757274698, "refit-weight_mismatch_refit_ground_truth_assignment": 0.0, "rand_score_refit_ground_truth_assignment": 1.0, "label_mismatch_refit_ground_truth_assignment": 0.0, "mse_milp": 7.232892847345182, "r2_milp": 0.920131395221355, "weight_mismatch_milp": 10.182899211035089, "refit-weight_mismatch_milp": 10.16950543596444, "rand_score_milp": 0.7015098722415796, "label_mismatch_milp": 0.40476190476190477, "mse_refit_milp_assignment": 6.870151415593416, "r2_refit_milp_assignment": 0.9241369366638853, "weight_mismatch_refit_milp_assignment": 9.256719287296566, "refit-weight_mismatch_refit_milp_assignment": 9.215623142706583, "rand_score_refit_milp_assignment": 0.7015098722415796, "label_mismatch_refit_milp_assignment": 0.40476190476190477, "mse_greedy": 4.148873000249866, "r2_greedy": 0.9541864223724295, "weight_mismatch_greedy": 9.552312362853552, "refit-weight_mismatch_greedy": 9.489254908169713, "rand_score_greedy": 0.7536585365853659, "label_mismatch_greedy": 0.2976190476190476, "mse_greedy_sem": 0.8297633909974453, "r2_greedy_sem": 0.009162591750503837, "weight_mismatch_greedy_sem": 1.7119269833060617, "refit-weight_mismatch_greedy_sem": 1.7222968563876608, "rand_score_greedy_sem": 0.028547501432751806, "label_mismatch_greedy_sem": 0.038989350742187165, "mse_ground_truth": 0.27827376155560934, "r2_ground_truth": 0.9969271856294526, "weight_mismatch_ground_truth": 0, "rand_score_ground_truth": 1, "label_mismatch_ground_truth": 0, "mse_baseline_sklearn": 86.9293866677366, "r2_baseline_sklearn": 0.040089633020921944, "random_state": 7}