{"time_milp": 3.2971582412719727, "time_greedy": 1.6559761881828308, "time_refit_milp_assignment": 4.207762002944946, "mse_refit_ground_truth_assignment": 0.2056261373602767, "r2_refit_ground_truth_assignment": 0.9990175052574822, "weight_mismatch_refit_ground_truth_assignment": 1.0081386252791864, "refit-weight_mismatch_refit_ground_truth_assignment": 0.0, "rand_score_refit_ground_truth_assignment": 1.0, "label_mismatch_refit_ground_truth_assignment": 0.0, "mse_milp": 7.475134205386676, "r2_milp": 0.9642833340610825, "weight_mismatch_milp": 23.826211145912886, "refit-weight_mismatch_milp": 23.568386171292556, "rand_score_milp": 0.6782810685249709, "label_mismatch_milp": 0.5, "mse_refit_milp_assignment": 7.40359097236856, "r2_refit_milp_assignment": 0.9646251721717691, "weight_mismatch_refit_milp_assignment": 34.92272185904143, "refit-weight_mismatch_refit_milp_assignment": 34.612460512054064, "rand_score_refit_milp_assignment": 0.6782810685249709, "label_mismatch_refit_milp_assignment": 0.5, "mse_greedy": 10.351478280042574, "r2_greedy": 0.9505399794112304, "weight_mismatch_greedy": 29.538417728048262, "refit-weight_mismatch_greedy": 29.336801324052068, "rand_score_greedy": 0.6236933797909409, "label_mismatch_greedy": 0.48452380952380947, "mse_greedy_sem": 1.755975409957354, "r2_greedy_sem": 0.00839016202133273, "weight_mismatch_greedy_sem": 3.233526659694148, "refit-weight_mismatch_greedy_sem": 3.2238417516637, "rand_score_greedy_sem": 0.0201082621303142, "label_mismatch_greedy_sem": 0.029881963357469465, "mse_ground_truth": 0.28935143686593817, "r2_ground_truth": 0.9986174604595006, "weight_mismatch_ground_truth": 0, "rand_score_ground_truth": 1, "label_mismatch_ground_truth": 0, "mse_baseline_sklearn": 186.3421289763806, "r2_baseline_sklearn": 0.10964547416419446, "random_state": 8}