{"ground_truth": [[-10, -1.860513700994852, -1.7548324476660868, -1.2807710437011672, -1.4929957183360734, -1.1372616131871762, -1.6247439952860923], [1, 1.047916303176421, 1.1073228852079078, 1.5428690980187016, 1.007465564427704, 1.0117285869495385, 1.491153284324144], [10, 0.1, 0.1, 0.1, 0.1, 0.1, 0.1]], "milp": [[-2.1777176359593313, -3.1718027095239645, -3.405732324529406, -0.8253879016342994, -2.5106462594401604, 1.3831529279722086, 1.1765007026921261], [2.3573640483807003, 1.2261471193866076, 0.7698334265887466, 1.2260132584296424, 1.0949402271454445, 0.9370617436282129, 0.8982308718889842], [-1.9553379288540973, -0.889510278410838, -0.9994295539081097, -3.411625977434936, -0.2496927596237306, -2.9329758849874317, -2.8905561496808767]], "greedy": [[[-12.613987728997252, 3.5759602057207633, -1.8984753319994874, 5.387651179061798, 2.1920884775873675, -6.449232282645317, -1.7724560065415702], [8.149624663952695, -2.539597442867123, 4.160163311788362, 1.8451460910729012, -3.1807351169961255, 3.9995982311580764, -3.8129714913364663], [8.555442333066857, -2.211213081405666, -3.41131774649055, 0.49804646639649747, -4.369678756110206, 4.72475766791172, 4.048378911864364]], [[-4.882695339927833, 0.3720693656189899, 3.290642155508898, 0.43163783439551173, 3.875989795182536, -0.14776128070019054, -2.1745773586145116], [0.023085756157585013, 3.717803465046214, -5.8775857023848905, -2.2555110101148026, 0.52993931166359, 0.16516555612437422, 0.6145974010012556], [7.837564194451907, -0.654744432033367, -0.8753556608842136, -0.04882816128737546, -8.998416343040924, -3.963437822871803, 3.864818986837102]], [[-4.474827632190534, -1.0871971574612371, -1.5071520231230349, 2.5750362798851745, -3.396524689522163, 2.490418982313294, 0.8067229105393919], [-14.103543780075887, 5.109001828065661, 5.363159789975812, 0.6978234543381534, 4.342273473345315, -0.3057851090174651, -0.6827169037035331], [8.67152647869637, -0.8765253424299052, -5.133211562474556, -4.665457701913317, -5.090645195313267, 0.2614945014821211, -2.836349476234425]], [[1.0709734022091841, 0.49660972592309505, -0.006483476013135393, -0.48000637786333206, -5.7778662308672, 0.6998128595641046, 5.970165262901251], [0.29958463109119826, -0.5427854458552874, -1.7469190768192377, 2.807999906202982, -2.6607202138161665, -2.3372479899538, -5.421399382513002], [-14.726533390270507, 4.22151255412113, 4.084597455658814, 0.2652243338311825, 6.05563979818885, -0.3263752903967715, -0.48655576440023446]], [[-2.4505454233514294, 2.6057502368008825, -1.2160449060120686, -0.059237052671791836, 0.0513770922892818, 0.8367210062085934, 2.0177825679950088], [-12.544471254788032, -1.4098797569432666, -1.537853777074534, -0.6016090126928976, -1.1619856051024355, -1.0880056412609769, -1.1757825426189454], [6.962879813711501, 0.39034424567844794, 0.04472575404729441, 0.7066887968906359, 0.3963354468725206, 0.6472303512996813, 0.8716687795101156]], [[1.0696155623215606, 1.1725912007123018, 0.7086089704155799, 1.4934206170213178, 0.5781169080681823, 0.6548080863647507, 2.510623986525933], [-2.3948081354563993, -1.0442958026159055, -1.2271057211515155, -3.5678547451790563, 1.7379277152990371, -3.257592076751423, -3.0799801347266684], [5.425036999907014, -2.9805199434812657, -3.4008802267431917, 0.7141056235297256, -5.947748315350591, 4.333624072199133, -0.5647440276569484]], [[-1.2718251906420344, 4.262892850707495, 6.131091849999553, 1.7685691363126261, -1.806066926178995, -6.15071068699734, -2.1384578963994327], [-1.479025911286703, -2.249793053308175, -1.2895642533593588, -0.025286922052174417, -3.8777252912639653, 7.879471014630034, -0.470655941373719], [-7.72309301365005, -1.2861966081913312, -7.404780362632413, 2.676713754466898, 7.215109460367073, 0.33150389078241554, -3.677995549716417]], [[-1.2927884905637788, 2.0602957139823523, 0.17157692058682356, 0.8363911365787444, 0.5284012571759954, 4.013333940957234, -1.7616356517158192], [-8.153672584067811, 5.530697707107878, 2.845817829154779, -0.03952541494984084, -0.4499553209038592, -7.97250221000103, 0.8101430285251457], [-13.973693311339662, -0.40920734313096896, -4.4659547088037685, 4.15692900064434, -1.7143655840618113, 5.446685546878466, 1.2667575807826956]], [[-3.611901622231855, -6.437025621483551, -2.0558843823148636, 1.367424887357719, 1.2067707067290958, 1.5036940562357493, -3.322793478533802], [1.822044217783799, 1.3427839791584901, -0.7962637504073821, 0.7363693742856102, -0.8225658125802214, 3.179843167341552, 1.757534110020248], [-3.587232867635855, 6.3481539890405845, 2.9090290067772666, -1.4428053224800446, 0.6718843270006398, -8.212760033460546, -1.0702173603370144]], [[-0.7277832347729816, 2.5914550525273583, 2.6603322750368403, 1.7496566695359321, -2.0087324176548376, -6.956488094609305, 3.193147697109721], [-25.600418051729285, -1.678366059772922, 3.8088261983747667, 0.4190042296993024, 3.0072359372179562, 9.72171317064012, -1.7579741679796885], [2.8147020627723367, -0.36024861949210213, -4.343585090897154, -0.3432565540377573, -3.069947380923762, 0.6578445084994995, -2.1407865171626073]], [[-11.439602997206357, -0.7642022035002642, -1.299115705849542, -3.071142747345063, 1.1485329193943739, 1.4035239042940875, -2.4111032348151222], [5.3956443214633385, 0.604297274183224, 0.07304401385502778, 1.1873490516442178, 0.3802904369920596, 0.648740590275573, 1.384939706102588], [1.8104067292218566, -3.1709531711399963, -1.2963452761698075, 0.15144557105577575, -4.572786949955254, -2.9282727376344235, 1.9638286478888785]], [[-7.891804003441852, -4.155576494737963, -5.267932376991828, 2.008267049822944, 1.6460728764585713, 5.8715132906531675, 3.7953212668970706], [-16.152718606395354, 4.40789897502575, 5.848253650083338, 0.9354368604295015, 4.074186431963893, -0.978386273267954, -0.720624722955671], [19.21958894993015, 0.9083623654600631, 0.3496939427765174, -3.144438821150537, -4.023304860923512, -6.255299349839229, -4.021002582910533]], [[-0.6002912096262378, 2.7253508187857247, -4.4181981873423375, -4.687020378640188, 4.981990113792224, -4.52816804137139, 3.5859877266583537], [-0.6470198822452953, 0.4868765812835163, 4.3233796377999445, 2.025564963918879, -1.1207285081459695, -4.722011723970267, -1.6306559925443447], [-1.569291219907687, -2.1334587451467506, -6.862288172388923, 5.062334799053604, -2.446514695193648, 6.731522231328437, 6.554451451541761]], [[0.9966773694182827, 1.2043436668309364, 1.069476945692514, 1.4519355140155865, 0.7274130328924787, 1.153648371913915, 1.2362680806660857], [9.647878740679248, 0.1463961118073725, 0.08991917092718409, 0.16805801850702554, 0.12108260732891432, 0.1065072867412857, 0.06872678878863347], [-10.633023787620417, -1.7835691450636306, -1.688712746146122, -1.1119706526489037, -1.337456680339475, -1.0118644787024096, -1.5847864128255467]], [[-9.50743648268821, 2.0538874051436165, 0.3752537251751978, 2.636450381605241, -3.492102633870665, -1.853838750279407, -3.112733591046145], [9.206654764148952, -3.1269891288947322, -4.630278244188833, -5.8648849151070275, -1.061736151673636, -3.5053142686836023, 0.2698814200596535], [1.054460302061094, 0.6686245610450675, -1.2465161255446913, 1.6321583906322665, 2.5723197072785404, -0.5861884314014986, 3.5609196083816257]], [[-2.436030092842123, -1.9105842013317977, 2.001736761629868, -0.02858756695582239, -1.0637417778385623, 4.903860235136274, -5.55546654013229], [-2.204985761650275, 3.7335984732019734, -0.15473913551302676, 2.8004041197280367, 0.09167289606110819, -6.61275824966058, 1.1761428723651113], [-3.507651734770892, -0.05807786548797414, -7.447889200137, -4.479324510710132, 0.22882805558284056, 4.8275927372072855, -0.7988942127069473]], [[0.36979194132556525, -1.9522139491496182, -3.6842480315276736, 4.6244000541009616, -2.4765015390737597, 5.920824863152809, 4.237517768468656], [-4.843519937748939, -4.727200136231847, -0.22311198335078186, -1.8708857008004878, 3.1812374595180772, 2.749195677358732, 2.7873523484923526], [-4.93254979061825, 2.391855630978478, 