{"time_milp": 38.68852615356445, "time_refit_milp_assignment": 39.25786328315735, "mse_refit_ground_truth_assignment": 0.1289223295547007, "r2_refit_ground_truth_assignment": 0.9986763297279463, "weight_mismatch_refit_ground_truth_assignment": 0.3575048957434619, "refit-weight_mismatch_refit_ground_truth_assignment": 0.0, "rand_score_refit_ground_truth_assignment": 1.0, "label_mismatch_refit_ground_truth_assignment": 0.0, "mse_milp": 0.1212011197714046, "r2_milp": 0.9987556048689537, "weight_mismatch_milp": 0.47389012659208885, "refit-weight_mismatch_milp": 0.3348692580207836, "rand_score_milp": 0.9033898305084745, "label_mismatch_milp": 0.05, "mse_refit_milp_assignment": 0.121120562868215, "r2_refit_milp_assignment": 0.9987564319621215, "weight_mismatch_refit_milp_assignment": 0.4464387384664873, "refit-weight_mismatch_refit_milp_assignment": 0.3126921400645688, "rand_score_refit_milp_assignment": 0.9033898305084745, "label_mismatch_refit_milp_assignment": 0.05, "mse_greedy": NaN, "r2_greedy": NaN, "mse_ground_truth": 0.21877460248336422, "r2_ground_truth": 0.9982593011282976, "weight_mismatch_ground_truth": 0, "rand_score_ground_truth": 1, "label_mismatch_ground_truth": 0, "mse_baseline_sklearn": 82.45650165930515, "r2_baseline_sklearn": 0.15340329048539658, "mse_milp_val": 99.52843177683346, "r2_milp_val": 0.4036296089757587, "label_mismatch_milp_val": 0.3, "mse_refit_milp_assignment_val": 99.64493383987028, "r2_refit_milp_assignment_val": 0.40293153326364284, "label_mismatch_refit_milp_assignment_val": 0.3, "mse_refit_ground_truth_assignment_val": 97.08967832228191, "r2_refit_ground_truth_assignment_val": 0.4182425223447118, "label_mismatch_refit_ground_truth_assignment_val": 0.275, "mse_ground_truth_val": 98.49000013409598, "r2_ground_truth_val": 0.4098518499352053, "label_mismatch_ground_truth_val": 0.275, "mse_baseline_sklearn_val": 168.94011901110224, "r2_baseline_sklearn_val": -0.012282450709566906, "random_state": 5}