{"ground_truth": [[-10, -1.337719620706157, -1.6626352006348812, -1.0611537685933308], [1, 1.6272285743807728, 1.565890653114534, 1.026132378542826], [10, 0.1, 0.1, 0.1]], "milp": [[-9.323467408971371, -2.2246964279955597, -2.2561975657821325, -0.7457548414155819], [8.468874231710465, -1.100810998198635, 1.7245373164716322, 0.25183292390195655], [3.2512250465575194, 1.261490151246195, -3.111451782812776, 3.2713828775502387]], "greedy": [[[-9.281143191781442, -2.230997037048609, -2.2190333326611333, -0.7939123131013247], [1.0136618795045056, -0.10714725846617545, 0.8269704565127367, 1.1423032422152462], [9.012728050683991, -0.25291287310413385, 0.6259673379973129, 0.38294862733794277]], [[3.4329840899770336, -3.1075281302368283, 6.147546078904915, -7.790639396770218], [-14.6320448228896, 6.401438065413367, -1.8558199620253877, 0.6509302035051991], [4.254131469156422, -5.265680318936402, -2.009009335105514, 5.839741625809549]], [[0.5047569456453127, 0.5631654311185835, 1.4958510085395749, 1.1495501053744164], [8.943069289106493, 0.008322240269459014, 0.7001030133188115, 0.4195447236994455], [-9.281143191781442, -2.230997037048609, -2.2190333326611333, -0.7939123131013247]], [[-7.616752458567335, -2.580800019331297, -2.472680936043239, -1.409403016070615], [9.274593044684353, -1.0186501212851904, 0.5221840570847164, 0.2805518982733871], [-10.928937435595252, -0.433667712757441, 1.6978840298041085, 8.668171176923732]], [[6.66470613129238, 1.1408995813928773, 0.491786509859114, 0.21724404148416152], [-10.00557162823235, 5.924183503775455, -1.3170409940227636, 1.0169092283378836], [-10.729627808533083, -1.9440118505973962, -1.9050017826951526, -0.44759589843147807]], [[7.648772188651078, 0.7029662862950675, 0.4150517049033726, -0.014813203057210652], [0.7717911161706226, 0.37602312396268045, -0.1802911479102713, -0.18850171811592242], [-9.281143191781442, -2.230997037048609, -2.2190333326611333, -0.7939123131013247]], [[0.6998072636227359, 0.18736231793925961, 1.117495426969319, 1.2468345915363426], [9.015824506330715, -0.18522118379134497, 0.6410779931979887, 0.39359777266774065], [-9.281143191781442, -2.230997037048609, -2.2190333326611333, -0.7939123131013247]], [[8.898978984161776, -1.0348081282107762, -1.3021257842204026, -2.614917569874885], [6.604243437048037, 0.031044970916404513, 1.2410780060384359, 1.014654410943279], [-9.281143191781442, -2.230997037048609, -2.2190333326611333, -0.7939123131013247]], [[-3.3850719660353628, 0.37044399151935004, 6.102047098910969, 1.9531496639101686], [0.731293006337842, -4.765600694499931, -3.343117642410942, 7.309838578131515], [4.77777570872386, -3.1134272171673216, -2.5771527628422564, -7.173917300065181]], [[-9.281143191781442, -2.230997037048609, -2.2190333326611333, -0.7939123131013247], [9.196678672274846, -0.3668505843943969, 0.4710635719653992, 0.3796553496168734], [-1.5761420811325522, 1.0611855152408254, 1.669160948941439, 2.2784768538205324]], [[8.701948610928737, 0.21979515485733087, 0.623588790413782, 0.41922374027087467], [-9.281143191781442, -2.230997037048609, -2.2190333326611333, -0.7939123131013247], [-0.13187793098972334, 0.8003698983229046, 1.4072398714248782, 1.4183436970385808]], [[-11.797748374852503, -0.12147945932560167, 2.16354370527019, 8.83586055005221], [9.409433703604787, -0.8252397038908941, 0.29930287504790404, 0.4324733182824685], [-6.681794935938752, -2.753579799706541, -2.548850077325106, -1.7534736041364656]], [[-11.963127522652071, -0.31768528487853526, 2.2743961134762904, 8.761259047858028], [-6.994480864267128, -2.6984097573793506, -2.483709790635612, -1.6684201976033128], [9.281190169492284, -1.0031267667578698, 0.5029020004048868, 0.28945339173441476]], [[-9.281143191781442, -2.230997037048609, -2.2190333326611333, -0.7939123131013247], [4.865934419822688, 0.47978693784505566, 2.7889800078141036, -0.5497896906439728], [2.928644894897645, -0.18743406715360175, -1.4359580177056084, 3.1294641226824895]], [[8.455654229219514, -1.1736257961405514, -1.2839562305292516, -2.3020602594212694], [-9.281143191781442, -2.230997037048609, -2.2190333326611333, -0.7939123131013247], [7.019485881844773, 0.18244421449508066, 1.147276146524424, 0.7577209555744447]], [[5.756479255490541, -0.9579360526367366, 2.6306932592218595, -2.4212402502804427], [-9.281143191781442, -2.230997037048609, -2.2190333326611333, -0.7939123131013247], [6.0372797309069615, 1.0260995335109069, 0.07187712481395997, 1.0654751264194866]], [[8.93562293663652, -0.1542303542656014, 0.6745350812231031, 0.498190969356833], [-9.281143191781442, -2.230997037048609, -2.2190333326611333, -0.7939123131013247], [0.37227034370564294, 0.27192260092076004, 1.2166407126889105, 1.4704817866675253]], [[3.859184928720376, -2.503312590058361, 5.366489740506525, -7.869855785064901], [8.90158136231104, -6.524841712852688, -3.7135490605839157, 3.2280704603174684], [-15.95361406083738, 5.052303288001509, -1.712019096140539, 6.4498050705243415]], [[-9.281143191781442, -2.230997037048609, -2.2190333326611333, -0.7939123131013247], [-0.3499801664514228, 0.9365412233564034, 1.1326393150815242, 1.8837704280457601], [8.775209320468338, 0.3678301384575942, 0.42130263786903394, 0.5783534906958532]], [[7.816345781054383, 1.2878048088597007, 0.630131547350447, -0.4641485840108457], [0.5528251796001649, 2.4341822431099462, 0.8707052942643914, -2.3015711712931526], [-9.281143191781442, -2.230997037048609, -2.2190333326611333, -0.7939123131013247]]], "refit_milp_assignment": [[-9.340697237827507, -2.2203554430843675, -2.253293960488734, -0.7406182485634506], [8.48916922368791, -1.1061979113314901, 1.71741472178393, 0.24839864560092043], [3.255095514243423, 1.2612605363877825, -3.1141664983690642, 3.2715867313970866]], "refit_ground_truth_assignment": [[-9.278410190787714, -2.2323231966580552, -2.219845537117509, -0.7944666524183484], [1.547430321054767, 1.2727535193005046, 1.2894153974877647, 1.1976933733531128], [10.438243216746217, -0.5827610938250037, -0.0011930581374162605, 0.27961403232568127]]}