{"time_milp": 3.8596038818359375, "time_greedy": 0.2637529969215393, "time_refit_milp_assignment": 4.94779896736145, "mse_refit_ground_truth_assignment": 42.87088700963649, "r2_refit_ground_truth_assignment": 0.8161641505192578, "weight_mismatch_refit_ground_truth_assignment": 19.688335387808785, "refit-weight_mismatch_refit_ground_truth_assignment": 0.0, "rand_score_refit_ground_truth_assignment": 1.0, "label_mismatch_refit_ground_truth_assignment": 0.0, "mse_milp": 42.343500153742625, "r2_milp": 0.8184256528445173, "weight_mismatch_milp": 34.1549698514103, "refit-weight_mismatch_milp": 25.29397403503178, "rand_score_milp": 0.7119628339140535, "label_mismatch_milp": 0.38095238095238093, "mse_refit_milp_assignment": 42.34307715505314, "r2_refit_milp_assignment": 0.8184274667170269, "weight_mismatch_refit_milp_assignment": 34.322619930751685, "refit-weight_mismatch_refit_milp_assignment": 25.41776775971755, "rand_score_refit_milp_assignment": 0.7119628339140535, "label_mismatch_refit_milp_assignment": 0.38095238095238093, "mse_greedy": 35.74926458142706, "r2_greedy": 0.8467025788115559, "weight_mismatch_greedy": 36.906859335427356, "refit-weight_mismatch_greedy": 37.60232161371333, "rand_score_greedy": 0.6965737514518002, "label_mismatch_greedy": 0.35952380952380947, "mse_greedy_sem": 1.5067088646540585, "r2_greedy_sem": 0.006460960418000738, "weight_mismatch_greedy_sem": 2.97472151032639, "refit-weight_mismatch_greedy_sem": 3.6737718867393956, "rand_score_greedy_sem": 0.013576769326703757, "label_mismatch_greedy_sem": 0.020284113977848094, "mse_ground_truth": 69.89662331204026, "r2_ground_truth": 0.7002743348996707, "weight_mismatch_ground_truth": 0, "rand_score_ground_truth": 1, "label_mismatch_ground_truth": 0, "mse_baseline_sklearn": 218.10379254804477, "r2_baseline_sklearn": 0.06474302784944075, "random_state": 4}