{"time_milp": 7141.8189306259155, "time_greedy": 0.5006518483161926, "time_refit_milp_assignment": 7148.6976590156555, "mse_refit_ground_truth_assignment": 1.122234892486054, "r2_refit_ground_truth_assignment": 0.9901653679514066, "weight_mismatch_refit_ground_truth_assignment": 2.0060468190219125, "refit-weight_mismatch_refit_ground_truth_assignment": 0.0, "rand_score_refit_ground_truth_assignment": 1.0, "label_mismatch_refit_ground_truth_assignment": 0.0, "mse_milp": 6.5039828535038815, "r2_milp": 0.9430027718413986, "weight_mismatch_milp": 6.5149242101087195, "refit-weight_mismatch_milp": 7.342094934541856, "rand_score_milp": 0.7656494522691706, "label_mismatch_milp": 0.3333333333333333, "mse_refit_milp_assignment": 7.249758036588024, "r2_refit_milp_assignment": 0.9364672198230888, "weight_mismatch_refit_milp_assignment": 4.852301699783207, "refit-weight_mismatch_refit_milp_assignment": 3.9254979292145666, "rand_score_refit_milp_assignment": 0.7656494522691706, "label_mismatch_refit_milp_assignment": 0.3333333333333333, "mse_greedy": 114.54093108709738, "r2_greedy": -0.003771954772732622, "weight_mismatch_greedy": 22.956050966705313, "refit-weight_mismatch_greedy": 23.790791337604382, "rand_score_greedy": 0.900723787167449, "label_mismatch_greedy": 0.08402777777777777, "mse_greedy_sem": 0.0, "r2_greedy_sem": 0.0, "weight_mismatch_greedy_sem": 1.39989162600147e-15, "refit-weight_mismatch_greedy_sem": 0.0, "rand_score_greedy_sem": 0.0006846635367762144, "label_mismatch_greedy_sem": 0.0006944444444444447, "mse_ground_truth": 1.2624747014648428, "r2_ground_truth": 0.9890093409437852, "weight_mismatch_ground_truth": 0, "rand_score_ground_truth": 1, "label_mismatch_ground_truth": 0, "mse_baseline_sklearn": 105.40883925653267, "r2_baseline_sklearn": 0.07625653444008651, "mse_milp_val": 9.211068780497738, "r2_milp_val": 0.9205882770036602, "label_mismatch_milp_val": 0.3333333333333333, "mse_refit_milp_assignment_val": 10.89531875775767, "r2_refit_milp_assignment_val": 0.9060677912882631, "label_mismatch_refit_milp_assignment_val": 0.3333333333333333, "mse_greedy_val": 116.25104161912748, "label_mismatch_greedy_val": 0.10520833333333332, "mse_greedy_val_sem": 3.260193663416e-15, "label_mismatch_greedy_val_sem": 0.0010416666666666662, "r2_greedy_val": -0.002239342153221191, "r2_greedy_val_sem": 0.0, "mse_refit_ground_truth_assignment_val": 2.168343034296964, "r2_refit_ground_truth_assignment_val": 0.9813059851680611, "label_mismatch_refit_ground_truth_assignment_val": 0.125, "mse_ground_truth_val": 2.4808118426769643, "r2_ground_truth_val": 0.978612086441715, "label_mismatch_ground_truth_val": 0.125, "mse_baseline_sklearn_val": 116.02082506425597, "r2_baseline_sklearn_val": -0.00025456777792465246}