{"time_milp": 0.17844200134277344, "time_refit_milp_assignment": 0.6396219730377197, "mse_refit_ground_truth_assignment": 0.21480239033181833, "r2_refit_ground_truth_assignment": 0.9963855547853541, "weight_mismatch_refit_ground_truth_assignment": 0.23511548242140318, "refit-weight_mismatch_refit_ground_truth_assignment": 0.0, "rand_score_refit_ground_truth_assignment": 1.0, "label_mismatch_refit_ground_truth_assignment": 0.0, "mse_milp": 0.21482774400166615, "r2_milp": 0.9963851281632363, "weight_mismatch_milp": 0.2313165808405372, "refit-weight_mismatch_milp": 0.01469754461320072, "rand_score_milp": 1.0, "label_mismatch_milp": 0.0, "mse_refit_milp_assignment": 0.21480239033181833, "r2_refit_milp_assignment": 0.9963855547853541, "weight_mismatch_refit_milp_assignment": 0.23511548242140318, "refit-weight_mismatch_refit_milp_assignment": 0.0, "rand_score_refit_milp_assignment": 1.0, "label_mismatch_refit_milp_assignment": 0.0, "mse_greedy": NaN, "r2_greedy": NaN, "mse_ground_truth": 0.23695127305086594, "r2_ground_truth": 0.9956839319784709, "weight_mismatch_ground_truth": 0, "rand_score_ground_truth": 1, "label_mismatch_ground_truth": 0, "mse_baseline_sklearn": 58.42330864989604, "r2_baseline_sklearn": 0.016920398105455425, "mse_milp_val": 6.722261559529933, "r2_milp_val": 0.8580691603100149, "label_mismatch_milp_val": 0.225, "mse_refit_milp_assignment_val": 6.725164002047668, "r2_refit_milp_assignment_val": 0.8580078794300542, "label_mismatch_refit_milp_assignment_val": 0.225, "mse_refit_ground_truth_assignment_val": 6.725164002047668, "r2_refit_ground_truth_assignment_val": 0.8580078794300542, "label_mismatch_refit_ground_truth_assignment_val": 0.225, "mse_ground_truth_val": 6.83898096902301, "r2_ground_truth_val": 0.8556047986289395, "label_mismatch_ground_truth_val": 0.225, "mse_baseline_sklearn_val": 48.59896947100988, "r2_baseline_sklearn_val": -0.0260970186900491, "random_state": 4}