{"ground_truth": [[10, -1.8018549289645076, -1.2606512540081038, -1.0326150430104464, -1.444654109585978], [-10, 1.4249448045600965, 1.609355108428745, 1.6905536337555467, 1.2270146262386985]], "milp": [[10.099763130919916, -1.8604489295910434, -1.2664654459873723, -1.007951558990881, -1.457873045353285], [-9.950267521724536, 1.3417478864871462, 1.6052925280618193, 1.7414580495341516, 1.2030805972627057]], "refit_milp_assignment": [[10.107298892642048, -1.861699957678279, -1.26754943458582, -1.0079235819424586, -1.4593467476152528], [-9.956904355437453, 1.3424861845161575, 1.6056759018683378, 1.741996327854926, 1.2044191063692018]], "refit_ground_truth_assignment": [[10.107298892642048, -1.861699957678279, -1.26754943458582, -1.0079235819424586, -1.4593467476152528], [-9.956904355437453, 1.3424861845161575, 1.6056759018683378, 1.741996327854926, 1.2044191063692018]]}