{"time_milp": 303.7284083366394, "time_greedy": 0.48223448991775514, "time_refit_milp_assignment": 306.4601728916168, "mse_refit_ground_truth_assignment": 0.560888149669305, "r2_refit_ground_truth_assignment": 0.9952816458487453, "weight_mismatch_refit_ground_truth_assignment": 0.9937282497696122, "refit-weight_mismatch_refit_ground_truth_assignment": 0.0, "rand_score_refit_ground_truth_assignment": 1.0, "label_mismatch_refit_ground_truth_assignment": 0.0, "mse_milp": 2.864832028508874, "r2_milp": 0.9759002002407581, "weight_mismatch_milp": 7.298986385747685, "refit-weight_mismatch_milp": 6.780650601286959, "rand_score_milp": 0.8039906103286385, "label_mismatch_milp": 0.19444444444444445, "mse_refit_milp_assignment": 2.864784120819028, "r2_refit_milp_assignment": 0.9759006032541706, "weight_mismatch_refit_milp_assignment": 7.274955303389342, "refit-weight_mismatch_refit_milp_assignment": 6.779032162945898, "rand_score_refit_milp_assignment": 0.8039906103286385, "label_mismatch_refit_milp_assignment": 0.19444444444444445, "mse_greedy": 5.769713611046529, "r2_greedy": 0.9514634919916165, "weight_mismatch_greedy": 14.723490857780357, "refit-weight_mismatch_greedy": 14.415793550558394, "rand_score_greedy": 0.8082942097026604, "label_mismatch_greedy": 0.22777777777777777, "mse_greedy_sem": 1.6704495312359187, "r2_greedy_sem": 0.014052307014892955, "weight_mismatch_greedy_sem": 3.2651063655744252, "refit-weight_mismatch_greedy_sem": 3.3103804657685814, "rand_score_greedy_sem": 0.029509560563579097, "label_mismatch_greedy_sem": 0.040647876175230295, "mse_ground_truth": 0.806788238295377, "r2_ground_truth": 0.9929363031132942, "weight_mismatch_ground_truth": 0, "rand_score_ground_truth": 1, "label_mismatch_ground_truth": 0, "mse_baseline_sklearn": 117.79724298157605, "r2_baseline_sklearn": 0.009055351309941284, "mse_milp_val": 8.418633501734684, "r2_milp_val": 0.9212412312781589, "label_mismatch_milp_val": 0.16666666666666666, "mse_refit_milp_assignment_val": 8.420830630968634, "r2_refit_milp_assignment_val": 0.9212206764941607, "label_mismatch_refit_milp_assignment_val": 0.16666666666666666, "mse_greedy_val": 17.361634959738296, "label_mismatch_greedy_val": 0.22604166666666664, "mse_greedy_val_sem": 5.998319447674206, "label_mismatch_greedy_val_sem": 0.03270637774911548, "r2_greedy_val": 0.8375768475792057, "r2_greedy_val_sem": 0.056116025718633625, "mse_refit_ground_truth_assignment_val": 1.2246382026681406, "r2_refit_ground_truth_assignment_val": 0.9885431528819971, "label_mismatch_refit_ground_truth_assignment_val": 0.041666666666666664, "mse_ground_truth_val": 1.1733574429276123, "r2_ground_truth_val": 0.989022899327243, "label_mismatch_ground_truth_val": 0.041666666666666664, "mse_baseline_sklearn_val": 107.4592599475075, "r2_baseline_sklearn_val": -0.005312679246820995}