{"ground_truth": [[-10, -1.337719620706157, -1.6626352006348812, -1.0611537685933308], [1, 1.6272285743807728, 1.565890653114534, 1.026132378542826], [10, 0.1, 0.1, 0.1]], "milp": [[-9.753253995136475, -1.6481613415439482, -1.8703058504394032, -0.9555533977504549], [8.845375344306074, -0.480063984033153, 1.3612547810187738, -0.5456924739470164], [2.386781963178116, 1.4309067162853117, -2.352832763269053, 3.6533564473409603]], "greedy": [[[-9.752531712970217, -1.6463873484931735, -1.854819627811974, -0.9682786119134429], [7.870419512523863, 0.6454926567306137, -0.6359540710918067, -1.8297357927412858], [6.05417814364935, 0.11309053180897026, 1.4221282242064925, 1.1303768654394455]], [[5.1502971773642034, -3.937537739805954, -3.212830025212506, -6.426896629363804], [-18.354558502772242, 3.5878494792796247, 2.7941382436118136, 8.046549875047566], [5.639518771383884, 1.0614625774041353, 0.7131526736570942, 0.5438765481915295]], [[1.546480459248584, 1.315099690701225, 1.166372693354969, 1.0237661070189215], [9.732360777442523, 0.3119379569953964, 0.10476987408473028, 0.2380242180936951], [-9.752531712970217, -1.6463873484931735, -1.854819627811974, -0.9682786119134429]], [[-9.653988482459138, -1.6197746487622273, -1.8636262004547555, -1.034140571189732], [6.046288008955518, 1.0715077103656507, 0.7277633937925823, 0.20903523736602997], [-13.09479826707889, 3.6770749229277424, -1.5888049332865808, 5.400616670525675]], [[9.732360777442523, 0.3119379569953964, 0.10476987408473028, 0.2380242180936951], [1.546480459248584, 1.315099690701225, 1.166372693354969, 1.0237661070189215], [-9.752531712970217, -1.6463873484931735, -1.854819627811974, -0.9682786119134429]], [[6.685926247920651, 0.9637514837294924, 0.7612273118668881, -0.19504934567363202], [-0.5711404712423196, -3.074605822088545, -1.4270437621592111, -4.2632592051082], [-9.444406684408325, -1.884584301783634, -1.9363746289760462, -1.0610304630173717]], [[1.6218845923497716, 1.0481984486734186, 0.9334761076636973, 1.10651109074206], [9.64869157247879, -0.14486157687977344, 0.07175730722495402, 0.28733316602287345], [-9.752531712970217, -1.6463873484931735, -1.854819627811974, -0.9682786119134429]], [[9.51478716862545, 0.7629625382699734, -1.8085630721348067, -1.4293753003317422], [3.7444195206804762, 0.14750235241729814, 2.765182634939896, 1.0418337396565363], [-9.752531712970217, -1.6463873484931735, -1.854819627811974, -0.9682786119134429]], [[-6.819038290100038, 1.6123807219476103, 6.745926957617314, 1.024783170793422], [5.694553762525777, -6.019268030062759, -4.418331417692468, 5.716006144500206], [11.513274549946043, -5.72435652211471, -5.617031574834623, -7.756059940451215]], [[-9.752531712970217, -1.6463873484931735, -1.854819627811974, -0.9682786119134429], [10.168382258899294, -0.14898351609119725, 0.05382895288753636, 0.15676280334874962], [1.2760965499223573, 1.4689039128915593, 1.3269134675414755, 1.0826886031641019]], [[9.978819600409501, -0.6423123523179387, 0.573194324848937, -0.13181739223862082], [-9.752531712970217, -1.6463873484931735, -1.854819627811974, -0.9682786119134429], [1.3209207660415543, 1.541287559095836, 1.0852037029723969, 1.309277663218063]], [[-10.104462549588948, -0.05017996634280328, 1.7357139606673915, 8.019838614032489], [9.41226860503843, -0.3238309608132457, 0.10137531835995839, 0.09647649719655725], [-5.671942545125306, -2.2699627661813393, -2.4522666149180377, -2.607809487325415]], [[-0.9759502611052921, 1.1574377919080232, 1.8595298531609097, 2.3425448872113797], [-9.752531712970217, -1.6463873484931735, -1.854819627811974, -0.9682786119134429], [6.9883911406475185, 0.8188006234828868, 0.18984831336217817, 0.3987039763320138]], [[12.645512303581103, -2.024499151686478, -8.311092921711332, -5.33485484159426], [-1.5646842963584824, 0.08281282415570802, 6.7854891776903745, -7.775967135888124], [-6.738340625410543, -0.6041064302883274, 1.1715163369344423, 6.931994122892322]], [[7.870419512523863, 0.6454926567306137, -0.6359540710918067, -1.8297357927412858], [-9.752531712970217, -1.6463873484931735, -1.854819627811974, -0.9682786119134429], [6.05417814364935, 0.11309053180897026, 1.4221282242064925, 1.1303768654394455]], [[6.141002268637874, -5.833590348850534, 5.438925174826818, -5.618939024439352], [2.21563037570314, -4.256666450536429, -5.140721724040607, 3.932568697893037], [-11.830367062241283, 8.43790193033685, 1.068282873383887, 0.1141269593248302]], [[9.732360777442523, 0.3119379569953964, 0.10476987408473028, 0.2380242180936951], [-9.752531712970217, -1.6463873484931735, -1.854819627811974, -0.9682786119134429], [1.546480459248584, 1.315099690701225, 1.166372693354969, 1.0237661070189215]], [[1.5541720721918368, -6.150933613961612, 1.9978072533268205, -5.1758148364667464], [9.097430241998566, -0.8433020582227362, 0.8300026901729718, -0.17976625112628936], [-18.868686099855626, 5.424145328097034, 0.41082353650716935, 2.062873473981238]], [[-9.752531712970217, -1.6463873484931735, -1.854819627811974, -0.9682786119134429], [1.546480459248584, 1.315099690701225, 1.166372693354969, 1.0237661070189215], [9.732360777442523, 0.3119379569953964, 0.10476987408473028, 0.2380242180936951]], [[8.855083363822189, 1.383799844026132, -0.10397579433745081, -0.42232652093743706], [1.3951077415232271, 1.6386328803411536, 1.0245298737397588, 0.5845484572237548], [-9.752531712970217, -1.6463873484931735, -1.854819627811974, -0.9682786119134429]]], "refit_milp_assignment": [[-9.771779813108015, -1.6432474053700585, -1.8670940021187103, -0.9501991655022044], [8.865183360766125, -0.4859431943811008, 1.3544333567598938, -0.5487902707500827], [2.3894575820313846, 1.4309201939044927, -2.355009002389045, 3.6537693541540843]], "refit_ground_truth_assignment": [[-9.750218912209421, -1.6473900892994506, -1.855515701720871, -0.9688389976059961], [1.1894951111446526, 1.504525670696569, 1.4701876800058855, 1.085518876745185], [10.151699575028365, -0.13634037863211457, 0.0649716337213495, 0.1621740881125564]]}