{"ground_truth": [[-10, 0.2, 0.4, 0.3], [10, -0.2, -0.4, -0.3]], "milp": [[9.803848447797737, -0.2857206004305011, -0.44556578896912435, 0.12992106272884824], [-10.072008920249397, 0.10928056406981329, 0.11197266055050714, 0.019150875359941866]], "greedy": [[[-2.978497592353812, -0.02612521226911749, 0.963088522685187, -3.0245923947455227], [2.6415468120676557, -0.8438016118521121, -1.216675979102511, 3.698108705705477]], [[0.8800328623381604, -2.115216290764234, 0.328849584705029, 3.661026971197545], [-0.7171020102304675, 1.688376163460688, -1.307888449578416, -3.267238816487942]], [[-10.07522491522724, 0.10988955621910944, 0.11237211446121528, 0.01951463094487287], [9.806636164017865, -0.286055570562002, -0.4459802495079238, 0.12948843680231287]], [[-10.07522491522724, 0.10988955621910944, 0.11237211446121528, 0.01951463094487287], [9.806636164017865, -0.286055570562002, -0.4459802495079238, 0.12948843680231287]], [[6.634299117502854, -3.473140441312242, -1.6081866316316658, 0.7425626919449578], [-7.488795419993945, 3.6204173381779947, 1.0773482940836265, -0.28486719841962505]], [[-3.7128650429875414, -1.249523952029699, -0.24597331074048714, 4.065121191102494], [4.209979159689699, 0.8999656500642504, 0.1687993657551526, -3.5502046096319786]], [[9.806636164017865, -0.286055570562002, -0.4459802495079238, 0.12948843680231287], [-10.07522491522724, 0.10988955621910944, 0.11237211446121528, 0.01951463094487287]], [[5.275567815400052, -1.886599408540667, -2.5850353594518936, 2.7851521356820634], [-5.191951208898536, 1.1044433708035004, 1.9918943927416355, -2.270042176214407]], [[-4.291162932230017, 1.4473353403464058, -3.1030210733073194, 0.1556912815630379], [4.799024106503158, -1.7910732523699189, 1.7324070900570852, -0.2933348943037847]], [[-7.5167490093626235, 3.673781374402717, 1.0500647566268546, 0.016522919472094454], [6.831197766794093, -3.5172803745154986, -1.6672935208680166, 0.3881907160836779]], [[1.3532890690602113, 0.19586658582106842, -4.377681333299136, 1.3855294533464764], [1.1796394656216964, -0.972809187498173, 2.5721393318319996, -1.2516627039332824]], [[9.806636164017865, -0.286055570562002, -0.4459802495079238, 0.12948843680231287], [-10.07522491522724, 0.10988955621910944, 0.11237211446121528, 0.01951463094487287]], [[-3.798298968950548, -1.2043183493742273, -0.12261683367089794, 4.117584735599367], [4.248760668405935, 0.8483712746759094, 0.04538549678548258, -3.6036004712814993]], [[9.806636164017865, -0.286055570562002, -0.4459802495079238, 0.12948843680231287], [-10.07522491522724, 0.10988955621910944, 0.11237211446121528, 0.01951463094487287]], [[-10.07522491522724, 0.10988955621910944, 0.11237211446121528, 0.01951463094487287], [9.806636164017865, -0.286055570562002, -0.4459802495079238, 0.12948843680231287]], [[-7.488795419993945, 3.6204173381779947, 1.0773482940836265, -0.28486719841962505], [6.634299117502854, -3.473140441312242, -1.6081866316316658, 0.7425626919449578]], [[9.806636164017865, -0.286055570562002, -0.4459802495079238, 0.12948843680231287], [-10.07522491522724, 0.10988955621910944, 0.11237211446121528, 0.01951463094487287]], [[2.3831550755695172, -0.879984433809505, 2.1493241003020844, -2.4092257011461053], [-1.183294181399669, 0.10076009213086665, -3.067691437813796, 3.1038195352508646]], [[0.8503017057143101, -3.1119440558079483, 0.10265550286851345, 0.48436612520498024], [-0.8398407025022085, 3.451830082996082, -0.6583199389272749, 0.14142247931292254]], [[-10.07522491522724, 0.10988955621910944, 0.11237211446121528, 0.01951463094487287], [9.806636164017865, -0.286055570562002, -0.4459802495079238, 0.12948843680231287]]], "refit_milp_assignment": [[9.806659078479022, -0.2860679414859752, -0.4459980996717881, 0.12949506384259235], [-10.075236721528118, 0.10989382851406543, 0.11237720940435732, 0.019516330872351575]], "refit_ground_truth_assignment": [[-10.075236721528118, 0.10989382851406543, 0.11237720940435732, 0.019516330872351575], [9.806659078479022, -0.2860679414859752, -0.4459980996717881, 0.12949506384259235]]}