{"ground_truth": [[-10, 0.2, 0.4, 0.3], [10, -0.2, -0.4, -0.3]], "milp": [[-10.417417071205708, 0.29318076210575905, 0.27203492151786157, 0.26305840365568045], [9.90736962703426, -0.12910373542051326, -0.35633548266339476, -0.21674185203834623]], "greedy": [[[-10.888588155339619, 3.445742343242112, 1.3242988295245675, 1.3978491546106384], [8.824932576198664, -3.109295573238559, -1.2579937951611806, -1.2581954116357887]], [[8.824932576198664, -3.109295573238559, -1.2579937951611806, -1.2581954116357887], [-10.888588155339619, 3.445742343242112, 1.3242988295245675, 1.3978491546106384]], [[-10.420838093170097, 0.2938532653112005, 0.27265479211823423, 0.2635009661011295], [9.90970964390613, -0.1294654699123918, -0.3566127281369641, -0.21700051487701594]], [[-10.420838093170097, 0.2938532653112005, 0.27265479211823423, 0.2635009661011295], [9.90970964390613, -0.1294654699123918, -0.3566127281369641, -0.21700051487701594]], [[-11.823979407417148, 2.127422450630249, 3.021206724973462, 1.2803021805625716], [9.526765685163786, -2.210993625697588, -2.0682249644000805, -1.0370662380411586]], [[-5.5353122797760665, 1.371944483076672, 4.271276558647401, -1.5753607671967877], [4.261135321135688, -1.732020459256967, -3.2466523853523572, 1.861962332700317]], [[9.90970964390613, -0.1294654699123918, -0.3566127281369641, -0.21700051487701594], [-10.420838093170097, 0.2938532653112005, 0.27265479211823423, 0.2635009661011295]], [[-8.383983860840495, -0.2782642127957145, 1.9666246555522793, 3.0412818385054137], [7.011093871286826, 0.5346709974512354, -1.5661051523456122, -3.191598850562801]], [[-10.420838093170097, 0.2938532653112005, 0.27265479211823423, 0.2635009661011295], [9.90970964390613, -0.1294654699123918, -0.3566127281369641, -0.21700051487701594]], [[6.249974522125447, -1.9276585984065409, 0.8600436166696556, -2.7944550321847195], [-6.680983726441184, 1.8537294230518364, -1.7259569163912145, 3.187662141044863]], [[-10.420838093170097, 0.2938532653112005, 0.27265479211823423, 0.2635009661011295], [9.90970964390613, -0.1294654699123918, -0.3566127281369641, -0.21700051487701594]], [[9.90970964390613, -0.1294654699123918, -0.3566127281369641, -0.21700051487701594], [-10.420838093170097, 0.2938532653112005, 0.27265479211823423, 0.2635009661011295]], [[-10.888588155339619, 3.445742343242112, 1.3242988295245675, 1.3978491546106384], [8.824932576198664, -3.109295573238559, -1.2579937951611806, -1.2581954116357887]], [[9.526765685163786, -2.210993625697588, -2.0682249644000805, -1.0370662380411586], [-11.823979407417148, 2.127422450630249, 3.021206724973462, 1.2803021805625716]], [[3.584675091259265, -1.6103994480102957, -0.018185573957958095, -3.5572957261695723], [-3.071960362451446, 1.1314507728914596, -1.0333222326698068, 3.8685568493190696]], [[0.17197409343055647, -2.310791075298656, 2.62047323665944, -0.812177852215888], [-1.1866800587223458, 2.5905948890589734, -2.82316333402808, 1.0139865630047291]], [[9.90970964390613, -0.1294654699123918, -0.3566127281369641, -0.21700051487701594], [-10.420838093170097, 0.2938532653112005, 0.27265479211823423, 0.2635009661011295]], [[7.597780821887117, 0.43287939700970557, -1.555691328071902, -2.8573848392283843], [-9.086195344836193, -0.19502863781418267, 2.103433396183426, 2.7338824095310152]], [[-3.131862176002624, -0.9082278669440967, -2.6882392985994876, 2.5319427008953825], [3.3060955584190106, 0.4635140385376007, 2.787724484064439, -2.346511339920984]], [[-9.135927484427349, -0.12775870456232544, 2.118528780934475, 2.7891600619243344], [7.625355652439763, 0.34468881455552314, -1.5794520790601556, -2.899339833015287]]], "refit_milp_assignment": [[-10.420884484102755, 0.29386820282307313, 0.27267678481141927, 0.26351550875198226], [9.90973001660106, -0.1294716078738107, -0.35662939367247914, -0.2170067794114531]], "refit_ground_truth_assignment": [[-10.420884484102755, 0.29386820282307313, 0.27267678481141927, 0.26351550875198226], [9.90973001660106, -0.1294716078738107, -0.35662939367247914, -0.2170067794114531]]}