{"ground_truth": [[-10, 0.2, 0.4, 0.3], [10, -0.2, -0.4, -0.3]], "milp": [[-9.461417088883627, 0.44061692865793933, 0.5301585653821652, -0.10443678252037983], [9.047865668822402, -0.19550290750149185, -0.047481776652144564, -0.3589232323663396]], "refit_milp_assignment": [[-9.464228690060445, 0.44086145790865156, 0.530541276940743, -0.10396673048182224], [9.050944251569161, -0.19599481513131914, -0.04790320231888324, -0.35947011598062906]], "refit_ground_truth_assignment": [[-9.420921347089545, 0.3884176401864002, 0.44664255125330765, -0.11698142327896183], [9.169102911478003, -0.30224852849931944, -0.16015200127676757, -0.37982686267820526]]}