{"ground_truth": [[-10, 0.2, 0.4, 0.3], [10, -0.2, -0.4, -0.3]], "milp": [[-10.111454589956985, 0.25712660381768376, 0.3210936306697162, 0.3029372093374629], [9.845742688680492, -0.13304300984264691, -0.4115605691400395, -0.25911456485664736]], "refit_milp_assignment": [[-10.114939347663613, 0.2578894806561329, 0.3211989723985386, 0.30362308344854927], [9.848532791438323, -0.13336294963421524, -0.41204847273123213, -0.25947579304818574]], "refit_ground_truth_assignment": [[-10.114939347663613, 0.2578894806561329, 0.3211989723985386, 0.30362308344854927], [9.848532791438323, -0.13336294963421524, -0.41204847273123213, -0.25947579304818574]]}