{"ground_truth": [[-10, 0.2, 0.4, 0.3], [10, -0.2, -0.4, -0.3]], "milp": [[-13.489007211332181, 0.2968374591707333, 0.22941698193656013, 0.3785936783507906], [13.801733921008177, -0.27346917183977093, -0.25153723690170776, -0.4342530225828896]], "refit_milp_assignment": [[-13.493618916145948, 0.2975831765705317, 0.23005100473498902, 0.3795611301485101], [13.805486004457267, -0.27404921523782855, -0.25191652311349066, -0.4348448740165304]], "refit_ground_truth_assignment": [[-13.493618916145948, 0.2975831765705317, 0.23005100473498902, 0.3795611301485101], [13.805486004457267, -0.27404921523782855, -0.25191652311349066, -0.4348448740165304]]}