{"time_milp": 2.083266019821167, "time_refit_milp_assignment": 2.5284197330474854, "mse_refit_ground_truth_assignment": 4.363565380259954, "r2_refit_ground_truth_assignment": 0.9557662474043861, "weight_mismatch_refit_ground_truth_assignment": 0.9226136298680787, "refit-weight_mismatch_refit_ground_truth_assignment": 0.0, "rand_score_refit_ground_truth_assignment": 1.0, "label_mismatch_refit_ground_truth_assignment": 0.0, "mse_milp": 4.363570194027566, "r2_milp": 0.9557661986069035, "weight_mismatch_milp": 0.9222422073157238, "refit-weight_mismatch_milp": 0.0057118095408396595, "rand_score_milp": 1.0, "label_mismatch_milp": 0.0, "mse_refit_milp_assignment": 4.363565380259954, "r2_refit_milp_assignment": 0.9557662474043861, "weight_mismatch_refit_milp_assignment": 0.9226136298680787, "refit-weight_mismatch_refit_milp_assignment": 0.0, "rand_score_refit_milp_assignment": 1.0, "label_mismatch_refit_milp_assignment": 0.0, "mse_greedy": NaN, "r2_greedy": NaN, "mse_ground_truth": 9.470607132893019, "r2_ground_truth": 0.9144753642428317, "weight_mismatch_ground_truth": 0, "rand_score_ground_truth": 1, "label_mismatch_ground_truth": 0, "mse_baseline_sklearn": 98.2064418226038, "r2_baseline_sklearn": 0.004474764941457154, "mse_milp_val": 15.712598176218822, "r2_milp_val": 0.8771678737558434, "label_mismatch_milp_val": 0.0, "mse_refit_milp_assignment_val": 15.708982760073917, "r2_refit_milp_assignment_val": 0.8771961370161492, "label_mismatch_refit_milp_assignment_val": 0.0, "mse_refit_ground_truth_assignment_val": 15.708982760073917, "r2_refit_ground_truth_assignment_val": 0.8771961370161492, "label_mismatch_refit_ground_truth_assignment_val": 0.0, "mse_ground_truth_val": 16.487832982446832, "r2_ground_truth_val": 0.8711075304237275, "label_mismatch_ground_truth_val": 0.0, "mse_baseline_sklearn_val": 129.49001617284893, "r2_baseline_sklearn_val": -0.012279053757923819, "random_state": 5}