{"ground_truth": [[-10, 0.2, 0.4, 0.3], [10, -0.2, -0.4, -0.3]], "milp": [[-9.898570795803268, 0.15558317731327054, 0.3110908831073783, 0.2267814827087084], [10.736979646967875, -0.0336243966566645, -0.5012968529089441, -0.2831877086828656]], "refit_milp_assignment": [[-9.90131433127625, 0.1559760005374199, 0.3115149643789535, 0.2272036040062684], [10.739776913027175, -0.034049726725679165, -0.5015998734272016, -0.2836077974741838]], "refit_ground_truth_assignment": [[-9.90131433127625, 0.1559760005374199, 0.3115149643789535, 0.2272036040062684], [10.739776913027175, -0.034049726725679165, -0.5015998734272016, -0.2836077974741838]]}