{"time_milp": 19.52064085006714, "time_refit_milp_assignment": 20.37540888786316, "mse_refit_ground_truth_assignment": 12.925295400087402, "r2_refit_ground_truth_assignment": 0.8762608475849071, "weight_mismatch_refit_ground_truth_assignment": 1.9680610053831518, "refit-weight_mismatch_refit_ground_truth_assignment": 0.0, "rand_score_refit_ground_truth_assignment": 1.0, "label_mismatch_refit_ground_truth_assignment": 0.0, "mse_milp": 12.86573793464158, "r2_milp": 0.8768310156210053, "weight_mismatch_milp": 1.800427658960842, "refit-weight_mismatch_milp": 0.45065887749294015, "rand_score_milp": 0.9669467787114846, "label_mismatch_milp": 0.016666666666666666, "mse_refit_milp_assignment": 12.86573340260217, "r2_refit_milp_assignment": 0.8768310590080768, "weight_mismatch_refit_milp_assignment": 1.800621748829351, "refit-weight_mismatch_refit_milp_assignment": 0.4487521162066152, "rand_score_refit_milp_assignment": 0.9669467787114846, "label_mismatch_refit_milp_assignment": 0.016666666666666666, "mse_greedy": NaN, "r2_greedy": NaN, "mse_ground_truth": 13.567331732831144, "r2_ground_truth": 0.8607616951151437, "weight_mismatch_ground_truth": 0, "rand_score_ground_truth": 1, "label_mismatch_ground_truth": 0, "mse_baseline_sklearn": 102.4101906786845, "r2_baseline_sklearn": 0.01958525503697328, "mse_milp_val": 11.671398823631217, "r2_milp_val": 0.865364730987832, "label_mismatch_milp_val": 0.0, "mse_refit_milp_assignment_val": 11.67323977753615, "r2_refit_milp_assignment_val": 0.8653434946880554, "label_mismatch_refit_milp_assignment_val": 0.0, "mse_refit_ground_truth_assignment_val": 13.283711118555436, "r2_refit_ground_truth_assignment_val": 0.8467659235236198, "label_mismatch_refit_ground_truth_assignment_val": 0.025, "mse_ground_truth_val": 13.509077439313279, "r2_ground_truth_val": 0.8441662132678036, "label_mismatch_ground_truth_val": 0.025, "mse_baseline_sklearn_val": 87.07443895676037, "r2_baseline_sklearn_val": -0.004446055711056607, "random_state": 12}