{"time_milp": 20.458537101745605, "time_refit_milp_assignment": 21.33625292778015, "mse_refit_ground_truth_assignment": 9.926671697494486, "r2_refit_ground_truth_assignment": 0.8800542089288903, "weight_mismatch_refit_ground_truth_assignment": 5.946473549823202, "refit-weight_mismatch_refit_ground_truth_assignment": 0.0, "rand_score_refit_ground_truth_assignment": 1.0, "label_mismatch_refit_ground_truth_assignment": 0.0, "mse_milp": 2.024348470635919, "r2_milp": 0.9755394268982117, "weight_mismatch_milp": 19.849647440148132, "refit-weight_mismatch_milp": 21.00396093098794, "rand_score_milp": 0.7380952380952381, "label_mismatch_milp": 0.4166666666666667, "mse_refit_milp_assignment": 2.0241910368222427, "r2_refit_milp_assignment": 0.9755413291997986, "weight_mismatch_refit_milp_assignment": 19.907644653601572, "refit-weight_mismatch_refit_milp_assignment": 21.06373631162746, "rand_score_refit_milp_assignment": 0.7380952380952381, "label_mismatch_refit_milp_assignment": 0.4166666666666667, "mse_greedy": NaN, "r2_greedy": NaN, "mse_ground_truth": 15.561454018532778, "r2_ground_truth": 0.8119681027689543, "weight_mismatch_ground_truth": 0, "rand_score_ground_truth": 1, "label_mismatch_ground_truth": 0, "mse_baseline_sklearn": 82.40292808719086, "r2_baseline_sklearn": 0.004450846276023546, "random_state": 8}