{"time_milp": 4.333524942398071, "time_refit_milp_assignment": 4.803501129150391, "mse_CLR": 72.40900022053839, "r2_CLR": -24.737122326574255, "rand_score_CLR": 0.4993788819875776, "label_mismatch_CLR": 0.44285714285714284, "time_CLR": 0.0024521350860595703, "mse_refit_ground_truth_assignment": 3.580781819419683, "r2_refit_ground_truth_assignment": 0.9523978694827316, "weight_mismatch_refit_ground_truth_assignment": 0.9821541970790199, "refit-weight_mismatch_refit_ground_truth_assignment": 0.0, "rand_score_refit_ground_truth_assignment": 1.0, "label_mismatch_refit_ground_truth_assignment": 0.0, "mse_milp": 3.4544412640651436, "r2_milp": 0.9540774131994124, "weight_mismatch_milp": 1.1497333495204993, "refit-weight_mismatch_milp": 0.38283252534649415, "rand_score_milp": 0.9167701863354037, "label_mismatch_milp": 0.04285714285714286, "mse_refit_milp_assignment": 3.4544266646240493, "r2_refit_milp_assignment": 0.95407760728119, "weight_mismatch_refit_milp_assignment": 1.1494401896131332, "refit-weight_mismatch_refit_milp_assignment": 0.3831731765131232, "rand_score_refit_milp_assignment": 0.9167701863354037, "label_mismatch_refit_milp_assignment": 0.04285714285714286, "mse_greedy": NaN, "r2_greedy": NaN, "mse_ground_truth": 4.012314428362051, "r2_ground_truth": 0.9466611693403418, "weight_mismatch_ground_truth": 0, "rand_score_ground_truth": 1, "label_mismatch_ground_truth": 0, "mse_baseline_sklearn": 74.98778032237294, "r2_baseline_sklearn": 0.0031687539022624556, "random_state": 2}