{"ground_truth": [[-10, -1.5826848885290346, -1.0255509418496929], [1, 1.3377979807316742, 1.6124765741267186], [10, 0.1, 0.1]], "milp": [[-10.663101128570402, -1.9463454613030713, -0.8276851230488069], [2.6508805541729066, 2.032010962894415, -0.42728719177787244], [9.228998364639512, 1.2513421361198178, -0.012714890123688927]], "refit_milp_assignment": [[-10.673813029722693, -1.9462903851971283, -0.825908311128313], [2.65427820505982, 2.032452913742843, -0.42861479986938894], [9.239909966768856, 1.2506931611173118, -0.014949251527569318]], "refit_ground_truth_assignment": [[-10.653978316690702, -1.9570028134993802, -0.8322829491995792], [3.1512989171073515, 1.5340965099355433, 0.35880481224343685], [8.627298121865227, 0.7730240149260985, -0.1643684795465671]]}