{"time_milp": 42.1863579750061, "time_refit_milp_assignment": 42.6680908203125, "mse_refit_ground_truth_assignment": 12.78676474524602, "r2_refit_ground_truth_assignment": 0.8751700713907659, "weight_mismatch_refit_ground_truth_assignment": 0.8461701892384467, "refit-weight_mismatch_refit_ground_truth_assignment": 0.0, "rand_score_refit_ground_truth_assignment": 1.0, "label_mismatch_refit_ground_truth_assignment": 0.0, "mse_milp": 12.813369318372576, "r2_milp": 0.874910346039574, "weight_mismatch_milp": 0.8940791678998957, "refit-weight_mismatch_milp": 0.42315929126069307, "rand_score_milp": 0.9866666666666667, "label_mismatch_milp": 0.006666666666666667, "mse_refit_milp_assignment": 12.789799405016769, "r2_refit_milp_assignment": 0.8751404457293821, "weight_mismatch_refit_milp_assignment": 0.8617581563269547, "refit-weight_mismatch_refit_milp_assignment": 0.19017796475794752, "rand_score_refit_milp_assignment": 0.9866666666666667, "label_mismatch_refit_milp_assignment": 0.006666666666666667, "mse_greedy": NaN, "r2_greedy": NaN, "mse_ground_truth": 13.0063584586407, "r2_ground_truth": 0.8730263025710349, "weight_mismatch_ground_truth": 0, "rand_score_ground_truth": 1, "label_mismatch_ground_truth": 0, "mse_baseline_sklearn": 101.75869147075083, "r2_baseline_sklearn": 0.006572768475753277, "random_state": 5}