{"time_milp": 0.7894558906555176, "time_refit_milp_assignment": 1.244180679321289, "mse_refit_ground_truth_assignment": 2.0171559495466913, "r2_refit_ground_truth_assignment": 0.9767318120469378, "weight_mismatch_refit_ground_truth_assignment": 0.576469464476981, "refit-weight_mismatch_refit_ground_truth_assignment": 0.0, "rand_score_refit_ground_truth_assignment": 1.0, "label_mismatch_refit_ground_truth_assignment": 0.0, "mse_milp": 2.0171617356753346, "r2_milp": 0.9767317453031004, "weight_mismatch_milp": 0.5746435544071942, "refit-weight_mismatch_milp": 0.007504782158377333, "rand_score_milp": 1.0, "label_mismatch_milp": 0.0, "mse_refit_milp_assignment": 2.0171559495466913, "r2_refit_milp_assignment": 0.9767318120469378, "weight_mismatch_refit_milp_assignment": 0.576469464476981, "refit-weight_mismatch_refit_milp_assignment": 0.0, "rand_score_refit_milp_assignment": 1.0, "label_mismatch_refit_milp_assignment": 0.0, "mse_greedy": NaN, "r2_greedy": NaN, "mse_ground_truth": 1.944217620632644, "r2_ground_truth": 0.9778626362965387, "weight_mismatch_ground_truth": 0, "rand_score_ground_truth": 1, "label_mismatch_ground_truth": 0, "mse_baseline_sklearn": 86.21000100806727, "r2_baseline_sklearn": 0.005575559156424714, "mse_milp_val": 1.867375196600267, "r2_milp_val": 0.9791339888668597, "label_mismatch_milp_val": 0.0, "mse_refit_milp_assignment_val": 1.8671304192175662, "r2_refit_milp_assignment_val": 0.9791367240041807, "label_mismatch_refit_milp_assignment_val": 0.0, "mse_refit_ground_truth_assignment_val": 1.8671304192175662, "r2_refit_ground_truth_assignment_val": 0.9791367240041807, "label_mismatch_refit_ground_truth_assignment_val": 0.0, "mse_ground_truth_val": 1.7622585394787798, "r2_ground_truth_val": 0.9803085601805243, "label_mismatch_ground_truth_val": 0.0, "mse_baseline_sklearn_val": 89.54618357326686, "r2_baseline_sklearn_val": -0.0005871700404627145, "random_state": 42}