{"time_milp": 1235.1274149417877, "time_refit_milp_assignment": 1235.775640964508, "mse_refit_ground_truth_assignment": 11.081979115147346, "r2_refit_ground_truth_assignment": 0.9011362836710168, "weight_mismatch_refit_ground_truth_assignment": 1.286399085415798, "refit-weight_mismatch_refit_ground_truth_assignment": 0.0, "rand_score_refit_ground_truth_assignment": 1.0, "label_mismatch_refit_ground_truth_assignment": 0.0, "mse_milp": 7.60828265593918, "r2_milp": 0.9321255625523264, "weight_mismatch_milp": 2.841139800211946, "refit-weight_mismatch_milp": 2.574027643909371, "rand_score_milp": 0.7646846846846846, "label_mismatch_milp": 0.24, "mse_refit_milp_assignment": 7.608267094743184, "r2_refit_milp_assignment": 0.9321257013756945, "weight_mismatch_refit_milp_assignment": 2.8440123161071065, "refit-weight_mismatch_refit_milp_assignment": 2.578949467596552, "rand_score_refit_milp_assignment": 0.7646846846846846, "label_mismatch_refit_milp_assignment": 0.24, "mse_greedy": NaN, "r2_greedy": NaN, "mse_ground_truth": 11.589764267251342, "r2_ground_truth": 0.8966062690669412, "weight_mismatch_ground_truth": 0, "rand_score_ground_truth": 1, "label_mismatch_ground_truth": 0, "mse_baseline_sklearn": 109.4375259904474, "r2_baseline_sklearn": 0.023675912683398415, "random_state": 5}