{"time_milp": 18045.210376739502, "time_greedy": 5.212587308883667, "time_refit_milp_assignment": 18047.094051122665, "mse_refit_ground_truth_assignment": 167.21116325864563, "r2_refit_ground_truth_assignment": 0.5972968566097114, "weight_mismatch_refit_ground_truth_assignment": 16.70511566542287, "refit-weight_mismatch_refit_ground_truth_assignment": 0.0, "rand_score_refit_ground_truth_assignment": 1.0, "label_mismatch_refit_ground_truth_assignment": 0.0, "mse_milp": 148.8486793889047, "r2_milp": 0.6415201598311595, "weight_mismatch_milp": 9.522207597201247, "refit-weight_mismatch_milp": 1.8636025780864038, "rand_score_milp": 0.7338935574229691, "label_mismatch_milp": 0.3333333333333333, "mse_refit_milp_assignment": 148.84868153704875, "r2_refit_milp_assignment": 0.641520154657675, "weight_mismatch_refit_milp_assignment": 9.530014746096931, "refit-weight_mismatch_refit_milp_assignment": 1.8585105338783179, "rand_score_refit_milp_assignment": 0.7338935574229691, "label_mismatch_refit_milp_assignment": 0.3333333333333333, "mse_greedy": 98.61429300756063, "r2_greedy": 0.7625021858383472, "weight_mismatch_greedy": 43.86212384663419, "refit-weight_mismatch_greedy": 42.22308152189349, "rand_score_greedy": 0.6121358543417368, "label_mismatch_greedy": 0.48125, "mse_greedy_sem": 5.367633898128036, "r2_greedy_sem": 0.01292714553992354, "weight_mismatch_greedy_sem": 2.641791531399456, "refit-weight_mismatch_greedy_sem": 3.1918472415204486, "rand_score_greedy_sem": 0.008086967702145852, "label_mismatch_greedy_sem": 0.012089381426477275, "mse_ground_truth": 204.64507084300433, "r2_ground_truth": 0.5071428743048046, "weight_mismatch_ground_truth": 0, "rand_score_ground_truth": 1, "label_mismatch_ground_truth": 0, "mse_baseline_sklearn": 406.92408094585386, "r2_baseline_sklearn": 0.019949914158352122, "random_state": 2}