{"ground_truth": [[-10, -1.337719620706157, -1.6626352006348812, -1.0611537685933308], [1, 1.6272285743807728, 1.565890653114534, 1.026132378542826], [10, 0.1, 0.1, 0.1]], "milp": [[14.30637770920072, 0.015886028293272375, 0.891766415379918, -0.4249419271740016], [-14.833321854801703, -0.979617021323892, -0.3421484085392177, -2.006889315555335], [0.0, 0.0, 0.0, 0.0]], "greedy": [[[22.452277275993236, 1.408774074776602, 2.6908479424800413, 0.628671091669792], [-6.97481741134823, 0.37703186164084457, 0.8018067483930483, 2.4253849963021414], [-25.3982254236385, 1.8352224251502194, 8.496064250965265, -6.658778464891956]], [[-2.240862554247946, -3.105503110140936, 3.8505096370016965, -11.428548711176619], [-17.52196249868295, 2.110349296828582, 0.4787689204918466, 1.3407381417071969], [14.464152948847623, 0.9012737423572835, 0.27614419880051055, -0.12290387681362885]], [[1.485509145996464, 1.5941848559982665, -2.1682631537498986, -1.8539835484542382], [24.379336256524702, 2.467321234135771, -0.9970478537320986, -2.5271651925428396], [-29.720567541500337, 3.4857766180307466, -2.142485497904276, -5.159809726681109]], [[22.1090888663307, -0.963399566449861, 1.7941975763683329, 0.9349639684363128], [-5.727491631305649, 2.76969472923369, 3.308613132138691, 0.8444057131448689], [-36.09231503396071, 0.7433160407881425, 3.984421489349202, -1.912474072286274]], [[-5.536542095971001, -2.9589737198247854, -1.7359364540310775, -5.508400012942372], [22.890291660104936, -0.9034882234091701, -0.23232144086437348, -3.0376522543178353], [-13.336634055311723, 4.080549236515834, 7.56155056669645, 3.8529414110057822]], [[-41.545538238795544, 9.313085887145384, 9.420451911658303, -5.364181904017704], [-6.959096555078036, -0.8049456279457117, -1.1745877161515217, 0.03548601236203172], [18.640745754687345, -0.8594654363755915, 0.5369973518875667, -0.7086815865568591]], [[19.45056811793083, -1.909759192854489, -0.9923283306363676, 1.0432224854666463], [-9.044164393105653, 2.2375562662561195, 1.4798112954087779, 1.7192668269843654], [-55.6372298623762, 9.094024333331049, 15.170902035872578, -2.5676487551680998]], [[-18.413118803263693, 4.04746682927109, 1.782267423346487, 4.22466124053609], [2.614869822155928, -3.8262859190725824, 2.9947332334939536, -10.167156108997958], [18.74765610637009, -1.139516452576872, -1.3758929864301528, 3.1938946440055314]], [[9.980467973828155, 2.2134390682942997, -4.529632865058495, -1.5097329247985467], [4.514702010113201, -8.627990764188175, 4.668374700444961, -5.15412317743298], [-27.887828766856508, 6.767467040081574, 1.9979892435268443, 4.77293145471912]], [[-2.4726153331535183, 1.1068267795285387, 3.0014455214707105, -0.1696429896303565], [-33.665808191566946, -1.2961249158447254, 4.024667294709323, -2.009853625254897], [22.833564326065023, 1.5264395991969004, 3.0379290862581776, -0.27771135944119785]], [[-10.230173754789345, 6.669794202220059, 4.927723786347391, -5.222352537686675], [4.673696149665413, -2.5935710261935574, -2.6639972270423877, 3.37611627468201], [0.24700011405431432, -2.247254351223218, 8.291902092320134, -2.8774378822277944]], [[11.27241928295252, 5.862518434890853, -2.6592154002241504, -0.3969919224310811], [8.046949832602564, -0.7035323931898364, 4.175622577215804, -1.8437898757186557], [-29.501438231290546, 0.8905551714606383, 3.920920268234048, -3.800458934225208]], [[8.352019204008206, -5.346119826661605, 0.18136407942914223, -7.583357441530152], [-37.068289041650786, -1.8287788489719117, 14.336870966129425, 2.2521921359535946], [5.562775767272664, 2.7157263062224293, -0.7893758654018398, 1.0830363745126148]], [[16.465614143641957, 0.364225258381408, -5.984693120051103, 0.4328626012463014], [-14.868631261126579, 4.399418203392423, 3.9456020524676494, 4.177764310106435], [9.203510429463265, -5.079121909278176, 0.961711148260622, -10.588947691594093]], [[-4.7502489756228385, -2.6505461626166245, 4.563009963192959, -10.833203164667633], [17.927020778577855, -0.13901773114156382, -0.7794152925219812, 1.5971226123455726], [-16.439695678261195, 4.131665560647364, 2.039653496251551, 3.3810405326532003]], [[0.5176433677889785, 1.8907573427652877, 6.044844642638325, 0.3230880068607347], [-38.90771071256322, 4.972295023187304, 9.06608667919443, -4.209888288892017], [11.24350410951647, -0.1496857408727285, -5.88379344546902, -2.3913885096309038]], [[21.567502715208786, -1.0281664177448617, 1.3885483570706596, 1.4224825667811225], [-6.886490149130888, 2.2628228150542298, 3.130104412339934, 1.6922969189669956], [-39.10582005575428, -0.9828474031513206, 4.768050433720494, -0.28736991582369253]], [[-1.3150657114571702, 9.516757948747143, 7.420055611102388, -8.953651643482369], [13.348670560011339, -1.5623658250485433, 0.46986344013257536, 0.34338762876292594], [-19.15728649684599, -3.198576585609294, 0.7717018933675921, -0.9747433532953398]], [[-41.545538238795544, 9.313085887145384, 9.420451911658303, -5.364181904017704], [-6.959096555078036, -0.8049456279457117, -1.1745877161515217, 0.03548601236203172], [18.640745754687345, -0.8594654363755915, 0.5369973518875667, -0.7086815865568591]], [[-6.465358397820571, 2.741152980290016, 3.5476233494237404, 6.7384814181728805], [20.61058652586143, -1.2855822096642662, 0.48903329876993035, -2.785755031864287], [-11.386784328771187, -1.9503345433843409, 2.314112350194168, -6.12429066281956]]], "refit_milp_assignment": [[14.309763057484963, 0.015541828698826974, 0.8912312261256945, -0.42534392323373255], [-14.838027822254578, -0.9788982790744271, -0.3414505737244135, -2.0061466727826103], [0.0, 0.0, 0.0, 0.0]], "refit_ground_truth_assignment": [[-15.787908356462182, -1.1683803029216682, -0.7356701385410328, -2.6353430061258267], [6.4215879496811805, 1.4083825720561949, -0.2661020171940076, 0.1423189288612134], [14.691496230720919, -0.47373038249995975, 1.026343439403063, -0.36393295429875133]]}