{"time_milp": 9309.061563014984, "time_greedy": 0.572874903678894, "time_refit_milp_assignment": 9316.627586126328, "mse_refit_ground_truth_assignment": 0.36376893975169733, "r2_refit_ground_truth_assignment": 0.9969126076771814, "weight_mismatch_refit_ground_truth_assignment": 1.5511086171483472, "refit-weight_mismatch_refit_ground_truth_assignment": 0.0, "rand_score_refit_ground_truth_assignment": 1.0, "label_mismatch_refit_ground_truth_assignment": 0.0, "mse_milp": 5.38769844820308, "r2_milp": 0.9542733394500422, "weight_mismatch_milp": 4.867845867342671, "refit-weight_mismatch_milp": 5.458504928933534, "rand_score_milp": 0.7656494522691706, "label_mismatch_milp": 0.3333333333333333, "mse_refit_milp_assignment": 6.448437024769469, "r2_refit_milp_assignment": 0.9452706023278349, "weight_mismatch_refit_milp_assignment": 1.4800568896135686, "refit-weight_mismatch_refit_milp_assignment": 1.9712530269309, "rand_score_refit_milp_assignment": 0.7656494522691706, "label_mismatch_refit_milp_assignment": 0.3333333333333333, "mse_greedy": 118.70552180396957, "r2_greedy": -0.007481608913375126, "weight_mismatch_greedy": 22.956050966705313, "refit-weight_mismatch_greedy": 23.631223772322976, "rand_score_greedy": 0.9014084507042253, "label_mismatch_greedy": 0.08333333333333331, "mse_greedy_sem": 3.260193663416e-15, "r2_greedy_sem": 0.0, "weight_mismatch_greedy_sem": 1.3268026938822534e-15, "refit-weight_mismatch_greedy_sem": 7.290014651212247e-16, "rand_score_greedy_sem": 2.54702629954375e-17, "label_mismatch_greedy_sem": 3.1837828744296875e-18, "mse_ground_truth": 0.35177303712441155, "r2_ground_truth": 0.9968574845712448, "weight_mismatch_ground_truth": 0, "rand_score_ground_truth": 1, "label_mismatch_ground_truth": 0, "mse_baseline_sklearn": 110.18441708675033, "r2_baseline_sklearn": 0.06483900566090262, "mse_milp_val": 6.926311201604857, "r2_milp_val": 0.9327139319119366, "label_mismatch_milp_val": 0.3333333333333333, "mse_refit_milp_assignment_val": 9.789570708677045, "r2_refit_milp_assignment_val": 0.9048986246670044, "label_mismatch_refit_milp_assignment_val": 0.3333333333333333, "mse_greedy_val": 103.09658147832188, "label_mismatch_greedy_val": 0.04166666666666666, "mse_greedy_val_sem": 0.0, "label_mismatch_greedy_val_sem": 1.5918914372148438e-18, "r2_greedy_val": -0.0015379614172719158, "r2_greedy_val_sem": 0.0, "mse_refit_ground_truth_assignment_val": 0.3931016001261843, "r2_refit_ground_truth_assignment_val": 0.9961811907865924, "label_mismatch_refit_ground_truth_assignment_val": 0.0, "mse_ground_truth_val": 0.2692891714893371, "r2_ground_truth_val": 0.9973839740951849, "label_mismatch_ground_truth_val": 0.0, "mse_baseline_sklearn_val": 103.24258686142501, "r2_baseline_sklearn_val": -0.0029563395211065213}