{"ground_truth": [[-10, -1.0741876747322583, -1.2340197144652474, -1.7987627112516096], [1, 1.3137825237560339, 1.3014533616534067, 1.9206421230691864], [10, 0.1, 0.1, 0.1]], "milp": [[-56.38147130410267, -1.4990243624694366, -1.1176470095483186, -1.5628492117541064], [15.078503146353304, 1.242668297577787, 0.6438041209135932, 0.6329889247322799], [-7.529640865695502, -0.618662263454225, -2.3617597579525507, -1.4365758994918083]], "refit_milp_assignment": [[-56.496160795924204, -1.4833608754463825, -1.0984380902080675, -1.530364794293187], [15.083108437662442, 1.2416783433353926, 0.6427739716098506, 0.6326696148286959], [-7.532674102387233, -0.6180958316973038, -2.36165115335578, -1.4362113967651626]], "refit_ground_truth_assignment": [[-22.061142082759822, -0.21172489279283047, -2.851886432588776, -0.5499957369894697], [5.205491927545237, 2.651400188692681, 3.530311680661427, 1.8770299660768506], [13.937674451108318, 0.5281012975533693, 0.8394502407939006, 0.40566114807331344]]}