{"ground_truth": [[-5, 2, 4], [5, -2, -4]], "milp": [[-5.175303124781, 1.9144949774822189, 4.069044538351957], [5.418158034412971, -1.914394323106957, -4.130359171460992]], "refit_milp_assignment": [[-5.177728151637877, 1.91485934059855, 4.069770634115928], [5.421150420147611, -1.9150322425709, -4.131141794253177]], "refit_ground_truth_assignment": [[-5.098063929130353, 1.8910357956098736, 4.0731998191729], [5.561287972232867, -1.957978372091058, -4.127399950128573]]}