{"time_milp": 0.9401071071624756, "time_refit_milp_assignment": 1.4056153297424316, "mse_refit_ground_truth_assignment": 0.17867179730845348, "r2_refit_ground_truth_assignment": 0.9982903329049626, "weight_mismatch_refit_ground_truth_assignment": 0.46017992037398037, "refit-weight_mismatch_refit_ground_truth_assignment": 0.0, "rand_score_refit_ground_truth_assignment": 1.0, "label_mismatch_refit_ground_truth_assignment": 0.0, "mse_milp": 0.17686442688178486, "r2_milp": 0.9983076271942325, "weight_mismatch_milp": 0.44506000862498574, "refit-weight_mismatch_milp": 0.08314970088279983, "rand_score_milp": 0.9666666666666667, "label_mismatch_milp": 0.016666666666666666, "mse_refit_milp_assignment": 0.17682996442473584, "r2_refit_milp_assignment": 0.9983079569571257, "weight_mismatch_refit_milp_assignment": 0.4493391974786081, "refit-weight_mismatch_refit_milp_assignment": 0.07726567067666187, "rand_score_refit_milp_assignment": 0.9666666666666667, "label_mismatch_refit_milp_assignment": 0.016666666666666666, "mse_greedy": NaN, "r2_greedy": NaN, "mse_ground_truth": 0.23695127305086608, "r2_ground_truth": 0.9973885080259568, "weight_mismatch_ground_truth": 0, "rand_score_ground_truth": 1, "label_mismatch_ground_truth": 0, "mse_baseline_sklearn": 78.08989034599749, "r2_baseline_sklearn": 0.2527767784797702, "mse_milp_val": 29.986573406044442, "r2_milp_val": 0.5696700154081669, "label_mismatch_milp_val": 0.3, "mse_refit_milp_assignment_val": 30.010477746965307, "r2_refit_milp_assignment_val": 0.5693269700551395, "label_mismatch_refit_milp_assignment_val": 0.3, "mse_refit_ground_truth_assignment_val": 30.20032485497769, "r2_refit_ground_truth_assignment_val": 0.5666025206170686, "label_mismatch_refit_ground_truth_assignment_val": 0.325, "mse_ground_truth_val": 30.611303287604027, "r2_ground_truth_val": 0.5607046695960507, "label_mismatch_ground_truth_val": 0.325, "mse_baseline_sklearn_val": 70.33365816080342, "r2_baseline_sklearn_val": -0.009341134873546375, "random_state": 4}