{"ground_truth": [[-10, -1.337719620706157, -1.6626352006348812, -1.0611537685933308], [1, 1.6272285743807728, 1.565890653114534, 1.026132378542826], [10, 0.1, 0.1, 0.1]], "milp": [[-9.247622717295176, -2.3264379138399622, -2.3242961037837904, -0.7087315667682517], [8.236806153638925, -0.6162055877132073, 1.4677620733615857, 0.34933667777246147], [3.4582387985758403, 1.8226810031776393, -3.670082677001194, 3.035727128861484]], "greedy": [[[-11.032476668537084, -1.9375984618042814, -1.8117060495011825, -0.4587977485721131], [-2.473508238610239, 0.26744066018961227, 2.9524179937689077, -6.265272726434177], [7.087940589464927, 0.6329086094166232, 0.9134100824806809, -0.14551836598194615]], [[3.6130458100522134, -3.2063584656519666, 6.100853518634796, -7.887659977316558], [-14.621070084822339, 6.346895748153694, -1.8886100848735867, 0.6982434266414158], [4.147008569356488, -5.349525179040719, -2.0447298101310927, 5.983507367371201]], [[-0.20861011451836475, 0.6926793814970539, 1.3761179508451362, 1.4260466348790046], [8.841051421788956, 0.17796940330472952, 0.5853526713331075, 0.45361270911259877], [-9.197956982159894, -2.334163452676038, -2.28330633939922, -0.7631417897815395]], [[-7.597520427223998, -2.654949857712802, -2.5180535256912977, -1.3747565642309458], [9.45866236135406, -1.1247110015004613, 0.4703592266172264, 0.2927391346978353], [-11.15864850060526, -0.49035728454058625, 1.6844200980990278, 8.821859398325095]], [[6.757675134564275, 1.1113053633414192, 0.4413508369957488, 0.23850588436704073], [-10.549681186309456, 5.8688264474682414, -1.0819959061200157, 1.1915705090508475], [-10.453635637797417, -2.0010093920909333, -2.135231730871579, -0.4942992133293596]], [[7.064701552106229, -0.09986456191296542, 1.1747506498543243, 0.48503815499219066], [7.883901566710242, -3.975712356317638, 0.6116062569641317, -5.851077446894654], [-9.197956982159894, -2.334163452676038, -2.28330633939922, -0.7631417897815395]], [[-0.36859789556420886, 0.3607406270195654, 1.0540779111370524, 1.7982233829716086], [8.822905063127266, 0.011855080095258411, 0.5546126127894303, 0.5382671191638002], [-9.197956982159894, -2.334163452676038, -2.28330633939922, -0.7631417897815395]], [[9.073960305959686, -1.236792835007999, -1.4043695547473378, -2.711505584498136], [6.725556845848538, 0.02364203825513464, 1.181594709112275, 1.02702171841975], [-9.197956982159894, -2.334163452676038, -2.28330633939922, -0.7631417897815395]], [[-3.4372229573063295, 0.2997101119731746, 6.142752497324701, 2.058227748849786], [0.6912049207025495, -4.821544638702103, -3.4047353856789124, 7.358479735080999], [5.064657214775094, -3.2298790145564125, -2.7116526101737226, -7.202926833860587]], [[-9.197956982159894, -2.334163452676038, -2.28330633939922, -0.7631417897815395], [9.2043106623873, -0.13054555811672092, 0.4557502115132917, 0.44683173145395977], [-1.3676701303402643, 1.1780463979538782, 1.7381360819869527, 1.957293029723165]], [[8.841051421788956, 0.17796940330472952, 0.5853526713331075, 0.45361270911259877], [-9.197956982159894, -2.334163452676038, -2.28330633939922, -0.7631417897815395], [-0.20861011451836475, 0.6926793814970539, 1.3761179508451362, 1.4260466348790046]], [[-12.108519004034598, -0.3002284525801036, 2.2155702868064644, 8.933323615930531], [9.596056469417567, -1.0360820842999854, 0.29106052002329, 0.3775740330114174], [-6.6206667843948885, -2.8334541646464744, -2.6082831069327765, -1.7269093466752066]], [[-8.334057820291296, 0.12274370260123556, 0.7393446684091639, 7.802102192263671], [-7.575219698909379, -2.8436728210025044, -2.5532746197486986, -1.2362721640366354], [9.347958959147137, -1.2919376241322231, 0.725388926278669, 0.2303272233995574]], [[-3.5798146057570808, -3.807880177375947, -3.6244108206975816, -2.0791440047449594], [8.033538210894363, -1.2016429724703361, 1.8690378743796017, -0.49008863716588946], [-9.524362937114827, 0.26077736499551846, 0.7924814101097151, 7.530333853954749]], [[8.612906171210192, -1.38423555428314, -1.3829883932275466, -2.387206833908095], [-9.197956982159894, -2.334163452676038, -2.28330633939922, -0.7631417897815395], [7.1111607941443555, 0.15711079256425728, 1.1020977963431724, 0.7882420809041457]], [[6.030369477326514, -1.3792405122604423, 2.642767939248624, -2.4641058744083573], [-9.197956982159894, -2.334163452676038, -2.28330633939922, -0.7631417897815395], [5.811093282791187, 1.005154137642326, 0.01661975225277774, 1.2034277444196557]], [[7.903364732585301, -0.5313831497808158, 1.1048734227523036, 0.3514229688744849], [-10.505574405579969, -2.0865635214337046, -1.9683898575271788, -0.5348002958969197], [-2.350501753037994, -6.7785630736581055, 0.5878084343028837, 0.18985275519932351]], [[5.016145446995786, -2.921033290274781, 5.064067775362303, -8.202848706229254], [6.821034956191624, -6.488435013244594, -3.2263919140722583, 4.182138494239443], [-15.927089299318842, 5.012689787018981, -1.7853174294903214, 6.526030077235346]], [[-9.197956982159894, -2.334163452676038, -2.28330633939922, -0.7631417897815395], [-1.3676701303402643, 1.1780463979538782, 1.7381360819869527, 1.957293029723165], [9.2043106623873, -0.13054555811672092, 0.4557502115132917, 0.44683173145395977]], [[7.551236086012154, 1.2191345160211178, 0.7430734555662938, -0.3066320216067147], [-1.9059099141842717, 3.0747955917767307, 1.9850142714183032, -2.814401176791778], [-9.339842721750825, -2.2997217208416934, -2.198605081249925, -0.8340581054266764]]], "refit_milp_assignment": [[-9.264623842189774, -2.3221980379751264, -2.3214468943187376, -0.703633380868377], [8.252978655894442, -0.6204933509813574, 1.4620882022537454, 0.3469303934678645], [3.4630761345612258, 1.8227690441126714, -3.673618444124063, 3.0356252813979294]], "refit_ground_truth_assignment": [[-9.195149828183883, -2.3355466861919267, -2.2841390374816215, -0.7636950620911168], [1.6105953580977275, 1.2318525514070817, 1.2575144064551553, 1.217488872754512], [10.48880974175525, -0.6615412200355134, -0.012869180230139408, 0.3003387283632917]]}