{"ground_truth": [[-10, 0.2, 0.4], [10, -0.2, -0.4]], "milp": [[-9.875209029344276, 0.38667729906930537, 0.27841769073116013], [9.466823775161558, -0.025177430389313124, -0.3739487084524502]], "refit_milp_assignment": [[-10.001114465233547, 0.39962618755317003, 0.2961742001580166], [9.624279311990495, -0.05369442567921743, -0.40981281021315863]], "refit_ground_truth_assignment": [[-10.001114465233547, 0.39962618755317003, 0.2961742001580166], [9.624279311990495, -0.05369442567921743, -0.40981281021315863]]}