{"ground_truth": [[10, -1.3589201336520926, -1.6803914838039584, -1.8531998120617397, -1.7928425281034133], [-10, 1.3781574057712747, 1.4344209834948982, 1.8473290378992142, 1.1865631509517827]], "milp": [[-10.049304935350465, 1.443298472277466, 1.426233854624485, 1.851107982286242, 1.1683725780740455], [9.866003100391664, -1.3445374636125367, -1.5571944434298999, -1.8844578112222188, -1.7485787734357054]], "greedy": [[[9.896377744016068, -1.3796896575107014, -1.6350814608982402, -1.8906803207582321, -1.7686378363506945], [-10.057484998936896, 1.4372933591236068, 1.4226056962843863, 1.846498804763201, 1.1739965837424398]], [[9.896377744016068, -1.3796896575107014, -1.6350814608982402, -1.8906803207582321, -1.7686378363506945], [-10.057484998936896, 1.4372933591236068, 1.4226056962843863, 1.846498804763201, 1.1739965837424398]], [[-10.057484998936896, 1.4372933591236068, 1.4226056962843863, 1.846498804763201, 1.1739965837424398], [9.896377744016068, -1.3796896575107014, -1.6350814608982402, -1.8906803207582321, -1.7686378363506945]], [[-10.057484998936896, 1.4372933591236068, 1.4226056962843863, 1.846498804763201, 1.1739965837424398], [9.896377744016068, -1.3796896575107014, -1.6350814608982402, -1.8906803207582321, -1.7686378363506945]], [[-10.057484998936896, 1.4372933591236068, 1.4226056962843863, 1.846498804763201, 1.1739965837424398], [9.896377744016068, -1.3796896575107014, -1.6350814608982402, -1.8906803207582321, -1.7686378363506945]], [[-10.057484998936896, 1.4372933591236068, 1.4226056962843863, 1.846498804763201, 1.1739965837424398], [9.896377744016068, -1.3796896575107014, -1.6350814608982402, -1.8906803207582321, -1.7686378363506945]], [[-10.057484998936896, 1.4372933591236068, 1.4226056962843863, 1.846498804763201, 1.1739965837424398], [9.896377744016068, -1.3796896575107014, -1.6350814608982402, -1.8906803207582321, -1.7686378363506945]], [[-5.351908416088821, 2.5902163963366633, 0.8991730221766486, -0.325097313176688, 1.8213351774749431], [4.166420972476365, -1.2702446421866447, 2.638716622039655, 2.8461729236321114, -3.4740612981834778]], [[9.896377744016068, -1.3796896575107014, -1.6350814608982402, -1.8906803207582321, -1.7686378363506945], [-10.057484998936896, 1.4372933591236068, 1.4226056962843863, 1.846498804763201, 1.1739965837424398]], [[9.896377744016068, -1.3796896575107014, -1.6350814608982402, -1.8906803207582321, -1.7686378363506945], [-10.057484998936896, 1.4372933591236068, 1.4226056962843863, 1.846498804763201, 1.1739965837424398]], [[-6.194672681104846, 2.2379577407699935, -0.1934489115207416, 0.7436686916300713, 1.7291737983284186], [3.6729080207490528, -1.7124944667125868, 0.6183264204720716, 0.73107538928959, -3.0194011489316654]], [[4.168202258005575, -0.9802506380093632, 2.300364316661939, 1.3662393974687521, -3.612772036672504], [-6.771159820707789, 2.794863613732393, 0.967048771712101, 0.5224209755524004, 2.220583687893383]], [[-10.057484998936896, 1.4372933591236068, 1.4226056962843863, 1.846498804763201, 1.1739965837424398], [9.896377744016068, -1.3796896575107014, -1.6350814608982402, -1.8906803207582321, -1.7686378363506945]], [[-0.390608846686046, -1.935139367968712, -0.23132009198007186, 2.9352496601969027, -1.4879954626212792], [0.42767175456542805, 1.053587857608191, 1.1392008929708073, -2.207655375087352, 0.26389462509489464]], [[9.896377744016068, -1.3796896575107014, -1.6350814608982402, -1.8906803207582321, -1.7686378363506945], [-10.057484998936896, 1.4372933591236068, 1.4226056962843863, 1.846498804763201, 1.1739965837424398]], [[3.2053477197660882, -2.8004005567568147, 0.16759031067516234, 2.406027974355352, -2.2792126232426853], [-4.23978757973632, 2.0293472520064717, -0.208984847285683, -0.3376251722108991, 1.2340359515685215]], [[-10.057484998936896, 1.4372933591236068, 1.4226056962843863, 1.846498804763201, 1.1739965837424398], [9.896377744016068, -1.3796896575107014, -1.6350814608982402, -1.8906803207582321, -1.7686378363506945]], [[-10.057484998936896, 1.4372933591236068, 1.4226056962843863, 1.846498804763201, 1.1739965837424398], [9.896377744016068, -1.3796896575107014, -1.6350814608982402, -1.8906803207582321, -1.7686378363506945]], [[9.896377744016068, -1.3796896575107014, -1.6350814608982402, -1.8906803207582321, -1.7686378363506945], [-10.057484998936896, 1.4372933591236068, 1.4226056962843863, 1.846498804763201, 1.1739965837424398]], [[-5.351908416088821, 2.5902163963366633, 0.8991730221766486, -0.325097313176688, 1.8213351774749431], [4.166420972476365, -1.2702446421866447, 2.638716622039655, 2.8461729236321114, -3.4740612981834778]]], "refit_milp_assignment": [[-10.055583436843225, 1.4442794107997585, 1.4272602694247105, 1.8516612164055224, 1.169592715203044], [9.874246903046014, -1.3462621069874487, -1.5591492874150612, -1.8851651734708865, -1.7493836569442716]], "refit_ground_truth_assignment": [[9.897123687098524, -1.3799166854199072, -1.6354057589617985, -1.8908221162913394, -1.7687631004752997], [-10.057916863732183, 1.437461933441696, 1.4227120639189064, 1.8467072121510502, 1.1741317563097862]]}