{"time_milp": 26.948082208633423, "time_refit_milp_assignment": 27.49653697013855, "mse_refit_ground_truth_assignment": 0.19477808797526872, "r2_refit_ground_truth_assignment": 0.998950207925447, "weight_mismatch_refit_ground_truth_assignment": 0.6116620363584593, "refit-weight_mismatch_refit_ground_truth_assignment": 0.0, "rand_score_refit_ground_truth_assignment": 1.0, "label_mismatch_refit_ground_truth_assignment": 0.0, "mse_milp": 10.318910752505907, "r2_milp": 0.9443843461109617, "weight_mismatch_milp": 7.36813180978616, "refit-weight_mismatch_milp": 7.8445828845456145, "rand_score_milp": 0.6186440677966102, "label_mismatch_milp": 0.25, "mse_refit_milp_assignment": 10.318846583644945, "r2_refit_milp_assignment": 0.944384691960756, "weight_mismatch_refit_milp_assignment": 7.367191716761925, "refit-weight_mismatch_refit_milp_assignment": 7.844245833885216, "rand_score_refit_milp_assignment": 0.6186440677966102, "label_mismatch_refit_milp_assignment": 0.25, "mse_greedy": NaN, "r2_greedy": NaN, "mse_ground_truth": 0.2859709755546288, "r2_ground_truth": 0.998385527608774, "weight_mismatch_ground_truth": 0, "rand_score_ground_truth": 1, "label_mismatch_ground_truth": 0, "mse_baseline_sklearn": 153.4101956726145, "r2_baseline_sklearn": 0.1731677354118205, "mse_milp_val": 47.102279963528446, "r2_milp_val": 0.7134036974445634, "label_mismatch_milp_val": 0.175, "mse_refit_milp_assignment_val": 47.12697827402745, "r2_refit_milp_assignment_val": 0.7132534192738705, "label_mismatch_refit_milp_assignment_val": 0.175, "mse_refit_ground_truth_assignment_val": 40.55694086359031, "r2_refit_ground_truth_assignment_val": 0.7532291578355741, "label_mismatch_refit_ground_truth_assignment_val": 0.275, "mse_ground_truth_val": 39.40105468973661, "r2_ground_truth_val": 0.7602622081222677, "label_mismatch_ground_truth_val": 0.275, "mse_baseline_sklearn_val": 164.68483377123053, "r2_baseline_sklearn_val": -0.00203354237495712, "random_state": 3}