{"ground_truth": [[-10, -1.818109421749651, -1.1550208000957072, -1.5495727697039756, -1.050642079697968], [1, 1.279990798028891, 1.637990395790684, 1.892120413065728, 1.3350584085511943], [10, 0.1, 0.1, 0.1, 0.1]], "milp": [[-7.344378568582611, -2.036596100497893, -1.8558836999306738, -1.8795560774568978, -1.6786116303550234], [1.656906730040534, 1.7606557277801766, 1.9761277158440849, 1.6774272029111437, 1.059251062763843], [2.369231212413799, 0.31934870335882226, 2.5143834999246346, -1.9307775891768304, 2.666987712807113]], "refit_milp_assignment": [[-9.40789604077904, -1.849418155890538, -1.259952898263367, -1.6998896302493636, -1.1223127107586122], [1.879024477580149, 1.7161308667762931, 1.9558965423919588, 1.6684877537810414, 1.0575419683231526], [2.890478665211435, 0.24112464004056844, 2.5142914898375017, -2.11267569298349, 2.6180682147208936]], "refit_ground_truth_assignment": [[-9.701789085340984, -1.8287492147127653, -1.1442622272798835, -1.7015332607718878, -1.0246398406443034], [0.5438092527500613, 1.394592524509742, 1.6449804808272162, 1.9513252386819229, 1.3785465740258243], [9.791484374572104, 0.19766271139478558, 0.1360609483606133, 0.008342257248395253, 0.0828214977845479]]}