{"ground_truth": [[0.08831444450914701, 0.39070166642526194, -0.04175941803498346, 0.14144242064604762, 0.22186324027541832, 0.37423164729017616], [-0.05602019943983447, 0.13933946779242373, 0.0825069824627132, -0.21171628436688458, 0.21416561599599493, 0.16057355524403247]], "milp": [[-0.6994300497541943, 0.017171788937794672, -0.0349112626161566, -0.019431695485094443, 0.006179906494790956, 0.05652656353105578], [0.7824654544934478, 0.16595449928517414, 0.1414761151996899, 0.10427721282438476, -0.05392750962806561, 0.15547962224512113]], "greedy": [[[-0.35727754019359964, 0.0699868736304261, -0.018275110214433784, -0.19905731827377415, 0.11328433795422684, 0.8624904712399988], [0.7002190852390254, 0.33970446983593366, 0.167284904994799, -0.10365300009272485, 0.23037661700179543, -0.21940460765218278]], [[0.8852009401399831, 0.2148380920270425, 0.09633262815051964, 0.09958949662273925, 0.33602469452385103, 0.2294530813519204], [-0.5972690777180397, 0.07936121513312779, -0.03820147783819756, -0.07919808484405763, 0.17988641212159776, 0.1616705146042691]], [[-0.41808911831930073, 0.060404288399012185, -0.019804726662750603, -0.2951518624750931, 0.13121503325378642, 0.7888381143785224], [0.7545369348038045, 0.31774291368511837, 0.07774335386195104, 0.16738034482828523, 0.25739793682414325, -0.21893187415837093]], [[0.22515079483009232, 0.541010557811419, 0.14407774621803227, 0.62577627871601, -0.23158223018864194, 0.4164982256990102], [-0.07103276838073935, -0.11263406212517088, -0.22151972306713827, -0.7025842042400541, 0.8103217437961552, 0.10702748730434189]], [[-0.5739777411099448, 0.10045358458639007, -0.040794991777168194, -0.11060653474838236, 0.14643957814234432, 0.21497878667093873], [0.9063953901150728, 0.2194021507378923, 0.09848119401964107, -0.02574192112205452, 0.24660431393129328, 0.40585536937274314]], [[0.5388860609306363, 0.29872938165866636, 0.08482238063648112, -0.21573197221651247, 0.13248543636947932, -0.11595288786089923], [-0.23767549605642113, 0.21961703876409547, -0.012806424530702732, 0.25459812969615286, 0.2808235973565923, 0.6785228372723667]], [[-0.17679975385133032, 0.04691521037172427, 0.3641510073754769, 0.6914911876777073, 0.20171599306527052, 0.2211891515673289], [0.27181864414838675, 0.407530075074958, -0.2498417398007387, -0.47019098334329984, 0.37962165009944954, 0.044692608232481876]], [[0.5560979419087264, 0.4854577498647813, -0.3012769002113345, 0.17205277978609235, 0.34526409067727476, -0.18090460973532302], [-0.2266148065824846, -0.012788078898388401, 0.26749266896311896, -0.25354327335174015, 0.019787563116022443, 0.8994958186264792]], [[0.8248323539827829, 0.26850544186617553, 0.08256178534543637, 0.06691027383158485, 0.49140359206324685, -0.16581850690689787], [-0.5235364654959864, 0.08763655891249285, -0.028053440255563902, -0.06446276174556044, 0.0339527922751026, 0.4615838418211015]], [[0.40283316115139206, 0.0983389627471913, 0.17010971908909814, -0.18592144661506818, 0.1310995184675149, -0.07304244355926522], [-0.1018023598923408, 0.39928561428163994, -0.13707464522711807, 0.2158211186853736, 0.2949404482791427, 0.7137986799038426]]], "refit_milp_assignment": [[-0.6994342290787978, 0.017171020870385155, -0.034911414052259386, -0.019431241868226964, 0.0061785842270476905, 0.056526105088575064], [0.7824709056272063, 0.16595417690174666, 0.1414770180291972, 0.10427906617918144, -0.05393036940751392, 0.1554801163253888]], "refit_ground_truth_assignment": [[0.08831444450906371, 0.3907016664249878, -0.04175941803486957, 0.1414424206462831, 0.22186324027526683, 0.3742316472898159], [-0.05602019943976802, 0.1393394677923984, 0.08250698246270259, -0.21171628436648113, 0.21416561599563805, 0.1605735552439559]]}