{"ground_truth": [[-10, 0.2, 0.4, 0.3], [10, -0.2, -0.4, -0.3]], "milp": [[-13.129192571738608, 0.3792855672983802, 0.04461496428542619, 0.5706696916358265], [11.821077368060331, -0.0911684133099758, -0.6600797791986704, -0.17878315935672345]], "refit_milp_assignment": [[-13.133654774766642, 0.38006283721428263, 0.04508640930788764, 0.5715136997151561], [11.823916070167598, -0.09155293051294158, -0.6603556280964566, -0.17920951255682815]], "refit_ground_truth_assignment": [[-13.133654774766642, 0.38006283721428263, 0.04508640930788764, 0.5715136997151561], [11.823916070167598, -0.09155293051294158, -0.6603556280964566, -0.17920951255682815]]}