{"ground_truth": [[-10, -1.8462186585257336, -1.906634831810298, -1.0001237701397785, -1.7950884368530164, -1.7466955848528896, -1.881892905816258, -1.8491552391820751, -1.5669427894625398], [1, 1.7138329191640254, 1.347593482153158, 1.4125200450011783, 1.2333063713678354, 1.0687131795304348, 1.8954384803970523, 1.8890079059172495, 1.7881993511997987], [10, 0.1, 0.1, 0.1, 0.1, 0.1, 0.1, 0.1, 0.1]], "milp": [[-0.5622829807993828, -1.9275488204759887, 0.048675228525143055, 2.5567567901538335, -0.10130950056224552, 2.196405906845744, -3.3531548462777008, -6.768689039008386, -5.117834184610387], [3.9414832939349824, 0.6029959665551439, 1.7951320418770937, -2.0926734796144495, -0.7269693323567996, 1.2644484568514245, 1.240763301018652, 1.6678970151823866, 1.786868070742909], [1.5873968700757373, 0.005695715200504381, -0.5797014405483307, -2.9791981948675192, -0.8103632347316563, -2.846750362441296, 8.896749152353667, 1.0139804292824701, 0.012290712945598692]], "refit_milp_assignment": [[-0.5956778111181453, -2.0170110456430232, 0.12316045543541997, 2.723090513147479, -0.07370369338950564, 2.3879928711515115, -3.321911066630046, -6.982883495871071, -5.221205697899282], [5.2559278356535, 0.4662489701523798, 1.753086105294481, -2.5465606731726003, -0.9484981686351379, 1.3510319730667302, 1.0296392015682814, 1.602842939413532, 1.644347955845479], [2.2223601116469665, 0.09119455212711587, -0.7325739234358005, -3.0020437251309677, -0.7762218145153945, -2.974038063532466, 9.044886037469137, 1.0509208086818345, -0.13177456507827623]], "refit_ground_truth_assignment": [[-9.877281152384548, -1.8539350101105359, -2.0678989249220305, -0.9006190658218015, -1.7469997527660763, -1.9255925812586323, -1.845647398130045, -1.7535383763249504, -1.5556354214607988], [1.8770624074360764, 1.5302109806307855, 1.2889634693687924, 1.1998044786617437, 1.0128954892386328, 0.9817130708387676, 1.845424450692909, 1.8182171626409396, 1.6482703360557553], [10.114189747409451, 0.027092331538724236, 0.0410978973634344, 0.04961390203251652, 0.1474751219711939, 0.013627420962905383, -0.009716994494617801, 0.052599866810328626, 0.15243204958129367]]}