{"ground_truth": [[-10, 0.2, 0.4, 0.3], [10, -0.2, -0.4, -0.3]], "milp": [[9.904892266197685, -0.14237354945523112, -0.4855967066595236, -0.3346040008853933], [-10.485188515997068, 0.29316634735760627, 0.5523365201375465, 0.24835684015830828]], "refit_milp_assignment": [[9.907450818757932, -0.14262866288951687, -0.4859972182178089, -0.3349531268941152], [-10.488912440438677, 0.2935228142642509, 0.553275786013094, 0.24868548606604232]], "refit_ground_truth_assignment": [[-10.488912440438677, 0.2935228142642509, 0.553275786013094, 0.24868548606604232], [9.907450818757932, -0.14262866288951687, -0.4859972182178089, -0.3349531268941152]]}