{"time_milp": 613.690217256546, "time_greedy": 0.4784006953239441, "time_refit_milp_assignment": 616.3684847354889, "mse_refit_ground_truth_assignment": 3.9718102752629525, "r2_refit_ground_truth_assignment": 0.9656195904690807, "weight_mismatch_refit_ground_truth_assignment": 1.6349858361791783, "refit-weight_mismatch_refit_ground_truth_assignment": 0.0, "rand_score_refit_ground_truth_assignment": 1.0, "label_mismatch_refit_ground_truth_assignment": 0.0, "mse_milp": 3.6216264996915806, "r2_milp": 0.9686508182420211, "weight_mismatch_milp": 3.908717970548519, "refit-weight_mismatch_milp": 3.2922755585152927, "rand_score_milp": 0.8438967136150235, "label_mismatch_milp": 0.1388888888888889, "mse_refit_milp_assignment": 3.6215716180200577, "r2_refit_milp_assignment": 0.9686512933035705, "weight_mismatch_refit_milp_assignment": 3.9376382035439095, "refit-weight_mismatch_refit_milp_assignment": 3.325089725948285, "rand_score_refit_milp_assignment": 0.8438967136150235, "label_mismatch_refit_milp_assignment": 0.1388888888888889, "mse_greedy": 7.757882683352058, "r2_greedy": 0.9328469475474096, "weight_mismatch_greedy": 13.908225711848058, "refit-weight_mismatch_greedy": 13.338792889424724, "rand_score_greedy": 0.7536189358372457, "label_mismatch_greedy": 0.3104166666666666, "mse_greedy_sem": 1.3932387144188385, "r2_greedy_sem": 0.012060021566080456, "weight_mismatch_greedy_sem": 2.6174516371060723, "refit-weight_mismatch_greedy_sem": 2.6420508007623518, "rand_score_greedy_sem": 0.020666289122536593, "label_mismatch_greedy_sem": 0.03204242220849813, "mse_ground_truth": 3.952027283268194, "r2_ground_truth": 0.9650896016367458, "weight_mismatch_ground_truth": 0, "rand_score_ground_truth": 1, "label_mismatch_ground_truth": 0, "mse_baseline_sklearn": 109.77090328587008, "r2_baseline_sklearn": 0.04981145926027608, "mse_milp_val": 4.813534038709043, "r2_milp_val": 0.9560853671203949, "label_mismatch_milp_val": 0.10416666666666667, "mse_refit_milp_assignment_val": 4.814270812442907, "r2_refit_milp_assignment_val": 0.9560786454170107, "label_mismatch_refit_milp_assignment_val": 0.10416666666666667, "mse_greedy_val": 15.98735389542179, "label_mismatch_greedy_val": 0.3104166666666667, "mse_greedy_val_sem": 4.135763384376441, "label_mismatch_greedy_val_sem": 0.03426267533413921, "r2_greedy_val": 0.8541448400722093, "r2_greedy_val_sem": 0.03773122392846192, "mse_refit_ground_truth_assignment_val": 4.360924784916186, "r2_refit_ground_truth_assignment_val": 0.9602145929778183, "label_mismatch_refit_ground_truth_assignment_val": 0.16666666666666666, "mse_ground_truth_val": 4.263602431868547, "r2_ground_truth_val": 0.9611024802080108, "label_mismatch_ground_truth_val": 0.16666666666666666, "mse_baseline_sklearn_val": 109.80230206049835, "r2_baseline_sklearn_val": -0.0017437802549540304}