{"time_milp": 0.4960939884185791, "time_refit_milp_assignment": 1.0827558040618896, "mse_refit_ground_truth_assignment": 0.1942383386129755, "r2_refit_ground_truth_assignment": 0.9967432617161975, "weight_mismatch_refit_ground_truth_assignment": 0.2929274888221468, "refit-weight_mismatch_refit_ground_truth_assignment": 0.0, "rand_score_refit_ground_truth_assignment": 1.0, "label_mismatch_refit_ground_truth_assignment": 0.0, "mse_milp": 0.1790579283481665, "r2_milp": 0.9969977872832214, "weight_mismatch_milp": 0.2886549760433449, "refit-weight_mismatch_milp": 0.09494172168173581, "rand_score_milp": 0.9033898305084745, "label_mismatch_milp": 0.05, "mse_refit_milp_assignment": 0.17903314260581618, "r2_refit_milp_assignment": 0.9969982028586252, "weight_mismatch_refit_milp_assignment": 0.2838661449221833, "refit-weight_mismatch_refit_milp_assignment": 0.1008069193011504, "rand_score_refit_milp_assignment": 0.9033898305084745, "label_mismatch_refit_milp_assignment": 0.05, "mse_greedy": NaN, "r2_greedy": NaN, "mse_ground_truth": 0.2187746024833642, "r2_ground_truth": 0.9959572559524613, "weight_mismatch_ground_truth": 0, "rand_score_ground_truth": 1, "label_mismatch_ground_truth": 0, "mse_baseline_sklearn": 55.628822643097095, "r2_baseline_sklearn": 0.0672875515805682, "mse_milp_val": 16.17437885002054, "r2_milp_val": 0.6416766453892431, "label_mismatch_milp_val": 0.275, "mse_refit_milp_assignment_val": 16.186360103772852, "r2_refit_milp_assignment_val": 0.6414112155339897, "label_mismatch_refit_milp_assignment_val": 0.275, "mse_refit_ground_truth_assignment_val": 15.92137237654956, "r2_refit_ground_truth_assignment_val": 0.6472816908227029, "label_mismatch_refit_ground_truth_assignment_val": 0.25, "mse_ground_truth_val": 15.726623984074056, "r2_ground_truth_val": 0.6515961005409336, "label_mismatch_ground_truth_val": 0.25, "mse_baseline_sklearn_val": 46.28328119055392, "r2_baseline_sklearn_val": -0.02534883919645381, "random_state": 5}