{"time_milp": 1.1173031330108643, "time_refit_milp_assignment": 1.6303739547729492, "mse_refit_ground_truth_assignment": 4.464790218364633, "r2_refit_ground_truth_assignment": 0.9424937291425791, "weight_mismatch_refit_ground_truth_assignment": 0.4309379467735913, "refit-weight_mismatch_refit_ground_truth_assignment": 0.0, "rand_score_refit_ground_truth_assignment": 1.0, "label_mismatch_refit_ground_truth_assignment": 0.0, "mse_milp": 4.044276281533465, "r2_milp": 0.9479099272544785, "weight_mismatch_milp": 0.8436939567802006, "refit-weight_mismatch_milp": 0.6465072028685256, "rand_score_milp": 0.7726708074534161, "label_mismatch_milp": 0.12857142857142856, "mse_refit_milp_assignment": 4.044259784990245, "r2_refit_milp_assignment": 0.947910139729116, "weight_mismatch_refit_milp_assignment": 0.8436969944431203, "refit-weight_mismatch_refit_milp_assignment": 0.6471012623865366, "rand_score_refit_milp_assignment": 0.7726708074534161, "label_mismatch_refit_milp_assignment": 0.12857142857142856, "mse_greedy": NaN, "r2_greedy": NaN, "mse_ground_truth": 4.669868659745991, "r2_ground_truth": 0.9398523292513624, "weight_mismatch_ground_truth": 0, "rand_score_ground_truth": 1, "label_mismatch_ground_truth": 0, "mse_baseline_sklearn": 77.58997926018395, "r2_baseline_sklearn": 0.0005974365594815234, "random_state": 3}