{"ground_truth": [[-5, 2, 4], [5, -2, -4]], "milp": [[4.746048273297775, -2.098207770669482, -4.036517857957961], [-5.55413298817479, 1.924515662047106, 3.8952490666104858]], "refit_milp_assignment": [[4.748791117814118, -2.0987878238602016, -4.037233326330639], [-5.5566197548932, 1.924953962465873, 3.8959855155529874]], "refit_ground_truth_assignment": [[-5.068267201676001, 2.079660748480163, 3.855565684206511], [4.828905374691481, -2.1835996073493886, -3.9728839194366867]]}