{"time_milp": 8105.597422361374, "time_greedy": 0.6452864050865174, "time_refit_milp_assignment": 8118.0478682518005, "mse_refit_ground_truth_assignment": 2.1748970807351555, "r2_refit_ground_truth_assignment": 0.9806985526250702, "weight_mismatch_refit_ground_truth_assignment": 2.0311945373779743, "refit-weight_mismatch_refit_ground_truth_assignment": 0.0, "rand_score_refit_ground_truth_assignment": 1.0, "label_mismatch_refit_ground_truth_assignment": 0.0, "mse_milp": 6.874498243799361, "r2_milp": 0.9389912436514514, "weight_mismatch_milp": 16.679658130936772, "refit-weight_mismatch_milp": 17.81303877047297, "rand_score_milp": 0.7187010954616588, "label_mismatch_milp": 0.4444444444444444, "mse_refit_milp_assignment": 7.325105470239221, "r2_refit_milp_assignment": 0.9349922628514256, "weight_mismatch_refit_milp_assignment": 16.479092604789848, "refit-weight_mismatch_refit_milp_assignment": 17.621984876386954, "rand_score_refit_milp_assignment": 0.7187010954616588, "label_mismatch_refit_milp_assignment": 0.4444444444444444, "mse_greedy": 113.04899116108797, "r2_greedy": -0.003270073334728396, "weight_mismatch_greedy": 22.956050966705313, "refit-weight_mismatch_greedy": 24.023570496939612, "rand_score_greedy": 0.8877151799687011, "label_mismatch_greedy": 0.09722222222222224, "mse_greedy_sem": 0.0, "r2_greedy_sem": 0.0, "weight_mismatch_greedy_sem": 1.4350408191326673e-15, "refit-weight_mismatch_greedy_sem": 4.821891455281219e-16, "rand_score_greedy_sem": 0.0, "label_mismatch_greedy_sem": 3.1837828744296875e-18, "mse_ground_truth": 1.9364933688014148, "r2_ground_truth": 0.9826851915573034, "weight_mismatch_ground_truth": 0, "rand_score_ground_truth": 1, "label_mismatch_ground_truth": 0, "mse_baseline_sklearn": 107.21793470057716, "r2_baseline_sklearn": 0.048478503832312, "mse_milp_val": 8.212336914236888, "r2_milp_val": 0.9256776612596057, "label_mismatch_milp_val": 0.3958333333333333, "mse_refit_milp_assignment_val": 8.283388186476461, "r2_refit_milp_assignment_val": 0.9250346412789994, "label_mismatch_refit_milp_assignment_val": 0.3958333333333333, "mse_greedy_val": 111.45789353946239, "label_mismatch_greedy_val": 0.08333333333333331, "mse_greedy_val_sem": 6.520387326832e-15, "label_mismatch_greedy_val_sem": 3.1837828744296875e-18, "r2_greedy_val": -0.00870329669133918, "r2_greedy_val_sem": 0.0, "mse_refit_ground_truth_assignment_val": 2.6075094697787, "r2_refit_ground_truth_assignment_val": 0.9764018203216049, "label_mismatch_refit_ground_truth_assignment_val": 0.125, "mse_ground_truth_val": 2.410974715915666, "r2_ground_truth_val": 0.9781804763489224, "label_mismatch_ground_truth_val": 0.125, "mse_baseline_sklearn_val": 110.63926822140813, "r2_baseline_sklearn_val": -0.001294668815342792}