{"time_milp": 47.06254315376282, "time_refit_milp_assignment": 47.70899415016174, "mse_refit_ground_truth_assignment": 10.982290472198068, "r2_refit_ground_truth_assignment": 0.8866497101042714, "weight_mismatch_refit_ground_truth_assignment": 1.3446117762094725, "refit-weight_mismatch_refit_ground_truth_assignment": 0.0, "rand_score_refit_ground_truth_assignment": 1.0, "label_mismatch_refit_ground_truth_assignment": 0.0, "mse_milp": 10.982296900225833, "r2_milp": 0.8866496437593853, "weight_mismatch_milp": 1.3424978313051694, "refit-weight_mismatch_milp": 0.0076469591139437494, "rand_score_milp": 1.0, "label_mismatch_milp": 0.0, "mse_refit_milp_assignment": 10.982290472198068, "r2_refit_milp_assignment": 0.8866497101042714, "weight_mismatch_refit_milp_assignment": 1.3446117762094725, "refit-weight_mismatch_refit_milp_assignment": 0.0, "rand_score_refit_milp_assignment": 1.0, "label_mismatch_refit_milp_assignment": 0.0, "mse_greedy": NaN, "r2_greedy": NaN, "mse_ground_truth": 10.585184823444395, "r2_ground_truth": 0.8928689200184793, "weight_mismatch_ground_truth": 0, "rand_score_ground_truth": 1, "label_mismatch_ground_truth": 0, "mse_baseline_sklearn": 96.47047240980577, "r2_baseline_sklearn": 0.004310071591033138, "mse_milp_val": 10.16529517313848, "r2_milp_val": 0.899916935706698, "label_mismatch_milp_val": 0.0, "mse_refit_milp_assignment_val": 10.164886089656251, "r2_refit_milp_assignment_val": 0.899920963364307, "label_mismatch_refit_milp_assignment_val": 0.0, "mse_refit_ground_truth_assignment_val": 10.164886089656251, "r2_refit_ground_truth_assignment_val": 0.899920963364307, "label_mismatch_refit_ground_truth_assignment_val": 0.0, "mse_ground_truth_val": 9.59451871494002, "r2_ground_truth_val": 0.9055365518604847, "label_mismatch_ground_truth_val": 0.0, "mse_baseline_sklearn_val": 101.75932459386904, "r2_baseline_sklearn_val": -0.0018779437593856585, "random_state": 42}