{"ground_truth": [[-10, 0.2, 0.4, 0.3], [10, -0.2, -0.4, -0.3]], "milp": [[-10.822632276402961, 0.3897124820638636, 0.555769632714665, 0.3665697420482207], [9.617300298074273, -0.11809748060855957, -0.5453101987922687, -0.06019167291132629]], "refit_milp_assignment": [[-10.82706413473215, 0.39079691243656756, 0.5564471804559726, 0.3671940444949662], [9.620202447666603, -0.11861504215211718, -0.5455771846548095, -0.060629877391076836]], "refit_ground_truth_assignment": [[-10.82706413473215, 0.39079691243656756, 0.5564471804559726, 0.3671940444949662], [9.620202447666603, -0.11861504215211718, -0.5455771846548095, -0.060629877391076836]]}