{"time_milp": 322.7271771430969, "time_refit_milp_assignment": 323.1761281490326, "mse_refit_ground_truth_assignment": 11.542487281296538, "r2_refit_ground_truth_assignment": 0.8872198215172344, "weight_mismatch_refit_ground_truth_assignment": 1.0011862876978552, "refit-weight_mismatch_refit_ground_truth_assignment": 0.0, "rand_score_refit_ground_truth_assignment": 1.0, "label_mismatch_refit_ground_truth_assignment": 0.0, "mse_milp": 11.376048613898705, "r2_milp": 0.8888460726152952, "weight_mismatch_milp": 0.722962288520934, "refit-weight_mismatch_milp": 0.4652167498417172, "rand_score_milp": 0.9866666666666667, "label_mismatch_milp": 0.006666666666666667, "mse_refit_milp_assignment": 11.347360077593681, "r2_refit_milp_assignment": 0.8891263846629536, "weight_mismatch_refit_milp_assignment": 0.7196850540849163, "refit-weight_mismatch_refit_milp_assignment": 0.34236296967304725, "rand_score_refit_milp_assignment": 0.9866666666666667, "label_mismatch_refit_milp_assignment": 0.006666666666666667, "mse_greedy": NaN, "r2_greedy": NaN, "mse_ground_truth": 11.7922560386346, "r2_ground_truth": 0.8847793626849644, "weight_mismatch_ground_truth": 0, "rand_score_ground_truth": 1, "label_mismatch_ground_truth": 0, "mse_baseline_sklearn": 102.17067839273972, "r2_baseline_sklearn": 0.0017055947081651146, "random_state": 3}