{"ground_truth": [[-10, 0.2, 0.4], [10, -0.2, -0.4]], "milp": [[-10.249825159439247, 0.11312379961467761, 0.6659019712076276], [9.68267532759193, -0.09748219498520286, -0.3008194757652916]], "refit_milp_assignment": [[-10.476098157312823, 0.15222016147777517, 0.7062359412528395], [9.882063375283378, -0.13351383823359794, -0.331810194504101]], "refit_ground_truth_assignment": [[-10.623402063895847, 0.20230535016849197, 0.6811662689720561], [9.71387347705536, -0.06646252317116506, -0.36863866261344386]]}