{"ground_truth": [[-10, -1.337719620706157, -1.6626352006348812, -1.0611537685933308], [1, 1.6272285743807728, 1.565890653114534, 1.026132378542826], [10, 0.1, 0.1, 0.1]], "milp": [[-10.180383106212599, -1.284820509814997, -1.5242344609447716, -1.1108001007278543], [-0.22439662777669045, 1.5134726440399562, 3.359551374348736, 0.5135936416624329], [9.31545345871889, 0.7116263018889049, 0.45885047145487445, -0.10887607669322491]], "greedy": [[[7.987817852764982, 1.465494012625882, -0.6259783953279667, -1.7141302566385568], [-10.106296388662777, -1.280815773745223, -1.6124642142708432, -1.0813536376059987], [3.780141335616329, -0.0753875486573348, 2.667976480756171, 1.4900054085858352]], [[11.15550756173665, -0.47755154131028243, -2.3336290491022447, -1.8358115521289724], [2.3969513562890956, 0.8142259614058698, 2.6834135079477437, 1.321671646937799], [-10.106296388662777, -1.280815773745223, -1.6124642142708432, -1.0813536376059987]], [[1.001687155652939, 1.5501779774992108, 1.739429670194083, 0.9833295979082458], [9.900069719201998, 0.21088488964719077, 0.16783541721635342, 0.09421917886028527], [-10.106296388662777, -1.280815773745223, -1.6124642142708432, -1.0813536376059987]], [[-10.106296388662777, -1.280815773745223, -1.6124642142708432, -1.0813536376059987], [1.001687155652939, 1.5501779774992108, 1.739429670194083, 0.9833295979082458], [9.900069719201998, 0.21088488964719077, 0.16783541721635342, 0.09421917886028527]], [[12.291122221520096, -2.0411454282635235, -6.424867089631156, -6.475542834871868], [-12.67758929468658, 8.37720443852747, -5.985908896745868, 0.9130066433168651], [-3.2761211752163435, -0.5885062273470678, 7.04043051096156, 0.8690797248508393]], [[-8.899430126108799, 7.060208044563726, 5.12763957353721, -4.297870441237767], [7.5622940738085855, -5.5809019825237645, 1.0869715902476427, -7.764561632487553], [1.1763219541477428, -3.0334915840950916, -1.745107891613593, 4.978756614065281]], [[-10.106296388662777, -1.280815773745223, -1.6124642142708432, -1.0813536376059987], [10.02160363821729, 0.06453586947795514, 0.11569297723681775, 0.06436722406508401], [1.009406527572624, 1.520419570558001, 1.7043396175734564, 0.9731953522499714]], [[1.009406527572624, 1.520419570558001, 1.7043396175734564, 0.9731953522499714], [10.02160363821729, 0.06453586947795514, 0.11569297723681775, 0.06436722406508401], [-10.106296388662777, -1.280815773745223, -1.6124642142708432, -1.0813536376059987]], [[-6.822044762117941, 1.7467524642673415, 1.3288107296290466, -4.81612949796014], [-4.5470793762577, -5.2732172769117245, -1.2574964982864858, 2.461077741009722], [7.419276595057543, 0.36580541968370195, 1.0122982582287523, -0.20782506610956566]], [[-3.825925393922013, -2.524728476031316, -1.1781688055809205, -3.367469789439609], [6.181899333238778, 1.041382570936749, 1.1665641439046437, -0.26174468929542083], [-10.506772559163212, -1.1360268140643832, -1.3233677687636958, -1.0534524785334738]], [[7.792166643869498, 0.2823838125022171, 0.7733258552519937, -0.2320490785684032], [-10.061810983950554, -1.2851541431464346, -1.6018634703160892, -1.1122253963841593], [2.1832790869829086, -3.102429862678106, -5.4941230415992015, 2.5043143093021873]], [[-10.106296388662777, -1.280815773745223, -1.6124642142708432, -1.0813536376059987], [5.608079034605797, 2.5613678921622314, -0.8815219588355215, 0.14887447389267772], [6.310522483471459, -1.4392213967384238, 2.3919760763247564, 0.9613107939245945]], [[-3.673702514219993, 6.200181666878421, 1.5420322563298108, -3.447653817775139], [-17.529029653310246, 3.6239390707482126, 5.883913091527336, 6.5920821343956835], [12.910726212846097, -4.316443397903847, -1.9964909492874092, -8.316897518092059]], [[-10.106296388662777, -1.280815773745223, -1.6124642142708432, -1.0813536376059987], [6.219452050932706, -0.160178301008149, 0.9267119916363667, 1.6282442124967202], [4.561123290818421, 2.125311499739807, 1.9272004514769756, -1.6678342860162199]], [[2.948829871638269, -3.0881648546222866, -7.947825085421179, 3.1301824887464993], [2.7949148243798465, -3.4525086075778795, 5.054713114123446, 0.777454775302741], [-9.026970595495255, 6.228897450950517, 3.0963470573571654, -5.1247189922376934]], [[10.02160363821729, 0.06453586947795514, 0.11569297723681775, 0.06436722406508401], [-10.106296388662777, -1.280815773745223, -1.6124642142708432, -1.0813536376059987], [1.009406527572624, 1.520419570558001, 1.7043396175734564, 0.9731953522499714]], [[8.21814064814887, 2.089958156895667, -2.4362234318977745, -1.8188247955094183], [-13.829944773382401, 0.3006026508571246, 5.579308779714158, 5.377810880320455], [-2.968109592218668, -4.999533923284189, 3.8750852867262315, -5.7810569463038295]], [[9.900069719201998, 0.21088488964719077, 0.16783541721635342, 0.09421917886028527], [-10.106296388662777, -1.280815773745223, -1.6124642142708432, -1.0813536376059987], [1.001687155652939, 1.5501779774992108, 1.739429670194083, 0.9833295979082458]], [[7.3115942630380495, 0.2902623237448113, 1.00334317429924, -0.09731578655448592], [-6.979505722494768, -1.267808686988006, -0.8179382843226849, -3.230811044125871], [-4.073090552561858, -4.872018619225948, -2.211429858874532, 3.845859324810814]], [[-10.106296388662777, -1.280815773745223, -1.6124642142708432, -1.0813536376059987], [1.009406527572624, 1.520419570558001, 1.7043396175734564, 0.9731953522499714], [10.02160363821729, 0.06453586947795514, 0.11569297723681775, 0.06436722406508401]]], "refit_milp_assignment": [[-10.195104858082207, -1.280860756929448, -1.5222437888577902, -1.1062446762695533], [-0.2269672913184122, 1.5143995424481316, 3.361282921787056, 0.51378184335884], [9.329349396512317, 0.7090289027319436, 0.45256842100532607, -0.11068045918557597]], "refit_ground_truth_assignment": [[-10.104830760753957, -1.2815266047048937, -1.6131281129508825, -1.0816889693655676], [1.0002443606231184, 1.5505252734099773, 1.74063183289895, 0.9834151649638961], [9.899730193682794, 0.21110635000564418, 0.16798027922534783, 0.09423957988466039]]}