{"time_milp": 0.772291898727417, "time_greedy": 1.3582767367362976, "time_refit_milp_assignment": 1.4025847911834717, "mse_refit_ground_truth_assignment": 12.950069067890938, "r2_refit_ground_truth_assignment": 0.8726172869019975, "weight_mismatch_refit_ground_truth_assignment": 1.5129565793719306, "refit-weight_mismatch_refit_ground_truth_assignment": 0.0, "rand_score_refit_ground_truth_assignment": 1.0, "label_mismatch_refit_ground_truth_assignment": 0.0, "mse_milp": 12.950074236074185, "r2_milp": 0.872617236065419, "weight_mismatch_milp": 1.5128183289093866, "refit-weight_mismatch_milp": 0.00621937501773552, "rand_score_milp": 1.0, "label_mismatch_milp": 0.0, "mse_refit_milp_assignment": 12.950069067890938, "r2_refit_milp_assignment": 0.8726172869019975, "weight_mismatch_refit_milp_assignment": 1.5129565793719306, "refit-weight_mismatch_refit_milp_assignment": 0.0, "rand_score_refit_milp_assignment": 1.0, "label_mismatch_refit_milp_assignment": 0.0, "mse_greedy": 26.945450566904192, "r2_greedy": 0.7349524098392035, "weight_mismatch_greedy": 9.743952598529885, "refit-weight_mismatch_greedy": 9.405629088963222, "rand_score_greedy": 0.7044537815126051, "label_mismatch_greedy": 0.24083333333333332, "mse_greedy_sem": 2.6894409099575727, "r2_greedy_sem": 0.0264545523294997, "weight_mismatch_greedy_sem": 1.7460921199111512, "refit-weight_mismatch_greedy_sem": 1.8696636918924026, "rand_score_greedy_sem": 0.05054480883883038, "label_mismatch_greedy_sem": 0.04370413217981388, "mse_ground_truth": 14.56744673019115, "r2_ground_truth": 0.851087423845297, "weight_mismatch_ground_truth": 0, "rand_score_ground_truth": 1, "label_mismatch_ground_truth": 0, "mse_baseline_sklearn": 97.38190806232625, "r2_baseline_sklearn": 0.0421076837036809, "mse_milp_val": 17.357989439558537, "r2_milp_val": 0.8113114949773105, "label_mismatch_milp_val": 0.0125, "mse_refit_milp_assignment_val": 17.360871548030225, "r2_refit_milp_assignment_val": 0.8112801652694126, "label_mismatch_refit_milp_assignment_val": 0.0125, "mse_greedy_val": 39.42830690644634, "label_mismatch_greedy_val": 0.21625, "mse_greedy_val_sem": 4.353871026625352, "label_mismatch_greedy_val_sem": 0.037719750864277424, "r2_greedy_val": 0.5713980405588751, "r2_greedy_val_sem": 0.04732837394193241, "mse_refit_ground_truth_assignment_val": 17.360871548030225, "r2_refit_ground_truth_assignment_val": 0.8112801652694126, "label_mismatch_refit_ground_truth_assignment_val": 0.0125, "mse_ground_truth_val": 14.777379082555015, "r2_ground_truth_val": 0.8393637940067911, "label_mismatch_ground_truth_val": 0.0125, "mse_baseline_sklearn_val": 92.14378589754128, "r2_baseline_sklearn_val": -0.0016409601283888797, "random_state": 4}