{"time_milp": 15.30656385421753, "time_refit_milp_assignment": 15.780193090438843, "mse_refit_ground_truth_assignment": 21.05094252342324, "r2_refit_ground_truth_assignment": 0.8671270246604352, "weight_mismatch_refit_ground_truth_assignment": 5.8338975224860885, "refit-weight_mismatch_refit_ground_truth_assignment": 0.0, "rand_score_refit_ground_truth_assignment": 1.0, "label_mismatch_refit_ground_truth_assignment": 0.0, "mse_milp": 21.050951358023223, "r2_milp": 0.867126968896681, "weight_mismatch_milp": 5.825682955870578, "refit-weight_mismatch_milp": 0.008414964222972322, "rand_score_milp": 1.0, "label_mismatch_milp": 0.0, "mse_refit_milp_assignment": 21.05094252342324, "r2_refit_milp_assignment": 0.8671270246604352, "weight_mismatch_refit_milp_assignment": 5.8338975224860885, "refit-weight_mismatch_refit_milp_assignment": 0.0, "rand_score_refit_milp_assignment": 1.0, "label_mismatch_refit_milp_assignment": 0.0, "mse_greedy": NaN, "r2_greedy": NaN, "mse_ground_truth": 35.11335063267189, "r2_ground_truth": 0.7997098759921365, "weight_mismatch_ground_truth": 0, "rand_score_ground_truth": 1, "label_mismatch_ground_truth": 0, "mse_baseline_sklearn": 156.35741656236942, "r2_baseline_sklearn": 0.013076249107002558, "mse_milp_val": 34.73747161603977, "r2_milp_val": 0.8257542635944095, "label_mismatch_milp_val": 0.0, "mse_refit_milp_assignment_val": 34.735757783898826, "r2_refit_milp_assignment_val": 0.8257628603036569, "label_mismatch_refit_milp_assignment_val": 0.0, "mse_refit_ground_truth_assignment_val": 34.735757783898826, "r2_refit_ground_truth_assignment_val": 0.8257628603036569, "label_mismatch_refit_ground_truth_assignment_val": 0.0, "mse_ground_truth_val": 45.56525808160684, "r2_ground_truth_val": 0.7714412828688908, "label_mismatch_ground_truth_val": 0.0, "mse_baseline_sklearn_val": 201.4816629208226, "r2_baseline_sklearn_val": -0.010646978453410227, "random_state": 8}