{"ground_truth": [[-10, -1.337719620706157, -1.6626352006348812, -1.0611537685933308], [1, 1.6272285743807728, 1.565890653114534, 1.026132378542826], [10, 0.1, 0.1, 0.1]], "milp": [[-9.893826743355337, -1.2240096020883742, -1.668217372425431, -1.417487884751008], [-2.4151627228788497, 1.1140616526536917, 5.5551937516193295, 0.5180300351400096], [8.664614328552013, -0.22208082832977327, 0.8377525184786963, 0.6915931318395195]], "greedy": [[[-9.590142448201115, -1.3477558651993162, -1.7123936517870832, -1.5613070062867727], [5.450325978401137, -6.9957367771945895, 3.7011132459987954, 3.009028594596823], [4.060396903656421, 1.7183236085426516, 1.3787954089954597, -0.07982054165957374]], [[1.97563714774751, 1.5242151788890848, 1.296266346618285, 0.8139860770894436], [10.247216787780046, 0.31558980450586477, -0.006924680542872269, 0.11570246819773151], [-9.713926201073264, -1.2233861794340377, -1.7893255724004362, -1.44832244810152]], [[-9.713926201073264, -1.2233861794340377, -1.7893255724004362, -1.44832244810152], [7.873676058999038, 0.3177683817448985, 0.5250452597942985, 0.5603527945482379], [3.076400620190057, 1.9597662581818096, 1.4312052193661555, -0.29897207757766814]], [[9.861121273529493, -0.5525102826538849, 0.41272166488470025, -0.398647198050774], [-6.6162370556823955, 0.5929914913701411, 5.027572488873383, 2.7046878918850514], [-5.162130514344964, -3.0250171460827184, -3.0161107899831507, -2.783880059830139]], [[-5.541287463334897, 0.04815498742003368, 0.4265958760568418, 6.635520402171661], [9.65343712346998, -0.37047044206131574, 0.5575333178439753, -0.427263158960203], [-6.234498634417616, -1.9360990084743006, -1.8675310605968218, -3.3763787104800773]], [[4.039718941056275, 0.5232665111103476, 2.086494335248662, 1.19199919762803], [-9.713926201073264, -1.2233861794340377, -1.7893255724004362, -1.44832244810152], [9.849069457805143, 1.5727474474488579, -1.3216574233254874, -1.5654414418713187]], [[5.555110344443106, -0.762252087487617, 3.121876748115842, -0.23290671639613245], [-11.958699462517668, 0.8411639378832159, 1.6574287046546736, 7.498325203303267], [4.949285840322522, -5.707290398205654, -5.031089831342052, -5.597752100894614]], [[10.247216787780046, 0.31558980450586477, -0.006924680542872269, 0.11570246819773151], [-9.713926201073264, -1.2233861794340377, -1.7893255724004362, -1.44832244810152], [1.97563714774751, 1.5242151788890848, 1.296266346618285, 0.8139860770894436]], [[-9.713926201073264, -1.2233861794340377, -1.7893255724004362, -1.44832244810152], [8.218461698315485, 0.3850358111983554, 0.6367049937971415, 0.05351279288182761], [1.9389131257099868, 1.9993252190255248, 2.6092515172991684, -0.4261015423997107]], [[8.08899889136974, 0.6662244103278844, 0.6178843331172544, -0.6597396796587749], [-12.473807310736856, 0.6518406952012745, 3.9163130895385247, 5.8044583733761455], [-4.413275483467551, -2.6390400927561295, -3.3803824490200527, -3.1579489947207833]], [[1.9224541090983838, 1.552091073652089, 1.2391239490160044, 0.8062475356236853], [10.202249054215919, 0.39443143412350007, -0.05136155367082649, 0.027556649480179832], [-9.713926201073264, -1.2233861794340377, -1.7893255724004362, -1.44832244810152]], [[-6.002455372966088, -1.5802300939408627, -1.8241811932390222, -3.710764766424344], [9.667210384862907, -0.4278709211133298, 0.4968595767241579, -0.31475192725165535], [-9.063681293206306, -0.3641393206347253, 2.1732525722506097, 7.216819521902964]], [[7.76530785534966, -0.08039727029504169, 0.4616055605590576, 1.3680371152069266], [4.144492659478087, 1.81988586596691, 1.4366624790006206, -0.7965702864033466], [-9.713926201073264, -1.2233861794340377, -1.7893255724004362, -1.44832244810152]], [[1.97563714774751, 1.5242151788890848, 1.296266346618285, 0.8139860770894436], [10.247216787780046, 0.31558980450586477, -0.006924680542872269, 0.11570246819773151], [-9.713926201073264, -1.2233861794340377, -1.7893255724004362, -1.44832244810152]], [[10.868167145823802, 0.0008693063712448229, -0.3984183760825343, -0.44779617857280324], [-9.713926201073264, -1.2233861794340377, -1.7893255724004362, -1.44832244810152], [1.704852041827512, 1.5236092504373968, 1.7407192896314463, 0.8980668411568112]], [[-6.9282503959996085, 5.76382403169167, 1.7205303386026634, -4.936018688984564], [9.455564712255716, 0.6132610857057895, 0.20764590669334904, -0.6865538083017046], [-1.3226674929548778, -6.722576109843363, -2.802118475072011, -0.4893856967838203]], [[9.455564712255716, 0.6132610857057895, 0.20764590669334904, -0.6865538083017046], [-8.012513052469156, 5.899041581014195, 2.801735147768136, -5.579551672360681], [-0.43681835700162885, -6.9030466054336275, -3.2291957927398487, -0.4347806338211543]], [[9.428413666901603, 0.28339270826353213, 0.18563833899730076, -0.059684127405512835], [-9.713926201073264, -1.2233861794340377, -1.7893255724004362, -1.44832244810152], [1.7599760416400985, 1.4805136044327725, 1.2145935322498271, 0.7699257889439133]], [[5.521737405899203, 2.033278803704407, 1.2883537454735174, -1.14054359887157], [-9.713926201073264, -1.2233861794340377, -1.7893255724004362, -1.44832244810152], [7.929116948648792, -1.5337910668794978, -0.2846391230770854, 2.2821600207634654]], [[1.8677290424503825, 1.6300407626381008, 1.3724381805832342, 0.804974291943095], [-9.713926201073264, -1.2233861794340377, -1.7893255724004362, -1.44832244810152], [10.163266785482957, 0.4323249219556297, 0.0003282561796810143, 0.12884572828992927]]], "refit_milp_assignment": [[-9.923288901202799, -1.212341959793921, -1.6599400060935534, -1.4107104792906384], [-2.4209262746047813, 1.114900909618769, 5.55848787111042, 0.5189292960989718], [8.67357831538099, -0.22403114819583267, 0.8362734319654446, 0.6894706207989773]], "refit_ground_truth_assignment": [[-9.709826769561523, -1.2253444801246156, -1.7908277516849431, -1.4495007891412588], [1.9943533788838654, 1.6138833673099067, 1.3329062916174894, 0.676803662035135], [10.242244403705033, 0.357641465891932, -0.051069336853269365, -0.045293844072889236]]}