{"time_milp": 8812.751281499863, "time_greedy": 0.4849663734436035, "time_refit_milp_assignment": 8815.459284305573, "mse_refit_ground_truth_assignment": 4.680992458968521, "r2_refit_ground_truth_assignment": 0.9631071611539339, "weight_mismatch_refit_ground_truth_assignment": 2.8707704993349257, "refit-weight_mismatch_refit_ground_truth_assignment": 0.0, "rand_score_refit_ground_truth_assignment": 1.0, "label_mismatch_refit_ground_truth_assignment": 0.0, "mse_milp": 3.473215971851028, "r2_milp": 0.972626147499644, "weight_mismatch_milp": 4.50125692989698, "refit-weight_mismatch_milp": 4.061495149348344, "rand_score_milp": 0.8748043818466353, "label_mismatch_milp": 0.1111111111111111, "mse_refit_milp_assignment": 3.4731862009329046, "r2_refit_milp_assignment": 0.9726263821365708, "weight_mismatch_refit_milp_assignment": 4.48352808608227, "refit-weight_mismatch_refit_milp_assignment": 4.040093938079702, "rand_score_refit_milp_assignment": 0.8748043818466353, "label_mismatch_refit_milp_assignment": 0.1111111111111111, "mse_greedy": 7.569579155448922, "r2_greedy": 0.9403410139276203, "weight_mismatch_greedy": 13.414210518105467, "refit-weight_mismatch_greedy": 12.854320263642956, "rand_score_greedy": 0.7798513302034429, "label_mismatch_greedy": 0.2479166666666667, "mse_greedy_sem": 1.4917608464197618, "r2_greedy_sem": 0.01175718461122295, "weight_mismatch_greedy_sem": 2.229562225329843, "refit-weight_mismatch_greedy_sem": 2.3100395950473964, "rand_score_greedy_sem": 0.019503270849021325, "label_mismatch_greedy_sem": 0.028325646101995918, "mse_ground_truth": 6.733195667749073, "r2_ground_truth": 0.9456600485060339, "weight_mismatch_ground_truth": 0, "rand_score_ground_truth": 1, "label_mismatch_ground_truth": 0, "mse_baseline_sklearn": 125.03087224310713, "r2_baseline_sklearn": 0.014579950537996655, "mse_milp_val": 8.241543196353865, "r2_milp_val": 0.9306376370136923, "label_mismatch_milp_val": 0.10416666666666667, "mse_refit_milp_assignment_val": 8.239402468889823, "r2_refit_milp_assignment_val": 0.9306556537748591, "label_mismatch_refit_milp_assignment_val": 0.10416666666666667, "mse_greedy_val": 22.697899971564297, "label_mismatch_greedy_val": 0.24583333333333335, "mse_greedy_val_sem": 5.951015519230509, "label_mismatch_greedy_val_sem": 0.028219262116256062, "r2_greedy_val": 0.8089702450930465, "r2_greedy_val_sem": 0.050084855317464504, "mse_refit_ground_truth_assignment_val": 9.017490502006375, "r2_refit_ground_truth_assignment_val": 0.9241071199259788, "label_mismatch_refit_ground_truth_assignment_val": 0.125, "mse_ground_truth_val": 8.60372489193483, "r2_ground_truth_val": 0.9275894483871985, "label_mismatch_ground_truth_val": 0.125, "mse_baseline_sklearn_val": 119.8778240998217, "r2_baseline_sklearn_val": -0.00891410153613248}