{"time_milp": 32.58995318412781, "time_greedy": 1.124666428565979, "time_refit_milp_assignment": 33.463752031326294, "mse_refit_ground_truth_assignment": 0.09369176458332538, "r2_refit_ground_truth_assignment": 0.9996501519785198, "weight_mismatch_refit_ground_truth_assignment": 1.5021514189311471, "refit-weight_mismatch_refit_ground_truth_assignment": 0.0, "rand_score_refit_ground_truth_assignment": 1.0, "label_mismatch_refit_ground_truth_assignment": 0.0, "mse_milp": 4.788007866430579, "r2_milp": 0.9821214267192843, "weight_mismatch_milp": 24.3677786053384, "refit-weight_mismatch_milp": 23.526241155821076, "rand_score_milp": 0.7259001161440186, "label_mismatch_milp": 0.42857142857142855, "mse_refit_milp_assignment": 4.186560711584552, "r2_refit_milp_assignment": 0.9843672494773845, "weight_mismatch_refit_milp_assignment": 27.9151084748187, "refit-weight_mismatch_refit_milp_assignment": 26.934792497296193, "rand_score_refit_milp_assignment": 0.7259001161440186, "label_mismatch_refit_milp_assignment": 0.42857142857142855, "mse_greedy": 7.740982309691401, "r2_greedy": 0.9710949264601529, "weight_mismatch_greedy": 39.00397098661506, "refit-weight_mismatch_greedy": 39.05219155277183, "rand_score_greedy": 0.6140534262485483, "label_mismatch_greedy": 0.4797619047619047, "mse_greedy_sem": 0.873330789031841, "r2_greedy_sem": 0.003261044874107751, "weight_mismatch_greedy_sem": 2.789825186013475, "refit-weight_mismatch_greedy_sem": 2.8035849175010172, "rand_score_greedy_sem": 0.012874406536955619, "label_mismatch_greedy_sem": 0.017890528523788352, "mse_ground_truth": 0.2893514368659381, "r2_ground_truth": 0.99891955255459, "weight_mismatch_ground_truth": 0, "rand_score_ground_truth": 1, "label_mismatch_ground_truth": 0, "mse_baseline_sklearn": 225.7981379019659, "r2_baseline_sklearn": 0.1568625892549007, "random_state": 8}