{"ground_truth": [[-10, 0.2, 0.4], [10, -0.2, -0.4]], "milp": [[-10.77446200723799, 0.378591880549527, 0.45618970752336946], [9.36161762125317, 0.3477736885161107, -1.0541005215715602]], "refit_milp_assignment": [[-11.193602449461292, 0.4423403779169474, 0.5572024483573004], [9.636843203927109, 0.3161385019168735, -1.1024100797346863]], "refit_ground_truth_assignment": [[-11.222776106269645, 0.30787002524216717, 0.8413654166488139], [9.726772405333907, 0.08901769946077034, -0.7127405254165226]]}