{"ground_truth": [[-5, 2, 4], [5, -2, -4]], "milp": [[-5.690504279495336, 2.1729916633531148, 3.978806303832239], [4.770695201114284, -1.8667944490971222, -3.846087484145373]], "refit_milp_assignment": [[-5.692947152382718, 2.173417627986031, 3.9795554020936965], [4.773626251851755, -1.8674271608090713, -3.846801264069746]], "refit_ground_truth_assignment": [[-5.576649784418136, 2.308815011565325, 3.930996669241732], [4.74686936846711, -1.9864294856482034, -3.7975897986857827]]}