{"time_milp": 3.7155771255493164, "time_refit_milp_assignment": 4.2152392864227295, "mse_refit_ground_truth_assignment": 16.430492774209686, "r2_refit_ground_truth_assignment": 0.8781050667309719, "weight_mismatch_refit_ground_truth_assignment": 2.281306953522245, "refit-weight_mismatch_refit_ground_truth_assignment": 0.0, "rand_score_refit_ground_truth_assignment": 1.0, "label_mismatch_refit_ground_truth_assignment": 0.0, "mse_milp": 16.430499148614082, "r2_milp": 0.8781050194403879, "weight_mismatch_milp": 2.2758202573911754, "refit-weight_mismatch_milp": 0.007174399529178454, "rand_score_milp": 1.0, "label_mismatch_milp": 0.0, "mse_refit_milp_assignment": 16.430492774209686, "r2_refit_milp_assignment": 0.8781050667309719, "weight_mismatch_refit_milp_assignment": 2.281306953522245, "refit-weight_mismatch_refit_milp_assignment": 0.0, "rand_score_refit_milp_assignment": 1.0, "label_mismatch_refit_milp_assignment": 0.0, "mse_greedy": NaN, "r2_greedy": NaN, "mse_ground_truth": 17.755205091827424, "r2_ground_truth": 0.859419956476252, "weight_mismatch_ground_truth": 0, "rand_score_ground_truth": 1, "label_mismatch_ground_truth": 0, "mse_baseline_sklearn": 125.11388856920108, "r2_baseline_sklearn": 0.0718020872685019, "mse_milp_val": 12.915679835153053, "r2_milp_val": 0.8859658759477368, "label_mismatch_milp_val": 0.0, "mse_refit_milp_assignment_val": 12.917068290356085, "r2_refit_milp_assignment_val": 0.8859536171061672, "label_mismatch_refit_milp_assignment_val": 0.0, "mse_refit_ground_truth_assignment_val": 12.917068290356085, "r2_refit_ground_truth_assignment_val": 0.8859536171061672, "label_mismatch_refit_ground_truth_assignment_val": 0.0, "mse_ground_truth_val": 13.615393749342967, "r2_ground_truth_val": 0.8797880158342756, "label_mismatch_ground_truth_val": 0.0, "mse_baseline_sklearn_val": 113.73796044162108, "r2_baseline_sklearn_val": -0.0042064262966863275, "random_state": 3}