{"ground_truth": [[-10, -1.5169306980318211, -1.76811440921482, -1.1163839305737429], [1, 1.3787424211987487, 1.82248489781362, 1.1072160969390161], [10, 0.1, 0.1, 0.1]], "milp": [[-35.11462767723222, -1.5443069323243919, 6.963910716337799, 4.840249006450268], [-16.714673898078896, 6.1125479059258865, 5.524223208559398, 6.132217642789707], [6.813177257583489, 0.11381884656875073, 3.7565633075522693, 3.4489736372177267]], "refit_milp_assignment": [[-35.31850992150507, -1.4888325639711317, 7.024183561136446, 4.891657363776384], [-16.77521272192738, 6.132812750476861, 5.534803637314271, 6.154371900246065], [6.827791390874338, 0.10614983956506734, 3.754523340584176, 3.4471094407517335]], "refit_ground_truth_assignment": [[-19.90157422900561, -3.5998720247920692, -0.03503785473314708, 4.17804239659908], [-3.6328209297618566, 1.6138680850569982, 4.828659094858802, 3.9476701912998386], [8.46517183196113, -0.3180648265051392, 1.2813265463229637, 1.3087376602445926]]}