{"time_milp": 0.18491125106811523, "time_refit_milp_assignment": 0.654259204864502, "mse_refit_ground_truth_assignment": 11.841366245986066, "r2_refit_ground_truth_assignment": 0.8623474663342195, "weight_mismatch_refit_ground_truth_assignment": 1.9148909169059802, "refit-weight_mismatch_refit_ground_truth_assignment": 0.0, "rand_score_refit_ground_truth_assignment": 1.0, "label_mismatch_refit_ground_truth_assignment": 0.0, "mse_milp": 11.026161183162488, "r2_milp": 0.8718239946354092, "weight_mismatch_milp": 2.762012396892552, "refit-weight_mismatch_milp": 1.5977636156485389, "rand_score_milp": 0.9216326530612244, "label_mismatch_milp": 0.04, "mse_refit_milp_assignment": 10.756835688597393, "r2_refit_milp_assignment": 0.874954827339806, "weight_mismatch_refit_milp_assignment": 1.9661257228540614, "refit-weight_mismatch_refit_milp_assignment": 0.7728347130134352, "rand_score_refit_milp_assignment": 0.9216326530612244, "label_mismatch_refit_milp_assignment": 0.04, "mse_greedy": NaN, "r2_greedy": NaN, "mse_ground_truth": 15.658838522717295, "r2_ground_truth": 0.8179704307646074, "weight_mismatch_ground_truth": 0, "rand_score_ground_truth": 1, "label_mismatch_ground_truth": 0, "mse_baseline_sklearn": 83.84650222990722, "r2_baseline_sklearn": 0.02533435210496171, "random_state": 12}