{"ground_truth": [[-10, 0.2, 0.4], [10, -0.2, -0.4]], "milp": [[-9.081779031701439, 0.7194190818143835, -0.4321657659691332], [8.685449573517072, -0.7226066650689161, -0.5027578519147251]], "refit_milp_assignment": [[-9.970729700398673, 0.9762908956966888, -0.17755646309277887], [9.294180964995626, -0.8762814588492609, -0.6017054172230267]], "refit_ground_truth_assignment": [[-9.660915013936924, 0.7646454210541952, -0.12091390692998025], [9.514377364696369, -1.1584617102436046, -0.43850561400965643]]}