{"ground_truth": [[-5, 2, 4], [5, -2, -4]], "milp": [[4.496817829210205, -1.6645901364933071, -3.5413636649630806], [-5.10416585280074, 1.5425797364550902, 4.440611701901265]], "refit_milp_assignment": [[4.501913519301925, -1.666381301012451, -3.54383327159665], [-5.10994122246502, 1.5445243197562477, 4.443492755791088]], "refit_ground_truth_assignment": [[-4.578343833245183, 1.3807902313268468, 4.367625480022184], [3.9568947539194217, -1.5568210539756548, -3.3939292853409526]]}