{"time_milp": 76.53657007217407, "time_refit_milp_assignment": 77.20580196380615, "mse_refit_ground_truth_assignment": 22.93968317382019, "r2_refit_ground_truth_assignment": 0.8865422945934934, "weight_mismatch_refit_ground_truth_assignment": 14.746829911785099, "refit-weight_mismatch_refit_ground_truth_assignment": 0.0, "rand_score_refit_ground_truth_assignment": 1.0, "label_mismatch_refit_ground_truth_assignment": 0.0, "mse_milp": 13.298624251627135, "r2_milp": 0.9342261450945023, "weight_mismatch_milp": 23.64002466749798, "refit-weight_mismatch_milp": 26.849660657946856, "rand_score_milp": 0.7038327526132404, "label_mismatch_milp": 0.38095238095238093, "mse_refit_milp_assignment": 13.298366537270361, "r2_refit_milp_assignment": 0.9342274197276064, "weight_mismatch_refit_milp_assignment": 23.677823916203906, "refit-weight_mismatch_refit_milp_assignment": 26.912288190522325, "rand_score_refit_milp_assignment": 0.7038327526132404, "label_mismatch_refit_milp_assignment": 0.38095238095238093, "mse_greedy": NaN, "r2_greedy": NaN, "mse_ground_truth": 42.14482355747094, "r2_ground_truth": 0.7915553175097999, "weight_mismatch_ground_truth": 0, "rand_score_ground_truth": 1, "label_mismatch_ground_truth": 0, "mse_baseline_sklearn": 158.85767107780384, "r2_baseline_sklearn": 0.21430358431111352, "random_state": 2}