{"time_milp": 595.8016335964203, "time_greedy": 0.4864043593406677, "time_refit_milp_assignment": 598.6619622707367, "mse_refit_ground_truth_assignment": 0.5919973614726703, "r2_refit_ground_truth_assignment": 0.9948387593746341, "weight_mismatch_refit_ground_truth_assignment": 0.7683642919953325, "refit-weight_mismatch_refit_ground_truth_assignment": 0.0, "rand_score_refit_ground_truth_assignment": 1.0, "label_mismatch_refit_ground_truth_assignment": 0.0, "mse_milp": 0.5639064502604536, "r2_milp": 0.9950836657907562, "weight_mismatch_milp": 0.7568441307928445, "refit-weight_mismatch_milp": 0.16477136782168544, "rand_score_milp": 0.9640062597809077, "label_mismatch_milp": 0.027777777777777776, "mse_refit_milp_assignment": 0.5638496937329315, "r2_refit_milp_assignment": 0.9950841606140691, "weight_mismatch_refit_milp_assignment": 0.7698601718615813, "refit-weight_mismatch_refit_milp_assignment": 0.11804971141486567, "rand_score_refit_milp_assignment": 0.9640062597809077, "label_mismatch_refit_milp_assignment": 0.027777777777777776, "mse_greedy": 6.6410919687698335, "r2_greedy": 0.9421006310218354, "weight_mismatch_greedy": 17.273565305835785, "refit-weight_mismatch_greedy": 17.19132110507024, "rand_score_greedy": 0.773356807511737, "label_mismatch_greedy": 0.2826388888888889, "mse_greedy_sem": 1.71067344303776, "r2_greedy_sem": 0.014914251051689226, "weight_mismatch_greedy_sem": 2.9351342688824618, "refit-weight_mismatch_greedy_sem": 3.019292458366436, "rand_score_greedy_sem": 0.0291913579358409, "label_mismatch_greedy_sem": 0.038753877481073604, "mse_ground_truth": 0.6928283492647214, "r2_ground_truth": 0.9939189458807312, "weight_mismatch_ground_truth": 0, "rand_score_ground_truth": 1, "label_mismatch_ground_truth": 0, "mse_baseline_sklearn": 107.18755843116125, "r2_baseline_sklearn": 0.06550127228188907, "mse_milp_val": 1.0999054235298817, "r2_milp_val": 0.9902335088844666, "label_mismatch_milp_val": 0.041666666666666664, "mse_refit_milp_assignment_val": 1.1015858634218259, "r2_refit_milp_assignment_val": 0.9902185876003964, "label_mismatch_refit_milp_assignment_val": 0.041666666666666664, "mse_greedy_val": 15.832614981675892, "label_mismatch_greedy_val": 0.2604166666666667, "mse_greedy_val_sem": 4.306721142878381, "label_mismatch_greedy_val_sem": 0.03703722739960825, "r2_greedy_val": 0.8594160095529368, "r2_greedy_val_sem": 0.038241064076232095, "mse_refit_ground_truth_assignment_val": 1.0808548624154868, "r2_refit_ground_truth_assignment_val": 0.9904026662791747, "label_mismatch_refit_ground_truth_assignment_val": 0.020833333333333332, "mse_ground_truth_val": 1.0857220129642875, "r2_ground_truth_val": 0.9903594489428693, "label_mismatch_ground_truth_val": 0.020833333333333332, "mse_baseline_sklearn_val": 112.89344533553135, "r2_baseline_sklearn_val": -0.00242512427384578}