{"X": [[0.3192870365268371, 2.7568394763940374], [0.9624627435102617, -1.0539400355878215], [1.3386011577048356, -0.18942256362935672], [1.5902256340411174, 0.574514298165812], [0.6143421122163437, -0.7030513136941916], [-1.6859154157211038, 1.6725131230060084], [-2.571547226222462, 6.83273079026017], [1.4149184953085385, 1.101872131986845], [-0.2307266322510626, 0.8463075970624934], [0.44280926624282946, 3.128828010068241], [-2.5649184703612296, 1.1421309589636075], [-1.462554361050842, -0.18430242539091024], [0.7083370083376817, 0.5416853161933974], [4.233710539691842, 1.4963548161382116], [4.578920373976608, 0.42627178109562425], [2.0616760486031724, 3.0827961638337555], [0.6969908603125581, -2.981273194488359], [0.7084295841382727, 1.5600242903028383], [-0.9698988080237572, 1.7805281899038372], [0.37225254973657207, 3.174873608699409], [0.7528281785200497, -0.3171903756940162], [-0.5551652484516658, 1.9811228941626744], [0.6778134911692588, 1.4638367790988989], [-0.7294776430347034, 1.1519138314714048], [-0.8192926116346162, 0.37528366928408396], [-1.7765251761832026, 1.7445663615804936], [0.7249425304466772, -1.7596833560716165], [2.869963221629612, 4.1235870878181915], [-1.564577696790201, 5.037449036381959], [1.2073594583352532, -2.105755451738767]], "y": [-17.10547617540889, -9.857369229173921, -19.370902223016053, -7.991706512258262, -16.00406748270613, -13.218987676831734, -16.59436074900605, -18.774830442795814, -14.884878250837282, -19.725225307068698, 1.7991913910831743, 6.9695711024416696, 2.9023041456258087, 4.653446813106049, 9.060605266579545, 6.565685842245125, -3.261344920155136, 8.58589486933267, 0.22788945016247109, 6.826204406423489, 6.970186153941407, 9.595076168224919, 11.11216160903135, 6.581516948149995, 8.76972222466276, 9.170160010555623, 7.664733373742452, 6.542712028596285, 5.373026838394732, 9.372927215790327], "z": [0, 0, 0, 0, 0, 0, 0, 0, 0, 0, 1, 1, 1, 1, 1, 1, 1, 1, 1, 1, 2, 2, 2, 2, 2, 2, 2, 2, 2, 2], "regression_weights": [[[-10], -1.677429866442325, -1.854022384044391], [[1], 1.1914248328950485, 1.6854545269108485], [[10], 0.1, 0.1]], "ground_truth_mse": 12.401524378055374, "ground_truth_r2": 0.8936053183357348, "train": [0, 1, 2, 3, 4, 5, 6, 7, 8, 9, 10, 11, 12, 13, 14, 15, 16, 17, 18, 19, 20, 21, 22, 23, 24, 25, 26, 27, 28, 29], "val": null, "input_args": {"N": 30, "K": 3, "D": 2, "noise_std": 3.5, "outlier_ratio": 0.0}}