{"time_milp": 0.3191840648651123, "time_greedy": 1.1625007033348083, "time_refit_milp_assignment": 0.8292460441589355, "mse_refit_ground_truth_assignment": 7.48197909493912, "r2_refit_ground_truth_assignment": 0.9358108922937457, "weight_mismatch_refit_ground_truth_assignment": 7.27652830058712, "refit-weight_mismatch_refit_ground_truth_assignment": 0.0, "rand_score_refit_ground_truth_assignment": 1.0, "label_mismatch_refit_ground_truth_assignment": 0.0, "mse_milp": 9.500517005110746, "r2_milp": 0.9184935293766526, "weight_mismatch_milp": 4.809610916637634, "refit-weight_mismatch_milp": 3.6325059402080804, "rand_score_milp": 0.7494252873563219, "label_mismatch_milp": 0.3333333333333333, "mse_refit_milp_assignment": 9.500443444201846, "r2_refit_milp_assignment": 0.9184941604675771, "weight_mismatch_refit_milp_assignment": 4.81919866910302, "refit-weight_mismatch_refit_milp_assignment": 3.6096473120170596, "rand_score_refit_milp_assignment": 0.7494252873563219, "label_mismatch_refit_milp_assignment": 0.3333333333333333, "mse_greedy": 5.86601158297573, "r2_greedy": 0.9496745387112273, "weight_mismatch_greedy": 12.216457315451402, "refit-weight_mismatch_greedy": 9.038709142203544, "rand_score_greedy": 0.7477011494252874, "label_mismatch_greedy": 0.29833333333333334, "mse_greedy_sem": 0.747522014433005, "r2_greedy_sem": 0.006413112157676617, "weight_mismatch_greedy_sem": 1.0440781492803184, "refit-weight_mismatch_greedy_sem": 1.1857545372165377, "rand_score_greedy_sem": 0.010241298173321998, "label_mismatch_greedy_sem": 0.018805716438366125, "mse_ground_truth": 12.401524378055374, "r2_ground_truth": 0.8936053183357348, "weight_mismatch_ground_truth": 0, "rand_score_ground_truth": 1, "label_mismatch_ground_truth": 0, "mse_baseline_sklearn": 114.74195445160537, "r2_baseline_sklearn": 0.015532458803731108, "random_state": 2}