{"ground_truth": [[-10, -1.677429866442325, -1.854022384044391], [1, 1.1914248328950485, 1.6854545269108485], [10, 0.1, 0.1]], "milp": [[7.034563943594948, 0.27365439342314296, -0.2955238944196574], [-11.801304980542334, -1.8715459226531719, -1.7896230114251785], [0.0, 0.0, 0.0]], "greedy": [[[-3.0200990704624298, -2.4404775830757575, -0.3689008765461388], [-13.852990551560968, -2.2946694257401674, -1.3529568297817811], [7.906436864353038, -0.1480422339849878, -0.27158774233338706]], [[-0.044694027061729535, -2.8898923370677756, -3.4299800475438675], [-12.368639984782263, -2.496179955227563, -2.45009664861925], [7.906436864353038, -0.1480422339849878, -0.27158774233338706]], [[-11.551873882765923, -2.066235181071449, 6.310528343011048], [-10.958614168504452, -2.6952247950538855, -2.235888057748429], [7.906436864353038, -0.1480422339849878, -0.27158774233338706]], [[8.208027466527291, -0.4761959588084641, -0.1011037871812726], [-13.613514895727144, -1.041269461938559, -1.0093833462077546], [1.0803608542669827, 1.390357315212673, 1.410717695958369]], [[5.554257258506961, -0.10255409801249386, 0.7605117323907484], [2.1399055693522335, -2.7436595227620497, -3.922352582836615], [-13.823305820183087, -2.1384313307674985, -1.5296544139083434]], [[5.372174320378855, -1.0622518905736353, 1.4519958778786684], [-1.9862265478629704, 1.739558896941868, -2.9117240421956265], [-10.221934858538507, -3.8282366491109334, 1.7307164230332774]], [[4.769951745342438, 0.9328865509583668, -1.6041246624825005], [-13.613514895727144, -1.041269461938559, -1.0093833462077546], [5.49723606133446, -0.5580725015404179, 0.8467220352747193]], [[-15.286077877138815, -2.1150416362445688, -0.9159144022768614], [-3.998506760702054, -2.782469101234648, -0.21523723613379037], [7.906436864353038, -0.1480422339849878, -0.27158774233338706]], [[-7.62626009010659, -6.263891209538673, -2.6002042292683525], [7.926677576920467, 0.04635118787198849, -0.25244788406569324], [-14.083866001663583, 3.6313331657704713, 1.2483215064904989]], [[-13.56186177437137, -0.7691628640354723, -1.3781926201382664], [5.49723606133446, -0.5580725015404179, 0.8467220352747193], [4.506360603571682, 0.9215186308119426, -2.5023222145054054]], [[0.7416245829425332, 0.5391191391717765, 1.253245640069703], [-13.613514895727144, -1.041269461938559, -1.0093833462077546], [8.306097643873029, 0.2521671347569783, 0.3808718591876911]], [[8.27265973180887, 0.18767175908367997, 0.09536708156086632], [-13.852990551560968, -2.2946694257401674, -1.3529568297817811], [-0.7650716748405619, 0.34501361406763936, 1.4367387652208463]], [[8.505339991274871, 0.07719132119960033, -0.3672076399136235], [-12.259182034952302, -1.13514527550125, -2.2125479713005576], [5.768191800803877, 0.603918579850189, -2.9976707347909364]], [[0.6037847704255452, 0.5558395005241652, 1.1904078470960067], [8.27265973180887, 0.18767175908367997, 0.09536708156086632], [-13.613514895727144, -1.041269461938559, -1.0093833462077546]], [[5.466994422894013, -0.6049463586276751, 0.8532221048197429], [4.50630403352426, 0.9206150005449464, -2.502816672985606], [-13.56186177437137, -0.7691628640354723, -1.3781926201382664]], [[7.91437755430753, -0.23370544569542548, -0.1265069021913507], [-12.503782671328834, -3.167536658936155, -2.0322740749963133], [-5.552678454250451, -2.2263703686788503, 1.556610935433273]], [[-3.998506760702054, -2.782469101234648, -0.21523723613379037], [7.906436864353038, -0.1480422339849878, -0.27158774233338706], [-15.286077877138815, -2.1150416362445688, -0.9159144022768614]], [[0.6037847704255452, 0.5558395005241652, 1.1904078470960067], [-13.613514895727144, -1.041269461938559, -1.0093833462077546], [8.27265973180887, 0.18767175908367997, 0.09536708156086632]], [[7.91437755430753, -0.23370544569542548, -0.1265069021913507], [-5.552678454250451, -2.2263703686788503, 1.556610935433273], [-12.503782671328834, -3.167536658936155, -2.0322740749963133]], [[3.725577751617856, 0.5474937763491226, -1.2276351933073442], [8.330874870290186, 0.06920786373864772, -0.3184350420000087], [-11.819268929671686, -1.8650268241044237, -1.7841405250054416]]], "refit_milp_assignment": [[7.040634122733313, 0.2731768889761099, -0.2971819046065212], [-11.817241760973761, -1.866197867267701, -1.7861293387454225], [0.0, 0.0, 0.0]], "refit_ground_truth_assignment": [[-13.610226951790857, -1.0439632508394323, -1.0114823376928155], [2.7653872393303334, 0.5936590562157987, 1.167051922925341], [8.485755202243817, -0.09134874073934253, -0.31218321957718176]]}