{"ground_truth": [[-10, 0.2, 0.4], [10, -0.2, -0.4]], "milp": [[9.969321350024895, -0.2858238850581559, -0.4442281760925995], [-9.77972498215442, 0.1144872210825281, 0.6456982709698471]], "greedy": [[[10.193741791699063, -0.3657532665135972, -0.4864105455119901], [-9.875782581999218, 0.0935817656417852, 0.6699351053475024]], [[-9.875782581999218, 0.0935817656417852, 0.6699351053475024], [10.193741791699063, -0.3657532665135972, -0.4864105455119901]], [[-9.915022868093452, 0.163548623949059, 0.7158162660352051], [10.151822850764642, -0.30078648308263184, -0.4137456806770571]], [[-0.8880743002658202, 3.2324059776079612, -0.9809573753728088], [1.7341280141247057, -4.2401987322895405, 0.5937926242408875]], [[-9.915022868093452, 0.163548623949059, 0.7158162660352051], [10.151822850764642, -0.30078648308263184, -0.4137456806770571]], [[10.193741791699063, -0.3657532665135972, -0.4864105455119901], [-9.875782581999218, 0.0935817656417852, 0.6699351053475024]], [[1.966196943087829, 0.8383268290768516, -4.2100181534042855], [-0.8323706740278844, -1.558014557044224, 3.79459448388391]], [[3.047302564273857, 1.364164325403116, -3.52472357876922], [-2.340757715825383, -2.117526801363874, 3.9675534195943962]], [[-2.209265273044547, -1.896800813563263, 3.6936414853534347], [3.1976668311125285, 1.095967544805827, -4.072771088911467]], [[-2.847463148629723, -1.7655701144524616, 3.7164780323866724], [3.873397908762777, 0.9452609216678499, -4.124489281380268]], [[-9.875782581999218, 0.0935817656417852, 0.6699351053475024], [10.193741791699063, -0.3657532665135972, -0.4864105455119901]], [[-2.2821521025834173, -2.11942699254845, 3.552893505364071], [3.194114345387704, 1.3182007058625105, -3.886690292487379]], [[-2.2821521025834173, -2.11942699254845, 3.552893505364071], [3.194114345387704, 1.3182007058625105, -3.886690292487379]], [[10.193741791699063, -0.3657532665135972, -0.4864105455119901], [-9.875782581999218, 0.0935817656417852, 0.6699351053475024]], [[-9.915022868093452, 0.163548623949059, 0.7158162660352051], [10.151822850764642, -0.30078648308263184, -0.4137456806770571]], [[10.193741791699063, -0.3657532665135972, -0.4864105455119901], [-9.875782581999218, 0.0935817656417852, 0.6699351053475024]], [[10.209154502102534, -0.3899099986090504, -0.6703464151156241], [-9.868201846232015, 0.07434854632088035, 0.5320949500686684]], [[-9.875782581999218, 0.0935817656417852, 0.6699351053475024], [10.193741791699063, -0.3657532665135972, -0.4864105455119901]], [[-9.915022868093452, 0.163548623949059, 0.7158162660352051], [10.151822850764642, -0.30078648308263184, -0.4137456806770571]], [[3.194114345387704, 1.3182007058625105, -3.886690292487379], [-2.2821521025834173, -2.11942699254845, 3.552893505364071]]], "refit_milp_assignment": [[10.132780556380682, -0.3207945284904313, -0.48026627221739765], [-9.943159636516784, 0.14900419219989106, 0.6791922986259835]], "refit_ground_truth_assignment": [[-9.846097558139217, 0.09214698833809763, 0.580377717454795], [10.236688009307667, -0.37643272656348004, -0.6224669921900089]]}