{"ground_truth": [[0.010717503626761667, 0.1901083997780748, 0.02902728553839711, -0.3383923564477263, 0.031146318589932227, 0.10277129900988217, -0.04083394170601358, -0.4341859891681596, -0.008652511488970565, -0.0649196874091815, 0.0009047349203567683, -0.08117854907522838], [0.025956024329242808, 0.12742259067367828, 0.29569410317164735, -0.17172130524340926, -0.06288267035427442, 0.24399437390352088, -0.13840258392540097, -0.48639268292902726, 0.002421596924284053, 0.1425308480294491, -0.02349706281731062, 0.5318427918306124]], "milp": [[-0.6865153217143178, 7.587503791462839e-07, -6.297470023032791e-07, -1.118851176680154e-06, 1.3317512570604466e-07, 4.0548839080615275e-07, -4.854164894625336e-07, -2.6194363783774746e-06, -6.948696905896082e-06, -7.527928922790992e-06, -6.753050092745696e-06, -8.241144357320283e-06], [1.4516462465540987, 6.036486065748335e-06, 6.801740548093002e-06, -1.04897326835127e-05, -7.123842612395991e-06, 4.821737326124449e-06, -1.9576432458749386e-06, -1.2735578257066477e-05, 3.5400469460006575e-05, 3.28695394245635e-05, 1.9647914509322833e-05, 2.286926225096818e-05]], "greedy": [[[0.03848583441394462, -0.07237561328170411, 0.1647966703745217, -0.45907647249030764, 0.09631850530800581, 0.39624706870425436, 0.24032116696816028, -0.15987185514029836, 0.47222350687453374, 0.06760191701369876, -0.5773384957105979, 0.2139455594092498], [0.1099722838883361, 0.18562159238456677, -0.13417996408538888, 0.2957215305628099, -0.0874412689748531, -0.14260273063914203, -0.3895751652483293, -0.3226483931863285, -0.34691663777623677, -0.07551391470047664, 0.8978123831962405, -0.07428558710893637]], [[-0.6391767655871055, -0.0015160611867148963, 0.2154551554888375, 0.01671973470091973, 0.005654084148503088, 0.17598991413324916, 0.02097028613266951, -0.034754606321162965, 0.019504201611956356, 0.00011476616301458696, 0.0471569817385304, 0.036967775961480535], [1.438560297355277, -0.01657192965539546, -0.36909522056106847, -0.02236739161827596, 0.002635996142656563, -0.009026077590689548, 0.02499582862626851, 0.03364482757667751, -0.048450399227475995, 0.052580528004484546, 0.01577875983646355, -0.11519911803931082]], [[-0.6864924902251963, 1.2260618883681593e-05, 1.230616008236115e-06, -1.6419624422625897e-05, 5.0958559952245285e-06, 2.0741449703641196e-06, -4.947340329327067e-06, -2.613840022178153e-05, -9.969844479431725e-06, -3.9101968481485314e-07, -6.419104312765838e-06, 2.1381132148392226], [1.4516469619440906, 6.229935910335244e-06, 2.9920719412719085e-06, -1.2694512091111532e-05, -2.7594354513283406e-06, 1.5164525481917658e-05, -2.661769151197165e-06, -2.6849208965656814e-05, 1.2754869514177636e-05, 1.149295828933599e-05, 6.869180880185125e-06, -2.1381388113869617]], [[1.4345065888672899, -0.017039137969702602, -0.36812184285001087, -0.02176215567939576, 0.0035242948822153545, 0.000681831636565928, 0.026354598416593863, 0.03394213550842723, -0.04557507201215893, 0.052228160151359074, 0.018560638688896562, -0.11072172754469138], [-0.6368596978126528, 0.006914850676252548, 0.22057539659093828, 0.007506486582705545, 0.003482821758240391, 0.06696592329129748, 0.02102015652332025, -0.04002221569616419, -0.001881450953972843, 0.0133325587555289, -0.001053278723092163, 0.0222658759330995]], [[1.4345065888672899, -0.017039137969702602, -0.36812184285001087, -0.02176215567939576, 0.0035242948822153545, 0.000681831636565928, 0.026354598416593863, 0.03394213550842723, -0.04557507201215893, 0.052228160151359074, 0.018560638688896562, -0.11072172754469138], [-0.6368596978126528, 0.006914850676252548, 0.22057539659093828, 0.007506486582705545, 0.003482821758240391, 0.06696592329129748, 0.02102015652332025, -0.04002221569616419, -0.001881450953972843, 0.0133325587555289, -0.001053278723092163, 0.0222658759330995]], [[1.3017690699316318, 0.09334083757294144, -0.2986821883453991, -0.04624948157203726, -0.06059640164082339, -0.17700154180011649, -0.09482019814603405, -0.045481613400478724, -0.05544767245064962, -0.16589859610464885, 0.08005192985334705, 0.016055309518412362], [-0.617776419720697, -0.0454558503369105, 0.21278297502945392, -0.004763751530644989, 0.006878698060906554, 0.22562201114314248, 0.0658947671455447, -0.04871207623588788, 0.03392125361541665, 0.09475423066806414, 0.00018520236867485392, -0.03358459951633765]], [[-0.6865309732064925, 0.0, 0.0, 0.0, 0.0, 0.0, 0.0, 0.0, 0.0, 0.0, 0.0, 0.0], [1.4517269537595625, 5.960786146311262e-32, 1.39419525577885e-32, -7.293175946730094e-32, -9.93267378729925e-34, 2.818043023408509e-32, 2.813531996090196e-32, 5.699057206523146e-33, 9.916679356088184e-32, 1.7495894685590463e-31, -1.994526509403607e-32, -7.251945605423789e-33]], [[-0.6864924902251963, 1.2260618883681593e-05, 1.230616008236115e-06, -1.6419624422625897e-05, 5.0958559952245285e-06, 2.0741449703641196e-06, -4.947340329327067e-06, -2.613840022178153e-05, -9.969844479431725e-06, -3.9101968481485314e-07, -6.419104312765838e-06, 2.1381132148392226], [1.4516469619440906, 6.229935910335244e-06, 2.9920719412719085e-06, -1.2694512091111532e-05, -2.7594354513283406e-06, 1.5164525481917658e-05, -2.661769151197165e-06, -2.6849208965656814e-05, 1.2754869514177636e-05, 1.149295828933599e-05, 6.869180880185125e-06, -2.1381388113869617]], [[-0.25117870753427707, -0.22617759435626136, 0.29632153527350796, -0.006312049305080726, -0.1296581192178543, 0.27806564676295126, -0.2521476755213839, 0.02458512308575548, -0.14938677159721736, -0.1548938766952511, 0.16099407149636685, -0.02035412310406044], [0.3936042676533178, 0.3127831374197175, -0.34991058784864204, -0.2969956527052326, 0.12232326849989407, -0.050896970059165485, 0.19030469119592283, -0.4559227685912139, 0.10992349319562551, 0.2661187156951868, -0.20754611479449034, 0.034205053079831814]], [[1.4517269537595625, 5.960786146311262e-32, 1.39419525577885e-32, -7.293175946730094e-32, -9.93267378729925e-34, 2.818043023408509e-32, 2.813531996090196e-32, 5.699057206523146e-33, 9.916679356088184e-32, 1.7495894685590463e-31, -1.994526509403607e-32, -7.251945605423789e-33], [-0.6865309732064925, 0.0, 0.0, 0.0, 0.0, 0.0, 0.0, 0.0, 0.0, 0.0, 0.0, 0.0]]], "refit_milp_assignment": [[-0.6865309732064925, 0.0, 0.0, 0.0, 0.0, 0.0, 0.0, 0.0, 0.0, 0.0, 0.0, 0.0], [1.4517269537595625, 5.960937391774683e-32, 1.3942589287363906e-32, -7.293363596068487e-32, -9.937532104407688e-34, 2.8181045248807216e-32, 2.813577852569312e-32, 5.6994921213136496e-33, 9.917184233456541e-32, 1.7496785013173816e-31, -1.9946526675939563e-32, -7.251789266390061e-33]], "refit_ground_truth_assignment": [[0.010717503626582851, 0.19010839977800956, 0.029027285538422615, -0.3383923564475194, 0.031146318589884096, 0.10277129900989276, -0.04083394170606372, -0.4341859891679539, -0.008652511488893531, -0.06491968740902296, 0.0009047349204139468, -0.08117854907502979], [0.025956024329451544, 0.1274225906735364, 0.2956941031703549, -0.17172130524320456, -0.06288267035392044, 0.2439943739035269, -0.13840258392522775, -0.48639268292889803, 0.0024215969241017893, 0.14253084802916824, -0.023497062816552707, 0.5318427918161234]]}