{"time_milp": 1.1952190399169922, "time_refit_milp_assignment": 1.8531208038330078, "mse_refit_ground_truth_assignment": 0.227216054738444, "r2_refit_ground_truth_assignment": 0.997372814355006, "weight_mismatch_refit_ground_truth_assignment": 0.3591278433376154, "refit-weight_mismatch_refit_ground_truth_assignment": 0.0, "rand_score_refit_ground_truth_assignment": 1.0, "label_mismatch_refit_ground_truth_assignment": 0.0, "mse_milp": 0.8318144014590423, "r2_milp": 0.9903821459389035, "weight_mismatch_milp": 2.520860477453801, "refit-weight_mismatch_milp": 2.391581888234472, "rand_score_milp": 0.859465737514518, "label_mismatch_milp": 0.11904761904761904, "mse_refit_milp_assignment": 0.5036579298427407, "r2_refit_milp_assignment": 0.9941764551594146, "weight_mismatch_refit_milp_assignment": 1.1267619807230893, "refit-weight_mismatch_refit_milp_assignment": 1.0319882829719151, "rand_score_refit_milp_assignment": 0.859465737514518, "label_mismatch_refit_milp_assignment": 0.11904761904761904, "mse_greedy": NaN, "r2_greedy": NaN, "mse_ground_truth": 0.264330227316237, "r2_ground_truth": 0.996943681732602, "weight_mismatch_ground_truth": 0, "rand_score_ground_truth": 1, "label_mismatch_ground_truth": 0, "mse_baseline_sklearn": 85.8107304216824, "r2_baseline_sklearn": 0.008036520834560634, "random_state": 3}