{"ground_truth": [[-10, -1.2146357463999538, -1.416753440195337], [1, 1.356158065851805, 1.3385186732845586], [10, 0.1, 0.1]], "milp": [[-9.130336670641514, -1.3841359387747212, -1.529638874442138], [0.5329018488096059, 1.5307497686395746, 1.4811788103144634], [8.91759453280777, -0.12694888073523655, 0.01763869180791505]], "refit_milp_assignment": [[-9.940977507744183, -1.298605343861428, -1.4280556074923283], [0.5490756004073676, 1.5565756107930315, 1.4955771080148432], [9.665122134902093, -0.1999611600790247, -0.13144534207138608]], "refit_ground_truth_assignment": [[-9.963993542295379, -1.2806398319511973, -1.4219870601703053], [1.0519821255862678, 1.3906347618153274, 1.2365883059940792], [9.838919900875165, 0.11460188413374972, 0.0713522419587108]]}