{"time_milp": 0.9847371578216553, "time_greedy": 1.2132449626922608, "time_refit_milp_assignment": 1.4196529388427734, "mse_refit_ground_truth_assignment": 10.889872660383546, "r2_refit_ground_truth_assignment": 0.8913170906029737, "weight_mismatch_refit_ground_truth_assignment": 0.5778581904386764, "refit-weight_mismatch_refit_ground_truth_assignment": 0.0, "rand_score_refit_ground_truth_assignment": 1.0, "label_mismatch_refit_ground_truth_assignment": 0.0, "mse_milp": 10.903844484257801, "r2_milp": 0.8911776492600313, "weight_mismatch_milp": 0.7924129791205579, "refit-weight_mismatch_milp": 0.29427131488221003, "rand_score_milp": 1.0, "label_mismatch_milp": 0.0, "mse_refit_milp_assignment": 10.889872660383546, "r2_refit_milp_assignment": 0.8913170906029737, "weight_mismatch_refit_milp_assignment": 0.5778581904386764, "refit-weight_mismatch_refit_milp_assignment": 0.0, "rand_score_refit_milp_assignment": 1.0, "label_mismatch_refit_milp_assignment": 0.0, "mse_greedy": 12.702050886006301, "r2_greedy": 0.8732312223794526, "weight_mismatch_greedy": 1.6235482632649803, "refit-weight_mismatch_greedy": 1.0570583530494277, "rand_score_greedy": 0.9783140703517589, "label_mismatch_greedy": 0.01575, "mse_greedy_sem": 1.812172506314844, "r2_greedy_sem": 0.0180858111437881, "weight_mismatch_greedy_sem": 1.0449983179716018, "refit-weight_mismatch_greedy_sem": 1.052571085987751, "rand_score_greedy_sem": 0.021685929648241203, "label_mismatch_greedy_sem": 0.01575, "mse_ground_truth": 11.1532014028026, "r2_ground_truth": 0.8886890218691604, "weight_mismatch_ground_truth": 0, "rand_score_ground_truth": 1, "label_mismatch_ground_truth": 0, "mse_baseline_sklearn": 99.77608191640054, "r2_baseline_sklearn": 0.004136742877547617, "random_state": 4}