{"time_milp": 0.5078809261322021, "time_greedy": 0.991215193271637, "time_refit_milp_assignment": 0.9563658237457275, "mse_refit_ground_truth_assignment": 24.955224630344063, "r2_refit_ground_truth_assignment": 0.8712268137670751, "weight_mismatch_refit_ground_truth_assignment": 6.829079899207235, "refit-weight_mismatch_refit_ground_truth_assignment": 0.0, "rand_score_refit_ground_truth_assignment": 1.0, "label_mismatch_refit_ground_truth_assignment": 0.0, "mse_milp": 24.95523316336191, "r2_milp": 0.8712267697352576, "weight_mismatch_milp": 6.8217403062121456, "refit-weight_mismatch_milp": 0.007907046519913356, "rand_score_milp": 1.0, "label_mismatch_milp": 0.0, "mse_refit_milp_assignment": 24.955224630344063, "r2_refit_milp_assignment": 0.8712268137670751, "weight_mismatch_refit_milp_assignment": 6.829079899207235, "refit-weight_mismatch_refit_milp_assignment": 0.0, "rand_score_refit_milp_assignment": 1.0, "label_mismatch_refit_milp_assignment": 0.0, "mse_greedy": 55.523342331182334, "r2_greedy": 0.7134901485280996, "weight_mismatch_greedy": 12.484120356675762, "refit-weight_mismatch_greedy": 12.102952630618839, "rand_score_greedy": 0.7400630252100839, "label_mismatch_greedy": 0.22125, "mse_greedy_sem": 6.391114081635162, "r2_greedy_sem": 0.032979231245610585, "weight_mismatch_greedy_sem": 1.6073042319412694, "refit-weight_mismatch_greedy_sem": 2.8331884859980634, "rand_score_greedy_sem": 0.054288549864004956, "label_mismatch_greedy_sem": 0.04780058402711553, "mse_ground_truth": 40.338027022639, "r2_ground_truth": 0.7924525549770046, "weight_mismatch_ground_truth": 0, "rand_score_ground_truth": 1, "label_mismatch_ground_truth": 0, "mse_baseline_sklearn": 191.07699221121658, "r2_baseline_sklearn": 0.014010353850984592, "mse_milp_val": 30.36249404633955, "r2_milp_val": 0.8444450156488825, "label_mismatch_milp_val": 0.0, "mse_refit_milp_assignment_val": 30.359688153029502, "r2_refit_milp_assignment_val": 0.8444593909729013, "label_mismatch_refit_milp_assignment_val": 0.0, "mse_greedy_val": 74.73972406368404, "label_mismatch_greedy_val": 0.19875, "mse_greedy_val_sem": 10.284405498706464, "label_mismatch_greedy_val_sem": 0.0438101090833467, "r2_greedy_val": 0.6170888798071306, "r2_greedy_val_sem": 0.05268969452806523, "mse_refit_ground_truth_assignment_val": 30.359688153029502, "r2_refit_ground_truth_assignment_val": 0.8444593909729013, "label_mismatch_refit_ground_truth_assignment_val": 0.0, "mse_ground_truth_val": 39.821132754746586, "r2_ground_truth_val": 0.7959859399871942, "label_mismatch_ground_truth_val": 0.0, "mse_baseline_sklearn_val": 195.2199441397686, "r2_baseline_sklearn_val": -0.000162743855647296, "random_state": 4}