{"ground_truth": [[-10, 0.2, 0.4, 0.3], [10, -0.2, -0.4, -0.3]], "milp": [[-12.953136616876982, -0.22026083808105845, 0.7303674244617702, -0.44594040110243194], [13.720931637568803, -0.09466483536551945, -0.36602366722721447, -0.5237743989958847]], "greedy": [[[-5.793272599211749, -1.0774662904283054, 0.32505298215144784, 4.310097140481153], [8.378971879258694, 0.4491295244567913, -0.4475643290012527, -5.481984463197151]], [[11.798815481087779, -2.7701802540303713, -0.3902061256852861, -2.9180911192932157], [-12.751760433892482, 4.079227106289138, -0.0969142031012642, 1.8261087272415595]], [[7.836123833859346, -2.072075191514569, 2.7046186546604236, -3.733229095785632], [-7.719015027448778, 3.0169754103331137, -3.3286218783111168, 2.5614682710904213]], [[-5.07957942158075, 3.935241205670314, -4.237598314705716, -0.3862209267166854], [2.762930544541285, -2.767159279468818, 4.1782706740702285, -0.6707166275584029]], [[-12.957310525339413, -0.21948189481927424, 0.7311374601384663, -0.44548181858380725], [13.72435553758703, -0.09505039799755485, -0.36652181456450267, -0.5242289243015804]], [[8.38093612086052, 0.39044345798031976, -0.5186253933229877, -5.494190401950226], [-5.866081410232614, -1.002028353649531, 0.4244894283123141, 4.333229134662634]], [[4.055120965748509, -3.3273765054997275, 1.9732233248443494, -3.627382425386917], [-5.100835672059863, 4.125684558776035, -2.156798560508736, 2.9920930282573166]], [[-12.957310525339413, -0.21948189481927424, 0.7311374601384663, -0.44548181858380725], [13.72435553758703, -0.09505039799755485, -0.36652181456450267, -0.5242289243015804]], [[-12.957310525339413, -0.21948189481927424, 0.7311374601384663, -0.44548181858380725], [13.72435553758703, -0.09505039799755485, -0.36652181456450267, -0.5242289243015804]], [[1.8906708405138715, -3.0125878720087726, -2.227997668030712, 3.447341361786058], [-0.07002639487594631, 2.882357506486163, 1.6879800292715075, -4.405943988160457]], [[-1.442554105113239, -1.0862061889422392, 3.2598509746156954, -4.201713349752868], [2.986578581545283, 0.12060390835010554, -3.2362939672599262, 3.672865629534465]], [[-12.957310525339413, -0.21948189481927424, 0.7311374601384663, -0.44548181858380725], [13.72435553758703, -0.09505039799755485, -0.36652181456450267, -0.5242289243015804]], [[-12.957310525339413, -0.21948189481927424, 0.7311374601384663, -0.44548181858380725], [13.72435553758703, -0.09505039799755485, -0.36652181456450267, -0.5242289243015804]], [[-12.957310525339413, -0.21948189481927424, 0.7311374601384663, -0.44548181858380725], [13.72435553758703, -0.09505039799755485, -0.36652181456450267, -0.5242289243015804]], [[5.875516343485077, -2.9817527743248533, -3.644469388255894, 2.337448328152115], [-5.958525011824827, 2.8738927371698777, 3.959567048372198, -2.8851317189290895]], [[-12.957310525339413, -0.21948189481927424, 0.7311374601384663, -0.44548181858380725], [13.72435553758703, -0.09505039799755485, -0.36652181456450267, -0.5242289243015804]], [[13.72435553758703, -0.09505039799755485, -0.36652181456450267, -0.5242289243015804], [-12.957310525339413, -0.21948189481927424, 0.7311374601384663, -0.44548181858380725]], [[1.9073586348066651, -2.0374211837624694, 3.9361336283401163, -3.9027427718186707], [-1.7943677519830556, 1.7737393625200566, -3.99348831206131, 3.290812007851221]], [[0.3302754333302709, -2.211752193186184, -2.305175494759901, 3.937677327138157], [2.4752748060046286, 1.7229903564495377, 1.7721045357194531, -4.932466648734482]], [[13.72435553758703, -0.09505039799755485, -0.36652181456450267, -0.5242289243015804], [-12.957310525339413, -0.21948189481927424, 0.7311374601384663, -0.44548181858380725]]], "refit_milp_assignment": [[-12.957325021262978, -0.21949729986610308, 0.7311877645446175, -0.4454967946843818], [13.72438888249998, -0.09505313472031299, -0.3665384839707296, -0.5242484104688513]], "refit_ground_truth_assignment": [[-12.957325021262978, -0.21949729986610308, 0.7311877645446175, -0.4454967946843818], [13.72438888249998, -0.09505313472031299, -0.3665384839707296, -0.5242484104688513]]}