{"time_milp": 1.8879492282867432, "time_greedy": 0.19300272464752197, "time_refit_milp_assignment": 2.9561421871185303, "mse_refit_ground_truth_assignment": 22.20941496573775, "r2_refit_ground_truth_assignment": 0.8524051573782807, "weight_mismatch_refit_ground_truth_assignment": 12.244310475840573, "refit-weight_mismatch_refit_ground_truth_assignment": 0.0, "rand_score_refit_ground_truth_assignment": 1.0, "label_mismatch_refit_ground_truth_assignment": 0.0, "mse_milp": 26.27268059167475, "r2_milp": 0.8254023276542384, "weight_mismatch_milp": 26.62693764352358, "refit-weight_mismatch_milp": 17.18575813066976, "rand_score_milp": 0.7015098722415796, "label_mismatch_milp": 0.42857142857142855, "mse_refit_milp_assignment": 26.272465493975254, "r2_refit_milp_assignment": 0.8254037571070698, "weight_mismatch_refit_milp_assignment": 26.721941057106037, "refit-weight_mismatch_refit_milp_assignment": 17.24081842057818, "rand_score_refit_milp_assignment": 0.7015098722415796, "label_mismatch_refit_milp_assignment": 0.42857142857142855, "mse_greedy": 18.24315509927518, "r2_greedy": 0.8787633258257825, "weight_mismatch_greedy": 37.3169567733795, "refit-weight_mismatch_greedy": 36.13277819764052, "rand_score_greedy": 0.6811846689895471, "label_mismatch_greedy": 0.4071428571428572, "mse_greedy_sem": 1.618737689293058, "r2_greedy_sem": 0.010757479873541463, "weight_mismatch_greedy_sem": 4.282444101958817, "refit-weight_mismatch_greedy_sem": 4.094373833484856, "rand_score_greedy_sem": 0.013616095545530824, "label_mismatch_greedy_sem": 0.021006707877919424, "mse_ground_truth": 28.12397593414132, "r2_ground_truth": 0.8130993631169373, "weight_mismatch_ground_truth": 0, "rand_score_ground_truth": 1, "label_mismatch_ground_truth": 0, "mse_baseline_sklearn": 141.32551085827293, "r2_baseline_sklearn": 0.060807474409401596, "random_state": 12}