{"ground_truth": [[-10, -1.7990551864586781, -1.9879180670093732], [1, 1.5727819213175531, 1.5142628632370154], [10, 0.1, 0.1]], "milp": [[0.8020279270864438, 2.052345983249275, 0.9329713985783173], [-5.116494248806588, -3.2884735869990367, -2.595436538242631], [6.591047389539174, -1.2753715941178265, 0.019545569510546368]], "greedy": [[[-10.060170155287885, -1.8826409074203487, -1.7982400829345395], [1.1312596864682045, 1.4558739493974493, 1.5044464299690166], [9.945128346688435, 0.09601101750143964, 0.08362070020955971]], [[-10.060170155287885, -1.8826409074203487, -1.7982400829345395], [9.945128346688435, 0.09601101750143964, 0.08362070020955971], [1.1312596864682045, 1.4558739493974493, 1.5044464299690166]], [[-10.060170155287885, -1.8826409074203487, -1.7982400829345395], [9.945128346688435, 0.09601101750143964, 0.08362070020955971], [1.1312596864682045, 1.4558739493974493, 1.5044464299690166]], [[-10.060170155287885, -1.8826409074203487, -1.7982400829345395], [9.945128346688435, 0.09601101750143964, 0.08362070020955971], [1.1312596864682045, 1.4558739493974493, 1.5044464299690166]], [[4.0505446290222125, -2.4808664842562074, -1.6644061048110963], [-9.733909388768271, -1.9549786833823874, -1.8783505282080506], [5.830584705401167, 0.8826396786721211, 0.47644977205164757]], [[3.4261615924196187, 1.2747363326178278, 1.003882627132875], [-5.603773466841368, -3.116967614192088, -3.0840476082720314], [2.5783565377754365, -3.482422233116923, -4.129674901363913]], [[3.9964893555757346, 1.046527756530599, 1.1824897383486836], [-0.7484056976288027, -4.3418353557200895, -3.432417794317655], [-5.7030152766788165, 0.8991207024810057, 1.5890907652187676]], [[9.945128346688435, 0.09601101750143964, 0.08362070020955971], [1.1312596864682045, 1.4558739493974493, 1.5044464299690166], [-10.060170155287885, -1.8826409074203487, -1.7982400829345395]], [[-9.733909388768271, -1.9549786833823874, -1.8783505282080506], [7.7373464244497026, 0.05694791787082593, 0.5015597539254203], [4.461823983507829, 0.9554652823316037, -3.466157137844855]], [[9.945128346688435, 0.09601101750143964, 0.08362070020955971], [-10.060170155287885, -1.8826409074203487, -1.7982400829345395], [1.1312596864682045, 1.4558739493974493, 1.5044464299690166]], [[-10.060170155287885, -1.8826409074203487, -1.7982400829345395], [9.945128346688435, 0.09601101750143964, 0.08362070020955971], [1.1312596864682045, 1.4558739493974493, 1.5044464299690166]], [[-10.060170155287885, -1.8826409074203487, -1.7982400829345395], [9.945128346688435, 0.09601101750143964, 0.08362070020955971], [1.1312596864682045, 1.4558739493974493, 1.5044464299690166]], [[4.461823983507829, 0.9554652823316037, -3.466157137844855], [-9.733909388768271, -1.9549786833823874, -1.8783505282080506], [7.7373464244497026, 0.05694791787082593, 0.5015597539254203]], [[3.0518873635836115, -3.2933377296436896, -3.9069627637613165], [3.6136148200592535, 1.23255979446161, 0.9915691452860077], [-5.643723792128915, -3.1166274542025096, -2.7799535904103148]], [[1.1312596864682045, 1.4558739493974493, 1.5044464299690166], [-10.060170155287885, -1.8826409074203487, -1.7982400829345395], [9.945128346688435, 0.09601101750143964, 0.08362070020955971]], [[9.945128346688435, 0.09601101750143964, 0.08362070020955971], [1.1312596864682045, 1.4558739493974493, 1.5044464299690166], [-10.060170155287885, -1.8826409074203487, -1.7982400829345395]], [[2.4791246807246106, 1.7735684350109637, 1.0421616362454753], [0.10363974029640555, -3.2306005113965774, 3.5706246493855462], [-1.4303365735016396, -4.598435815702667, -3.162569533559716]], [[2.58147606555422, -3.855215329347102, 2.3032492531575217], [-2.4011414101053603, -4.070706367878176, -3.189814051161885], [2.154479700551973, 2.0647102816146066, 0.49022359231371837]], [[-10.060170155287885, -1.8826409074203487, -1.7982400829345395], [1.1312596864682045, 1.4558739493974493, 1.5044464299690166], [9.945128346688435, 0.09601101750143964, 0.08362070020955971]], [[-10.060170155287885, -1.8826409074203487, -1.7982400829345395], [9.945128346688435, 0.09601101750143964, 0.08362070020955971], [1.1312596864682045, 1.4558739493974493, 1.5044464299690166]]], "refit_milp_assignment": [[0.8408519219168848, 2.072134550614571, 0.9207464029427074], [-6.344393911441186, -3.0344636019692213, -2.363615754283046], [7.1079257593837255, -1.2048508449185564, -0.07474204552963207]], "refit_ground_truth_assignment": [[-9.884039978064113, -1.9476776806068, -1.8361838306689622], [1.0604793584390637, 1.5010130218021456, 1.5204588598834612], [9.943644451267968, 0.09734000267763149, 0.08400697666905226]]}