{"time_milp": 6.127373933792114, "time_refit_milp_assignment": 6.592875003814697, "mse_refit_ground_truth_assignment": 10.520213727305066, "r2_refit_ground_truth_assignment": 0.8959444106894896, "weight_mismatch_refit_ground_truth_assignment": 0.817454064992206, "refit-weight_mismatch_refit_ground_truth_assignment": 0.0, "rand_score_refit_ground_truth_assignment": 1.0, "label_mismatch_refit_ground_truth_assignment": 0.0, "mse_milp": 9.97285518087202, "r2_milp": 0.9013583421541524, "weight_mismatch_milp": 1.0344434682428663, "refit-weight_mismatch_milp": 0.5482238021186819, "rand_score_milp": 0.98, "label_mismatch_milp": 0.01, "mse_refit_milp_assignment": 9.920584025966866, "r2_refit_milp_assignment": 0.9018753569191168, "weight_mismatch_refit_milp_assignment": 0.975300742508961, "refit-weight_mismatch_refit_milp_assignment": 0.23159104063732205, "rand_score_refit_milp_assignment": 0.98, "label_mismatch_refit_milp_assignment": 0.01, "mse_greedy": NaN, "r2_greedy": NaN, "mse_ground_truth": 10.71995552168485, "r2_ground_truth": 0.8939687616520388, "weight_mismatch_ground_truth": 0, "rand_score_ground_truth": 1, "label_mismatch_ground_truth": 0, "mse_baseline_sklearn": 100.17395723840694, "r2_baseline_sklearn": 0.009135049463458444, "random_state": 5}