{"ground_truth": [[-10, -1.5826848885290346, -1.0255509418496929], [1, 1.3377979807316742, 1.6124765741267186], [10, 0.1, 0.1]], "milp": [[5.467589947013923, 1.0287017036313455, 0.733921345095766], [-8.949991516292675, -0.20348963156160105, -1.1550703049871949], [1.0011474300802892, -1.84004783286687, -3.9492807768219205]], "greedy": [[[-4.6233435538104635, 2.640529492435341, 3.4617574129253117], [8.338562123867026, 1.4668404845945575, 0.021569630169895677], [-10.04299261438151, -2.42986667325559, -1.5971129945514682]], [[6.991295753246391, -5.040807153647099, -3.618029712812858], [-7.477919595546637, 3.6244992619554206, 2.2948507489141483], [-3.612446602475974, 0.042546103388676024, 5.4782404630976735]], [[2.528046923561777, 1.2219069465104555, 3.63487051848424], [-4.219423610938954, -2.067833469125855, -3.4962211962502407], [-6.359810147504331, 1.9347223100929416, 3.0111543659247824]], [[8.279374675098598, 1.929959913609583, 0.5032358681708843], [-10.04299261438151, -2.42986667325559, -1.5971129945514682], [-4.912681032734665, 2.6896806358456655, 2.4109280163319795]], [[7.845342277973023, -4.334984849728488, 1.6639401136024115], [5.309423281901077, 1.7439686859027628, 0.5999174245560083], [-12.007766290803513, -1.41485586966324, -1.096247146045819]], [[-0.08597627406910213, 1.5379711164583356, 1.87130564099685], [-4.342088094758536, -2.3016894899516096, -3.4758994898881133], [-0.18338336313053993, 2.7680316700590475, 7.9766068216107175]], [[2.1815815644865273, 0.5158171823583407, -1.4337473243645438], [-11.072468652313518, 0.32199920248581715, -2.148538350216811], [9.200963443024055, 0.4326858034514732, -0.07964802608840627]], [[-11.083266908305285, 0.2936679891423155, 3.6654907134192483], [0.8268584724492252, -1.7357697832430703, -3.932261854727214], [1.0304697206851117, 1.1482506516748237, 3.922849700376862]], [[-3.388807750175148, 2.6114788849333297, 3.455974931747737], [-3.5560586935771066, -1.7831760598450537, -3.3603202246732375], [6.642005917692508, -10.75505087389769, 1.0187638307338582]], [[-10.458728335835358, -0.7133140214228487, -1.5513519007460517], [4.839461786796111, 1.56373406535711, 1.0338763731608371], [8.543070740517587, -2.772478061423317, -0.9938461308168649]], [[2.1815815644865273, 0.5158171823583407, -1.4337473243645438], [-11.072468652313518, 0.32199920248581715, -2.148538350216811], [9.200963443024055, 0.4326858034514732, -0.07964802608840627]], [[-9.401029049236337, 1.283204528915072, 3.295176427992882], [1.8633332016760136, 1.4295244208065718, 3.572467958248869], [0.8576096897577576, -1.747263534230159, -3.93535152305948]], [[6.600291581609449, 0.7166588352885686, -0.38065713228770687], [-10.04299261438151, -2.42986667325559, -1.5971129945514682], [-2.179611211586422, 2.17349250712003, 5.039492750636574]], [[9.261848443368777, 2.0876854559846896, 0.13207116194615712], [1.935794854382323, 1.5895080944491216, -0.25577666362691653], [-11.072468652313518, 0.32199920248581715, -2.148538350216811]], [[7.424277454709748, 1.9684488517824121, 0.3491563164706288], [-10.40436808818143, -1.0175568725058635, -2.028698596472553], [-5.844145787646822, 3.1923920949799487, 1.8462344236889467]], [[-7.925381820619581, 1.31763181786616, 2.818546186215306], [0.7553441075845173, -1.3089667930636342, -3.8555521681804916], [9.248835539204729, -0.037627373392910224, 0.7389536404383171]], [[-4.912681032734665, 2.6896806358456655, 2.4109280163319795], [8.279374675098598, 1.929959913609583, 0.5032358681708843], [-10.04299261438151, -2.42986667325559, -1.5971129945514682]], [[-4.684284624739987, 2.6964912730013144, 3.398538691674487], [8.33388877358863, 1.4936142251772728, 0.00434011577072991], [-10.04299261438151, -2.42986667325559, -1.5971129945514682]], [[1.0787726382951615, 1.7476406787339696, 3.906540121209644], [2.152350040328476, -5.775862756438302, -3.170796163600784], [-9.66858910808324, 3.6483664200997117, 2.8335008245396183]], [[-4.912681032734665, 2.6896806358456655, 2.4109280163319795], [8.279374675098598, 1.929959913609583, 0.5032358681708843], [-10.04299261438151, -2.42986667325559, -1.5971129945514682]]], "refit_milp_assignment": [[5.475990747727437, 1.028088569306845, 0.7312688751456105], [-8.958925354740671, -0.20482240533597132, -1.159835771276747], [1.0052535581797013, -1.8413888853978801, -3.9503685655582266]], "refit_ground_truth_assignment": [[-10.771925612478555, -0.6693627331462266, -1.4504377412010736], [-0.19789995480485612, 1.3384049793109225, 1.8969255070426512], [8.821659455463397, 1.1308987591548447, 0.09053810931523722]]}