{"time_milp": 0.8575830459594727, "time_greedy": 1.4198469758033752, "time_refit_milp_assignment": 1.4441859722137451, "mse_refit_ground_truth_assignment": 0.3040793344959762, "r2_refit_ground_truth_assignment": 0.9964751019636781, "weight_mismatch_refit_ground_truth_assignment": 0.17535808578559306, "refit-weight_mismatch_refit_ground_truth_assignment": 0.0, "rand_score_refit_ground_truth_assignment": 1.0, "label_mismatch_refit_ground_truth_assignment": 0.0, "mse_milp": 0.3040848820806812, "r2_milp": 0.9964750376558865, "weight_mismatch_milp": 0.17558631360495242, "refit-weight_mismatch_milp": 0.006838620529789162, "rand_score_milp": 1.0, "label_mismatch_milp": 0.0, "mse_refit_milp_assignment": 0.3040793344959762, "r2_refit_milp_assignment": 0.9964751019636781, "weight_mismatch_refit_milp_assignment": 0.17535808578559306, "refit-weight_mismatch_refit_milp_assignment": 0.0, "rand_score_refit_milp_assignment": 1.0, "label_mismatch_refit_milp_assignment": 0.0, "mse_greedy": 14.316250142048665, "r2_greedy": 0.834045539145742, "weight_mismatch_greedy": 8.398820063463043, "refit-weight_mismatch_greedy": 8.335098770568568, "rand_score_greedy": 0.7339845938375349, "label_mismatch_greedy": 0.1995833333333334, "mse_greedy_sem": 2.5587248852207116, "r2_greedy_sem": 0.029660826304925926, "weight_mismatch_greedy_sem": 1.8262463181113, "refit-weight_mismatch_greedy_sem": 1.8425297345766822, "rand_score_greedy_sem": 0.04680536692304114, "label_mismatch_greedy_sem": 0.03828598811530025, "mse_ground_truth": 0.311074819301223, "r2_ground_truth": 0.9964074620721252, "weight_mismatch_ground_truth": 0, "rand_score_ground_truth": 1, "label_mismatch_ground_truth": 0, "mse_baseline_sklearn": 83.63452320385304, "r2_baseline_sklearn": 0.030505749104478896, "mse_milp_val": 0.2826455008123593, "r2_milp_val": 0.996753926767422, "label_mismatch_milp_val": 0.0, "mse_refit_milp_assignment_val": 0.28231246242802394, "r2_refit_milp_assignment_val": 0.9967577515832485, "label_mismatch_refit_milp_assignment_val": 0.0, "mse_greedy_val": 23.285467840038073, "label_mismatch_greedy_val": 0.220625, "mse_greedy_val_sem": 3.9722176577083785, "label_mismatch_greedy_val_sem": 0.03984215360579005, "r2_greedy_val": 0.7325754924583652, "r2_greedy_val_sem": 0.045619369052759075, "mse_refit_ground_truth_assignment_val": 0.28231246242802394, "r2_refit_ground_truth_assignment_val": 0.9967577515832485, "label_mismatch_refit_ground_truth_assignment_val": 0.0, "mse_ground_truth_val": 0.2819613663166047, "r2_ground_truth_val": 0.9967617837850209, "label_mismatch_ground_truth_val": 0.0, "mse_baseline_sklearn_val": 87.0629128706344, "r2_baseline_sklearn_val": 0.0001164348720421593, "random_state": 42}