{"ground_truth": [[-10, -1.337719620706157, -1.6626352006348812, -1.0611537685933308], [1, 1.6272285743807728, 1.565890653114534, 1.026132378542826], [10, 0.1, 0.1, 0.1]], "milp": [[1.7100790262766608, 0.33216784720406034, 0.8480645287194508, 4.632142039411941], [-9.997305267116644, -2.147121962820267, -2.1554951961735442, -0.4697721313611575], [7.540640444520742, 0.8468904345710774, 1.4514365566354681, -2.1285008747037732]], "greedy": [[[8.874632335992983, 2.664436876041001, -0.6871798091246715, -1.7259088784803915], [-10.768204982898716, -1.4186627136276457, -1.9073165249729351, -0.9974257502874279], [1.9001310839747543, -0.5145993941251032, 2.887129737914586, 1.7736771193293883]], [[4.0518479837693935, -0.7019304336634743, -8.163704560253068, -0.1995089955399632], [7.015250667235912, -3.5035558456516185, 1.7958093563624982, -7.55454108847256], [-15.119315769290225, -0.9876943894334932, 4.302529997917131, 9.068729840805014]], [[1.790834841853529, 2.3527358277106782, -0.8955772401945298, 1.090136196271717], [8.400532332043314, -0.2938291506807266, 1.2007510261301404, -0.36599283149952366], [-10.768204982898716, -1.4186627136276457, -1.9073165249729351, -0.9974257502874279]], [[8.645678808047458, 1.4348841372974404, 0.28232387834474415, -0.10910289585103275], [1.4249859727313499, 0.8122083460388257, 0.5440758851967665, 0.4355947051856495], [-10.768204982898716, -1.4186627136276457, -1.9073165249729351, -0.9974257502874279]], [[4.6405506652647395, 1.2307514314082166, 0.4132707454259748, 1.9363637904172204], [-12.598285223571388, 3.325843775143461, -2.634759789795788, 3.6315308456213664], [6.219021490582949, -5.228364812581624, 1.4742196010536455, -7.925259560273668]], [[-16.230065018772727, 1.2274340744952785, 0.555217000712474, 3.9727505616736973], [10.372139579039544, -4.978051084240239, -1.1139922954066992, -8.648817020717711], [3.4444857413949412, 1.0342246558312547, 1.7989705022940743, 1.4135498013852383]], [[-12.861365283162016, 7.234730357750423, -2.1602570095399454, -4.481649251966623], [6.320126151587705, 1.1413002416948939, 1.1315099685081498, 0.07385820670329807], [-8.058954884842247, -4.973813410299578, -0.9318008451482026, 3.2713225231455794]], [[-11.083218371135928, 1.7437836705938752, -2.741373798940074, 7.380788303166952], [-2.9403495685855585, -0.584445683430296, 7.267281620818032, 0.7653133451079965], [13.15469858845058, -3.4594791584106233, -3.207984618536743, -10.363248126663947]], [[3.2574428491747582, 0.5446474724450896, 0.636790575686487, 3.1061915543654117], [8.109135308264447, 1.0330560726361713, 1.0921726189669092, -2.82426389329356], [-9.62968732474188, -2.096269574062467, -2.183455003976537, -0.8108635468584364]], [[-13.116175188938847, 9.651440804847814, 2.86225785930107, -9.737134920197319], [0.1821635085757487, -1.6575905540579874, 6.937428543701008, 0.4075958600885822], [0.7933144900713571, -4.044200749011853, -5.555048536452909, 4.754981715212114]], [[-9.11041875310456, -5.093528515221184, -1.6081032818099548, 2.4966551584499816], [4.662929934627238, -0.08762724092252931, 0.9636665321396638, 1.8688906147053714], [6.060883047214379, -6.166109068671715, 2.286724820498411, -8.491450879722963]], [[-12.598285223571388, 3.325843775143461, -2.634759789795788, 3.6315308456213664], [5.25540565632293, 1.1519906655311396, 0.9403086495896998, 1.3798361157938897], [5.126804638953363, -4.906177321974117, 1.0269428324259213, -7.441861384282291]], [[-10.768204982898716, -1.4186627136276457, -1.9073165249729351, -0.9974257502874279], [9.233500968676367, 2.4551026381120664, -0.5504018443683747, -1.7630436343843663], [1.2930266726825002, -0.23854336024820785, 2.685452193067038, 1.9016519639056322]], [[-10.768204982898716, -1.4186627136276457, -1.9073165249729351, -0.9974257502874279], [9.700152132949222, 0.5342840411712437, 0.3233267700420452, -1.3472601659842478], [-1.105573049110819, 1.3571099422605293, 3.0955389918355207, 2.1713383407158924]], [[5.568143112507631, -2.333812602720075, -5.692043039577312, 0.47698379440386546], [-8.320285935433468, -3.1923289615876267, -2.767967126423033, -0.7981325993267642], [8.70710845719859, 0.5328959497759191, 0.21831184858524227, -0.011017780109206768]], [[8.645678808047458, 1.4348841372974404, 0.28232387834474415, -0.10910289585103275], [1.4249859727313499, 0.8122083460388257, 0.5440758851967665, 0.4355947051856495], [-10.768204982898716, -1.4186627136276457, -1.9073165249729351, -0.9974257502874279]], [[4.6629784521810365, -1.562150463107476, 1.1785198037461444, 2.7411652204615673], [6.3150164021288555, 2.8835817486277, 1.182185495377575, -1.8783238793043187], [-10.768204982898716, -1.4186627136276457, -1.9073165249729351, -0.9974257502874279]], [[6.219021490582949, -5.228364812581624, 1.4742196010536455, -7.925259560273668], [-12.598285223571388, 3.325843775143461, -2.634759789795788, 3.6315308456213664], [4.6405506652647395, 1.2307514314082166, 0.4132707454259748, 1.9363637904172204]], [[4.177263520918713, -3.650568159253559, 3.278623454030034, -6.60355463532053], [-11.680565601155234, -0.9620513800451815, -1.5320504059699966, -1.581746571711895], [5.434239836318888, 0.3411699201545764, 1.1298129079027273, 0.8681947692188479]], [[5.94281216075065, -4.953927337666603, 1.4710956576440593, -8.114203829403872], [4.623188413430324, 1.46483281136446, 0.47332230439851236, 1.7054822295018128], [-12.598285223571388, 3.325843775143461, -2.634759789795788, 3.6315308456213664]]], "refit_milp_assignment": [[1.7103280906221974, 0.3315030471995409, 0.8477338025567906, 4.633462777625981], [-10.012876813646402, -2.14362532713675, -2.153087918582822, -0.4639188864570924], [7.5514941290180815, 0.8461257685864614, 1.4480624583535084, -2.131751408112741]], "refit_ground_truth_assignment": [[-9.627697015897521, -2.0973741182199523, -2.1842286509081275, -0.8111002221271978], [1.5883047873368077, 0.8098264622479018, 1.3880369294116517, 1.0011637029022853], [8.452369175032686, 1.6458821473129825, 0.3925804921916657, 0.046830382035829586]]}