{"ground_truth": [[-10, -1.7088402563842249, -1.394816561006346, -1.5886949563834918, -1.259974750726704, -1.3493104093590729, -1.532446607378236, -1.1648191327484367, -1.1750349310608241], [1, 1.7243171487431352, 1.1116710277469464, 1.5996086828056142, 1.0741425087294052, 1.5599823579765975, 1.855593795867199, 1.0349770946298067, 1.3792348789048292], [10, 0.1, 0.1, 0.1, 0.1, 0.1, 0.1, 0.1, 0.1]], "milp": [[-4.917761397729267, -2.4915533824633678, -2.2363987944030743, -1.412473788946899, -1.5628373231546562, -1.6242972373971258, -2.2975097900452974, -1.8569939904553363, -1.7818611028890077], [0.7453056207302032, -0.7433826609216397, 0.1987539330781956, 1.6424911569770615, 3.397799422546615, 1.1996966778595934, 1.5775393802310105, 0.6737284633111327, 1.0056210058569641], [1.185351755702774, 1.218315038872271, -1.0249672045433318, 1.0359963098456233, 0.6867879184027988, -1.308570185293189, 2.6129275152542117, 2.1516330511840063, 0.18255500096971786]], "refit_milp_assignment": [[-9.325690549937757, -1.901173018769369, -1.6175313435840688, -1.4381028205764301, -1.238729249196898, -1.3617446342680264, -1.5987550771208219, -1.352109247018432, -1.2879313103506929], [-0.1142440412068364, -1.0211555005576667, 0.19159009483875247, 1.738976001163148, 3.778945949987926, 1.2812949933996032, 1.7335576774756487, 0.6649803572366018, 1.0233241976487073], [-0.15177955261901133, 1.2885199009596155, -1.19340479103876, 1.1170688198475844, 0.5705544534157306, -1.6764444413631208, 3.0587005975107657, 2.6010928634238426, 0.11682951880870536]], "refit_ground_truth_assignment": [[-9.325690549937757, -1.901173018769369, -1.6175313435840688, -1.4381028205764301, -1.238729249196898, -1.3617446342680264, -1.5987550771208219, -1.352109247018432, -1.2879313103506929], [-0.677243791802784, 2.2637760363796366, 1.1307120283315322, 1.5988839751923412, 0.8531266271933877, 1.8484462819243017, 2.1572722862724567, 1.3671998386909079, 1.4209222570650097], [9.580940783657672, 0.1611549440319872, 0.05477353724198238, 0.13527335708069826, 0.28741159934223864, -0.06096305058449915, 0.21004558363886086, 0.3092734838196232, 0.06917424567727337]]}