{"time_milp": 1067.9660878181458, "time_greedy": 0.5354239106178283, "time_refit_milp_assignment": 1071.0446588993073, "mse_refit_ground_truth_assignment": 0.7650879080837485, "r2_refit_ground_truth_assignment": 0.9932007767748279, "weight_mismatch_refit_ground_truth_assignment": 1.4730161904620924, "refit-weight_mismatch_refit_ground_truth_assignment": 0.0, "rand_score_refit_ground_truth_assignment": 1.0, "label_mismatch_refit_ground_truth_assignment": 0.0, "mse_milp": 0.689490153568709, "r2_milp": 0.9938726028523788, "weight_mismatch_milp": 2.081886003939683, "refit-weight_mismatch_milp": 0.661830702201349, "rand_score_milp": 0.9471830985915493, "label_mismatch_milp": 0.041666666666666664, "mse_refit_milp_assignment": 0.6894599362154517, "r2_refit_milp_assignment": 0.9938728713895336, "weight_mismatch_refit_milp_assignment": 2.063481800724146, "refit-weight_mismatch_refit_milp_assignment": 0.636476248247129, "rand_score_refit_milp_assignment": 0.9471830985915493, "label_mismatch_refit_milp_assignment": 0.041666666666666664, "mse_greedy": 3.5867251385794425, "r2_greedy": 0.9681253035018969, "weight_mismatch_greedy": 11.107476962658012, "refit-weight_mismatch_greedy": 10.251283224794765, "rand_score_greedy": 0.8342918622848201, "label_mismatch_greedy": 0.2048611111111111, "mse_greedy_sem": 0.6712174955642789, "r2_greedy_sem": 0.005965010735057841, "weight_mismatch_greedy_sem": 2.6452054401357934, "refit-weight_mismatch_greedy_sem": 2.674338775337133, "rand_score_greedy_sem": 0.02453405275553563, "label_mismatch_greedy_sem": 0.03582141728069118, "mse_ground_truth": 0.9406161744656383, "r2_ground_truth": 0.9916680761607012, "weight_mismatch_ground_truth": 0, "rand_score_ground_truth": 1, "label_mismatch_ground_truth": 0, "mse_baseline_sklearn": 107.99993229816387, "r2_baseline_sklearn": 0.04022055473616015, "mse_milp_val": 1.681857192305893, "r2_milp_val": 0.9851734349794828, "label_mismatch_milp_val": 0.041666666666666664, "mse_refit_milp_assignment_val": 1.683243966917108, "r2_refit_milp_assignment_val": 0.9851612097417897, "label_mismatch_refit_milp_assignment_val": 0.041666666666666664, "mse_greedy_val": 6.332770433206688, "label_mismatch_greedy_val": 0.22083333333333335, "mse_greedy_val_sem": 2.72912181311256, "label_mismatch_greedy_val_sem": 0.036412094738903084, "r2_greedy_val": 0.9441728863678278, "r2_greedy_val_sem": 0.024058821519529764, "mse_refit_ground_truth_assignment_val": 1.3641725435655332, "r2_refit_ground_truth_assignment_val": 0.9879740128894963, "label_mismatch_refit_ground_truth_assignment_val": 0.041666666666666664, "mse_ground_truth_val": 0.9146243051652726, "r2_ground_truth_val": 0.9919370462653336, "label_mismatch_ground_truth_val": 0.041666666666666664, "mse_baseline_sklearn_val": 113.45518041378757, "r2_baseline_sklearn_val": -0.0001744601235884602}