{"time_milp": 2.354871988296509, "time_refit_milp_assignment": 2.8183388710021973, "mse_refit_ground_truth_assignment": 0.2240422224934868, "r2_refit_ground_truth_assignment": 0.9960209538072338, "weight_mismatch_refit_ground_truth_assignment": 0.2539632855023962, "refit-weight_mismatch_refit_ground_truth_assignment": 0.0, "rand_score_refit_ground_truth_assignment": 1.0, "label_mismatch_refit_ground_truth_assignment": 0.0, "mse_milp": 0.4170240996701663, "r2_milp": 0.9925935471554582, "weight_mismatch_milp": 0.2823920329692164, "refit-weight_mismatch_milp": 0.15149507013647434, "rand_score_milp": 0.8734463276836159, "label_mismatch_milp": 0.06666666666666667, "mse_refit_milp_assignment": 0.4169958711297124, "r2_refit_milp_assignment": 0.992594048501433, "weight_mismatch_refit_milp_assignment": 0.2850007108980272, "refit-weight_mismatch_refit_milp_assignment": 0.14522944017731332, "rand_score_refit_milp_assignment": 0.8734463276836159, "label_mismatch_refit_milp_assignment": 0.06666666666666667, "mse_greedy": NaN, "r2_greedy": NaN, "mse_ground_truth": 0.236951273050866, "r2_ground_truth": 0.9958940783243548, "weight_mismatch_ground_truth": 0, "rand_score_ground_truth": 1, "label_mismatch_ground_truth": 0, "mse_baseline_sklearn": 53.860432907362195, "r2_baseline_sklearn": 0.04342517175747418, "mse_milp_val": 4.28650670461351, "r2_milp_val": 0.9260999589144252, "label_mismatch_milp_val": 0.225, "mse_refit_milp_assignment_val": 4.288923114294944, "r2_refit_milp_assignment_val": 0.9260582996363595, "label_mismatch_refit_milp_assignment_val": 0.225, "mse_refit_ground_truth_assignment_val": 4.671781607291235, "r2_refit_ground_truth_assignment_val": 0.9194577597767262, "label_mismatch_refit_ground_truth_assignment_val": 0.25, "mse_ground_truth_val": 4.750750856554356, "r2_ground_truth_val": 0.9180963176591248, "label_mismatch_ground_truth_val": 0.25, "mse_baseline_sklearn_val": 61.02912710317224, "r2_baseline_sklearn_val": -0.05215162628512493, "random_state": 4}