{"time_milp": 0.7267200946807861, "time_greedy": 1.5603464722633362, "time_refit_milp_assignment": 1.4847173690795898, "mse_refit_ground_truth_assignment": 11.63826601893552, "r2_refit_ground_truth_assignment": 0.8814389016285032, "weight_mismatch_refit_ground_truth_assignment": 1.2687451971177446, "refit-weight_mismatch_refit_ground_truth_assignment": 0.0, "rand_score_refit_ground_truth_assignment": 1.0, "label_mismatch_refit_ground_truth_assignment": 0.0, "mse_milp": 11.63827114380559, "r2_milp": 0.8814388494205349, "weight_mismatch_milp": 1.2699476084475967, "refit-weight_mismatch_milp": 0.006402770487471254, "rand_score_milp": 1.0, "label_mismatch_milp": 0.0, "mse_refit_milp_assignment": 11.63826601893552, "r2_refit_milp_assignment": 0.8814389016285032, "weight_mismatch_refit_milp_assignment": 1.2687451971177446, "refit-weight_mismatch_refit_milp_assignment": 0.0, "rand_score_refit_milp_assignment": 1.0, "label_mismatch_refit_milp_assignment": 0.0, "mse_greedy": 26.333653801556142, "r2_greedy": 0.7317343568391126, "weight_mismatch_greedy": 10.717647438571003, "refit-weight_mismatch_greedy": 10.080355246848425, "rand_score_greedy": 0.7154691876750701, "label_mismatch_greedy": 0.23875000000000002, "mse_greedy_sem": 2.7719514447206284, "r2_greedy_sem": 0.02823836535303687, "weight_mismatch_greedy_sem": 2.2636572888750948, "refit-weight_mismatch_greedy_sem": 2.34532373615478, "rand_score_greedy_sem": 0.053572173387743297, "label_mismatch_greedy_sem": 0.04626501257850135, "mse_ground_truth": 11.7474842661606, "r2_ground_truth": 0.8801455469989795, "weight_mismatch_ground_truth": 0, "rand_score_ground_truth": 1, "label_mismatch_ground_truth": 0, "mse_baseline_sklearn": 95.11466195532333, "r2_baseline_sklearn": 0.03104991978107574, "mse_milp_val": 11.507591029524429, "r2_milp_val": 0.882238315043596, "label_mismatch_milp_val": 0.0, "mse_refit_milp_assignment_val": 11.505940427665866, "r2_refit_milp_assignment_val": 0.8822552062987299, "label_mismatch_refit_milp_assignment_val": 0.0, "mse_greedy_val": 40.02602539696633, "label_mismatch_greedy_val": 0.2, "mse_greedy_val_sem": 5.522081764773722, "label_mismatch_greedy_val_sem": 0.038335001870628, "r2_greedy_val": 0.5903980093869073, "r2_greedy_val_sem": 0.05650962494394979, "mse_refit_ground_truth_assignment_val": 11.505940427665866, "r2_refit_ground_truth_assignment_val": 0.8822552062987299, "label_mismatch_refit_ground_truth_assignment_val": 0.0, "mse_ground_truth_val": 10.779795242841255, "r2_ground_truth_val": 0.8896861343069057, "label_mismatch_ground_truth_val": 0.0, "mse_baseline_sklearn_val": 97.87378268158491, "r2_baseline_sklearn_val": -0.0015807419701705516, "random_state": 3}