{"time_milp": 18050.87928724289, "time_refit_milp_assignment": 18053.70772600174, "mse_refit_ground_truth_assignment": 174.6899076362446, "r2_refit_ground_truth_assignment": 0.5791718254836251, "weight_mismatch_refit_ground_truth_assignment": 13.943275036925078, "refit-weight_mismatch_refit_ground_truth_assignment": 0.0, "rand_score_refit_ground_truth_assignment": 1.0, "label_mismatch_refit_ground_truth_assignment": 0.0, "mse_milp": 99.47857388334599, "r2_milp": 0.7603560090145984, "weight_mismatch_milp": 29.487376413556888, "refit-weight_mismatch_milp": 19.33674482885577, "rand_score_milp": 0.7081232492997199, "label_mismatch_milp": 0.3, "mse_refit_milp_assignment": 99.47843809077811, "r2_refit_milp_assignment": 0.76035633613904, "weight_mismatch_refit_milp_assignment": 29.5190842694633, "refit-weight_mismatch_refit_milp_assignment": 19.368300389784004, "rand_score_refit_milp_assignment": 0.7081232492997199, "label_mismatch_refit_milp_assignment": 0.3, "mse_greedy": NaN, "r2_greedy": NaN, "mse_ground_truth": 199.34625117113364, "r2_ground_truth": 0.5197746675113282, "weight_mismatch_ground_truth": 0, "rand_score_ground_truth": 1, "label_mismatch_ground_truth": 0, "mse_baseline_sklearn": 391.7020193295439, "r2_baseline_sklearn": 0.05637846632879717, "random_state": 42}