{"ground_truth": [[-10, -1.337719620706157, -1.6626352006348812, -1.0611537685933308], [1, 1.6272285743807728, 1.565890653114534, 1.026132378542826], [10, 0.1, 0.1, 0.1]], "milp": [[-10.583027665217301, -1.194739604662213, -1.402747122964532, -1.0747721447582235], [1.820867142006231, 1.202318062704625, 2.2326608264008687, 0.3423227170252638], [10.573249224279452, -0.08339825408523227, -0.11183692925432709, -0.338811481834708]], "greedy": [[[-16.07037527774584, 4.837932267114786, 1.1364483470034605, 4.980189840464544], [12.909337516122653, -2.756560290549753, -7.194327715260236, -7.017881317178895], [-3.725615203587126, 0.889122871249759, 7.424287912961957, -0.3913508304498378]], [[6.79377189533678, 1.2373923318420406, -2.146450003582113, 0.8728019821036889], [-10.601847615835084, -1.1887221398947156, -1.3988172814704607, -1.068695299728857], [6.730267930997172, -0.04645971675903137, 2.3029502946735367, -1.0663999744944987]], [[10.200620820035658, -0.39058118453785107, -0.015894053599457256, -0.28819662389827033], [1.4827494322603574, 1.1557145778174027, 1.7773889644146856, 0.5311581442947377], [-10.601847615835084, -1.1887221398947156, -1.3988172814704607, -1.068695299728857]], [[7.411839625479444, 0.2415439945218489, 0.9159412455905618, -0.5517707259656818], [-5.656157173507696, -1.843643158610317, -0.9008089551630748, -3.889919791436312], [-10.319427973817918, -1.398106656387776, -1.5647098703516515, -0.9748925250017461]], [[-1.1199844807720412, -0.8502363841699047, -6.57280487037359, 2.7198921572095474], [-8.138356775887337, -1.6121856035223312, -1.5067871748254418, -2.5564995413681992], [8.224420299735419, 0.4297291070373615, 0.2791185590440133, -0.4875453549860771]], [[0.839965302500933, -2.2372159284092037, -5.610952974516799, 4.7036125569555995], [5.853366884468166, -4.983113209742696, 4.518168075468707, -3.902885368684765], [-11.408034797042482, 5.999262657413794, 5.567796572259421, -2.473025043490265]], [[10.40435456876245, -0.0833280332446089, -0.18538133105726828, -0.3540859352966987], [-10.601847615835084, -1.1887221398947156, -1.3988172814704607, -1.068695299728857], [1.1228672630027585, 1.1838896834544852, 1.557099323796998, 1.231710514677163]], [[-10.601847615835084, -1.1887221398947156, -1.3988172814704607, -1.068695299728857], [6.2720520484184075, 1.4492899756263913, -2.205772852489699, 0.5338319942538459], [7.30099330978592, -0.2311345976515913, 2.1115678064925323, -0.8141860146737133]], [[-10.601847615835084, -1.1887221398947156, -1.3988172814704607, -1.068695299728857], [10.081632211081704, -0.3077353894139998, 0.08138585539379029, -0.27020232406445077], [1.9931631512157888, 0.8358252757350072, 1.245164868701514, 0.4438883870089299]], [[1.8170256207190767, 1.142940092505575, 1.5064562362399057, 0.5022247563768649], [10.360833083903456, -0.024230559283296642, -0.07491131212626222, -0.30950981424587576], [-10.601847615835084, -1.1887221398947156, -1.3988172814704607, -1.068695299728857]], [[-10.601847615835084, -1.1887221398947156, -1.3988172814704607, -1.068695299728857], [10.360833083903456, -0.024230559283296642, -0.07491131212626222, -0.30950981424587576], [1.8170256207190767, 1.142940092505575, 1.5064562362399057, 0.5022247563768649]], [[-10.601847615835084, -1.1887221398947156, -1.3988172814704607, -1.068695299728857], [10.40554441412479, -0.04325463904933438, -0.12986659715968518, -0.33374204221373555], [1.9604864645733624, 1.090737607024383, 1.3731260440826587, 0.45131217502759235]], [[-15.756284324753361, 2.352426165039914, 4.946957853277262, 6.097312707943411], [-5.339596237915836, 2.0886479570171694, 5.843760033633586, -5.622922632445463], [12.542512567021795, -2.9894724468634633, -7.545487407584239, -2.586082470308852]], [[10.882255929940568, 0.2672515658568576, -1.9229615126625148, -2.4985072447035956], [3.3116125188799153, 0.1255959015856626, 2.343103726108697, 1.2488371360133155], [-10.601847615835084, -1.1887221398947156, -1.3988172814704607, -1.068695299728857]], [[-10.601847615835084, -1.1887221398947156, -1.3988172814704607, -1.068695299728857], [6.5935788942300295, 1.2564833130609299, -1.9667045914417076, 1.0281616194353986], [7.036287785250513, -0.12488773245630096, 2.1658700990943154, -1.3401035785865223]], [[-10.601847615835084, -1.1887221398947156, -1.3988172814704607, -1.068695299728857], [9.888007172628742, -0.38901956764553147, 0.09341110371378887, -0.12597950645302308], [1.8855897720304347, 0.7239184136214132, 1.1145385232916742, 0.6046494118462801]], [[9.469232657327154, -1.4962935479464543, 0.8432526041127464, -1.5176928238100695], [-10.601847615835084, -1.1887221398947156, -1.3988172814704607, -1.068695299728857], [4.729326099408377, 1.9005626958392374, -0.45064670753394287, 0.9253016634053701]], [[-10.601847615835084, -1.1887221398947156, -1.3988172814704607, -1.068695299728857], [0.8945137148451234, 0.953188656528955, 1.432899582672228, 1.4554499923242423], [9.97385650264846, -0.38856398574025214, 0.04457448516260764, -0.23527526376301333]], [[10.360833083903456, -0.024230559283296642, -0.07491131212626222, -0.30950981424587576], [1.8170256207190767, 1.142940092505575, 1.5064562362399057, 0.5022247563768649], [-10.601847615835084, -1.1887221398947156, -1.3988172814704607, -1.068695299728857]], [[3.3116125188799153, 0.1255959015856626, 2.343103726108697, 1.2488371360133155], [10.882255929940568, 0.2672515658568576, -1.9229615126625148, -2.4985072447035956], [-10.601847615835084, -1.1887221398947156, -1.3988172814704607, -1.068695299728857]]], "refit_milp_assignment": [[-10.600037590967666, -1.1894643784370327, -1.3993883781299168, -1.0694050782349132], [1.8225711203025607, 1.2022007104154107, 2.23275289809635, 0.34144051444845586], [10.588672020088145, -0.08591497224675097, -0.118457220105579, -0.3413637270030146]], "refit_ground_truth_assignment": [[-10.600037590967666, -1.1894643784370327, -1.3993883781299168, -1.0694050782349132], [1.2784528962746178, 1.3789346667373512, 1.8860579095199275, 0.7411787940838698], [10.242727235967097, 0.17802668672065422, -0.05290533574248131, -0.1701490184105128]]}