{"time_milp": 0.5335218906402588, "time_refit_milp_assignment": 0.9891519546508789, "mse_refit_ground_truth_assignment": 1.8920953892600814, "r2_refit_ground_truth_assignment": 0.9779747380794904, "weight_mismatch_refit_ground_truth_assignment": 0.41218407484374664, "refit-weight_mismatch_refit_ground_truth_assignment": 0.0, "rand_score_refit_ground_truth_assignment": 1.0, "label_mismatch_refit_ground_truth_assignment": 0.0, "mse_milp": 1.8921000994087143, "r2_milp": 0.9779746832501949, "weight_mismatch_milp": 0.41587715617605847, "refit-weight_mismatch_milp": 0.005737586440211748, "rand_score_milp": 1.0, "label_mismatch_milp": 0.0, "mse_refit_milp_assignment": 1.8920953892600814, "r2_refit_milp_assignment": 0.9779747380794904, "weight_mismatch_refit_milp_assignment": 0.41218407484374664, "refit-weight_mismatch_refit_milp_assignment": 0.0, "rand_score_refit_milp_assignment": 1.0, "label_mismatch_refit_milp_assignment": 0.0, "mse_greedy": NaN, "r2_greedy": NaN, "mse_ground_truth": 2.184183070827437, "r2_ground_truth": 0.9748381422525736, "weight_mismatch_ground_truth": 0, "rand_score_ground_truth": 1, "label_mismatch_ground_truth": 0, "mse_baseline_sklearn": 85.173645217224, "r2_baseline_sklearn": 0.008428083422403199, "mse_milp_val": 2.642028624835364, "r2_milp_val": 0.9700207693321666, "label_mismatch_milp_val": 0.0, "mse_refit_milp_assignment_val": 2.6416024707339836, "r2_refit_milp_assignment_val": 0.970025604924024, "label_mismatch_refit_milp_assignment_val": 0.0, "mse_refit_ground_truth_assignment_val": 2.6416024707339836, "r2_refit_ground_truth_assignment_val": 0.970025604924024, "label_mismatch_refit_ground_truth_assignment_val": 0.0, "mse_ground_truth_val": 2.504347583746976, "r2_ground_truth_val": 0.9715830429769624, "label_mismatch_ground_truth_val": 0.0, "mse_baseline_sklearn_val": 88.16455537377604, "r2_baseline_sklearn_val": -0.000407610058388963, "random_state": 5}