{"time_milp": 18869.875451803207, "time_refit_milp_assignment": 18873.101544618607, "mse_refit_ground_truth_assignment": 214.59774021681994, "r2_refit_ground_truth_assignment": 0.5934700652941644, "weight_mismatch_refit_ground_truth_assignment": 15.251293181413697, "refit-weight_mismatch_refit_ground_truth_assignment": 0.0, "rand_score_refit_ground_truth_assignment": 1.0, "label_mismatch_refit_ground_truth_assignment": 0.0, "mse_milp": 45.599009558070556, "r2_milp": 0.913618091413433, "weight_mismatch_milp": 64.62510986651472, "refit-weight_mismatch_milp": 75.52641459550497, "rand_score_milp": 0.6978991596638655, "label_mismatch_milp": 0.4166666666666667, "mse_refit_milp_assignment": 45.598294273610996, "r2_refit_milp_assignment": 0.9136194464348995, "weight_mismatch_refit_milp_assignment": 64.75802089487125, "refit-weight_mismatch_refit_milp_assignment": 75.65460984748987, "rand_score_refit_milp_assignment": 0.6978991596638655, "label_mismatch_refit_milp_assignment": 0.4166666666666667, "mse_greedy": NaN, "r2_greedy": NaN, "mse_ground_truth": 264.61673100357046, "r2_ground_truth": 0.4987150271560894, "weight_mismatch_ground_truth": 0, "rand_score_ground_truth": 1, "label_mismatch_ground_truth": 0, "mse_baseline_sklearn": 523.8109726407677, "r2_baseline_sklearn": 0.007699943200772608, "random_state": 3}