{"ground_truth": [[-10, -1.7846958472759, -1.498805218379999, -1.0701190131268645], [1, 1.176954785871318, 1.6082925226799165, 1.8932350643198392], [10, 0.1, 0.1, 0.1]], "milp": [[-60.54708175084629, -1.5257144406830982, -2.207926123956116, -1.19460264781037], [12.074920940799565, -0.05524811356981599, -0.1278902924422829, 0.45302346389811965], [-9.384923123376321, -1.6880127856531166, -1.1788906143231646, -1.101661681531823]], "refit_milp_assignment": [[-60.68308302616683, -1.5133881308022692, -2.1927660623503327, -1.1634392822425632], [12.07810192795099, -0.0557071757251457, -0.12842472176802025, 0.4527249441569438], [-9.388073384369907, -1.687473021016489, -1.178816383590121, -1.1013784766357353]], "refit_ground_truth_assignment": [[-18.41418931379573, -2.42860286179753, -2.60132181644485, -2.283737430983315], [4.7660932592574206, 1.1121255165000885, 1.7420711899555792, 0.8029979246974231], [12.528570966673314, -0.4809114437604068, -0.24415805048581324, 0.8807639897761378]]}