{"ground_truth": [[-10, 0.2, 0.4, 0.3], [10, -0.2, -0.4, -0.3]], "milp": [[-9.605571589952723, 1.179167029327655, 0.9394258029782473, -0.4207486493949079], [11.159609782966754, -0.30106951278200483, -0.5549217045783489, -0.6309640961438774]], "refit_milp_assignment": [[-9.607902137600252, 1.1794685410198504, 0.9397321754989897, -0.42034851027829967], [11.163763567075682, -0.3019657875529969, -0.5555671570378509, -0.6313830531074224]], "refit_ground_truth_assignment": [[-9.919919385566805, 1.1412029370622525, 0.7179467174724787, -0.4094281286779801], [10.804968721008334, -0.26712565377921976, -0.909425010969976, -0.6137478430199713]]}