{"ground_truth": [[-10, 0.2, 0.4, 0.3], [10, -0.2, -0.4, -0.3]], "milp": [[-10.468570814212573, 0.4696322969676524, 0.5119140122237483, 0.09955616590819572], [10.274400517305821, 0.034077919790260425, -0.12357018385820978, -1.3771930027760595]], "refit_milp_assignment": [[-10.47165589266403, 0.46995711556750286, 0.5124882568584658, 0.1001695751216339], [10.277282675169516, 0.03378982097927741, -0.12399126605478111, -1.3776040436234176]], "refit_ground_truth_assignment": [[-10.492778722941042, 0.4635388305652907, 0.5566238431892641, 0.3142735789777376], [10.367736785435035, 0.01833480094327832, -0.17523911427735514, -1.1631616353849077]]}