{"ground_truth": [[-10, -1.5826848885290346, -1.0255509418496929], [1, 1.3377979807316742, 1.6124765741267186]], "milp": [[-10.57840397286499, -1.1846424787506205, -1.1499504644491578], [1.1409300117773815, 1.5668101917647448, 2.1722933744771447]], "refit_milp_assignment": [[-10.585084486741419, -1.184560381813059, -1.1491158840302125], [1.1411903184785124, 1.5670059271156593, 2.1724997406250597]], "refit_ground_truth_assignment": [[-9.694358178003004, -2.0529742424382795, -1.147478530122693], [-1.2675978727327664, 2.4703056068527025, 2.895938184534398]]}