{"time_milp": 4858.003082036972, "time_greedy": 0.6015944242477417, "time_refit_milp_assignment": 4869.018390417099, "mse_refit_ground_truth_assignment": 0.2766650833871603, "r2_refit_ground_truth_assignment": 0.9975702843609509, "weight_mismatch_refit_ground_truth_assignment": 0.6113370409844817, "refit-weight_mismatch_refit_ground_truth_assignment": 0.0, "rand_score_refit_ground_truth_assignment": 1.0, "label_mismatch_refit_ground_truth_assignment": 0.0, "mse_milp": 4.429801650526924, "r2_milp": 0.9610967953874069, "weight_mismatch_milp": 11.831785648443878, "refit-weight_mismatch_milp": 11.47085499500885, "rand_score_milp": 0.775039123630673, "label_mismatch_milp": 0.3194444444444444, "mse_refit_milp_assignment": 4.849712838817954, "r2_refit_milp_assignment": 0.9574090702552308, "weight_mismatch_refit_milp_assignment": 3.3895968554965266, "refit-weight_mismatch_refit_milp_assignment": 2.989725911212383, "rand_score_refit_milp_assignment": 0.775039123630673, "label_mismatch_refit_milp_assignment": 0.3194444444444444, "mse_greedy": 114.54451468075224, "r2_greedy": -0.005947679699253916, "weight_mismatch_greedy": 22.956050966705313, "refit-weight_mismatch_greedy": 23.176392032645033, "rand_score_greedy": 0.8748043818466353, "label_mismatch_greedy": 0.11111111111111112, "mse_greedy_sem": 3.260193663416e-15, "r2_greedy_sem": 0.0, "weight_mismatch_greedy_sem": 1.39989162600147e-15, "refit-weight_mismatch_greedy_sem": 4.821891455281219e-16, "rand_score_greedy_sem": 0.0, "label_mismatch_greedy_sem": 3.1837828744296875e-18, "mse_ground_truth": 0.3079237107843207, "r2_ground_truth": 0.9972735582535627, "weight_mismatch_ground_truth": 0, "rand_score_ground_truth": 1, "label_mismatch_ground_truth": 0, "mse_baseline_sklearn": 106.32610617901041, "r2_baseline_sklearn": 0.06622765742788495, "mse_milp_val": 6.713527290597699, "r2_milp_val": 0.9397379154240956, "label_mismatch_milp_val": 0.3333333333333333, "mse_refit_milp_assignment_val": 7.507641275237582, "r2_refit_milp_assignment_val": 0.9326097751732474, "label_mismatch_refit_milp_assignment_val": 0.3333333333333333, "mse_greedy_val": 111.51751554968924, "label_mismatch_greedy_val": 0.02083333333333333, "mse_greedy_val_sem": 0.0, "label_mismatch_greedy_val_sem": 7.959457186074219e-19, "r2_greedy_val": -0.0010055314978563157, "r2_greedy_val_sem": 0.0, "mse_refit_ground_truth_assignment_val": 0.365209374233417, "r2_refit_ground_truth_assignment_val": 0.996721801037617, "label_mismatch_refit_ground_truth_assignment_val": 0.0, "mse_ground_truth_val": 0.3457589145853495, "r2_ground_truth_val": 0.996896392603811, "label_mismatch_ground_truth_val": 0.0, "mse_baseline_sklearn_val": 111.65085453053668, "r2_baseline_sklearn_val": -0.00220241125916254}