{"ground_truth": [[-10, -1.337719620706157, -1.6626352006348812, -1.0611537685933308], [1, 1.6272285743807728, 1.565890653114534, 1.026132378542826], [10, 0.1, 0.1, 0.1]], "milp": [[-9.566424943229203, -1.2741101726740731, -1.797947909179954, -1.2223202744588904], [10.941997201452828, 0.4812845682921734, -0.032886005045752564, -0.3748751896658797], [-0.2595058255027244, 4.232142493548693, 0.0069514400723786895, 0.3332798787950242]], "greedy": [[[-12.798027316085953, 3.6153783727704214, -1.3091925836531504, 5.1953308572769235], [14.948766925026808, -2.2934818788552613, -3.3190287984845877, -10.503599951989829], [2.7069974172924365, -0.5769561167405439, 5.0274893860138965, -0.3876500257141518]], [[-6.976843941296069, 0.09204887633563527, 5.1721898199049745, -2.9610211482802122], [9.250211931203927, 0.5845585160899494, 0.8551786542641403, -1.2327573618481562], [-9.993615987153097, -1.1203688878152833, -1.7998670079325876, -1.2643633786538617]], [[11.84201225645386, 0.3511060319901259, 0.005845947330424891, -1.4871705697000261], [1.1789213903534117, 2.510524835740063, 1.1231422979850163, -0.24724434872238102], [-9.587672423449142, -1.2637054722510623, -1.7953908209671554, -1.2180440166362667]], [[11.590042254180092, -0.5642302631303197, 0.15775797521606527, -1.283163312817911], [-9.587672423449142, -1.2637054722510623, -1.7953908209671554, -1.2180440166362667], [0.16057007932521916, 2.7742851106291178, 1.984792766886119, -0.60374989085544]], [[5.04374254237957, 1.4551879420614307, -3.7155869802870174, 3.2303347126360893], [-9.747947101269482, -1.1229602978363324, -2.141756908707095, -1.012210054504079], [8.34856926299866, 0.30114482076008414, 1.7848366197358567, -1.4038294681094385]], [[10.82833317252093, 0.4510216335977236, -5.7745513081129936, -5.695976292581558], [-8.401067808892417, -1.8317269160609624, -1.776682189893752, -1.5768921402072786], [10.661637672877175, 1.1102214248529703, -0.15815604569795885, -1.6015697561356497]], [[10.67856954944838, 1.0469304693911103, -4.642860949152246, 0.9620834151691479], [7.738319780957367, 1.1534267463793748, 1.7362736366149276, -1.2754308855670156], [-8.300358275143832, -1.5372067327982517, -2.0192646874084166, -1.7781427747404375]], [[5.750758898292053, -0.9451067316596091, -8.039769564239544, -2.1296928415761593], [9.779591765476363, -0.0920073106534034, 0.96519997248051, -1.367038060906495], [-10.639968089056666, 4.400184711767249, 6.701988569081598, -4.080328631669172]], [[0.4624874060697811, 5.469950208678957, -3.6556017378417947, -3.3563237085722095], [-11.904897189792436, 1.0373227602757036, 8.3688098212284, -1.387417322175741], [9.932391813141093, -4.74717994520915, -4.2202359136794065, 3.177385354597129]], [[12.70217328628124, 1.2676132191393865, -6.981351349703384, -5.653929869938119], [-9.850042866981834, -2.07804820555345, -1.1979875125559385, -0.5859800114659567], [6.274651717287082, 0.9417630408464276, 1.3479248625727906, -0.2906208052862877]], [[1.0764151662630308, 2.3764356263282065, 2.085665820154065, 0.015537501111006928], [12.843095423963685, -1.092036768635988, -0.9149598083973876, -1.108230812659841], [-9.587672423449142, -1.2637054722510623, -1.7953908209671554, -1.2180440166362667]], [[-5.269156575695869, 1.745903819249547, -1.1523551156587106, 4.445875975479416], [11.19875770857867, -0.23399076177741773, -0.16786010336306006, -0.9468742468910063], [-8.149736831111099, -1.4518707172367122, -1.8424137499692845, -2.0323068638489294]], [[-8.707899230618708, 5.501811029381877, 1.6863184379046052, -3.024504422166876], [-9.81184058058222, -2.886874128886123, -0.7829283626125613, -0.4235159500488499], [9.93559486665896, -0.18289731566230552, 0.27356602128866075, -1.1106798039467607]], [[0.16057007932521916, 2.7742851106291178, 1.984792766886119, -0.60374989085544], [11.590042254180092, -0.5642302631303197, 0.15775797521606527, -1.283163312817911], [-9.587672423449142, -1.2637054722510623, -1.7953908209671554, -1.2180440166362667]], [[10.661637672877175, 1.1102214248529703, -0.15815604569795885, -1.6015697561356497], [10.82833317252093, 0.4510216335977236, -5.7745513081129936, -5.695976292581558], [-8.401067808892417, -1.8317269160609624, -1.776682189893752, -1.5768921402072786]], [[-11.357679099615417, 4.737784563753551, 7.220426080493858, -2.170000356690394], [13.179671696185716, -6.029713795635169, -1.5825230107417254, -7.358908275692656], [4.254955032474113, -0.0833500896401201, -6.130712397505807, 2.677392461610554]], [[-15.066855847298122, 6.333601703351618, 0.9235979604256473, -1.0909225643790772], [10.496350587582668, -0.2852623517937632, 0.0025703155896628156, -1.1260110478177279], [-3.252168376193982, -2.287703686682119, -4.255518754260885, -1.6443344760785803]], [[-3.5262235448139503, -7.141354947355079, -3.17804490216493, -0.8890021524022371], [9.073733452690233, 0.821469534249568, 0.43025453597043223, -1.169109832727643], [-8.521903898247833, -1.2778352701262568, -1.502062196384437, -2.464949355201819]], [[-12.229899343668293, 4.247767416421138, -4.790959289409234, 5.213899940103086], [9.44657940967602, -5.032735303522955, -4.684448798834982, 4.236692814538069], [-5.313448636664778, 3.176322260573379, 6.951421440796449, -5.651080007754096]], [[9.530921912708347, -5.03612416972921, -4.723167780098941, 4.179828773187715], [-4.760064861596521, 2.695928980305124, 6.918285044139985, -5.867417896216144], [-12.270227005226301, 4.538785059512993, -4.743052450872733, 5.3341939349015846]]], "refit_milp_assignment": [[-9.58198602069529, -1.269999489105603, -1.7944043973508874, -1.2181684628950853], [10.95842116995416, 0.4820844150291682, -0.03923582490594573, -0.3810399150373372], [-0.26200656156808577, 4.233652537495539, 0.007117897595498058, 0.33360998714559736]], "refit_ground_truth_assignment": [[-9.585661779207939, -1.2644690670434355, -1.7961321985237622, -1.218663157751412], [1.9483177983551005, 1.846009386656805, 1.1093629062778139, 0.6340447884539936], [11.987583738627627, 0.35602579732241735, -0.40674693118624117, -1.1844883344362274]]}