{"ground_truth": [[10, -1.4935994752589532, -1.1301970710861897, -1.9232080934745284, -1.5009404743134427, -1.2765767790156786, -1.2014790200465766, -1.1420492900604682, -1.6843240980974794, -1.8536809371912404, -1.3442972057627385, -1.2118331687888735, -1.7218710232142387], [-10, 1.161300271780886, 1.74940879726318, 1.4306354158753636, 1.8508462153563694, 1.2578542916114457, 1.9487079636093128, 1.568928276402624, 1.9844967243009868, 1.0446388939112814, 1.9389186458186982, 1.107445920500533, 1.943286519139639]], "milp": [[10.132226687625348, -1.4658175347193443, -1.1663344050245852, -1.9057866577398468, -1.6607204633489943, -1.2765358487186795, -1.2134981205214448, -1.1109540174814607, -1.7133676057181253, -1.9117270608244752, -1.2736089270315483, -1.224069869689286, -1.6981410319863932], [-9.987485868165122, 1.1640049626274853, 1.794707725498416, 1.348935549427093, 1.823410412501056, 1.342277109561952, 1.957932721961876, 1.512471592262698, 1.9667568770789177, 1.0931528018174752, 2.022472524971844, 1.1777654239294806, 1.9447840547615804]], "refit_milp_assignment": [[10.160954875840305, -1.4686016799579151, -1.169296919662953, -1.9057346228657426, -1.6636156730295388, -1.2796361605820232, -1.2152710954985582, -1.1125425032373193, -1.7160814169927538, -1.9135296605306427, -1.2748036267885086, -1.2257008593893919, -1.6978025925931888], [-9.998946423838198, 1.1650460099910216, 1.7953064069500275, 1.3495741030529351, 1.8251312036031049, 1.3433786505042902, 1.9586450879611526, 1.511710190411118, 1.9670072546782265, 1.0945698068590537, 2.022527385779825, 1.1783878084148267, 1.945592379706742]], "refit_ground_truth_assignment": [[10.111046091758713, -1.4688921690237418, -1.1604438666416115, -1.9158981249629763, -1.6592776930860276, -1.2735638505062552, -1.212205684694859, -1.1129207341478882, -1.7076733420822556, -1.9038674930048867, -1.2814850283269617, -1.2145438253776406, -1.695028829033071], [-9.954848845844836, 1.1734389821155022, 1.7814602171454883, 1.357046654913372, 1.8177282018706737, 1.3346259873498243, 1.9475905029096152, 1.5362377418985833, 1.9652889825287665, 1.0779678241780877, 2.0359950609162247, 1.1716414972587212, 1.9400540611494281]]}