{"ground_truth": [[-10, -1.825589548855929, -1.2903445353497576, -1.6615059758407127], [1, 1.6522496637852497, 1.7264331132239166, 1.9413302825828826], [10, 0.1, 0.1, 0.1]], "milp": [[-24.083618980549446, 6.442036326364889, -2.2801250957288945, 2.170846361451974], [11.367092216514795, -6.018700863894421, -4.579911115942911, 5.077875634002663], [7.445704397399943, 2.745910340906941, 1.2130012952220388, -1.2704120559148995]], "refit_milp_assignment": [[-24.218328590711778, 6.474357819475932, -2.2349996126173033, 2.197761322908779], [11.429268547239705, -6.037206893207598, -4.595298887249692, 5.064070185912408], [7.4802321874129145, 2.735044951984814, 1.2074885595212916, -1.2819840450998432]], "refit_ground_truth_assignment": [[-25.627693676996252, 3.8826416088429623, 0.9122508668516652, 2.1853090980860514], [5.0331504110668295, -2.299881215298892, 0.6749469277691157, 3.0447669003543334], [7.3250778018424345, 2.292269360833615, 2.283485500852399, -0.8430471188385219]]}