{"ground_truth": [[-10, 0.2, 0.4, 0.3], [10, -0.2, -0.4, -0.3]], "milp": [[-11.606656664568138, 0.5788467845152196, 0.24196712253491093, 0.2675147988063684], [10.5512053089927, -0.3561962047839631, -0.10276307331575868, -0.11322740338177975]], "refit_milp_assignment": [[-11.610685367713174, 0.5796689573836756, 0.2423480632611758, 0.2680572786203814], [10.55452983741803, -0.35654308394853257, -0.1034419757436809, -0.11355955003421289]], "refit_ground_truth_assignment": [[-11.610685367713174, 0.5796689573836756, 0.2423480632611758, 0.2680572786203814], [10.55452983741803, -0.35654308394853257, -0.1034419757436809, -0.11355955003421289]]}