{"ground_truth": [[0.030230781420625387, 0.31263009781917395, 0.09344062813630899, -0.34855985650438365, 0.048602979314883846, -0.11364537829391778, -0.1650304875538062, 0.14130057089776582, 0.6199174927905232, -0.3157224746512111, -0.16791063818270383, -41.406480450899515, 40.80966461392263, -0.2907218065641656, -0.13118150922666785, 0.44448510722225065], [-0.08362551878666152, 0.2492259881957475, 0.07669729407250435, -0.40737069504406065, 0.19524405558905913, 0.10519338973652283, -0.26369902992966193, -1.217136437865789, 2.087287697051579, -0.39968959760529665, -0.27039632072348047, 624.5161136624592, -625.3561819166539, 0.1457977799960153, -0.3959726164041783, 0.41373919340542625]], "milp": [[-0.7461929614409937, 0.24776397099145503, 0.07760195402245948, -0.14687883015866174, 0.4066720070614994, 0.0359051059763501, -0.14146013071951186, -0.427596083840744, 0.4502081639303033, -0.41023173192330964, -0.15594993247326006, -0.49989149277445083, 0.45710236595746473, 0.10921158890923022, -0.001187864194398619, 0.11876989712293684], [0.7499289130994642, 0.3304562238462977, 0.051184593895103624, -0.40441641152980645, -0.2605593090527292, -0.06852699875414468, -0.05929299310970002, 0.0645908371046924, 1.1892642243604556, -0.3944413367944303, -0.27070806823672716, 1.2986457849599402, -2.097535036073163, -0.28165812828046455, -0.1284869649943792, 0.38194716624157865]], "refit_milp_assignment": [[-0.7469937216002466, 0.24747949282530565, 0.08158007384607029, -0.14549709948272616, 0.41396620624833036, 0.035250165483745766, -0.14280627280150573, -0.429991487649492, 0.44953587677427437, -0.41640238807681734, -0.16563780615471188, -76.97194997241829, 76.93186709552337, 0.11744902899665606, -0.0020497546298916588, 0.12042331851926667], [0.7525523985569335, 0.3307319320161038, 0.05565842046794431, -0.3972292943180139, -0.25218179217664655, -0.06721028292335542, -0.058423229936945015, 0.04253336507561039, 1.1483375886454583, -0.3658025967431634, -0.24252589333590518, 282.5139623599332, -283.28381465172833, -0.2874970989324315, -0.13770235030641542, 0.3717199556766444]], "refit_ground_truth_assignment": [[0.03023078826764005, 0.3126300920954593, 0.0934406217883833, -0.3485598592302913, 0.04860294533249868, -0.11364538216665754, -0.1650304832685582, 0.14130055467774733, 0.6199175988267221, -0.3157224507564076, -0.16791059382744258, -41.405977196962915, 40.8091612972935, -0.2907218520199048, -0.13118152592163823, 0.4444850934495075], [-0.08362576407774962, 0.24922596153987703, 0.07669744720598431, -0.4073706929831097, 0.1952442240641912, 0.10519327422928164, -0.263699085782036, -1.2171361628617323, 2.0872899148405395, -0.3996899133946334, -0.27039917155263643, 624.5010459865347, -625.3411164434649, 0.145798894374357, -0.39597225052753193, 0.4137400403651725]]}