{"time_milp": 3.8985867500305176, "time_refit_milp_assignment": 4.35661768913269, "mse_refit_ground_truth_assignment": 16.919445012550288, "r2_refit_ground_truth_assignment": 0.8861680968044691, "weight_mismatch_refit_ground_truth_assignment": 4.924564519781253, "refit-weight_mismatch_refit_ground_truth_assignment": 0.0, "rand_score_refit_ground_truth_assignment": 1.0, "label_mismatch_refit_ground_truth_assignment": 0.0, "mse_milp": 16.919453091027847, "r2_milp": 0.8861680424534857, "weight_mismatch_milp": 4.916872287922718, "refit-weight_mismatch_milp": 0.007933445238437047, "rand_score_milp": 1.0, "label_mismatch_milp": 0.0, "mse_refit_milp_assignment": 16.919445012550288, "r2_refit_milp_assignment": 0.8861680968044691, "weight_mismatch_refit_milp_assignment": 4.924564519781253, "refit-weight_mismatch_refit_milp_assignment": 0.0, "rand_score_refit_milp_assignment": 1.0, "label_mismatch_refit_milp_assignment": 0.0, "mse_greedy": NaN, "r2_greedy": NaN, "mse_ground_truth": 24.54582345122586, "r2_ground_truth": 0.8384023033185191, "weight_mismatch_ground_truth": 0, "rand_score_ground_truth": 1, "label_mismatch_ground_truth": 0, "mse_baseline_sklearn": 148.30774604163815, "r2_baseline_sklearn": 0.0022040925079687135, "mse_milp_val": 21.033457353294274, "r2_milp_val": 0.8649373260350984, "label_mismatch_milp_val": 0.0, "mse_refit_milp_assignment_val": 21.033155405210245, "r2_refit_milp_assignment_val": 0.864939264942, "label_mismatch_refit_milp_assignment_val": 0.0, "mse_refit_ground_truth_assignment_val": 21.033155405210245, "r2_refit_ground_truth_assignment_val": 0.864939264942, "label_mismatch_refit_ground_truth_assignment_val": 0.0, "mse_ground_truth_val": 26.80860606210097, "r2_ground_truth_val": 0.8278532169390627, "label_mismatch_ground_truth_val": 0.0, "mse_baseline_sklearn_val": 157.4684416296073, "r2_baseline_sklearn_val": -0.01115610402727052, "random_state": 2}