{"ground_truth": [[-10, 0.2, 0.4, 0.3], [10, -0.2, -0.4, -0.3]], "milp": [[-12.960542748560684, 0.06777464363151678, 0.2597029143823109, 0.6974628433915527], [11.916139762943843, -0.060474586940194426, -0.48805790134957, -0.33528801615304166]], "refit_milp_assignment": [[-12.96468601904246, 0.06800227126712109, 0.2603154471363886, 0.6984051040462466], [11.919657695563288, -0.06093363775799989, -0.48864332482246714, -0.335816942255085]], "refit_ground_truth_assignment": [[-12.96468601904246, 0.06800227126712109, 0.2603154471363886, 0.6984051040462466], [11.919657695563288, -0.06093363775799989, -0.48864332482246714, -0.335816942255085]]}