{"time_milp": 2.6567959785461426, "time_refit_milp_assignment": 3.229990005493164, "mse_refit_ground_truth_assignment": 0.40925610811037144, "r2_refit_ground_truth_assignment": 0.9950924670899486, "weight_mismatch_refit_ground_truth_assignment": 0.19507861236220658, "refit-weight_mismatch_refit_ground_truth_assignment": 0.0, "rand_score_refit_ground_truth_assignment": 1.0, "label_mismatch_refit_ground_truth_assignment": 0.0, "mse_milp": 0.40926114255298496, "r2_milp": 0.9950924067201891, "weight_mismatch_milp": 0.19597375259571315, "refit-weight_mismatch_milp": 0.006164014849393398, "rand_score_milp": 1.0, "label_mismatch_milp": 0.0, "mse_refit_milp_assignment": 0.40925610811037144, "r2_refit_milp_assignment": 0.9950924670899486, "weight_mismatch_refit_milp_assignment": 0.19507861236220658, "refit-weight_mismatch_refit_milp_assignment": 0.0, "rand_score_refit_milp_assignment": 1.0, "label_mismatch_refit_milp_assignment": 0.0, "mse_greedy": NaN, "r2_greedy": NaN, "mse_ground_truth": 0.4442909384981699, "r2_ground_truth": 0.9946894274972983, "weight_mismatch_ground_truth": 0, "rand_score_ground_truth": 1, "label_mismatch_ground_truth": 0, "mse_baseline_sklearn": 83.25284502125238, "r2_baseline_sklearn": 0.0016860623445474898, "mse_milp_val": 0.4959550887811199, "r2_milp_val": 0.994100185715736, "label_mismatch_milp_val": 0.0, "mse_refit_milp_assignment_val": 0.4962814578733202, "r2_refit_milp_assignment_val": 0.9940963032734027, "label_mismatch_refit_milp_assignment_val": 0.0, "mse_refit_ground_truth_assignment_val": 0.4962814578733202, "r2_refit_ground_truth_assignment_val": 0.9940963032734027, "label_mismatch_refit_ground_truth_assignment_val": 0.0, "mse_ground_truth_val": 0.4716870376462913, "r2_ground_truth_val": 0.9943888751514839, "label_mismatch_ground_truth_val": 0.0, "mse_baseline_sklearn_val": 84.06465644126935, "r2_baseline_sklearn_val": -2.171989575838751e-05, "random_state": 8}