{"ground_truth": [[-10, -1.7660190383380447, -1.5067547215840251], [1, 1.100691397282235, 1.5858249526065693], [10, 0.1, 0.1]], "milp": [[-9.850090468038195, -2.0699440044446846, -0.981842401990217], [-2.155176956708826, 2.3778885999760098, 1.6490597113354326], [8.112214517307418, 1.3123772075451614, 0.2563489066811976]], "refit_milp_assignment": [[-9.860859113592992, -2.0688604752527153, -0.9814255358829077], [-2.1584823805948954, 2.37857598828722, 1.6499157615114894], [8.123515429812796, 1.3106390385664268, 0.2547677715953027]], "refit_ground_truth_assignment": [[-9.945807561788342, -1.9268555590865193, -1.1550690022656445], [-0.03785480834658872, 1.4401516928071743, 1.642424801933942], [8.913183688902215, 0.43471683894970753, 0.7022724228386672]]}