{"ground_truth": [[-10, 0.2, 0.4, 0.3], [10, -0.2, -0.4, -0.3]], "milp": [[-10.904378116248264, 0.8537505572001967, 0.19672530853847398, 0.13863440766426408], [9.400289911586023, 0.020257503239641816, -0.17677843875886867, -0.29246496319871307]], "refit_milp_assignment": [[-10.90748605364013, 0.8544273327678968, 0.19679273348264958, 0.13913442073038348], [9.40296455098889, 0.019921286302642706, -0.17727199511881603, -0.29284770982625796]], "refit_ground_truth_assignment": [[-10.90748605364013, 0.8544273327678968, 0.19679273348264958, 0.13913442073038348], [9.40296455098889, 0.019921286302642706, -0.17727199511881603, -0.29284770982625796]]}