{"ground_truth": [[-10, -1.0086951042948855, -1.4788594444952448], [1, 1.9217496844313393, 1.6356089820274047], [10, 0.1, 0.1]], "milp": [[7.878893464115103, 1.2439079695403947, 0.13018349701082993], [-9.978485579843998, -1.4391790986012112, -2.274352659118147], [-0.3814367450730334, 0.6865861411315451, 1.014621741894483]], "greedy": [[[-11.280403578161208, -0.4896774021199483, -1.960521086664581], [1.951612455721465, -4.708135244037196, 0.17789118470520107], [6.067352092176948, 1.8224026777730105, 1.4584877794174946]], [[-12.874933631549068, 0.38993202277953165, -1.253091666897071], [5.536637452150893, 2.009448780116635, 1.7561711916697929], [2.1844608809025914, -4.678521692475161, 0.08026837870409997]], [[9.681613567239227, 0.550094452799085, -0.33019795047421097], [-11.280403578161208, -0.4896774021199483, -1.960521086664581], [-2.162733606190466, -3.6201951192866004, -0.15859396300852818]], [[4.956995505596595, 1.9401600645034054, 2.6020170134191227], [-11.31681329858797, -1.177279399967299, -1.7380321215900563], [9.510591872102406, -0.14418976488325375, -0.8124969059561549]], [[10.972811609434116, -0.13763534294694024, 0.5503768702475834], [-2.0370396637534003, -3.8846495823334353, 1.076113372195924], [-9.547890693236283, 1.6396355842745827, -3.349772845470253]], [[-2.3662779315741305, 0.18765958557895762, -6.833086237163672], [4.655786043554622, 1.9721673159926867, 2.365550545805923], [-2.5476214203150667, -3.808062109774128, 0.8513029096146478]], [[5.397751159389378, 1.4354377404636267, 2.9570186582325557], [-2.0370396637534003, -3.8846495823334353, 1.076113372195924], [-2.4315023036177843, 0.2211042716135027, -6.8141076083026775]], [[5.573359395757608, 1.9700486894802793, 1.143260048778535], [-11.462120198955272, -1.356238203504715, -2.064306595235403], [-0.12886342254003402, -1.8222877626829512, -4.952178909127226]], [[5.397751159389378, 1.4354377404636267, 2.9570186582325557], [-2.0370396637534003, -3.8846495823334353, 1.076113372195924], [-2.4315023036177843, 0.2211042716135027, -6.8141076083026775]], [[-2.0370396637534003, -3.8846495823334353, 1.076113372195924], [10.972811609434116, -0.13763534294694024, 0.5503768702475834], [-9.547890693236283, 1.6396355842745827, -3.349772845470253]], [[-2.742571744210885, 0.1916487098977616, -6.661789751147925], [5.583313796133236, 2.0072639990711303, 1.7331234291821158], [-2.1355302086545622, -3.8548727694146776, 0.6754889889175812]], [[6.652141719672166, 1.6941401579811954, 0.6421414145988367], [-9.93032838649331, -1.7264258559714398, -1.9696473171751974], [-2.4087336283414222, -0.4588877830280194, -6.849402347821325]], [[-11.31681329858797, -1.177279399967299, -1.7380321215900563], [10.916242048656557, 1.0252705971884424, -1.1687535639412063], [5.125895430552601, 1.9724856544824858, 2.275564603477991]], [[10.972811609434116, -0.13763534294694024, 0.5503768702475834], [-11.26026171383799, -1.1930977396016864, -1.759032825452664], [1.026135135005397, -1.2449293070681755, 0.966957043200972]], [[-11.066713183733587, -1.2997370196008058, -1.742716535482411], [-8.154765836042461, 1.9761067801817347, -3.3744908179498965], [7.888451947656695, 1.2407818993988033, 0.12751994233823344]], [[5.676402898218216, 2.0597662636211997, 1.0948436768055616], [-0.10638858795559258, -3.9157061272995852, -0.9650970888805779], [-12.874933631549068, 0.38993202277953165, -1.253091666897071]], [[2.1844608809025914, -4.678521692475161, 0.08026837870409997], [-12.874933631549068, 0.38993202277953165, -1.253091666897071], [5.536637452150893, 2.009448780116635, 1.7561711916697929]], [[5.2309215638899165, 1.9716148324988771, 2.624532236784556], [-11.31681329858797, -1.177279399967299, -1.7380321215900563], [8.94921863784153, -0.11522367716838247, -0.820853793903621]], [[6.1600763050156715, 1.8578013645684441, 0.6578303308247183], [-11.280403578161208, -0.4896774021199483, -1.960521086664581], [6.21071156621789, -5.948251250125451, 2.1792434680902018]], [[2.5807618576119156, -3.9581032207016156, 4.809895637862877], [13.68941459475771, -3.625699542495846, -3.1833290433865944], [0.23242972115070604, 5.304604639292261, -8.798138577416708]]], "refit_milp_assignment": [[7.885961068469419, 1.2424038610849764, 0.12857497595395845], [-9.994888327741613, -1.4349310493072407, -2.273336694158934], [-4.32, 0.0, 0.0]], "refit_ground_truth_assignment": [[-11.315539551387605, -1.1782363997208718, -1.7393955824516367], [3.7258787213585403, 2.3994725340679524, 1.367491286336217], [9.349406126982593, 0.5978376559754613, 0.7776081907983248]]}