{"ground_truth": [[-10, -1.337719620706157, -1.6626352006348812, -1.0611537685933308], [1, 1.6272285743807728, 1.565890653114534, 1.026132378542826], [10, 0.1, 0.1, 0.1]], "milp": [[-9.949348259151108, -1.3152315933410428, -1.6702399762151219, -1.1634254331592464], [8.242669733919557, -0.2902348221273251, 0.8794132507972972, 0.8644397647893184], [-3.084946417924363, 1.1857068298517244, 5.7793696944861415, 0.6580178902425946]], "greedy": [[[-9.924784930998971, -1.305125742321107, -1.6961457747694095, -1.1660305581758275], [2.9782710278021396, -3.5958236397051606, 2.245968707898774, -3.3219382198969423], [6.764082933232003, 0.6333801326485957, 0.8235488558772973, 0.3801088433469392]], [[1.2722917946100063, 1.6233523293188006, 1.5014167615019602, 0.9308960098058652], [10.066163510942273, 0.17015778360196285, 0.05877929018791081, 0.06037290537980136], [-9.924784930998971, -1.305125742321107, -1.6961457747694095, -1.1660305581758275]], [[-9.924784930998971, -1.305125742321107, -1.6961457747694095, -1.1660305581758275], [6.748497028647016, 0.041758995214789076, 0.908202259816509, 1.3144744007218157], [7.312555235684944, 0.16467840155225882, -1.1158846074277988, -1.2154522184558356]], [[8.145885584158812, -8.221637141510813, 3.3509878513378815, 0.21343782825267138], [-8.878247999429998, 0.36382417495925107, 4.212611269080719, 5.39333319344041], [-4.58948272451727, 2.67311653995562, -4.87414004553943, -3.3635724069520547]], [[-0.48485760905764774, -6.0173987869841365, -2.7027398217120275, 1.0324027129544426], [8.262856155719426, 0.4144982256121217, 0.6981190295716584, -0.23110388099803097], [-6.631384986591924, -1.2106912673237928, -1.1300275967240951, -3.5928702570135487]], [[5.882145083817576, 0.4907697100025138, 1.1887181623224725, 0.7873207277344412], [-9.924784930998971, -1.305125742321107, -1.6961457747694095, -1.1660305581758275], [8.82567256280722, 0.07945289694232005, -2.189114588988758, -2.770048404332173]], [[1.034827892905855, 1.5817853157719661, 1.9850961397018392, 1.0598055206958619], [10.203802545395032, 1.0176535432037028, -0.3506941785865057, -0.7237903840932036], [-9.924784930998971, -1.305125742321107, -1.6961457747694095, -1.1660305581758275]], [[8.262856155719426, 0.4144982256121217, 0.6981190295716584, -0.23110388099803097], [-0.9571423698021677, -6.672581975832556, -2.31230647257829, 0.7373337414459892], [-6.437319404805415, -1.6340386240701263, -1.1165017681411973, -3.5900428851459223]], [[-9.924784930998971, -1.305125742321107, -1.6961457747694095, -1.1660305581758275], [10.066163510942273, 0.17015778360196285, 0.05877929018791081, 0.06037290537980136], [1.2722917946100063, 1.6233523293188006, 1.5014167615019602, 0.9308960098058652]], [[7.68519343272839, 0.5710909469208063, 0.7335216601319738, -0.48192899404722855], [-12.359731755805054, 0.6675231126019243, 4.145691561803399, 5.6569504704725695], [-5.010262367788836, -2.6095113985467937, -3.1900225979911503, -2.767777917686417]], [[1.2722917946100063, 1.6233523293188006, 1.5014167615019602, 0.9308960098058652], [10.066163510942273, 0.17015778360196285, 0.05877929018791081, 0.06037290537980136], [-9.924784930998971, -1.305125742321107, -1.6961457747694095, -1.1660305581758275]], [[-6.551928089807279, -2.319243076117018, -2.1350222932855494, -2.6927097268172955], [9.842804538849855, -0.6098908117162757, 0.3811163327730676, -0.15040132678079549], [-3.8836063069494804, 0.4929637938372208, -0.06825587984929102, 5.592465091990186]], [[10.066163510942273, 0.17015778360196285, 0.05877929018791081, 0.06037290537980136], [1.2722917946100063, 1.6233523293188006, 1.5014167615019602, 0.9308960098058652], [-9.924784930998971, -1.305125742321107, -1.6961457747694095, -1.1660305581758275]], [[1.2722917946100063, 1.6233523293188006, 1.5014167615019602, 0.9308960098058652], [10.066163510942273, 0.17015778360196285, 0.05877929018791081, 0.06037290537980136], [-9.924784930998971, -1.305125742321107, -1.6961457747694095, -1.1660305581758275]], [[10.521046322903935, -0.16282424129893974, -0.22252135035752776, -0.15860803824426656], [-9.924784930998971, -1.305125742321107, -1.6961457747694095, -1.1660305581758275], [1.1286728141234992, 1.6438580229580255, 1.7807096294618872, 0.9561698818943078]], [[-9.696618810899562, 6.1927889983982105, 3.411761027097246, -4.9418878640672945], [9.421729398560705, -0.18281865991037688, 0.4336771094647514, -0.5487699464030117], [-0.5070631429833998, -6.912671303281284, -3.0370845561630353, -0.1870654494910163]], [[7.713000769324662, -1.131748938160251, 0.2739227956971601, 2.060254418086831], [-9.924784930998971, -1.305125742321107, -1.6961457747694095, -1.1660305581758275], [4.153943453540467, 2.0671454675621463, 1.5808521976986027, -0.8197831826619917]], [[9.782276826855512, 0.21751641825528728, 0.04110877491238783, 0.24841240087526134], [-9.924784930998971, -1.305125742321107, -1.6961457747694095, -1.1660305581758275], [1.2571750427484933, 1.5986625331437365, 1.4775661295245843, 0.95880115450707]], [[4.153943453540467, 2.0671454675621463, 1.5808521976986027, -0.8197831826619917], [-9.924784930998971, -1.305125742321107, -1.6961457747694095, -1.1660305581758275], [7.713000769324662, -1.131748938160251, 0.2739227956971601, 2.060254418086831]], [[1.2722917946100063, 1.6233523293188006, 1.5014167615019602, 0.9308960098058652], [-9.924784930998971, -1.305125742321107, -1.6961457747694095, -1.1660305581758275], [10.066163510942273, 0.17015778360196285, 0.05877929018791081, 0.06037290537980136]]], "refit_milp_assignment": [[-9.979078791269067, -1.303525713170003, -1.6619001475653878, -1.1564874169576318], [8.251060056881245, -0.2920554301431947, 0.877972731760302, 0.8624421399133736], [-3.0917032687978327, 1.1867101482383156, 5.783021973631601, 0.6591461785795403]], "refit_ground_truth_assignment": [[-9.920861846272135, -1.3070718550788718, -1.6975968054562918, -1.1670665923719754], [1.2711872851585921, 1.6235889724506787, 1.5023494636083543, 0.9308609104044177], [10.066066655556712, 0.17026585433379568, 0.058799271766991866, 0.06037440616170556]]}