{"ground_truth": [[-10, 0.2, 0.4, 0.3], [10, -0.2, -0.4, -0.3]], "milp": [[-10.962585681438755, 0.11856412081270024, 0.3016312163439101, 0.38345218943244547], [10.662426139436805, -0.053295633609376517, -0.6134223869135234, -0.18406533062356592]], "refit_milp_assignment": [[-10.966983986854302, 0.11920208012550274, 0.30225868881459633, 0.38416499209893196], [10.665176352088958, -0.05356506730060922, -0.6139096992881867, -0.18450248962363927]], "refit_ground_truth_assignment": [[-10.966983986854302, 0.11920208012550274, 0.30225868881459633, 0.38416499209893196], [10.665176352088958, -0.05356506730060922, -0.6139096992881867, -0.18450248962363927]]}