{"time_milp": 79.46806597709656, "time_refit_milp_assignment": 79.90783715248108, "mse_refit_ground_truth_assignment": 0.07931466701534648, "r2_refit_ground_truth_assignment": 0.999674027146637, "weight_mismatch_refit_ground_truth_assignment": 0.7502309494007364, "refit-weight_mismatch_refit_ground_truth_assignment": 0.0, "rand_score_refit_ground_truth_assignment": 1.0, "label_mismatch_refit_ground_truth_assignment": 0.0, "mse_milp": 0.07943826406664801, "r2_milp": 0.9996735191790063, "weight_mismatch_milp": 0.7111613958432964, "refit-weight_mismatch_milp": 0.06856035413690105, "rand_score_milp": 1.0, "label_mismatch_milp": 0.0, "mse_refit_milp_assignment": 0.07931466701534648, "r2_refit_milp_assignment": 0.999674027146637, "weight_mismatch_refit_milp_assignment": 0.7502309494007364, "refit-weight_mismatch_refit_milp_assignment": 0.0, "rand_score_refit_milp_assignment": 1.0, "label_mismatch_refit_milp_assignment": 0.0, "mse_greedy": NaN, "r2_greedy": NaN, "mse_ground_truth": 0.23695127305086594, "r2_ground_truth": 0.9991219668442402, "weight_mismatch_ground_truth": 0, "rand_score_ground_truth": 1, "label_mismatch_ground_truth": 0, "mse_baseline_sklearn": 184.77751616573516, "r2_baseline_sklearn": 0.2405887025885991, "mse_milp_val": 35.65033985130851, "r2_milp_val": 0.8848264394622551, "label_mismatch_milp_val": 0.125, "mse_refit_milp_assignment_val": 35.76242004331429, "r2_refit_milp_assignment_val": 0.88446434824986, "label_mismatch_refit_milp_assignment_val": 0.125, "mse_refit_ground_truth_assignment_val": 35.76242004331429, "r2_refit_ground_truth_assignment_val": 0.88446434824986, "label_mismatch_refit_ground_truth_assignment_val": 0.125, "mse_ground_truth_val": 34.998024162253905, "r2_ground_truth_val": 0.8869338393023802, "label_mismatch_ground_truth_val": 0.125, "mse_baseline_sklearn_val": 309.72290555143553, "r2_baseline_sklearn_val": -0.0006044812261503107, "random_state": 4}