{"time_milp": 0.9322631359100342, "time_refit_milp_assignment": 1.682286024093628, "mse_refit_ground_truth_assignment": 3.2964137497036865, "r2_refit_ground_truth_assignment": 0.8485726566699876, "weight_mismatch_refit_ground_truth_assignment": 0.5904086933245798, "refit-weight_mismatch_refit_ground_truth_assignment": 0.0, "rand_score_refit_ground_truth_assignment": 1.0, "label_mismatch_refit_ground_truth_assignment": 0.0, "mse_milp": 2.9250520806439724, "r2_milp": 0.8656318959615865, "weight_mismatch_milp": 0.8173604899548695, "refit-weight_mismatch_milp": 0.5551563845532778, "rand_score_milp": 0.8409937888198757, "label_mismatch_milp": 0.08571428571428572, "mse_refit_milp_assignment": 2.9250346632362993, "r2_refit_milp_assignment": 0.8656326960649631, "weight_mismatch_refit_milp_assignment": 0.8274870718212834, "refit-weight_mismatch_refit_milp_assignment": 0.5647740234900233, "rand_score_refit_milp_assignment": 0.8409937888198757, "label_mismatch_refit_milp_assignment": 0.08571428571428572, "mse_greedy": NaN, "r2_greedy": NaN, "mse_ground_truth": 3.4404459002588643, "r2_ground_truth": 0.8419562524292762, "weight_mismatch_ground_truth": 0, "rand_score_ground_truth": 1, "label_mismatch_ground_truth": 0, "mse_baseline_sklearn": 21.747057528558436, "r2_baseline_sklearn": 0.0009185780648653941, "random_state": 5}