{"time_milp": 0.7172551155090332, "time_refit_milp_assignment": 1.3293190002441406, "mse_refit_ground_truth_assignment": 9.087128582467368, "r2_refit_ground_truth_assignment": 0.8669386937270362, "weight_mismatch_refit_ground_truth_assignment": 0.6385780695883075, "refit-weight_mismatch_refit_ground_truth_assignment": 0.0, "rand_score_refit_ground_truth_assignment": 1.0, "label_mismatch_refit_ground_truth_assignment": 0.0, "mse_milp": 6.3216613056203235, "r2_milp": 0.9074329692259409, "weight_mismatch_milp": 2.468237340552625, "refit-weight_mismatch_milp": 2.449756983640006, "rand_score_milp": 0.8920634920634921, "label_mismatch_milp": 0.05555555555555555, "mse_refit_milp_assignment": 6.321633772686436, "r2_refit_milp_assignment": 0.9074333723860937, "weight_mismatch_refit_milp_assignment": 2.476910899683142, "refit-weight_mismatch_refit_milp_assignment": 2.4583286362664576, "rand_score_refit_milp_assignment": 0.8920634920634921, "label_mismatch_refit_milp_assignment": 0.05555555555555555, "mse_greedy": NaN, "r2_greedy": NaN, "mse_ground_truth": 9.593164220848838, "r2_ground_truth": 0.8595288983827044, "weight_mismatch_ground_truth": 0, "rand_score_ground_truth": 1, "label_mismatch_ground_truth": 0, "mse_baseline_sklearn": 68.06457309970965, "r2_baseline_sklearn": 0.003257150778235962, "random_state": 5}