{"ground_truth": [[-10, -1.5826848885290346, -1.0255509418496929], [1, 1.3377979807316742, 1.6124765741267186]], "milp": [[-11.27285047706674, -0.6757648394913562, -0.5242466290468273], [1.5299132700647504, 0.8303808444919, 1.2310339579713496]], "refit_milp_assignment": [[-11.282097934338015, -0.6749044445943722, -0.5226940993924413], [1.5307503648719627, 0.830422441375098, 1.2309591501137744]], "refit_ground_truth_assignment": [[-9.992498465323525, -1.731997526399522, -0.7368162232185712], [0.8450423567313536, 1.1020902583638943, 1.4758337987431018]]}