{"ground_truth": [[-10, 0.2, 0.4, 0.3], [10, -0.2, -0.4, -0.3]], "milp": [[9.859688200154611, -0.22338083749601606, -0.3865542550043003, -0.2948975146773719], [-9.997794798913947, 0.15255232153526627, 0.4320438823149902, 0.3356942132835017]], "greedy": [[[9.862662416072897, -0.22378129489518442, -0.3870624029972253, -0.29521348725475505], [-10.001648006581163, 0.15311506528241842, 0.43261097153629996, 0.3363117529491509]], [[-10.001648006581163, 0.15311506528241842, 0.43261097153629996, 0.3363117529491509], [9.862662416072897, -0.22378129489518442, -0.3870624029972253, -0.29521348725475505]], [[-0.5026709950724724, 1.1796608709745655, -2.8735181151098375, 1.9123809765777637], [-0.36961095441819714, -1.1807213970800239, 2.968927688449234, -1.9651873633912635]], [[9.862662416072897, -0.22378129489518442, -0.3870624029972253, -0.29521348725475505], [-10.001648006581163, 0.15311506528241842, 0.43261097153629996, 0.3363117529491509]], [[0.06178847363847073, -0.08455648438524903, -2.6611066523053815, 2.4890599108341376], [-0.8161667350577478, -0.15980644081793344, 3.0143623575751004, -2.3036510450565113]], [[-3.3590949661813374, 3.3826561501180272, -1.3317039985107273, 1.2944339741422661], [2.8119036516759266, -3.5212548405376043, 1.0536482798481375, -0.9722671883790682]], [[-10.001648006581163, 0.15311506528241842, 0.43261097153629996, 0.3363117529491509], [9.862662416072897, -0.22378129489518442, -0.3870624029972253, -0.29521348725475505]], [[-10.001648006581163, 0.15311506528241842, 0.43261097153629996, 0.3363117529491509], [9.862662416072897, -0.22378129489518442, -0.3870624029972253, -0.29521348725475505]], [[9.862662416072897, -0.22378129489518442, -0.3870624029972253, -0.29521348725475505], [-10.001648006581163, 0.15311506528241842, 0.43261097153629996, 0.3363117529491509]], [[-1.0761337466732805, -2.128070156522028, 2.693350981665453, -1.4654481343950776], [0.46087980752000296, 2.0556638289728064, -2.8158781636594106, 1.335966816306571]], [[3.3908361920101036, -3.7990571501464157, -0.1846185089712786, 1.6078977397583911], [-0.9138880148138189, 2.976131303273013, -0.35642705936964186, -1.5874669979249982]], [[-10.001648006581163, 0.15311506528241842, 0.43261097153629996, 0.3363117529491509], [9.862662416072897, -0.22378129489518442, -0.3870624029972253, -0.29521348725475505]], [[-4.333512575804281, -2.381075689525551, 2.3036816164419416, -0.01988317838952908], [5.331850668232212, 2.067789784006565, -2.4705905519109574, -0.5940130312550272]], [[0.8018815405484482, -3.464270659645057, 0.319776567842551, 1.903910090868569], [1.8775517172965863, 2.6631476042095183, -1.091471969634479, -1.9910418592242078]], [[-0.37963013717241356, 3.395405500378107, -1.5835818692869355, 0.05016969237442776], [1.497359015746015, -3.7548884386200974, 1.101634165287764, 0.03254338978348162]], [[9.862662416072897, -0.22378129489518442, -0.3870624029972253, -0.29521348725475505], [-10.001648006581163, 0.15311506528241842, 0.43261097153629996, 0.3363117529491509]], [[-1.5285784865807654, -2.966978015760925, 2.054968084978687, 0.13439474756274014], [2.7311743522049463, 2.598571267307328, -2.5113987081329223, -0.6124755906922642]], [[-10.001648006581163, 0.15311506528241842, 0.43261097153629996, 0.3363117529491509], [9.862662416072897, -0.22378129489518442, -0.3870624029972253, -0.29521348725475505]], [[9.862662416072897, -0.22378129489518442, -0.3870624029972253, -0.29521348725475505], [-10.001648006581163, 0.15311506528241842, 0.43261097153629996, 0.3363117529491509]], [[-1.9765415304547804, -2.78040692886268, 0.05509388265521105, 2.5480231492779755], [4.259106454296065, 2.0645384798449906, -0.5034480418104119, -2.628821665489417]]], "refit_milp_assignment": [[9.862700915695624, -0.22379286634795464, -0.38707758027962846, -0.29522205929035644], [-10.001701938887999, 0.15312368324703654, 0.4326277347933115, 0.33632855215672525]], "refit_ground_truth_assignment": [[-10.001701938887999, 0.15312368324703654, 0.4326277347933115, 0.33632855215672525], [9.862700915695624, -0.22379286634795464, -0.38707758027962846, -0.29522205929035644]]}