{"time_milp": 12.093998193740845, "time_refit_milp_assignment": 12.57340407371521, "mse_refit_ground_truth_assignment": 26.55981050903147, "r2_refit_ground_truth_assignment": 0.8569245369004902, "weight_mismatch_refit_ground_truth_assignment": 5.540442624136415, "refit-weight_mismatch_refit_ground_truth_assignment": 0.0, "rand_score_refit_ground_truth_assignment": 1.0, "label_mismatch_refit_ground_truth_assignment": 0.0, "mse_milp": 26.55981865512349, "r2_milp": 0.8569244930181783, "weight_mismatch_milp": 5.533286465491271, "refit-weight_mismatch_milp": 0.007953863642156025, "rand_score_milp": 1.0, "label_mismatch_milp": 0.0, "mse_refit_milp_assignment": 26.55981050903147, "r2_refit_milp_assignment": 0.8569245369004902, "weight_mismatch_refit_milp_assignment": 5.540442624136415, "refit-weight_mismatch_refit_milp_assignment": 0.0, "rand_score_refit_milp_assignment": 1.0, "label_mismatch_refit_milp_assignment": 0.0, "mse_greedy": NaN, "r2_greedy": NaN, "mse_ground_truth": 40.087873167651004, "r2_ground_truth": 0.7857590024754124, "weight_mismatch_ground_truth": 0, "rand_score_ground_truth": 1, "label_mismatch_ground_truth": 0, "mse_baseline_sklearn": 184.71200726678973, "r2_baseline_sklearn": 0.0049719680511500775, "mse_milp_val": 30.49956117632603, "r2_milp_val": 0.8387538312883996, "label_mismatch_milp_val": 0.0, "mse_refit_milp_assignment_val": 30.490084026414387, "r2_refit_milp_assignment_val": 0.8388039354228403, "label_mismatch_refit_milp_assignment_val": 0.0, "mse_refit_ground_truth_assignment_val": 30.490084026414387, "r2_refit_ground_truth_assignment_val": 0.8388039354228403, "label_mismatch_refit_ground_truth_assignment_val": 0.0, "mse_ground_truth_val": 39.16388418615679, "r2_ground_truth_val": 0.7929469791262314, "label_mismatch_ground_truth_val": 0.0, "mse_baseline_sklearn_val": 189.45847703561145, "r2_baseline_sklearn_val": -0.0016358391293762597, "random_state": 6}