{"time_milp": 1.7861852645874023, "time_refit_milp_assignment": 2.45863938331604, "mse_refit_ground_truth_assignment": 0.09268720598825404, "r2_refit_ground_truth_assignment": 0.9997224063814946, "weight_mismatch_refit_ground_truth_assignment": 1.4329315584963616, "refit-weight_mismatch_refit_ground_truth_assignment": 0.0, "rand_score_refit_ground_truth_assignment": 1.0, "label_mismatch_refit_ground_truth_assignment": 0.0, "mse_milp": 0.6225703831311997, "r2_milp": 0.9981354323546058, "weight_mismatch_milp": 15.645499927530997, "refit-weight_mismatch_milp": 16.622086591342452, "rand_score_milp": 0.7828106852497096, "label_mismatch_milp": 0.2619047619047619, "mse_refit_milp_assignment": 0.1587979252842653, "r2_refit_milp_assignment": 0.9995244080321464, "weight_mismatch_refit_milp_assignment": 8.72556199741179, "refit-weight_mismatch_refit_milp_assignment": 9.470074160155596, "rand_score_refit_milp_assignment": 0.7828106852497096, "label_mismatch_refit_milp_assignment": 0.2619047619047619, "mse_greedy": NaN, "r2_greedy": NaN, "mse_ground_truth": 0.2638289674118458, "r2_ground_truth": 0.9992098452321491, "weight_mismatch_ground_truth": 0, "rand_score_ground_truth": 1, "label_mismatch_ground_truth": 0, "mse_baseline_sklearn": 311.59311123418314, "r2_baseline_sklearn": 0.06679397305582635, "random_state": 9}