{"time_milp": 28.303816080093384, "time_refit_milp_assignment": 28.76999020576477, "mse_refit_ground_truth_assignment": 7.899073843018852, "r2_refit_ground_truth_assignment": 0.9155291902791864, "weight_mismatch_refit_ground_truth_assignment": 0.8780627298430994, "refit-weight_mismatch_refit_ground_truth_assignment": 0.0, "rand_score_refit_ground_truth_assignment": 1.0, "label_mismatch_refit_ground_truth_assignment": 0.0, "mse_milp": 8.520109420948684, "r2_milp": 0.9088879840851806, "weight_mismatch_milp": 0.9012677799312269, "refit-weight_mismatch_milp": 0.3209639042369545, "rand_score_milp": 0.9833333333333333, "label_mismatch_milp": 0.008333333333333333, "mse_refit_milp_assignment": 8.52010481298169, "r2_refit_milp_assignment": 0.9088880333616793, "weight_mismatch_refit_milp_assignment": 0.8993368088616828, "refit-weight_mismatch_refit_milp_assignment": 0.3199571978382628, "rand_score_refit_milp_assignment": 0.9833333333333333, "label_mismatch_refit_milp_assignment": 0.008333333333333333, "mse_greedy": NaN, "r2_greedy": NaN, "mse_ground_truth": 7.776870482530574, "r2_ground_truth": 0.9196408430397484, "weight_mismatch_ground_truth": 0, "rand_score_ground_truth": 1, "label_mismatch_ground_truth": 0, "mse_baseline_sklearn": 90.84017253245347, "r2_baseline_sklearn": 0.028576883633464778, "mse_milp_val": 7.7579564306144535, "r2_milp_val": 0.9236762153987947, "label_mismatch_milp_val": 0.0, "mse_refit_milp_assignment_val": 7.754588321080665, "r2_refit_milp_assignment_val": 0.9237093512985474, "label_mismatch_refit_milp_assignment_val": 0.0, "mse_refit_ground_truth_assignment_val": 7.673122167588877, "r2_refit_ground_truth_assignment_val": 0.9245108259145763, "label_mismatch_refit_ground_truth_assignment_val": 0.0, "mse_ground_truth_val": 7.049034157915119, "r2_ground_truth_val": 0.9306506849416992, "label_mismatch_ground_truth_val": 0.0, "mse_baseline_sklearn_val": 101.70949359546269, "r2_baseline_sklearn_val": -0.0006312294361414672, "random_state": 42}