{"ground_truth": [[-10, -1.3610858880606216, -1.6442487760787874], [1, 1.7690120132457898, 1.6474528774716313], [10, 0.1, 0.1]], "milp": [[-8.769146768758915, -1.9599631059867484, -1.87231846073145], [0.0, 0.0, 0.0], [5.984690901824213, 1.3209022923119955, 0.8439633322377444]], "greedy": [[[-7.981095522797784, 5.290055563642927, -2.2978828301164147], [-9.44113096516568, -0.5825079601099311, 7.739374289788951], [12.413025299694842, -5.279249924572462, -2.346788414828748]], [[-7.219822332246917, 2.946236575132909, -4.225753224616316], [7.411769516565372, 1.6468296297208291, 0.1744751454205072], [-8.617513237981711, -2.0191348815851957, -1.4246820679704517]], [[-9.400035358319988, -1.7514396398797205, -1.8936180303211083], [4.34992239813309, 1.7738398048921689, 1.0845665032509049], [19.701101493186854, -3.290592540372782, -6.9601048345247944]], [[7.487675711261547, 0.6370109324313207, 1.4005836487953571], [-3.27891503037354, -2.158733971343313, 2.5599786845811887], [-10.181988694846886, -1.2608183533956716, -1.9614891812270538]], [[-10.498398408177366, -1.534043643234417, -1.600481771305132], [7.851846252635591, 1.3742621947374434, 0.9722156708220286], [0.01689336093283411, 1.2053282599960016, 1.24993471006836]], [[4.787133486243781, 2.188677919293414, 0.3380871460065131], [8.755429239270233, -2.3254600903060956, 1.8017878115548431], [-9.400035358319988, -1.7514396398797205, -1.8936180303211083]], [[-8.594430680639435, -0.5862474799055043, 9.021654078050256], [7.492114651578342, 1.3418373103991816, 0.4579961455702935], [-9.1221421459592, -0.4923207832647141, -2.603368537897295]], [[-1.9407448607711917, 1.6690414009174448, 3.166426165251809], [-9.949328410166881, -1.6509052200781122, -1.8137106477724314], [8.068298303363855, 1.282108552368159, 0.49494815389085267]], [[8.214737724491762, -4.532005654753879, 1.0720581164943603], [-5.028741405446082, 0.9562384966375694, 5.243150666509832], [-7.372945679407296, 2.1188399531286937, -4.43666777289908]], [[7.072066913970884, 1.3813080918547633, 0.44753013791267987], [-9.17307498905134, -1.8920098960446636, -1.7230927959832811], [1.5949979425611893, -2.426250071460163, -5.914512590471068]], [[-9.400035358319988, -1.7514396398797205, -1.8936180303211083], [6.812263501935104, -1.1274410353219457, 2.2656584674718943], [4.585175588670404, 2.440009400782666, 0.4413724825144965]], [[5.111979286261768, 2.14437233326204, 0.2958086312014755], [-9.618294108270085, -1.3763172627844744, -2.0370479870604026], [10.919169195975917, -4.073401925551538, 1.6014770542574972]], [[-5.028741405446082, 0.9562384966375694, 5.243150666509832], [-7.372945679407296, 2.1188399531286937, -4.43666777289908], [8.214737724491762, -4.532005654753879, 1.0720581164943603]], [[6.672171574137824, 1.6034918739904238, 0.5142785994279978], [-7.597083067005401, -2.203513785124668, -1.4384179995459638], [-11.882809575115452, 4.687593392475105, -2.9992592691070867]], [[-5.36762004972495, -2.540356816927506, 2.920659187799337], [-5.597228006667749, 0.02916665973450642, -4.334642898992141], [6.139632362008971, 1.0297925571525122, 1.766512780458158]], [[-9.949328410166881, -1.6509052200781122, -1.8137106477724314], [-2.637155018714175, 2.3408233701734287, 1.7185219109891925], [6.641402977883377, 2.08515747929157, 1.123055599716072]], [[-8.617513237981711, -2.0191348815851957, -1.4246820679704517], [7.411769516565372, 1.6468296297208291, 0.1744751454205072], [-7.219822332246917, 2.946236575132909, -4.225753224616316]], [[-6.115592962111967, -2.1013881998762645, 3.176585960665565], [-5.328394805114496, -0.6107469851659425, -4.322582084847513], [5.7571482715956135, 1.198642044308007, 1.6869827175325274]], [[-9.400035358319988, -1.7514396398797205, -1.8936180303211083], [7.592594660608207, -0.5210487752297174, 1.2012894490232229], [4.961747353844281, 2.8336061544425357, -0.29645014560254906]], [[6.409004550372195, 1.48730771171114, 0.5945428115113326], [-5.13350195454656, -0.19063595854423876, -5.927826143479787], [-7.945491354844965, -2.0691704981328267, -1.132592402322756]]], "refit_milp_assignment": [[-8.775957893383023, -1.9586997195762683, -1.871921052702407], [0.0, 0.0, 0.0], [5.989595685254129, 1.3199092083900505, 0.8431292755606826]], "refit_ground_truth_assignment": [[-9.957978027664778, -1.6497127922689816, -1.8105979721559466], [1.7405946617197525, 1.479675560404093, 2.1784289709949824], [7.785164825386433, 1.2068218604636818, 0.4476685479016137]]}