{"ground_truth": [[-10, 0.2, 0.4, 0.3], [10, -0.2, -0.4, -0.3]], "milp": [[9.752447653363, -0.25144548087634266, -0.16894059687274415, -0.44556830852661466], [-9.271612769910735, 0.05651442530236861, 0.2918505594333646, 0.17763185310086446]], "greedy": [[[6.827441631572073, -2.2883628562840475, -2.6170744303089752, -0.16046843485864298], [-7.772352057426296, 3.2591244879300767, 2.6473354399128266, 0.16122713557822335]], [[-9.274803485277827, 0.05701728449553871, 0.29234218754897595, 0.17820539562199372], [9.755808708657407, -0.25183542480383253, -0.16936506158054312, -0.44617146762602805]], [[6.827441631572073, -2.2883628562840475, -2.6170744303089752, -0.16046843485864298], [-7.772352057426296, 3.2591244879300767, 2.6473354399128266, 0.16122713557822335]], [[9.755808708657407, -0.25183542480383253, -0.16936506158054312, -0.44617146762602805], [-9.274803485277827, 0.05701728449553871, 0.29234218754897595, 0.17820539562199372]], [[-7.772352057426296, 3.2591244879300767, 2.6473354399128266, 0.16122713557822335], [6.827441631572073, -2.2883628562840475, -2.6170744303089752, -0.16046843485864298]], [[9.755808708657407, -0.25183542480383253, -0.16936506158054312, -0.44617146762602805], [-9.274803485277827, 0.05701728449553871, 0.29234218754897595, 0.17820539562199372]], [[-9.274803485277827, 0.05701728449553871, 0.29234218754897595, 0.17820539562199372], [9.755808708657407, -0.25183542480383253, -0.16936506158054312, -0.44617146762602805]], [[-9.274803485277827, 0.05701728449553871, 0.29234218754897595, 0.17820539562199372], [9.755808708657407, -0.25183542480383253, -0.16936506158054312, -0.44617146762602805]], [[5.654180195539249, -0.9964581008493414, -3.384907688201828, 0.37840645292300334], [-6.102341594696518, 1.6826472506508674, 3.3700055249490144, -0.28320631278420244]], [[6.59480530700144, 0.46860037816683614, -2.728228890130494, -2.538544586130546], [-6.075165279472559, -0.9343134705360058, 2.5889352479027945, 2.3795448194734994]], [[-9.274803485277827, 0.05701728449553871, 0.29234218754897595, 0.17820539562199372], [9.755808708657407, -0.25183542480383253, -0.16936506158054312, -0.44617146762602805]], [[5.0565522043519, 0.19280741627275771, -3.6135960487973184, 0.1069558018328476], [-4.940413074343815, -0.5042429831857889, 3.6469283320130588, 0.0344987441872823]], [[9.755808708657407, -0.25183542480383253, -0.16936506158054312, -0.44617146762602805], [-9.274803485277827, 0.05701728449553871, 0.29234218754897595, 0.17820539562199372]], [[-5.569039976191099, 3.6072825050643496, 1.624315179471988, -1.1597715294965074], [3.86408487848047, -2.7158108548828417, -1.3624493240047186, 1.4845746694092183]], [[-3.2012537521781907, 1.5455231473796973, 2.5758505899908286, 1.0020829586304416], [3.4486935732072297, -1.5798751833165243, -2.5331216893841586, -1.646385967678922]], [[-7.254608902597834, -0.5419075523805571, 2.1409959063775754, 2.7548111226496266], [8.059546147988595, 0.11841231422971174, -2.2708692741809204, -3.010589917453441]], [[-3.5025000692719708, 3.140157892038258, 1.5026688884864654, -2.012189036420436], [1.4896279552739662, -2.263513584549629, -1.3494592521805064, 2.4381475946911246]], [[9.755808708657407, -0.25183542480383253, -0.16936506158054312, -0.44617146762602805], [-9.274803485277827, 0.05701728449553871, 0.29234218754897595, 0.17820539562199372]], [[-3.5025000692719708, 3.140157892038258, 1.5026688884864654, -2.012189036420436], [1.4896279552739662, -2.263513584549629, -1.3494592521805064, 2.4381475946911246]], [[-9.274803485277827, 0.05701728449553871, 0.29234218754897595, 0.17820539562199372], [9.755808708657407, -0.25183542480383253, -0.16936506158054312, -0.44617146762602805]]], "refit_milp_assignment": [[9.755853745756871, -0.2518466896093448, -0.1693708370497643, -0.4461906145820549], [-9.274833104446152, 0.05702162526725611, 0.29235490092365407, 0.17821472820588818]], "refit_ground_truth_assignment": [[-9.274833104446152, 0.05702162526725611, 0.29235490092365407, 0.17821472820588818], [9.755853745756871, -0.2518466896093448, -0.1693708370497643, -0.4461906145820549]]}