{"ground_truth": [[-10, -1.5129946126170868, -1.3966286922817814], [1, 1.6081323562887122, 1.2819520322021785], [10, 0.1, 0.1]], "milp": [[-8.919114144723764, -1.4463097025355964, -1.84665601581792], [0.32477641021921144, 3.298135876393339, -1.53036567735446], [6.97153713607375, 0.9676609967338303, -0.08202971035407104]], "refit_milp_assignment": [[-8.93062346238724, -1.4451704680546527, -1.8455305614841633], [0.32324489757156494, 3.2994262689855387, -1.530023759035641], [6.980239036258963, 0.966416651224968, -0.083131741157052]], "refit_ground_truth_assignment": [[-9.259942008705654, -1.451487167184726, -1.3599147685377984], [0.278576186758154, 2.0110508402341774, 1.091796170688996], [9.01498691383121, 0.33021909164188695, -0.16306128505823153]]}