{"ground_truth": [[-10, -1.337719620706157, -1.6626352006348812, -1.0611537685933308], [1, 1.6272285743807728, 1.565890653114534, 1.026132378542826], [10, 0.1, 0.1, 0.1]], "milp": [[-10.281794049528841, -1.3597414984493739, -1.6843582713282317, -0.8924232290574072], [8.857964212647019, 0.8596534549082389, 0.36330785496261786, 0.21344694393621788], [0.9162401499388677, 1.8427993042174349, 1.9807305782711515, 0.7717308777911058]], "greedy": [[[-10.30834724797064, -1.3480849483985418, -1.675569315823249, -0.8875072375746031], [1.289173101966977, 1.399200093299575, 1.4325279020774633, 1.0611809625324258], [9.45699413682869, 0.5254676913934737, 0.053712035953112934, 0.34809691921135216]], [[-3.810445947341689, -6.492858737232887, -1.7100993751535238, 1.0473877936121156], [6.818023041146523, 0.6603661614302919, 1.0444225337413469, 0.04214292742180075], [-6.106566688534986, -1.064526370881653, -2.1238243770567493, -2.976727104444701]], [[10.000779147255423, 0.06120114590207978, -0.01816146162462672, 0.25473428921132374], [-10.30834724797064, -1.3480849483985418, -1.675569315823249, -0.8875072375746031], [1.1793668140350002, 1.483893180966447, 1.503270479573734, 1.0664154313232292]], [[9.292426603005314, 0.4561204652839959, -0.09871659518127059, 0.24694921522421362], [-10.30834724797064, -1.3480849483985418, -1.675569315823249, -0.8875072375746031], [3.36330271364195, -0.7511631609913583, -1.7112245942531008, 1.904573070181805]], [[-7.293646943942364, 0.016623797710008315, 3.039642947541975, 6.177752538429505], [5.104611021411995, -4.949128531270991, 5.364618316088105, -3.732771261379705], [1.688110412944063, 0.7143956197949124, -7.649095485871843, -2.961205382469888]], [[-16.55761094698457, 0.6592955718777143, 7.1233382603490005, 4.507182638413265], [-3.6290680078077786, 7.388047972000388, 2.08589609180647, -6.069365842040102], [6.597221673130601, -4.399654016575901, -4.147977827887282, 3.1276914682968298]], [[1.168382949686296, 1.490050979264952, 1.5309302497412742, 1.0598028457181656], [-10.30834724797064, -1.3480849483985418, -1.675569315823249, -0.8875072375746031], [9.930822522288448, 0.09787979992298249, 0.022256770435215904, 0.26734411603506864]], [[1.688110412944063, 0.7143956197949124, -7.649095485871843, -2.961205382469888], [5.104611021411995, -4.949128531270991, 5.364618316088105, -3.732771261379705], [-7.293646943942364, 0.016623797710008315, 3.039642947541975, 6.177752538429505]], [[1.385026876981656, -6.910855489738351, -3.7113111762055464, -0.04506823898201522], [-10.337892961187785, -1.3037129471301219, -1.3628146792935527, -1.1294065928799815], [6.39984930293522, 0.5057778052642345, 1.1929638622583503, 0.37137776396126915]], [[-13.815976969567345, -0.010096060463316165, 4.775480340769042, 7.118872886491654], [-5.732287871856904, -2.4649932195458497, -3.335490719400761, -2.13048751915111], [6.856743746678232, 0.7094349195254992, 1.202970155295263, -0.44341284869601527]], [[-12.642507555010326, 0.09881603075145547, 4.0844227965989734, 7.754719385349847], [8.954847867839348, -1.1940837148409313, 1.2158999373010397, -9.406112043121896], [1.259932979244872, -1.3734995524610556, -9.087900297577217, 0.8842878179826004]], [[-10.30834724797064, -1.3480849483985418, -1.675569315823249, -0.8875072375746031], [10.000779147255423, 0.06120114590207978, -0.01816146162462672, 0.25473428921132374], [1.1793668140350002, 1.483893180966447, 1.503270479573734, 1.0664154313232292]], [[6.354418640617816, 0.46125473508130366, 1.226703307857441, 0.3186684951970303], [-0.9792744236549975, -7.383852459061095, -2.680142066063923, -0.9422422952299601], [-17.649337069166023, 4.9501972266906735, 4.662300650027718, -1.174600133435215]], [[-10.220795270809322, -1.394387243034435, -1.651908527288525, -0.9138144270855825], [-13.173897077556683, 3.7162960721197034, -1.596877736360557, 5.2231727844328955], [5.438901646468658, 1.2954038531357628, 0.9169668357950836, 0.3405822253828859]], [[9.491233416920984, 0.43241066499217135, 0.11807278025602866, 0.35393697506435945], [-10.30834724797064, -1.3480849483985418, -1.675569315823249, -0.8875072375746031], [1.237512780859416, 1.4421712734046033, 1.4963614223061994, 1.0473651697046262]], [[-8.48227510153195, 3.4175973610432924, -1.8565567743664815, 2.3661849531209156], [5.991875909804376, 1.2996882094883246, 0.6980863658699362, 0.24334891761685687], [-7.730671683288398, -2.4898176238452243, -2.021457294749775, -1.709819796231879]], [[-10.68333913503551, -1.0910671287106204, -1.6792908422835242, -0.9558302347418527], [-11.960278047562523, 6.008936342017212, 0.5090585569632152, -1.2282247243034676], [5.310204528836768, 1.232762380546758, 0.9470552215174117, 0.48101056956629845]], [[-4.861972226250604, -2.4758081124231626, -3.6593083208419097, -2.3044122801909115], [-15.735056854292765, 1.570122659764539, 2.828825722312665, 6.515160739415747], [6.606990879176363, 1.004300005090593, 1.0499074879738977, -0.6018844033308632]], [[4.776271122556971, 2.291648052774337, 1.3102930924972065, -1.3244053500997464], [7.072310073292289, -2.1146888557031356, 0.18195876901460592, 2.386360915433278], [-10.30834724797064, -1.3480849483985418, -1.675569315823249, -0.8875072375746031]], [[6.390194244006621, 0.4742924215200779, 1.3625426321951823, 0.3113045648182121], [-10.200284263878867, -1.5406222609235696, -1.6240272917494554, -0.9715637727301143], [-3.5002512829205585, -1.4315182177171208, 4.335243433157296, -1.1149291479747128]]], "refit_milp_assignment": [[-10.30495869126207, -1.3499104216596327, -1.6770236438113646, -0.8880930705132224], [8.871020839758906, 0.8591270930890818, 0.3581042360401107, 0.2105868280528874], [0.9159393471528281, 1.8432741046097825, 1.9813451259316952, 0.7712909731196185]], "refit_ground_truth_assignment": [[-10.30495869126207, -1.3499104216596327, -1.6770236438113646, -0.8880930705132224], [1.1923849600425651, 1.5350340392187627, 1.5282856333533232, 1.0351929431164715], [9.973395211648365, 0.10437380825579126, -0.019823834764868608, 0.25835507918069045]]}