{"time_milp": 384.2522852420807, "time_refit_milp_assignment": 384.8910300731659, "mse_refit_ground_truth_assignment": 40.22859626103302, "r2_refit_ground_truth_assignment": 0.8149700340906423, "weight_mismatch_refit_ground_truth_assignment": 24.35137370620223, "refit-weight_mismatch_refit_ground_truth_assignment": 0.0, "rand_score_refit_ground_truth_assignment": 1.0, "label_mismatch_refit_ground_truth_assignment": 0.0, "mse_milp": 7.8390554731445725, "r2_milp": 0.963944549356238, "weight_mismatch_milp": 57.05865773785552, "refit-weight_mismatch_milp": 47.98470259557091, "rand_score_milp": 0.6376306620209059, "label_mismatch_milp": 0.5238095238095238, "mse_refit_milp_assignment": 7.8379611833199405, "r2_refit_milp_assignment": 0.9639495825025013, "weight_mismatch_refit_milp_assignment": 57.22167815636134, "refit-weight_mismatch_refit_milp_assignment": 48.08046880457269, "rand_score_refit_milp_assignment": 0.6376306620209059, "label_mismatch_refit_milp_assignment": 0.5238095238095238, "mse_greedy": NaN, "r2_greedy": NaN, "mse_ground_truth": 66.61869256316184, "r2_ground_truth": 0.6935897456151683, "weight_mismatch_ground_truth": 0, "rand_score_ground_truth": 1, "label_mismatch_ground_truth": 0, "mse_baseline_sklearn": 180.2808983170486, "r2_baseline_sklearn": 0.17080456267316657, "random_state": 42}