{"time_milp": 86.0971143245697, "time_refit_milp_assignment": 86.87299847602844, "mse_refit_ground_truth_assignment": 15.738226377941553, "r2_refit_ground_truth_assignment": 0.8285624342646132, "weight_mismatch_refit_ground_truth_assignment": 0.865618086884259, "refit-weight_mismatch_refit_ground_truth_assignment": 0.0, "rand_score_refit_ground_truth_assignment": 1.0, "label_mismatch_refit_ground_truth_assignment": 0.0, "mse_milp": 15.574050362041817, "r2_milp": 0.83035081472389, "weight_mismatch_milp": 1.0393913302660653, "refit-weight_mismatch_milp": 0.7474381817967894, "rand_score_milp": 0.9194677871148459, "label_mismatch_milp": 0.041666666666666664, "mse_refit_milp_assignment": 15.574045933483093, "r2_refit_milp_assignment": 0.83035086296448, "weight_mismatch_refit_milp_assignment": 1.037022889876277, "refit-weight_mismatch_refit_milp_assignment": 0.7464973519329104, "rand_score_refit_milp_assignment": 0.9194677871148459, "label_mismatch_refit_milp_assignment": 0.041666666666666664, "mse_greedy": NaN, "r2_greedy": NaN, "mse_ground_truth": 15.707462471959776, "r2_ground_truth": 0.8424793531723552, "weight_mismatch_ground_truth": 0, "rand_score_ground_truth": 1, "label_mismatch_ground_truth": 0, "mse_baseline_sklearn": 91.05182105423297, "r2_baseline_sklearn": 0.008166347181913114, "mse_milp_val": 14.972695639494708, "r2_milp_val": 0.8656662242430646, "label_mismatch_milp_val": 0.0, "mse_refit_milp_assignment_val": 14.969280575097173, "r2_refit_milp_assignment_val": 0.8656968639158409, "label_mismatch_refit_milp_assignment_val": 0.0, "mse_refit_ground_truth_assignment_val": 15.327396209093223, "r2_refit_ground_truth_assignment_val": 0.8624838803335538, "label_mismatch_refit_ground_truth_assignment_val": 0.0, "mse_ground_truth_val": 14.292699988067136, "r2_ground_truth_val": 0.871767088479803, "label_mismatch_ground_truth_val": 0.0, "mse_baseline_sklearn_val": 111.67988558518132, "r2_baseline_sklearn_val": -0.001982613417115031, "random_state": 7}