{"ground_truth": [[-10, 0.2, 0.4, 0.3], [10, -0.2, -0.4, -0.3]], "milp": [[-10.749597888169408, 0.34493210987432665, 0.2998433481975268, 0.4666052811592828], [10.500432695621072, -0.32701566708115576, -0.4564270747580087, -0.5104464442560395]], "refit_milp_assignment": [[-10.752934445632905, 0.34519422067975647, 0.3002333794905232, 0.4673308885877927], [10.503724107020172, -0.32749331618298655, -0.45669909760639116, -0.5111698642598858]], "refit_ground_truth_assignment": [[-10.752934445632905, 0.34519422067975647, 0.3002333794905232, 0.4673308885877927], [10.503724107020172, -0.32749331618298655, -0.45669909760639116, -0.5111698642598858]]}