{"time_milp": 1.7930850982666016, "time_refit_milp_assignment": 2.2622148990631104, "mse_refit_ground_truth_assignment": 10.814420918517737, "r2_refit_ground_truth_assignment": 0.9058147668188065, "weight_mismatch_refit_ground_truth_assignment": 1.9595496251639373, "refit-weight_mismatch_refit_ground_truth_assignment": 0.0, "rand_score_refit_ground_truth_assignment": 1.0, "label_mismatch_refit_ground_truth_assignment": 0.0, "mse_milp": 10.814428619752047, "r2_milp": 0.9058146997470182, "weight_mismatch_milp": 1.9516720718050626, "refit-weight_mismatch_milp": 0.008686961300445155, "rand_score_milp": 1.0, "label_mismatch_milp": 0.0, "mse_refit_milp_assignment": 10.814420918517737, "r2_refit_milp_assignment": 0.9058147668188065, "weight_mismatch_refit_milp_assignment": 1.9595496251639373, "refit-weight_mismatch_refit_milp_assignment": 0.0, "rand_score_refit_milp_assignment": 1.0, "label_mismatch_refit_milp_assignment": 0.0, "mse_greedy": NaN, "r2_greedy": NaN, "mse_ground_truth": 10.546814479194298, "r2_ground_truth": 0.9034645945199768, "weight_mismatch_ground_truth": 0, "rand_score_ground_truth": 1, "label_mismatch_ground_truth": 0, "mse_baseline_sklearn": 104.32298969080928, "r2_baseline_sklearn": 0.09142753142117666, "mse_milp_val": 7.6475921905707835, "r2_milp_val": 0.9239853079091491, "label_mismatch_milp_val": 0.0, "mse_refit_milp_assignment_val": 7.646812853530688, "r2_refit_milp_assignment_val": 0.9239930542773734, "label_mismatch_refit_milp_assignment_val": 0.0, "mse_refit_ground_truth_assignment_val": 7.646812853530688, "r2_refit_ground_truth_assignment_val": 0.9239930542773734, "label_mismatch_refit_ground_truth_assignment_val": 0.0, "mse_ground_truth_val": 7.616869922163032, "r2_ground_truth_val": 0.9242906777190387, "label_mismatch_ground_truth_val": 0.0, "mse_baseline_sklearn_val": 101.12653480479877, "r2_baseline_sklearn_val": -0.005166360057669683, "random_state": 9}