{"ground_truth": [[-10, 0.2, 0.4], [10, -0.2, -0.4]], "milp": [[10.411396793991553, -0.5084195857759247, -0.2638776519050492], [-10.18976608162005, -0.04369110160380063, 0.5179211100373639]], "greedy": [[[-10.328412955191029, -0.022455972684620892, 0.5427532501900388], [10.610402724767107, -0.5501784634925001, -0.305902441226756]], [[-5.794063165206689, 2.2079947833106415, 3.5256119661041114], [6.866537477525299, -2.744170682843992, -3.9750837177809393]], [[4.018691058306392, -4.4700993695742275, -0.21617921795107364], [-3.8621040819715997, 3.538096624444103, 1.061128165310689]], [[-10.328412955191029, -0.022455972684620892, 0.5427532501900388], [10.610402724767107, -0.5501784634925001, -0.305902441226756]], [[10.610402724767107, -0.5501784634925001, -0.305902441226756], [-10.328412955191029, -0.022455972684620892, 0.5427532501900388]], [[10.610402724767107, -0.5501784634925001, -0.305902441226756], [-10.328412955191029, -0.022455972684620892, 0.5427532501900388]], [[10.610402724767107, -0.5501784634925001, -0.305902441226756], [-10.328412955191029, -0.022455972684620892, 0.5427532501900388]], [[-10.328412955191029, -0.022455972684620892, 0.5427532501900388], [10.610402724767107, -0.5501784634925001, -0.305902441226756]], [[2.0431457521919327, -4.265077242809386, -0.3106330053474127], [-2.159800016763681, 3.4287194889344894, 1.206194148432642]], [[-4.3294302171285075, 3.3543809067824415, 0.21073371677777797], [4.318293352141623, -4.306755217701632, 1.112153090393818]], [[3.615691351618649, -4.228564069987958, 1.3820560283864969], [-3.789979797243746, 3.3037141154193312, -0.00957711123764353]], [[10.610402724767107, -0.5501784634925001, -0.305902441226756], [-10.328412955191029, -0.022455972684620892, 0.5427532501900388]], [[-10.328412955191029, -0.022455972684620892, 0.5427532501900388], [10.610402724767107, -0.5501784634925001, -0.305902441226756]], [[-10.328412955191029, -0.022455972684620892, 0.5427532501900388], [10.610402724767107, -0.5501784634925001, -0.305902441226756]], [[10.610402724767107, -0.5501784634925001, -0.305902441226756], [-10.328412955191029, -0.022455972684620892, 0.5427532501900388]], [[-0.9817921947641577, 3.211250132045992, 1.4216563727541973], [0.5464740685248657, -3.896756224087775, -0.5623962160641628]], [[-10.328412955191029, -0.022455972684620892, 0.5427532501900388], [10.610402724767107, -0.5501784634925001, -0.305902441226756]], [[-10.328412955191029, -0.022455972684620892, 0.5427532501900388], [10.610402724767107, -0.5501784634925001, -0.305902441226756]], [[10.610402724767107, -0.5501784634925001, -0.305902441226756], [-10.328412955191029, -0.022455972684620892, 0.5427532501900388]], [[-10.328412955191029, -0.022455972684620892, 0.5427532501900388], [10.610402724767107, -0.5501784634925001, -0.305902441226756]]], "refit_milp_assignment": [[10.613974077679842, -0.5519848236469799, -0.30699819858166577], [-10.330315149369723, -0.022402192606902484, 0.5451822178843907]], "refit_ground_truth_assignment": [[-10.330315149369723, -0.022402192606902484, 0.5451822178843907], [10.613974077679842, -0.5519848236469799, -0.30699819858166577]]}