{"ground_truth": [[-10, 0.2, 0.4, 0.3], [10, -0.2, -0.4, -0.3]], "milp": [[-10.462397923219374, -0.022776111087886707, 0.4619296157335083, 0.6774402331030537], [10.764343015035184, -0.7479248424925196, -0.36073763433724154, -0.4767109461588701]], "refit_milp_assignment": [[-10.466043828172626, -0.02239493130818356, 0.4623164319900006, 0.6782694579612081], [10.767363020023783, -0.7483396200732789, -0.36120538061843205, -0.4771371027739971]], "refit_ground_truth_assignment": [[-10.009356298416035, 0.2989305954751182, 0.2740912640654425, 0.47589098381108363], [11.047066231698476, -0.559670085718973, -0.573520148067175, -0.5541937585956664]]}