{"time_milp": 5.34404993057251, "time_refit_milp_assignment": 5.969925880432129, "mse_refit_ground_truth_assignment": 0.3432394340926918, "r2_refit_ground_truth_assignment": 0.995692656685556, "weight_mismatch_refit_ground_truth_assignment": 0.24612186939923553, "refit-weight_mismatch_refit_ground_truth_assignment": 0.0, "rand_score_refit_ground_truth_assignment": 1.0, "label_mismatch_refit_ground_truth_assignment": 0.0, "mse_milp": 0.343247686278815, "r2_milp": 0.9956925531281112, "weight_mismatch_milp": 0.2507746992698665, "refit-weight_mismatch_milp": 0.01023468588270693, "rand_score_milp": 1.0, "label_mismatch_milp": 0.0, "mse_refit_milp_assignment": 0.3432394340926918, "r2_refit_milp_assignment": 0.995692656685556, "weight_mismatch_refit_milp_assignment": 0.24612186939923553, "refit-weight_mismatch_refit_milp_assignment": 0.0, "rand_score_refit_milp_assignment": 1.0, "label_mismatch_refit_milp_assignment": 0.0, "mse_greedy": NaN, "r2_greedy": NaN, "mse_ground_truth": 0.36796471111226126, "r2_ground_truth": 0.995548503140402, "weight_mismatch_ground_truth": 0, "rand_score_ground_truth": 1, "label_mismatch_ground_truth": 0, "mse_baseline_sklearn": 77.97246233542552, "r2_baseline_sklearn": 0.021516378970209082, "mse_milp_val": 0.4210917150078945, "r2_milp_val": 0.9951660133607522, "label_mismatch_milp_val": 0.0, "mse_refit_milp_assignment_val": 0.42042259169207147, "r2_refit_milp_assignment_val": 0.995173694664025, "label_mismatch_refit_milp_assignment_val": 0.0, "mse_refit_ground_truth_assignment_val": 0.42042259169207147, "r2_refit_ground_truth_assignment_val": 0.995173694664025, "label_mismatch_refit_ground_truth_assignment_val": 0.0, "mse_ground_truth_val": 0.34673687088756805, "r2_ground_truth_val": 0.9960195811471292, "label_mismatch_ground_truth_val": 0.0, "mse_baseline_sklearn_val": 87.10987887005844, "r2_baseline_sklearn_val": 8.844637397031896e-06, "random_state": 9}