{"time_milp": 4.3964009284973145, "time_refit_milp_assignment": 5.288229942321777, "mse_refit_ground_truth_assignment": 0.34538585645819303, "r2_refit_ground_truth_assignment": 0.9958978085710251, "weight_mismatch_refit_ground_truth_assignment": 0.26673333206364613, "refit-weight_mismatch_refit_ground_truth_assignment": 0.0, "rand_score_refit_ground_truth_assignment": 1.0, "label_mismatch_refit_ground_truth_assignment": 0.0, "mse_milp": 0.34539113583163406, "r2_milp": 0.9958977458672401, "weight_mismatch_milp": 0.26454023875747473, "refit-weight_mismatch_milp": 0.006393222100791237, "rand_score_milp": 1.0, "label_mismatch_milp": 0.0, "mse_refit_milp_assignment": 0.34538585645819303, "r2_refit_milp_assignment": 0.9958978085710251, "weight_mismatch_refit_milp_assignment": 0.26673333206364613, "refit-weight_mismatch_refit_milp_assignment": 0.0, "rand_score_refit_milp_assignment": 1.0, "label_mismatch_refit_milp_assignment": 0.0, "mse_greedy": NaN, "r2_greedy": NaN, "mse_ground_truth": 0.34523219067900535, "r2_ground_truth": 0.9958966149051304, "weight_mismatch_ground_truth": 0, "rand_score_ground_truth": 1, "label_mismatch_ground_truth": 0, "mse_baseline_sklearn": 82.7504712332185, "r2_baseline_sklearn": 0.017162204273310278, "mse_milp_val": 0.3489133731257138, "r2_milp_val": 0.9958457984232877, "label_mismatch_milp_val": 0.0, "mse_refit_milp_assignment_val": 0.3491450686300235, "r2_refit_milp_assignment_val": 0.9958430398307445, "label_mismatch_refit_milp_assignment_val": 0.0, "mse_refit_ground_truth_assignment_val": 0.3491450686300235, "r2_refit_ground_truth_assignment_val": 0.9958430398307445, "label_mismatch_refit_ground_truth_assignment_val": 0.0, "mse_ground_truth_val": 0.3167939826467634, "r2_ground_truth_val": 0.9962282154724692, "label_mismatch_ground_truth_val": 0.0, "mse_baseline_sklearn_val": 84.05940341304515, "r2_baseline_sklearn_val": -0.0008206422920653544, "random_state": 3}