{"time_milp": 11.106487035751343, "time_refit_milp_assignment": 11.779476881027222, "mse_refit_ground_truth_assignment": 7.7050141198710245, "r2_refit_ground_truth_assignment": 0.9192683106534638, "weight_mismatch_refit_ground_truth_assignment": 0.834871382742417, "refit-weight_mismatch_refit_ground_truth_assignment": 0.0, "rand_score_refit_ground_truth_assignment": 1.0, "label_mismatch_refit_ground_truth_assignment": 0.0, "mse_milp": 7.705018321964391, "r2_milp": 0.9192682666247196, "weight_mismatch_milp": 0.8382587600212253, "refit-weight_mismatch_milp": 0.005290492073848808, "rand_score_milp": 1.0, "label_mismatch_milp": 0.0, "mse_refit_milp_assignment": 7.7050141198710245, "r2_refit_milp_assignment": 0.9192683106534638, "weight_mismatch_refit_milp_assignment": 0.834871382742417, "refit-weight_mismatch_refit_milp_assignment": 0.0, "rand_score_refit_milp_assignment": 1.0, "label_mismatch_refit_milp_assignment": 0.0, "mse_greedy": NaN, "r2_greedy": NaN, "mse_ground_truth": 8.194188785732521, "r2_ground_truth": 0.9117770827280473, "weight_mismatch_ground_truth": 0, "rand_score_ground_truth": 1, "label_mismatch_ground_truth": 0, "mse_baseline_sklearn": 91.6337165402355, "r2_baseline_sklearn": 0.039879145929627935, "mse_milp_val": 8.954178621990128, "r2_milp_val": 0.8993651862086185, "label_mismatch_milp_val": 0.0, "mse_refit_milp_assignment_val": 8.953199271376278, "r2_refit_milp_assignment_val": 0.8993761929989476, "label_mismatch_refit_milp_assignment_val": 0.0, "mse_refit_ground_truth_assignment_val": 8.953199271376278, "r2_refit_ground_truth_assignment_val": 0.8993761929989476, "label_mismatch_refit_ground_truth_assignment_val": 0.0, "mse_ground_truth_val": 8.343763826895719, "r2_ground_truth_val": 0.9062255563031987, "label_mismatch_ground_truth_val": 0.0, "mse_baseline_sklearn_val": 89.0718345474207, "r2_baseline_sklearn_val": -0.0010664140340965744, "random_state": 4}