{"ground_truth": [[-10, 0.2, 0.4, 0.3], [10, -0.2, -0.4, -0.3]], "milp": [[-9.921248419932498, 0.2806913658105641, 0.3829448959075008, 0.06919152746708018], [9.565342883623195, 0.1221177236211285, -0.20535689557218828, -0.3823142881635069]], "refit_milp_assignment": [[-9.923813461530415, 0.28095042347023724, 0.38323743754867323, 0.0696258800425126], [9.567925361723209, 0.1215625380846773, -0.20558675405385804, -0.3825241046826897]], "refit_ground_truth_assignment": [[-9.923813461530415, 0.28095042347023724, 0.38323743754867323, 0.0696258800425126], [9.567925361723209, 0.1215625380846773, -0.20558675405385804, -0.3825241046826897]]}