{"time_milp": 544.2953939437866, "time_refit_milp_assignment": 545.1154720783234, "mse_CLR": 3.5807786944382465, "r2_CLR": 0.93875404751366, "rand_score_CLR": 1.0, "label_mismatch_CLR": 0.0, "time_CLR": 0.015705108642578125, "mse_refit_ground_truth_assignment": 3.5807788654424133, "r2_refit_ground_truth_assignment": 0.9422986263511464, "weight_mismatch_refit_ground_truth_assignment": 3.4418241634153803, "refit-weight_mismatch_refit_ground_truth_assignment": 0.0, "rand_score_refit_ground_truth_assignment": 1.0, "label_mismatch_refit_ground_truth_assignment": 0.0, "mse_milp": 6.417976730459189, "r2_milp": 0.8965794629297448, "weight_mismatch_milp": 22.462646725137255, "refit-weight_mismatch_milp": 21.313287927461403, "rand_score_milp": 0.49648033126293994, "label_mismatch_milp": 0.45714285714285713, "mse_refit_milp_assignment": 6.417975723709507, "r2_refit_milp_assignment": 0.8965794791527069, "weight_mismatch_refit_milp_assignment": 22.47640593795078, "refit-weight_mismatch_refit_milp_assignment": 21.327139091085265, "rand_score_refit_milp_assignment": 0.49648033126293994, "label_mismatch_refit_milp_assignment": 0.45714285714285713, "mse_greedy": NaN, "r2_greedy": NaN, "mse_ground_truth": 4.01231442836205, "r2_ground_truth": 0.935344777567268, "weight_mismatch_ground_truth": 0, "rand_score_ground_truth": 1, "label_mismatch_ground_truth": 0, "mse_baseline_sklearn": 15.018445593773329, "r2_baseline_sklearn": 0.7580175312886468, "random_state": 2}