{"ground_truth": [[10, -1.6997096745923854, -1.891268252181323, -1.3248575252792798, -1.8220881946169034, -1.3435479528474898, -1.4223763521289494, -1.8206434963302123, -1.6906330429810899, -1.844170065964548, -1.34567558878845, -1.5713387435106694, -1.3243491418593214, -1.730833440580051, -1.51196786148516, -1.7567386394193307, -1.594664289003173], [-10, 1.251134218854451, 1.5792209200800706, 1.0358911938681816, 1.1007859394374462, 1.3969304635824789, 1.6662583162878104, 1.409409512215801, 1.2918154006600584, 1.543915921368408, 1.6567104991460662, 1.2510664649543988, 1.5009608192619388, 1.750891861621899, 1.0026721520927508, 1.7821070938459793, 1.7723459023514312]], "milp": [[13.408188641590193, -0.2514170729190224, -2.3902048044931425, -4.592918997452529, 2.1340957772382896, -3.0712486876461895, -0.32144529663482263, -5.488287228428694, 4.237469668415002, -0.621556715856622, -0.020405446347061762, -0.22935295424282387, -2.929810729712055, 1.9759595694162808, -4.860647676483779, -3.6144625779215183, -3.44446873521893], [5.72082001592447, 1.617819608575254, -0.8131554223983748, 1.154255581709754, -4.416582328360484, -2.4169299603898065, 2.77013419163034, -1.4063530173996257, -1.5615794384901132, -2.2358943114608962, 1.8400103811843058, 0.41574526846505333, 2.046987510722413, -2.2337552402251895, 0.24018847377342656, 4.256952231955207, 0.8055485927312007]], "refit_milp_assignment": [[13.498737441366712, -0.2552344839869128, -2.3909090743426193, -4.593295825028311, 2.122144179693033, -3.073323741488636, -0.3262706820107756, -5.491483474934089, 4.232158374448732, -0.6276590328668037, -0.02971190473960536, -0.23660541414439434, -2.935573052712688, 1.9795120803563253, -4.861398800704056, -3.6232117380118742, -3.4549738255455655], [5.765350181900936, 1.6194825599759086, -0.8215152844944503, 1.1564803289664183, -4.419591857940159, -2.4196051947861377, 2.7689100249156255, -1.4094713470565874, -1.566052207731061, -2.2404552651069656, 1.8337363592633174, 0.4137469736298826, 2.046233712997471, -2.234281600436464, 0.2323750500075187, 4.258582663756503, 0.8020484018340984]], "refit_ground_truth_assignment": [[10.827308690302555, -1.714463311885156, -1.8457698380272747, -1.4595253908423809, -1.8084056595602467, -1.4167357003373522, -1.5994588476202067, -1.8307319351662827, -1.7742374912422392, -1.8015203617917088, -1.3835519506560954, -1.6686738112429165, -1.3012142076789395, -1.7668404549940537, -1.5594317896269256, -1.8901678723513715, -1.6060042211100862], [-10.078958117219674, 1.4825245974136991, 1.5096618381212352, 1.0065204185156054, 1.2907747227144886, 1.3390292207508103, 1.5669227571338622, 1.2522760594313498, 1.2727320711724517, 1.5805134793647353, 1.6718529895228755, 1.06828820686259, 1.5459520037953256, 1.6947946810505237, 1.0074429178226054, 1.832335649874657, 1.7504618765329516]]}