{"time_milp": 25662.96062898636, "time_greedy": 0.5358392477035523, "time_refit_milp_assignment": 25666.106379270554, "mse_refit_ground_truth_assignment": 5.544816320603819, "r2_refit_ground_truth_assignment": 0.9543608100172366, "weight_mismatch_refit_ground_truth_assignment": 3.756737529010844, "refit-weight_mismatch_refit_ground_truth_assignment": 0.0, "rand_score_refit_ground_truth_assignment": 1.0, "label_mismatch_refit_ground_truth_assignment": 0.0, "mse_milp": 3.804016674628526, "r2_milp": 0.9686892712629902, "weight_mismatch_milp": 4.454552041865259, "refit-weight_mismatch_milp": 1.7647949306579267, "rand_score_milp": 0.8513302034428795, "label_mismatch_milp": 0.1388888888888889, "mse_refit_milp_assignment": 3.8039717311347863, "r2_refit_milp_assignment": 0.9686896411913216, "weight_mismatch_refit_milp_assignment": 4.456909855887929, "refit-weight_mismatch_refit_milp_assignment": 1.7312687371918436, "rand_score_refit_milp_assignment": 0.8513302034428795, "label_mismatch_refit_milp_assignment": 0.1388888888888889, "mse_greedy": 9.769337153900542, "r2_greedy": 0.9195889261983735, "weight_mismatch_greedy": 19.981254081305632, "refit-weight_mismatch_greedy": 19.29973879706931, "rand_score_greedy": 0.7271517996870109, "label_mismatch_greedy": 0.33263888888888893, "mse_greedy_sem": 1.8962320684920662, "r2_greedy_sem": 0.015607820101044112, "weight_mismatch_greedy_sem": 2.9846998079205225, "refit-weight_mismatch_greedy_sem": 3.1852252551730755, "rand_score_greedy_sem": 0.021521336159191884, "label_mismatch_greedy_sem": 0.03282808793852918, "mse_ground_truth": 7.053164447853171, "r2_ground_truth": 0.9429487800844719, "weight_mismatch_ground_truth": 0, "rand_score_ground_truth": 1, "label_mismatch_ground_truth": 0, "mse_baseline_sklearn": 113.90271146397494, "r2_baseline_sklearn": 0.062470749709138906, "mse_milp_val": 9.608272779241728, "r2_milp_val": 0.9242246132169727, "label_mismatch_milp_val": 0.16666666666666666, "mse_refit_milp_assignment_val": 9.638735295953339, "r2_refit_milp_assignment_val": 0.9239843713921159, "label_mismatch_refit_milp_assignment_val": 0.16666666666666666, "mse_greedy_val": 34.908119825217206, "label_mismatch_greedy_val": 0.29375000000000007, "mse_greedy_val_sem": 9.112950756666875, "label_mismatch_greedy_val_sem": 0.024599310894641502, "r2_greedy_val": 0.7246980448620388, "r2_greedy_val_sem": 0.0718690428744895, "mse_refit_ground_truth_assignment_val": 10.676367410047703, "r2_refit_ground_truth_assignment_val": 0.915801113423643, "label_mismatch_refit_ground_truth_assignment_val": 0.1875, "mse_ground_truth_val": 8.536993408563069, "r2_ground_truth_val": 0.9326732293762924, "label_mismatch_ground_truth_val": 0.1875, "mse_baseline_sklearn_val": 126.86336344220979, "r2_baseline_sklearn_val": -0.0005045292009158153}