{"time_milp": 7.397695064544678, "time_refit_milp_assignment": 8.070859909057617, "mse_refit_ground_truth_assignment": 10.272668619307112, "r2_refit_ground_truth_assignment": 0.8924555699716016, "weight_mismatch_refit_ground_truth_assignment": 3.5473334559216188, "refit-weight_mismatch_refit_ground_truth_assignment": 0.0, "rand_score_refit_ground_truth_assignment": 1.0, "label_mismatch_refit_ground_truth_assignment": 0.0, "mse_milp": 4.431988776641091, "r2_milp": 0.9536015689262763, "weight_mismatch_milp": 4.985587296671342, "refit-weight_mismatch_milp": 4.995266439290539, "rand_score_milp": 0.7787878787878788, "label_mismatch_milp": 0.2, "mse_refit_milp_assignment": 4.4319541193245815, "r2_refit_milp_assignment": 0.9536019317532581, "weight_mismatch_refit_milp_assignment": 5.007152926548099, "refit-weight_mismatch_refit_milp_assignment": 5.017115758578265, "rand_score_refit_milp_assignment": 0.7787878787878788, "label_mismatch_refit_milp_assignment": 0.2, "mse_greedy": NaN, "r2_greedy": NaN, "mse_ground_truth": 13.76297651889966, "r2_ground_truth": 0.8559155833726164, "weight_mismatch_ground_truth": 0, "rand_score_ground_truth": 1, "label_mismatch_ground_truth": 0, "mse_baseline_sklearn": 93.76373528636908, "r2_baseline_sklearn": 0.01830593662753499, "random_state": 7}