{"ground_truth": [[-10, -1.4359949021420038, -1.0259262318278912], [1, 1.4503375221212909, 1.5646776073817232], [10, 0.1, 0.1]], "milp": [[3.1395688577891945, 1.803424390254905, -0.3751241851266818], [-10.379130149024089, -1.5002343831463247, -0.9460753479685202], [11.212967464776957, 0.6511820477147103, -0.9288525160584248]], "refit_milp_assignment": [[3.14410689247476, 1.8035075260347446, -0.37667803118481785], [-10.387889600083076, -1.4983825513868976, -0.9454818342358315], [11.223559651683578, 0.6506403954599586, -0.9311862933937692]], "refit_ground_truth_assignment": [[-10.043015795578501, -1.8001003952595, -1.003976825848484], [-0.38646355022788725, 2.5431002581968998, 1.4081451244577177], [10.721712527381023, 0.5138043316528511, -1.035664131508521]]}