{"time_milp": 5.169414043426514, "time_refit_milp_assignment": 5.6986448764801025, "mse_refit_ground_truth_assignment": 3.5807788654424133, "r2_refit_ground_truth_assignment": 0.9422986263511464, "weight_mismatch_refit_ground_truth_assignment": 3.4418241634153803, "refit-weight_mismatch_refit_ground_truth_assignment": 0.0, "rand_score_refit_ground_truth_assignment": 1.0, "label_mismatch_refit_ground_truth_assignment": 0.0, "mse_milp": 3.060629328635541, "r2_milp": 0.9506804181077461, "weight_mismatch_milp": 2.840495568344702, "refit-weight_mismatch_milp": 3.2806574785134504, "rand_score_milp": 0.7312629399585922, "label_mismatch_milp": 0.15714285714285714, "mse_refit_milp_assignment": 3.0605544657855615, "r2_refit_milp_assignment": 0.9506816244624083, "weight_mismatch_refit_milp_assignment": 2.8649201950532164, "refit-weight_mismatch_refit_milp_assignment": 3.321191237668332, "rand_score_refit_milp_assignment": 0.7312629399585922, "label_mismatch_refit_milp_assignment": 0.15714285714285714, "mse_greedy": NaN, "r2_greedy": NaN, "mse_ground_truth": 4.01231442836205, "r2_ground_truth": 0.935344777567268, "weight_mismatch_ground_truth": 0, "rand_score_ground_truth": 1, "label_mismatch_ground_truth": 0, "mse_baseline_sklearn": 15.018445593773329, "r2_baseline_sklearn": 0.7580175312886468, "random_state": 2}