{"time_milp": 6.618213891983032, "time_greedy": 1.1032724022865295, "time_refit_milp_assignment": 7.31456995010376, "mse_refit_ground_truth_assignment": 0.07049281262640882, "r2_refit_ground_truth_assignment": 0.9998176078592271, "weight_mismatch_refit_ground_truth_assignment": 2.6754258952563656, "refit-weight_mismatch_refit_ground_truth_assignment": 0.0, "rand_score_refit_ground_truth_assignment": 1.0, "label_mismatch_refit_ground_truth_assignment": 0.0, "mse_milp": 7.679245909020696, "r2_milp": 0.980130823999174, "weight_mismatch_milp": 18.27687731386479, "refit-weight_mismatch_milp": 19.405772209380554, "rand_score_milp": 0.7526132404181185, "label_mismatch_milp": 0.35714285714285715, "mse_refit_milp_assignment": 7.093902363238494, "r2_refit_milp_assignment": 0.9816453338963544, "weight_mismatch_refit_milp_assignment": 14.569684981971873, "refit-weight_mismatch_refit_milp_assignment": 14.993797114999532, "rand_score_refit_milp_assignment": 0.7526132404181185, "label_mismatch_refit_milp_assignment": 0.35714285714285715, "mse_greedy": 10.079400219416046, "r2_greedy": 0.9739206975118366, "weight_mismatch_greedy": 54.27755881823665, "refit-weight_mismatch_greedy": 54.963668965409, "rand_score_greedy": 0.5970383275261324, "label_mismatch_greedy": 0.5202380952380952, "mse_greedy_sem": 1.391419892199552, "r2_greedy_sem": 0.0036001408285008135, "weight_mismatch_greedy_sem": 4.336263544225899, "refit-weight_mismatch_greedy_sem": 4.499389800352474, "rand_score_greedy_sem": 0.01066292614093406, "label_mismatch_greedy_sem": 0.015762722495048297, "mse_ground_truth": 0.2638289674118459, "r2_ground_truth": 0.999317372532443, "weight_mismatch_ground_truth": 0, "rand_score_ground_truth": 1, "label_mismatch_ground_truth": 0, "mse_baseline_sklearn": 254.86330749627675, "r2_baseline_sklearn": 0.34057015847771666, "random_state": 9}