{"time_milp": 6.530045986175537, "time_refit_milp_assignment": 7.29250431060791, "mse_refit_ground_truth_assignment": 0.15200016117716292, "r2_refit_ground_truth_assignment": 0.9989855838725528, "weight_mismatch_refit_ground_truth_assignment": 0.4049751601634389, "refit-weight_mismatch_refit_ground_truth_assignment": 0.0, "rand_score_refit_ground_truth_assignment": 1.0, "label_mismatch_refit_ground_truth_assignment": 0.0, "mse_milp": 2.876851561103227, "r2_milp": 0.9808005162806798, "weight_mismatch_milp": 2.3633373513089295, "refit-weight_mismatch_milp": 2.243134659049592, "rand_score_milp": 0.7649717514124293, "label_mismatch_milp": 0.13333333333333333, "mse_refit_milp_assignment": 2.8768167220280763, "r2_refit_milp_assignment": 0.9808007487891155, "weight_mismatch_refit_milp_assignment": 2.3460657212375917, "refit-weight_mismatch_refit_milp_assignment": 2.2270774428148123, "rand_score_refit_milp_assignment": 0.7649717514124293, "label_mismatch_refit_milp_assignment": 0.13333333333333333, "mse_greedy": NaN, "r2_greedy": NaN, "mse_ground_truth": 0.2504962097293258, "r2_ground_truth": 0.9979771492956169, "weight_mismatch_ground_truth": 0, "rand_score_ground_truth": 1, "label_mismatch_ground_truth": 0, "mse_baseline_sklearn": 125.61448345677208, "r2_baseline_sklearn": 0.1616761661786087, "mse_milp_val": 45.616139011146814, "r2_milp_val": 0.4511619879386656, "label_mismatch_milp_val": 0.3, "mse_refit_milp_assignment_val": 45.65568542560844, "r2_refit_milp_assignment_val": 0.45068617880690254, "label_mismatch_refit_milp_assignment_val": 0.3, "mse_refit_ground_truth_assignment_val": 36.90883980712952, "r2_refit_ground_truth_assignment_val": 0.5559252776241059, "label_mismatch_refit_ground_truth_assignment_val": 0.25, "mse_ground_truth_val": 37.13853431756804, "r2_ground_truth_val": 0.5531616706809652, "label_mismatch_ground_truth_val": 0.25, "mse_baseline_sklearn_val": 86.01418218068153, "r2_baseline_sklearn_val": -0.034893653441185446, "random_state": 6}