{"ground_truth": [[10, -1.1420492900604682, -1.6843240980974794, -1.8536809371912404, -1.3442972057627385, -1.2118331687888735, -1.7218710232142387, -1.838699728219114, -1.25059120273682], [-10, 1.4306354158753636, 1.8508462153563694, 1.2578542916114457, 1.9487079636093128, 1.568928276402624, 1.9844967243009868, 1.0446388939112814, 1.9389186458186982]], "milp": [[9.092421624336794, -1.3273442062039684, -1.2932299007473969, -2.0662603028557123, -1.0181042846015658, -0.5689292617717993, -1.5707054807603398, -2.107090679793897, -1.40919813404606], [-9.107131517457468, 1.5523626353915991, 1.6705905499071674, 0.86706386043855, 2.222669461912176, 1.5817839480479559, 2.072815379137028, 0.8377052360693887, 1.88647946065392]], "refit_milp_assignment": [[9.101717574847864, -1.3281773691316583, -1.2936041825856517, -2.0672860417166135, -1.0195969808152825, -0.5696606940015753, -1.5716643617537354, -2.107370579209343, -1.409100285848529], [-9.119081376096117, 1.5544571631423523, 1.6708049570139873, 0.8685152164791832, 2.222964557421648, 1.5826279608169749, 2.074168928822168, 0.8380506222001224, 1.8854858524095586]], "refit_ground_truth_assignment": [[9.98071307024496, -1.1412618744231222, -1.6256722713925875, -1.8667617134181753, -1.37440851979955, -1.2461575964809366, -1.7622182476959984, -1.7153615544302456, -1.3208372531723158], [-9.798257554240912, 1.479823997071614, 1.8508379078389887, 1.2274898421378768, 1.9353165495318176, 1.5589671167994705, 1.943084954214706, 1.1463039511807698, 1.920848915804796]]}