{"time_milp": 5657.0998067855835, "time_greedy": 0.5208963394165039, "time_refit_milp_assignment": 5666.7865254879, "mse_refit_ground_truth_assignment": 4.438565470888074, "r2_refit_ground_truth_assignment": 0.9615793081634981, "weight_mismatch_refit_ground_truth_assignment": 2.9017064819685388, "refit-weight_mismatch_refit_ground_truth_assignment": 0.0, "rand_score_refit_ground_truth_assignment": 1.0, "label_mismatch_refit_ground_truth_assignment": 0.0, "mse_milp": 8.419268830121426, "r2_milp": 0.927121919157804, "weight_mismatch_milp": 16.03524211793759, "refit-weight_mismatch_milp": 17.48072022785034, "rand_score_milp": 0.7187010954616588, "label_mismatch_milp": 0.4444444444444444, "mse_refit_milp_assignment": 9.728294942270276, "r2_refit_milp_assignment": 0.915790850777564, "weight_mismatch_refit_milp_assignment": 17.55691670963079, "refit-weight_mismatch_refit_milp_assignment": 19.159232720452472, "rand_score_refit_milp_assignment": 0.7187010954616588, "label_mismatch_refit_milp_assignment": 0.4444444444444444, "mse_greedy": 115.90705158228874, "r2_greedy": -0.0033036889348023735, "weight_mismatch_greedy": 22.956050966705313, "refit-weight_mismatch_greedy": 24.55943226765071, "rand_score_greedy": 0.8877151799687011, "label_mismatch_greedy": 0.09722222222222224, "mse_greedy_sem": 3.260193663416e-15, "r2_greedy_sem": 0.0, "weight_mismatch_greedy_sem": 1.4693494276736472e-15, "refit-weight_mismatch_greedy_sem": 8.15048415854e-16, "rand_score_greedy_sem": 0.0, "label_mismatch_greedy_sem": 3.1837828744296875e-18, "mse_ground_truth": 3.952027283268194, "r2_ground_truth": 0.9650896016367458, "weight_mismatch_ground_truth": 0, "rand_score_ground_truth": 1, "label_mismatch_ground_truth": 0, "mse_baseline_sklearn": 109.77090328587008, "r2_baseline_sklearn": 0.04981145926027608, "mse_milp_val": 10.160031221075537, "r2_milp_val": 0.9073084271284142, "label_mismatch_milp_val": 0.4166666666666667, "mse_refit_milp_assignment_val": 11.685891304552067, "r2_refit_milp_assignment_val": 0.893387764086944, "label_mismatch_refit_milp_assignment_val": 0.4166666666666667, "mse_greedy_val": 110.71710455036616, "label_mismatch_greedy_val": 0.10416666666666667, "mse_greedy_val_sem": 0.0, "label_mismatch_greedy_val_sem": 0.0, "r2_greedy_val": -0.010089668157030163, "r2_greedy_val_sem": 0.0, "mse_refit_ground_truth_assignment_val": 4.8623359784470885, "r2_refit_ground_truth_assignment_val": 0.9556401393002165, "label_mismatch_refit_ground_truth_assignment_val": 0.16666666666666666, "mse_ground_truth_val": 4.263602431868547, "r2_ground_truth_val": 0.9611024802080108, "label_mismatch_ground_truth_val": 0.16666666666666666, "mse_baseline_sklearn_val": 109.80230206049835, "r2_baseline_sklearn_val": -0.0017437802549540304}