{"ground_truth": [[-10, -1.5826848885290346, -1.0255509418496929], [1, 1.3377979807316742, 1.6124765741267186]], "milp": [[-10.621246555794723, -0.7645372565393996, -1.0874915166573482], [-0.6854894225312996, 1.4826541330973946, 2.161524714692118]], "refit_milp_assignment": [[-10.63025683254385, -0.7647273376044283, -1.0858131801241666], [-0.6865340715243304, 1.4830211072808426, 2.1620437031162565]], "refit_ground_truth_assignment": [[-9.813119475284545, -0.8638295270933084, -1.3145567567108516], [-0.8484869831017798, 1.6936150996832848, 2.186407542422401]]}