{"ground_truth": [[-10, -1.337719620706157, -1.6626352006348812, -1.0611537685933308], [1, 1.6272285743807728, 1.565890653114534, 1.026132378542826], [10, 0.1, 0.1, 0.1]], "milp": [[-10.064757168194213, -1.6683710101445772, -1.6293514487325895, -0.44348446181818213], [0.6828169859976434, 2.161848967444282, 1.5132702257222206, 0.9768891036065446], [9.661525401861072, -0.8371167559047716, 1.1318038006590263, 0.421013532700384]], "greedy": [[[-17.274147595802727, 7.2888786498969615, 1.5021545073472178, 4.462601490552907], [6.030051347445248, -5.195492833488912, 4.972145401117508, -6.0135388220304495], [8.17178018003227, -2.6804737278350363, -7.222636804905474, 1.2403238953340339]], [[-10.08194004964385, -1.6640947754007431, -1.625351412826742, -0.43780827431239894], [3.1786433763083703, 2.031142378100099, 1.1425291296190856, 1.0387638838567201], [9.90068323343667, -2.5293903445590917, 0.43824135300786354, -2.360934453196952]], [[-10.807378037424346, -2.3914170675505297, -1.0453338509408945, 0.10712891894525511], [3.5278619672927403, 1.6317176156972644, 1.2894351398785804, 0.9163531182767098], [7.111325788825935, -6.133157575279079, 1.8032184981487644, -6.244203498636838]], [[-10.08194004964385, -1.6640947754007431, -1.625351412826742, -0.43780827431239894], [9.567354872202603, -0.7511178594377254, 1.160378730607387, 0.48876097892167875], [0.8676272099614368, 2.056271834574111, 1.3685109226487513, 0.9313910797063825]], [[1.7908975817971542, 1.1833870766968015, -0.17803546506444007, 1.1360289161354542], [-10.08194004964385, -1.6640947754007431, -1.625351412826742, -0.43780827431239894], [9.867553217917857, -0.5704866489119089, 0.6558231645097988, 0.11779734098312389]], [[9.735655915192634, -0.8908102490212606, 0.8278661535756873, 0.6926344530264201], [0.9775408711574536, 1.9043934246527303, 0.842425041933212, 1.1731286176972913], [-10.08194004964385, -1.6640947754007431, -1.625351412826742, -0.43780827431239894]], [[-10.08194004964385, -1.6640947754007431, -1.625351412826742, -0.43780827431239894], [9.476922769725196, -0.4521398237780051, 1.1549695904976143, 0.380020102129644], [0.8650674582124469, 2.1397918958645983, 1.4277288947730526, 0.8567728215340034]], [[5.921781886026606, -4.680396411227954, -4.3116066826220045, 4.242207444101036], [-16.720314497714313, 4.343272502772617, 5.396655375433071, 0.3580862135224025], [12.345889695650904, -1.3808065433317698, -1.5706547611583084, -6.451237898793851]], [[-2.048481103291593, -2.4712625556152967, 2.4776332158727796, -0.7055230644242036], [8.581961452658177, -0.41447050770467575, 1.1551031110516645, -0.2542231822144944], [-10.807378037424346, -2.3914170675505297, -1.0453338509408945, 0.10712891894525511]], [[-10.08194004964385, -1.6640947754007431, -1.625351412826742, -0.43780827431239894], [9.154605008450304, 0.327520850790242, -2.455347565948772, -1.610413718595485], [5.207447422993323, -0.2708939977781255, 2.2569111937842843, 1.4590899597572105]], [[-10.08194004964385, -1.6640947754007431, -1.625351412826742, -0.43780827431239894], [8.700599997350535, 0.057882656304578665, 0.9161921748060466, -0.18734793814409006], [0.945951039226582, 1.895650315163769, 0.729010968535132, 0.716584319584816]], [[0.07486352309929734, -1.295766445680421, 4.289796787984887, -7.571677589288229], [-13.010424694675475, 3.740968052071987, 1.7796138044787195, 6.196267287705009], [12.106059002368102, -5.336828581105489, -6.560095874387598, 4.424169908465125]], [[3.5278619672927403, 1.6317176156972644, 1.2894351398785804, 0.9163531182767098], [-10.409853784979463, -2.0945716059705726, -1.3436292123181968, -0.12326183248199828], [7.196746043965966, -6.056817653144125, 1.7376639989194462, -6.175801928585441]], [[2.2149632754500383, -3.3228148191172187, 3.598327327007973, -7.115694822949543], [11.150775795054447, -5.542939670494005, -1.8733544849521857, 2.1520419543690914], [-16.19561169167345, 6.342109587046965, 0.27191686818836097, 5.687067616957342]], [[-10.198833092844998, -1.1745588703693768, -1.6779737167322697, -0.13311330988286085], [8.136745919914858, -0.1751425115130718, 1.229389383557564, -0.26821826743559796], [-3.8699100604054637, -6.14659126054284, 2.820455975637268, -2.2706827022230422]], [[10.037469419147977, -0.5411737208038535, 0.4744461118166289, 0.20763356817553313], [1.99785579427345, 1.093940052348964, -0.48798534248095854, 1.2448186815697568], [-10.08194004964385, -1.6640947754007431, -1.625351412826742, -0.43780827431239894]], [[9.16026855395296, -0.46103023506388857, 1.0793766978761261, -0.1118494946226809], [1.2777874203058663, 1.2920264682493077, 0.4034173046373266, 0.9293302585695522], [-10.08194004964385, -1.6640947754007431, -1.625351412826742, -0.43780827431239894]], [[0.9775408711574536, 1.9043934246527303, 0.842425041933212, 1.1731286176972913], [9.735655915192634, -0.8908102490212606, 0.8278661535756873, 0.6926344530264201], [-10.08194004964385, -1.6640947754007431, -1.625351412826742, -0.43780827431239894]], [[-10.08194004964385, -1.6640947754007431, -1.625351412826742, -0.43780827431239894], [9.896642561329713, -0.5681826107602849, 0.6040599364799318, 0.18036892145496328], [1.8091932656995504, 1.1385986253923146, -0.29097397896107985, 1.2293924789382353]], [[-10.807378037424346, -2.3914170675505297, -1.0453338509408945, 0.10712891894525511], [4.603754053714982, 1.0216060968358374, 1.735521041934025, 0.6874773666394234], [6.681506712829948, -6.1206720911347325, 0.9879263972208739, -6.453503612569033]]], "refit_milp_assignment": [[-10.080339375299047, -1.6649613276251471, -1.6259062530627828, -0.43813737235114286], [0.6817386753804895, 2.162448072695272, 1.5140183505672076, 0.977051571055327], [9.678912972236537, -0.8421840969183281, 1.1251584340692182, 0.4179436048573024]], "refit_ground_truth_assignment": [[-10.080339375299047, -1.6649613276251471, -1.6259062530627828, -0.43813737235114286], [0.8622428248116902, 2.1893542751916693, 1.39322982508095, 0.8570437089823906], [9.75902548751372, -0.4899707865680318, 0.8724150189234797, 0.2714016607922797]]}