{"ground_truth": [[10, -1.7815201782779404, -1.509086968091962, -1.14259300003099, -1.101688809920081], [-10, 1.1899573892543165, 1.78163628955383, 1.2846287666962515, 1.311513358182372]], "milp": [[-10.061492692004897, 1.3011842555681508, 1.7282957709883973, 1.4061013145581551, 1.3049852941210998], [10.007454077123345, -1.826217863229012, -1.5514768822036933, -1.1707686887969257, -0.9918466426737909]], "greedy": [[[-10.068755023307371, 1.2348767457691028, 1.766244288612808, 1.3741029504087323, 1.3320545286982353], [9.998062624120918, -1.8481272291309865, -1.5402624743563702, -1.1848813049168483, -0.9813897927038199]], [[-10.068755023307371, 1.2348767457691028, 1.766244288612808, 1.3741029504087323, 1.3320545286982353], [9.998062624120918, -1.8481272291309865, -1.5402624743563702, -1.1848813049168483, -0.9813897927038199]], [[9.998062624120918, -1.8481272291309865, -1.5402624743563702, -1.1848813049168483, -0.9813897927038199], [-10.068755023307371, 1.2348767457691028, 1.766244288612808, 1.3741029504087323, 1.3320545286982353]], [[9.998062624120918, -1.8481272291309865, -1.5402624743563702, -1.1848813049168483, -0.9813897927038199], [-10.068755023307371, 1.2348767457691028, 1.766244288612808, 1.3741029504087323, 1.3320545286982353]], [[-10.068755023307371, 1.2348767457691028, 1.766244288612808, 1.3741029504087323, 1.3320545286982353], [9.998062624120918, -1.8481272291309865, -1.5402624743563702, -1.1848813049168483, -0.9813897927038199]], [[9.998062624120918, -1.8481272291309865, -1.5402624743563702, -1.1848813049168483, -0.9813897927038199], [-10.068755023307371, 1.2348767457691028, 1.766244288612808, 1.3741029504087323, 1.3320545286982353]], [[9.998062624120918, -1.8481272291309865, -1.5402624743563702, -1.1848813049168483, -0.9813897927038199], [-10.068755023307371, 1.2348767457691028, 1.766244288612808, 1.3741029504087323, 1.3320545286982353]], [[9.998062624120918, -1.8481272291309865, -1.5402624743563702, -1.1848813049168483, -0.9813897927038199], [-10.068755023307371, 1.2348767457691028, 1.766244288612808, 1.3741029504087323, 1.3320545286982353]], [[9.998062624120918, -1.8481272291309865, -1.5402624743563702, -1.1848813049168483, -0.9813897927038199], [-10.068755023307371, 1.2348767457691028, 1.766244288612808, 1.3741029504087323, 1.3320545286982353]], [[9.998062624120918, -1.8481272291309865, -1.5402624743563702, -1.1848813049168483, -0.9813897927038199], [-10.068755023307371, 1.2348767457691028, 1.766244288612808, 1.3741029504087323, 1.3320545286982353]], [[-10.068755023307371, 1.2348767457691028, 1.766244288612808, 1.3741029504087323, 1.3320545286982353], [9.998062624120918, -1.8481272291309865, -1.5402624743563702, -1.1848813049168483, -0.9813897927038199]], [[9.998062624120918, -1.8481272291309865, -1.5402624743563702, -1.1848813049168483, -0.9813897927038199], [-10.068755023307371, 1.2348767457691028, 1.766244288612808, 1.3741029504087323, 1.3320545286982353]], [[9.998062624120918, -1.8481272291309865, -1.5402624743563702, -1.1848813049168483, -0.9813897927038199], [-10.068755023307371, 1.2348767457691028, 1.766244288612808, 1.3741029504087323, 1.3320545286982353]], [[9.998062624120918, -1.8481272291309865, -1.5402624743563702, -1.1848813049168483, -0.9813897927038199], [-10.068755023307371, 1.2348767457691028, 1.766244288612808, 1.3741029504087323, 1.3320545286982353]], [[9.998062624120918, -1.8481272291309865, -1.5402624743563702, -1.1848813049168483, -0.9813897927038199], [-10.068755023307371, 1.2348767457691028, 1.766244288612808, 1.3741029504087323, 1.3320545286982353]], [[9.998062624120918, -1.8481272291309865, -1.5402624743563702, -1.1848813049168483, -0.9813897927038199], [-10.068755023307371, 1.2348767457691028, 1.766244288612808, 1.3741029504087323, 1.3320545286982353]], [[-10.068755023307371, 1.2348767457691028, 1.766244288612808, 1.3741029504087323, 1.3320545286982353], [9.998062624120918, -1.8481272291309865, -1.5402624743563702, -1.1848813049168483, -0.9813897927038199]], [[9.998062624120918, -1.8481272291309865, -1.5402624743563702, -1.1848813049168483, -0.9813897927038199], [-10.068755023307371, 1.2348767457691028, 1.766244288612808, 1.3741029504087323, 1.3320545286982353]], [[-10.068755023307371, 1.2348767457691028, 1.766244288612808, 1.3741029504087323, 1.3320545286982353], [9.998062624120918, -1.8481272291309865, -1.5402624743563702, -1.1848813049168483, -0.9813897927038199]], [[-10.068755023307371, 1.2348767457691028, 1.766244288612808, 1.3741029504087323, 1.3320545286982353], [9.998062624120918, -1.8481272291309865, -1.5402624743563702, -1.1848813049168483, -0.9813897927038199]]], "refit_milp_assignment": [[-10.070224650793325, 1.3022236561917675, 1.7292147788247656, 1.4088126144943822, 1.3048852686292294], [10.015721359014774, -1.8272935336396605, -1.5527690472579034, -1.171447321317046, -0.9928154625956478]], "refit_ground_truth_assignment": [[10.004160046846255, -1.8507059169370446, -1.5283854851355851, -1.1836332844278565, -0.9876837736474734], [-10.067327437927318, 1.2366607214243568, 1.7607859505996086, 1.3725980844162384, 1.3342303694894662]]}