{"time_milp": 7859.934120893478, "time_greedy": 0.4690393328666687, "time_refit_milp_assignment": 7862.672493934631, "mse_refit_ground_truth_assignment": 5.642840269652762, "r2_refit_ground_truth_assignment": 0.9526101287255583, "weight_mismatch_refit_ground_truth_assignment": 4.737740989420805, "refit-weight_mismatch_refit_ground_truth_assignment": 0.0, "rand_score_refit_ground_truth_assignment": 1.0, "label_mismatch_refit_ground_truth_assignment": 0.0, "mse_milp": 7.715278298321441, "r2_milp": 0.9352053171927821, "weight_mismatch_milp": 14.597845633186562, "refit-weight_mismatch_milp": 12.626273423772894, "rand_score_milp": 0.7492175273865415, "label_mismatch_milp": 0.2638888888888889, "mse_refit_milp_assignment": 7.7152405150256875, "r2_refit_milp_assignment": 0.9352056345055956, "weight_mismatch_refit_milp_assignment": 14.593635337659114, "refit-weight_mismatch_refit_milp_assignment": 12.657903737681906, "rand_score_refit_milp_assignment": 0.7492175273865415, "label_mismatch_refit_milp_assignment": 0.2638888888888889, "mse_greedy": 7.355823039104561, "r2_greedy": 0.9382241051876896, "weight_mismatch_greedy": 14.676772432396882, "refit-weight_mismatch_greedy": 13.67806339162517, "rand_score_greedy": 0.7632237871674491, "label_mismatch_greedy": 0.28819444444444453, "mse_greedy_sem": 0.9241494975805391, "r2_greedy_sem": 0.007761220172084849, "weight_mismatch_greedy_sem": 1.8948963172738873, "refit-weight_mismatch_greedy_sem": 2.256465770532045, "rand_score_greedy_sem": 0.018356855435357283, "label_mismatch_greedy_sem": 0.029113970078575545, "mse_ground_truth": 6.280166839847527, "r2_ground_truth": 0.9460802034085232, "weight_mismatch_ground_truth": 0, "rand_score_ground_truth": 1, "label_mismatch_ground_truth": 0, "mse_baseline_sklearn": 113.39669420506867, "r2_baseline_sklearn": 0.04766846401340363, "mse_milp_val": 12.666894247640364, "r2_milp_val": 0.8870834483010296, "label_mismatch_milp_val": 0.2708333333333333, "mse_refit_milp_assignment_val": 12.668214210894698, "r2_refit_milp_assignment_val": 0.887071681746724, "label_mismatch_refit_milp_assignment_val": 0.2708333333333333, "mse_greedy_val": 18.29073866712913, "label_mismatch_greedy_val": 0.284375, "mse_greedy_val_sem": 3.75074153407725, "label_mismatch_greedy_val_sem": 0.02561715398353951, "r2_greedy_val": 0.8369507869931117, "r2_greedy_val_sem": 0.03343525193012519, "mse_refit_ground_truth_assignment_val": 7.017765666685061, "r2_refit_ground_truth_assignment_val": 0.9374415003219027, "label_mismatch_refit_ground_truth_assignment_val": 0.20833333333333334, "mse_ground_truth_val": 7.350903016538822, "r2_ground_truth_val": 0.9344718125632299, "label_mismatch_ground_truth_val": 0.20833333333333334, "mse_baseline_sklearn_val": 112.8416417106872, "r2_baseline_sklearn_val": -0.005904748308376506}