{"time_milp": 124.41463780403137, "time_refit_milp_assignment": 124.94207000732422, "mse_refit_ground_truth_assignment": 0.21854025517350326, "r2_refit_ground_truth_assignment": 0.9972510216857643, "weight_mismatch_refit_ground_truth_assignment": 0.3908386097330977, "refit-weight_mismatch_refit_ground_truth_assignment": 0.0, "rand_score_refit_ground_truth_assignment": 1.0, "label_mismatch_refit_ground_truth_assignment": 0.0, "mse_milp": 12.906294593289282, "r2_milp": 0.837654056338858, "weight_mismatch_milp": 11.36423296482349, "refit-weight_mismatch_milp": 11.192467820905062, "rand_score_milp": 0.5728813559322034, "label_mismatch_milp": 0.3, "mse_refit_milp_assignment": 12.906258359346191, "r2_refit_milp_assignment": 0.8376545121190698, "weight_mismatch_refit_milp_assignment": 11.371181878345912, "refit-weight_mismatch_refit_milp_assignment": 11.198605861534812, "rand_score_refit_milp_assignment": 0.5728813559322034, "label_mismatch_refit_milp_assignment": 0.3, "mse_greedy": NaN, "r2_greedy": NaN, "mse_ground_truth": 0.27155137381589617, "r2_ground_truth": 0.9963750613798003, "weight_mismatch_ground_truth": 0, "rand_score_ground_truth": 1, "label_mismatch_ground_truth": 0, "mse_baseline_sklearn": 62.788154133143664, "r2_baseline_sklearn": 0.21019917375924668, "mse_milp_val": 54.30377235708422, "r2_milp_val": 0.1952028297060976, "label_mismatch_milp_val": 0.375, "mse_refit_milp_assignment_val": 54.3627287988822, "r2_refit_milp_assignment_val": 0.1943290786668952, "label_mismatch_refit_milp_assignment_val": 0.375, "mse_refit_ground_truth_assignment_val": 32.781245805307925, "r2_refit_ground_truth_assignment_val": 0.5141727228572737, "label_mismatch_refit_ground_truth_assignment_val": 0.325, "mse_ground_truth_val": 33.16992399502249, "r2_ground_truth_val": 0.5084124028341948, "label_mismatch_ground_truth_val": 0.325, "mse_baseline_sklearn_val": 68.3755667500798, "r2_baseline_sklearn_val": -0.013345118564811909, "random_state": 2}