{"time_milp": 28.228394031524658, "time_refit_milp_assignment": 28.98493790626526, "mse_refit_ground_truth_assignment": 8.892689249842137, "r2_refit_ground_truth_assignment": 0.907035886459272, "weight_mismatch_refit_ground_truth_assignment": 1.671435529250835, "refit-weight_mismatch_refit_ground_truth_assignment": 0.0, "rand_score_refit_ground_truth_assignment": 1.0, "label_mismatch_refit_ground_truth_assignment": 0.0, "mse_milp": 8.892694744528622, "r2_milp": 0.9070358290178565, "weight_mismatch_milp": 1.668037032563391, "refit-weight_mismatch_milp": 0.006477776525075053, "rand_score_milp": 1.0, "label_mismatch_milp": 0.0, "mse_refit_milp_assignment": 8.892689249842137, "r2_refit_milp_assignment": 0.907035886459272, "weight_mismatch_refit_milp_assignment": 1.671435529250835, "refit-weight_mismatch_refit_milp_assignment": 0.0, "rand_score_refit_milp_assignment": 1.0, "label_mismatch_refit_milp_assignment": 0.0, "mse_greedy": NaN, "r2_greedy": NaN, "mse_ground_truth": 11.10727346245425, "r2_ground_truth": 0.8830257071804072, "weight_mismatch_ground_truth": 0, "rand_score_ground_truth": 1, "label_mismatch_ground_truth": 0, "mse_baseline_sklearn": 86.91462886015103, "r2_baseline_sklearn": 0.09139505511802881, "mse_milp_val": 12.69237750117633, "r2_milp_val": 0.8648065792766406, "label_mismatch_milp_val": 0.0, "mse_refit_milp_assignment_val": 12.692500427080871, "r2_refit_milp_assignment_val": 0.8648052699259277, "label_mismatch_refit_milp_assignment_val": 0.0, "mse_refit_ground_truth_assignment_val": 12.692500427080871, "r2_refit_ground_truth_assignment_val": 0.8648052699259277, "label_mismatch_refit_ground_truth_assignment_val": 0.0, "mse_ground_truth_val": 11.792175941157282, "r2_ground_truth_val": 0.8743951160364557, "label_mismatch_ground_truth_val": 0.0, "mse_baseline_sklearn_val": 93.91111355850053, "r2_baseline_sklearn_val": -0.00029838261089087936, "random_state": 8}