{"ground_truth": [[-10, 0.2, 0.4, 0.3], [10, -0.2, -0.4, -0.3]], "milp": [[-9.93746624709047, 0.9055994944033321, 0.6381657504499278, -0.23251192703807486], [10.599941401674187, -0.2495702526301962, -0.781462066689318, -0.5349201333394178]], "refit_milp_assignment": [[-9.939939539175025, 0.9059022027966689, 0.6384600381043198, -0.232071096508522], [10.603726540756135, -0.2503442403343902, -0.7820687582274335, -0.5353108822649402]], "refit_ground_truth_assignment": [[-9.939939539175025, 0.9059022027966689, 0.6384600381043198, -0.232071096508522], [10.603726540756135, -0.2503442403343902, -0.7820687582274335, -0.5353108822649402]]}