{"ground_truth": [[-10, -1.707146628671738, -1.3436202707396958, -1.1289837815234174], [1, 1.505130281830402, 1.236007952911256, 1.4788796669191786], [10, 0.1, 0.1, 0.1]], "milp": [[-10.842845033879797, -1.7780232927804118, -1.5540196716254298, -0.8867915669878763], [10.493238642121286, -2.2357995617347237, -3.6253437802339086, 1.4580044152241254], [1.2342642992639723, 2.91512289844202, 2.260344345698359, -0.8310661815561553]], "greedy": [[[19.342712554471014, -2.24502675173477, -0.5156351699712756, 0.40923687417301685], [-7.492861385675127, -2.8152836254209532, -2.4679138384259764, -0.9409125141115919], [-5.462386891799467, 4.533954057997324, 6.163619223344796, -2.8540397089513174]], [[-5.885625185830855, 4.104626868100295, 4.192074369206213, -2.777825556170829], [13.990671207676522, 0.7737397235385595, -6.6854875438804635, -8.480232275407404], [-0.9804077442884043, -4.264470348270362, -2.5902666897109863, 5.203011402284377]], [[-15.19127337160162, -0.8403731006454301, 0.6031524316074743, -1.3237680937175111], [-2.294733572750417, -4.70850374023596, -3.9622559215175612, 6.943017353490669], [9.670691408351797, 0.7377898485566945, 1.041900932162498, 0.05369769006078062]], [[-2.683118665285276, -4.463703212138044, -3.8240325487847677, 8.017621240349312], [7.95874179177739, 1.3216207960407083, 1.0578622913664002, -0.0254469996731617], [-16.672870879831585, -0.28045480417913626, 0.7853537282962099, -1.0215479863660462]], [[-3.0143919425854695, 1.3795571027232083, -0.808363105588864, 4.861938775674116], [-12.997927634094733, 2.4052421916012685, 4.135988243258024, -3.6715040079871746], [24.201458474739105, -5.4993700992340235, -4.910095633275726, -1.3115194771317482]], [[-12.73250105209692, -1.9762017170170634, -1.0032700133706232, -0.552100886860555], [0.8728861070671554, 4.1370250825139925, 3.7028124400032527, -1.2598970928585604], [20.203322244645715, -2.456293143505832, -0.5162827083984397, 0.18948515952427178]], [[3.0355255703415653, -1.733487738789331, -3.0772205785170894, 5.228803753670789], [-5.544859113465342, 5.105863487906585, 3.500560242571942, -4.0072544727293335], [-3.102872562446551, -2.601116556416358, 0.9957150032286883, -6.062690882077924]], [[-29.448582470494877, 0.4763385020218305, 0.6634515016840214, -5.5111392704794175], [-5.379597697062836, -1.051134101766396, -1.265943538014204, -2.396885699109155], [13.880568625837343, -0.2282750113883119, -0.007728800098291066, 0.35706048160778203]], [[-16.553103922625514, -0.743602397090588, 0.13399972595284204, -0.7828438198895424], [24.155495227585426, -4.116142549152034, -7.588099801270969, -3.2119426317848], [3.715400648269881, 1.995362394185821, 1.7758219856415087, 0.14799946474467857]], [[13.951724556628648, -3.4897277198619037, -11.969343284473853, -0.07237780644812893], [2.153543636315052, 2.5491247887553334, 2.1073663344854205, -0.3273416238372157], [-17.71729794332862, -1.9227570348097072, -0.36590818382469686, 0.537101790720172]], [[-6.4433327958040865, 4.196432772330769, 6.4121780262298085, -4.437392920136845], [17.286595147778147, -1.228559267467552, -0.8143717970787726, 0.1392781032809414], [-7.824335171221204, -2.7518596380517213, -2.39758403844428, -0.7883490861499038]], [[-17.480977207378608, -2.038616300806309, 1.6109370428697423, -1.8948138959684635], [2.5160108564222776, 1.8848011928127988, 4.580471168155099, -5.819590409603027], [14.364363458113539, -0.5353278745239091, -0.3349353867246391, 0.8817803317516096]], [[3.393642526228917, 2.3007953444239684, 1.8538996903419922, -0.19166036407599468], [25.245268603077747, -3.512349673417549, -3.427477116199418, -1.700517091502611], [-16.294505457958604, -0.8824594874522763, 0.22245531652241377, -0.7744582413015367]], [[12.561250097412199, -8.531579585016258, 2.2981761538386487, -4.06756415462211], [0.80524209278191, 3.2206184858310807, 2.7064256347297677, -0.7900446675448788], [2.912884711166683, -3.4189862809241327, -8.737715425820028, 1.4782691105664563]], [[-13.450195927787275, -4.368843428924576, -0.31527074314502035, 13.01831731245581], [9.315373586781465, 0.9068043264427529, 0.883983850432264, -0.03840388712415043], [-11.267067431076129, -1.1322454132722763, -1.1389748285176353, -1.8692195248741763]], [[12.469020967350623, 0.03734333728248012, -0.49181851425194334, -6.987349805471073], [-20.292776710709063, 4.462384128438983, 3.874871838156048, 1.1367895809771098], [-1.380340653555296, -5.070114655613417, -2.588585321978078, 4.971482074044475]], [[15.659911011933453, -8.595219518365209, 2.2393859252954256, 0.28312671775514914], [-1.1025444256247727, -1.3107688015901617, -6.675298538999589, -0.8957998834336836], [-4.693287068630616, 3.860555088601788, 4.360637286767443, -2.1704636930560826]], [[-6.398499382848218, 4.0205577945380355, 6.681875646362773, -3.948395294087906], [17.81626736162645, -1.5121408657551563, -0.6049729883112831, 0.2563813034021154], [-7.861115418374271, -2.688875469071114, -2.4296555076143127, -0.8668010022167639]], [[-2.683118665285276, -4.463703212138044, -3.8240325487847677, 8.017621240349312], [-16.672870879831585, -0.28045480417913626, 0.7853537282962099, -1.0215479863660462], [7.95874179177739, 1.3216207960407083, 1.0578622913664002, -0.0254469996731617]], [[13.37384541741839, -3.7695565195248473, -8.425542381039492, 1.7513302998392677], [-17.6156442850339, 0.4844914127821174, 3.1848062731479923, -1.8900627857940984], [3.3859975492729486, 2.052297450112601, 2.5536419513922217, -0.8623822823893319]]], "refit_milp_assignment": [[-10.847234928497596, -1.7775018418700752, -1.553099692758195, -0.886270797939562], [10.502202398616106, -2.236262274684195, -3.626316797139183, 1.4551453093475226], [1.2344966373463162, 2.915159728392093, 2.260356554090736, -0.8311829329170404]], "refit_ground_truth_assignment": [[-13.418776130534955, -1.2499569812457825, -0.6846272432473218, -1.356045087030802], [4.805674461042651, -0.5506971564350198, 2.3334760364072133, 1.3246077522747841], [10.519723513942001, 0.6415801984753999, 0.2543944997261764, -0.04120244486405592]]}