{"X": [[0.6352246713330537, 1.4998563382999581], [2.980384446953857, -1.9929373925465659], [3.7495121991472136, 2.8689831342805263], [-1.0548299004171078, 2.8473254067935105], [-0.10809706451886902, 3.4740620271846034], [0.9825086083637146, 1.8328824325555488], [-1.587389389958417, 0.9340693406969801], [0.2716334999350356, 2.399424033909478], [-0.11507836305934149, 2.0203336776727814], [5.861127584820732, 0.9414411352664365], [3.2142950857409125, 0.176870103072563], [2.733993006138655, -1.27032207801554], [3.6419822749452053, 0.1233944695280399], [-0.5515397428738598, -0.44976741580065616], [-0.14698979715157612, 2.260663458279682], [1.4920272760136069, 2.937437333180977], [2.2744868636677937, -0.059417069267818645], [0.46543000813228097, 3.288208184557377], [4.255135066197212, 3.4577612207575843], [3.02785512727468, -0.7141016229362964], [-3.0747401926043363, 3.584027629927061], [0.8984852538779762, -0.8089300763861043], [0.873916232332018, 2.5328844872391922], [0.602212916176176, -0.7185210287352375], [0.5694230218095233, 2.760836523056061], [2.6456952721732243, -3.458562970013215], [2.4634606235704237, 1.08941897817079], [3.285931465256997, -3.3118744873013632], [0.7178136500720604, -0.12984257686767742], [0.4791014817631205, -1.1862944841949563], [0.1579541141344879, -1.0836911572397852], [2.1140738706843303, 7.179700008009895], [1.1962622999150003, 0.174419554051373], [8.153936618464968, 1.0372014852386295], [0.5207427610384132, 2.9521788678250864], [-0.9065380810304786, 0.7008829055468345], [-1.8665751616565283, 2.202868820936514], [-0.5046310876822881, -0.5102056712643153], [-0.24335199708670086, 3.0200414555023807], [0.13456778134245662, 0.6050430539188907], [2.2688182202730385, 3.8504926785932017], [-3.7976443307432355, 2.8255746675677855]], "y": [-13.824823325466372, -11.734131206992133, -22.300802565710953, -12.196263485945265, -16.584248811675703, -15.191444579474545, -8.624613719004687, -15.140426239352182, -13.747649212040475, -22.02459680050368, -15.495748426337181, -11.3617013368671, -16.38849060079018, -8.859771019821448, 3.8780195951702847, 7.140011920293956, 5.034982728547508, 6.612023972215514, 12.731036483410747, 5.581220640884416, -0.4511736909199812, 1.520669173388519, 5.932257239077033, 0.6827839605752386, 5.372862022987803, 1.2763830614253466, 6.528943786303877, 2.146956047836039, 9.348188493668376, 9.852533101918342, 9.772897815581464, 12.045060782312724, 8.919684397136116, 10.975477062778685, 10.532514431217967, 10.659251413787933, 10.284557969318655, 9.476409472190408, 10.277673826577367, 10.345137369600648, 10.45517699138992, 10.28829890271716], "z": [0, 0, 0, 0, 0, 0, 0, 0, 0, 0, 0, 0, 0, 0, 1, 1, 1, 1, 1, 1, 1, 1, 1, 1, 1, 1, 1, 1, 2, 2, 2, 2, 2, 2, 2, 2, 2, 2, 2, 2, 2, 2], "regression_weights": [[[-10], -1.7025643371651826, -1.6901175569506721], [[1], 1.811443834995746, 1.2716418209922393], [[10], 0.1, 0.1]], "ground_truth_mse": 0.2696461520947228, "ground_truth_r2": 0.9977757197031265, "train": [0, 1, 2, 3, 4, 5, 6, 7, 8, 9, 10, 11, 12, 13, 14, 15, 16, 17, 18, 19, 20, 21, 22, 23, 24, 25, 26, 27, 28, 29, 30, 31, 32, 33, 34, 35, 36, 37, 38, 39, 40, 41], "val": null, "input_args": {"N": 42, "K": 3, "D": 2, "noise_std": 0.5, "outlier_ratio": 0.0}}