{"time_greedy": 0.9489647436141968, "mse_refit_ground_truth_assignment": 15.506846055646657, "r2_refit_ground_truth_assignment": 0.6316274308088361, "weight_mismatch_refit_ground_truth_assignment": 0.010988374572646512, "refit-weight_mismatch_refit_ground_truth_assignment": 0.0, "rand_score_refit_ground_truth_assignment": 1.0, "label_mismatch_refit_ground_truth_assignment": 0.0, "mse_milp": NaN, "r2_milp": NaN, "mse_refit_milp_assignment": NaN, "r2_refit_milp_assignment": NaN, "mse_greedy": 6.889685165583143, "r2_greedy": 0.8363322227965283, "weight_mismatch_greedy": 5.528227426545604, "refit-weight_mismatch_greedy": 5.533397747871465, "rand_score_greedy": 0.5064155844155844, "label_mismatch_greedy": 0.4307142857142857, "mse_greedy_sem": 0.23339828986194247, "r2_greedy_sem": 0.0055444883745369945, "weight_mismatch_greedy_sem": 0.1244105271013895, "refit-weight_mismatch_greedy_sem": 0.12443291004966683, "rand_score_greedy_sem": 0.002710157953060649, "label_mismatch_greedy_sem": 0.007578548827602915, "mse_ground_truth": NaN, "r2_ground_truth": NaN, "weight_mismatch_ground_truth": 0, "rand_score_ground_truth": 1, "label_mismatch_ground_truth": 0, "mse_baseline_sklearn": 0.47498086672040507, "r2_baseline_sklearn": 0.3700253649292027}