{"ground_truth": [[-10, -1.750567327284179, -1.387875727316524, -1.1215389819342274], [1, 1.5623013832660244, 1.2017695356195564, 1.6541741624343036], [10, 0.1, 0.1, 0.1]], "milp": [[-5.465277812990479, -2.286717636262359, -0.7951364862767156, -2.2286939419410237], [-11.039711630247039, -1.236311649658422, -0.9815015300847233, -1.9359377226726218], [8.33772614312381, 0.26856119110949594, 0.24078908224221537, 0.5925594002075091]], "greedy": [[[9.06595494892556, 0.37982533329287943, 0.032899360274765775, 0.3678457384151332], [-20.647778611353303, 5.724967004869212, 0.45212751624185504, -3.935233650021172], [-8.982137275122364, -2.1464582053781056, -1.7117531374734016, -1.601385940755659]], [[-10.026819686767114, -2.265159901170255, -1.4405536837146355, -1.1552941041918947], [-27.608514994824244, 5.994932015571721, 12.54064688513276, -1.4714254133866649], [8.344744962505043, -0.9020756085101995, 0.3547341142928884, 0.8279028430545252]], [[3.1334368069550798, -0.9138975933902826, 0.9766583836971452, -0.751057430629889], [10.79572127058735, 0.24641297316300387, 0.152598439185437, -0.016533748211592047], [-11.784890956665361, -1.3435898143641851, -0.8991070175146816, -1.6419813719085383]], [[9.080048429829699, 0.04810170690366, 0.23542032285852957, 0.3565589803037536], [-9.27236861753769, -2.1451171488632523, -1.66580612950765, -1.5228210538508429], [-22.173053266207443, 6.3066000119881425, 3.5485958604285717, -2.4674469877039504]], [[9.245960087059771, -6.19360093215752, -8.19505940391736, 0.6698138738267128], [-15.834502091629503, 4.25053259833966, 5.7763242577914315, -1.1229921542135421], [2.9868857941071885, 0.5943868360933394, 0.9239090079069293, 1.8772898249763423]], [[-8.796507931114165, -2.013104624237506, -1.7976327197046569, -1.781398146718447], [9.404690742328802, 0.20072128200163164, 0.004491170221203809, 0.3017660852901042], [-22.11462113013863, 5.86717761730332, 4.314501165048598, -1.2918118152814038]], [[-22.039942634588552, 5.859275577530361, 4.090919635789793, -1.0258988345345488], [-8.756014159466147, -2.0009580973040846, -1.8382022745369944, -1.722849410734635], [9.456990894999947, 0.23148017662068485, 0.06487643613718443, 0.24440487052468574]], [[-9.656412437259364, -2.093862527779864, -1.3871009380437107, -1.4653125704758134], [8.383935964456114, -0.7507947777187247, 0.2236611563582461, 0.6716125498075449], [-23.685411401788986, 8.253650951672306, 6.453470254892873, -8.05401904264808]], [[8.250366072118227, -0.13737976733084914, 0.4309825272249789, 0.712162566181477], [-28.564622059108867, 5.408187166686613, 7.1652606110599315, -1.3028227835622477], [-9.943035591701276, -2.2379089146024236, -1.409771038337619, -1.2249494024279333]], [[-13.052017802613262, 0.30900188158822395, -0.5676644567116228, -1.6079502545846187], [6.6363891363897665, 1.1097878923765905, 0.25759645446413354, 1.0299498314355635], [1.3909508714366792, -3.6333143872783986, 3.077665070965842, -0.7530732141255083]], [[11.74193747552654, 0.2288714271290939, 0.33523622960702026, 0.9656124744660028], [1.9596976350792854, 0.4489131492063473, 0.8654778825845826, 1.31655590053396], [-13.436038671504352, -1.0321002677339812, -0.5934388542568619, -1.2699878195094356]], [[17.843410643244546, -5.983128187683013, -1.8022052307157788, -0.5350707443626324], [4.410502260923399, 1.430626963746397, 0.7550036756857958, 0.7722131579547382], [-13.738826913406406, -0.4555872915426621, -0.3530422723342067, -1.2460837979746084]], [[-9.157642342739571, -2.109904051797013, -1.6852624989120035, -1.558051719733857], [8.672320674149413, -0.05414889689987107, 0.34636784258790887, 0.7294680645672854], [-22.329322020194578, 5.627034675968338, 4.89822671594999, -0.7983741791022755]], [[-12.307973233228275, -1.4736833426698528, -1.3755020417905852, -1.2833679740821942], [3.3489947173515398, 1.630893159974307, 0.8632637172067135, 0.7797911451044415], [14.66923497108769, -4.226204224700569, -1.9614549394807095, 0.66090932061804]], [[-15.369857987904503, 4.239301813718665, 6.14968100958132, -1.1124994152433618], [2.1189344865760935, -1.950293697215977, -5.731897074887591, 1.4950843638773286], [4.199882710584082, -4.2419378253787245, 2.6035817001960266, -0.3752630011510594]], [[4.687418049252884, 1.544767274953307, 0.550894250962404, 0.5927735518067682], [-13.500545086232362, -0.7994172853081106, -0.7477045301379123, -1.4236278929080122], [4.8863620592491115, -1.2945211537682682, -2.0019652187387056, 6.390882918176094]], [[8.843720874565129, 0.13977260244371925, 0.30453699669357737, 0.5445432189718975], [-22.034411181117285, 5.497745872945033, 4.0094991383342435, 0.11683461638746626], [-9.310752067836368, -2.281396385938195, -1.7545997745063324, -1.2930931702067998]], [[-23.378066252933753, 6.546922726137225, 3.755180703056766, -2.6616165402026013], [-9.915364635526087, -2.0843827047254346, -1.305968117819606, -1.5184612876217392], [8.578338994892636, 0.06726653620528193, 0.38646819260859566, 0.4515193740051524]], [[-5.708931620883304, 0.3600007777313353, 0.7260639679765315, 5.238912812024278], [10.262956672623094, -4.692732416293559, 0.3782471484637205, 0.23228872752793417], [-11.555563844465874, 3.6875390973793256, 1.9085614640693191, -2.941869721912819]], [[8.992634275160384, 0.37907274210365505, 0.04772551263945665, 0.40421364711115515], [-9.193855088923137, -2.173398343088433, -1.636014741432974, -1.573725841057924], [-19.698317720998663, 5.643852049867046, -0.4350053180263872, -4.257290877279029]]], "refit_milp_assignment": [[-5.470412005349425, -2.285714641566438, -0.7959467781900481, -2.2285150897164914], [-11.04530770311031, -1.2380902090186163, -0.9811335287871198, -1.9368200107388907], [8.34084554470648, 0.2677251667802183, 0.24048756031616234, 0.5922266163724864]], "refit_ground_truth_assignment": [[-10.873275138499979, -1.2813883623462936, -0.7934692613989777, -1.6395237758821464], [0.6075436351522381, 2.4590247612935676, 0.9117729374230409, 1.7829075666979097], [10.447853411213769, -0.14911949141311343, -0.26361480197304576, 0.31580632115754054]]}