{"time_milp": 0.2652089595794678, "time_greedy": 0.8090845584869385, "time_refit_milp_assignment": 0.6865270137786865, "mse_refit_ground_truth_assignment": 13.647325661382782, "r2_refit_ground_truth_assignment": 0.8770084005508142, "weight_mismatch_refit_ground_truth_assignment": 1.3274052729702273, "refit-weight_mismatch_refit_ground_truth_assignment": 0.0, "rand_score_refit_ground_truth_assignment": 1.0, "label_mismatch_refit_ground_truth_assignment": 0.0, "mse_milp": 13.871602448811357, "r2_milp": 0.8749871869086998, "weight_mismatch_milp": 1.275931768793206, "refit-weight_mismatch_milp": 1.1506339872647444, "rand_score_milp": 1.0, "label_mismatch_milp": 0.0, "mse_refit_milp_assignment": 13.647325661382782, "r2_refit_milp_assignment": 0.8770084005508142, "weight_mismatch_refit_milp_assignment": 1.3274052729702273, "refit-weight_mismatch_refit_milp_assignment": 0.0, "rand_score_refit_milp_assignment": 1.0, "label_mismatch_refit_milp_assignment": 0.0, "mse_greedy": 27.367295848040037, "r2_greedy": 0.753362118523047, "weight_mismatch_greedy": 7.029121578258549, "refit-weight_mismatch_greedy": 6.6804747899914485, "rand_score_greedy": 0.7481632653061225, "label_mismatch_greedy": 0.17800000000000002, "mse_greedy_sem": 2.1581382042795285, "r2_greedy_sem": 0.019449442049134662, "weight_mismatch_greedy_sem": 1.2972160278293317, "refit-weight_mismatch_greedy_sem": 1.4609186901435582, "rand_score_greedy_sem": 0.03974722295470983, "label_mismatch_greedy_sem": 0.0347290262339429, "mse_ground_truth": 14.95942571503832, "r2_ground_truth": 0.8651835721382337, "weight_mismatch_ground_truth": 0, "rand_score_ground_truth": 1, "label_mismatch_ground_truth": 0, "mse_baseline_sklearn": 107.37846202404572, "r2_baseline_sklearn": 0.0323660669765109, "random_state": 20}