{"time_milp": 497.70627641677856, "time_greedy": 0.5038382530212402, "time_refit_milp_assignment": 500.6622166633606, "mse_refit_ground_truth_assignment": 0.8378699519751347, "r2_refit_ground_truth_assignment": 0.9929931378984134, "weight_mismatch_refit_ground_truth_assignment": 1.2145567497184728, "refit-weight_mismatch_refit_ground_truth_assignment": 0.0, "rand_score_refit_ground_truth_assignment": 1.0, "label_mismatch_refit_ground_truth_assignment": 0.0, "mse_milp": 0.7594717078880736, "r2_milp": 0.9936487595542915, "weight_mismatch_milp": 1.2984505842931116, "refit-weight_mismatch_milp": 0.32520664143952915, "rand_score_milp": 0.9640062597809077, "label_mismatch_milp": 0.027777777777777776, "mse_refit_milp_assignment": 0.7594280419783676, "r2_refit_milp_assignment": 0.9936491247195623, "weight_mismatch_refit_milp_assignment": 1.2931356142245143, "refit-weight_mismatch_refit_milp_assignment": 0.2911031492740338, "rand_score_refit_milp_assignment": 0.9640062597809077, "label_mismatch_refit_milp_assignment": 0.027777777777777776, "mse_greedy": 6.328041224573753, "r2_greedy": 0.9470804363741407, "weight_mismatch_greedy": 14.662304996661613, "refit-weight_mismatch_greedy": 14.294568180259057, "rand_score_greedy": 0.8016236306729265, "label_mismatch_greedy": 0.22777777777777777, "mse_greedy_sem": 1.8036294957430032, "r2_greedy_sem": 0.015083227569187915, "weight_mismatch_greedy_sem": 3.1428633767268015, "refit-weight_mismatch_greedy_sem": 3.1919546357092474, "rand_score_greedy_sem": 0.028877506323069707, "label_mismatch_greedy_sem": 0.03887322157251185, "mse_ground_truth": 1.2052021831326, "r2_ground_truth": 0.9895252573764585, "weight_mismatch_ground_truth": 0, "rand_score_ground_truth": 1, "label_mismatch_ground_truth": 0, "mse_baseline_sklearn": 118.43466883368855, "r2_baseline_sklearn": 0.009565397818006027, "mse_milp_val": 1.6335872493527184, "r2_milp_val": 0.984861410857832, "label_mismatch_milp_val": 0.020833333333333332, "mse_refit_milp_assignment_val": 1.6328191121442568, "r2_refit_milp_assignment_val": 0.9848685292493402, "label_mismatch_refit_milp_assignment_val": 0.020833333333333332, "mse_greedy_val": 17.67041269211248, "label_mismatch_greedy_val": 0.215625, "mse_greedy_val_sem": 6.0783729024495115, "label_mismatch_greedy_val_sem": 0.033226081567723706, "r2_greedy_val": 0.8362468133707359, "r2_greedy_val_sem": 0.05632878810699029, "mse_refit_ground_truth_assignment_val": 1.7747801465212802, "r2_refit_ground_truth_assignment_val": 0.9835529645162765, "label_mismatch_refit_ground_truth_assignment_val": 0.041666666666666664, "mse_ground_truth_val": 1.6973311228685357, "r2_ground_truth_val": 0.9842706910711364, "label_mismatch_ground_truth_val": 0.041666666666666664, "mse_baseline_sklearn_val": 108.52664119301117, "r2_baseline_sklearn_val": -0.0057254258390355695}