{"ground_truth": [[-10, -1.337719620706157, -1.6626352006348812, -1.0611537685933308], [1, 1.6272285743807728, 1.565890653114534, 1.026132378542826], [10, 0.1, 0.1, 0.1]], "milp": [[-9.677442410235347, -1.7208334168599477, -1.9021054919915772, -0.9527302063219546], [10.08995144075932, -0.1239493955341318, 0.07369482144150685, 0.2539211733940843], [1.287248405048408, 1.4440206598821983, 1.2999870449237287, 1.1337653333634183]], "greedy": [[[-9.697074239889186, -1.7151649589114601, -1.8976682989706983, -0.9477649297002526], [7.977622994604207, 0.48007595221009325, -0.5325299789284943, -2.171683674418268], [5.853343440366824, 0.10298562682777637, 1.6315936015400845, 1.0110388599261073]], [[7.103622010533799, -6.637031177929969, 1.8766369256621143, -7.564772484937622], [-13.137473722217972, 7.897069373376115, 1.2217725096778884, -1.375725845230187], [3.383598331698459, -2.065846686816914, -2.601079666455784, 5.017472210221782]], [[1.5392960039629298, 1.2944723139690812, 1.1496022007641764, 1.0902574961978855], [9.684218753753694, 0.30829463711243027, 0.11765148847638471, 0.3558357886290334], [-9.697074239889186, -1.7151649589114601, -1.8976682989706983, -0.9477649297002526]], [[-9.697074239889186, -1.7151649589114601, -1.8976682989706983, -0.9477649297002526], [6.382918098572088, 1.0342589329553342, 0.5090337022376369, 0.19962415882920861], [-1.0993805597878517, 0.6665586249773823, 1.8153753481926118, 3.0296639415162243]], [[9.731284058575307, 0.28997847951269795, 0.1127641906092031, 0.26117416436038776], [1.6673594404235783, 1.24594232030608, 1.0779752467469945, 1.0233238109785723], [-9.697074239889186, -1.7151649589114601, -1.8976682989706983, -0.9477649297002526]], [[9.006577731227221, -0.11287835791821636, 0.7204886376317566, -0.03347115146020294], [1.9140087502515422, 0.7643131734763821, 1.108437082307671, 0.44676176980313576], [-9.697074239889186, -1.7151649589114601, -1.8976682989706983, -0.9477649297002526]], [[1.8761233417064007, 0.9523898141513848, 0.782390213722646, 0.9254224605257687], [9.516284883130908, 0.21320880164162648, -0.10914714246965831, 0.043667590241469115], [-9.697074239889186, -1.7151649589114601, -1.8976682989706983, -0.9477649297002526]], [[8.911176552275641, 0.9023672869018758, -1.5931969005905833, -1.4700373804743778], [4.446798451226815, -0.12192503728933653, 2.60675665561698, 1.0564402045247019], [-9.697074239889186, -1.7151649589114601, -1.8976682989706983, -0.9477649297002526]], [[-6.171972740852658, 3.247028007322935, 6.350673740772944, -1.937058506778793], [1.4769124909832638, -4.936422062802859, -3.0860001011789056, 6.342042513017903], [17.05918370545264, -7.4618186361220875, -7.88216923249079, -7.94057428526552]], [[-4.62415626787706, -2.1960561127520792, -3.4658068556243, -2.3693184307233803], [9.389292140827054, -1.0812540637373091, 0.9039142379844165, -0.23021814436177518], [-11.890898504865072, -0.6512437865697178, 4.4092800337674305, 7.054083848622415]], [[10.239449374539822, -0.29146712342603537, 0.10773377342509653, 0.09741554011084329], [-9.697074239889186, -1.7151649589114601, -1.8976682989706983, -0.9477649297002526], [1.346449269688792, 1.4284492055787905, 1.2794706853443245, 1.0803111569536585]], [[-9.438877579278994, -0.08652784003639936, 1.4472955982885916, 7.8745998985777685], [9.460474478854465, -0.3925616837240176, 0.1034020185970112, 0.11881939345035457], [-5.764305336591257, -2.2864263685356665, -2.4668170789315487, -2.575634621245616]], [[-10.047372503870179, 1.3539235158399379, -0.5938512348539592, 6.864130933497663], [-9.567714595156488, -1.6854266530477995, -1.910737220904181, -1.0297889478009168], [6.176166885413021, 0.9871187422880943, 0.7168253315584084, 0.08971281445060354]], [[-1.6423506812697113, -2.8885976119171324, -4.545794945981698, -2.5113885778429683], [2.635900158877283, -0.6270217219619333, 5.815524662901054, -4.162490867930192], [-7.012856870208868, -0.043249751162495485, 0.9363840632300261, 6.8765604439691606]], [[7.977622994604207, 0.48007595221009325, -0.5325299789284943, -2.171683674418268], [-9.697074239889186, -1.7151649589114601, -1.8976682989706983, -0.9477649297002526], [5.853343440366824, 0.10298562682777637, 1.6315936015400845, 1.0110388599261073]], [[6.1548102607679835, -5.76527080689688, 5.437502968037175, -4.5178941428969575], [2.6453476039480175, -4.539957310538719, -5.539062374555135, 2.7630194947479385], [-11.835609101876882, 8.363454874093469, 1.203783781835293, 0.07424982790632098]], [[9.684218753753694, 0.30829463711243027, 0.11765148847638471, 0.3558357886290334], [-9.697074239889186, -1.7151649589114601, -1.8976682989706983, -0.9477649297002526], [1.5392960039629298, 1.2944723139690812, 1.1496022007641764, 1.0902574961978855]], [[1.656122380206587, -6.198771012825807, 1.9737664060450966, -5.232886993281789], [9.118032142212124, -0.908525291037114, 0.8362179195784035, -0.14715166130752932], [-18.844891355198474, 5.407636984354614, 0.36579484463794854, 2.114368269208438]], [[-9.697074239889186, -1.7151649589114601, -1.8976682989706983, -0.9477649297002526], [1.5392960039629298, 1.2944723139690812, 1.1496022007641764, 1.0902574961978855], [9.684218753753694, 0.30829463711243027, 0.11765148847638471, 0.3558357886290334]], [[9.65691188834807, 0.3644951693437307, 0.25735623238570404, -0.05029977643446703], [1.8316977527844216, 1.2424001548229282, 1.1364919555521364, 0.744292046746325], [-9.697074239889186, -1.7151649589114601, -1.8976682989706983, -0.9477649297002526]]], "refit_milp_assignment": [[-9.694712003806869, -1.7162057489886984, -1.8983780352969457, -0.9483246040545081], [10.10641171192677, -0.12855149213351363, 0.06853856893574917, 0.25097745969168084], [1.2879376671723533, 1.4441525879296222, 1.300225346540423, 1.133417830787069]], "refit_ground_truth_assignment": [[-9.694712003806869, -1.7162057489886984, -1.8983780352969457, -0.9483246040545081], [1.2316051358399607, 1.4772583587676205, 1.448920352650813, 1.0987158763461173], [10.185410591701055, -0.18886046277245455, 0.05718755232620037, 0.17599055213762999]]}