{"ground_truth": [[-10, 0.2, 0.4], [10, -0.2, -0.4]], "milp": [[-8.975233749660182, -0.10297190667596619, 0.018092353609720932], [8.207947504410177, -0.5101075135854357, -0.4147870266058363]], "greedy": [[[5.33315627608218, -1.3749227072995007, -3.2335581695870483], [-7.796588909434471, 0.024766642238759858, 4.585151965800482]], [[5.33315627608218, -1.3749227072995007, -3.2335581695870483], [-7.796588909434471, 0.024766642238759858, 4.585151965800482]], [[8.66193122801969, -0.5700276422609077, -0.49755878094156775], [-9.476670226032546, -0.062282804596997636, 0.12333351374235908]], [[-0.9816737491031164, 3.119230558454963, -0.4768478804771694], [0.5652225982920263, -4.085292432098879, 0.05106233357334366]], [[-3.1256208654643602, -1.4846587158371676, 4.370021343153073], [-0.7431897188294943, 0.4874914030901565, -2.6351540468410404]], [[8.123831108960573, -2.6363862541463905, -2.4366436346908307], [-9.327168447932062, 1.7701230477731125, 2.5576839482104425]], [[-3.481448114862541, -1.5694952636939812, 4.418414476454752], [-0.354831853150539, 0.6116045457753346, -2.6270301257780257]], [[-9.327168447932062, 1.7701230477731125, 2.5576839482104425], [8.123831108960573, -2.6363862541463905, -2.4366436346908307]], [[-2.261061567604427, 2.8364653266988347, -0.8241318001490389], [1.5668857996405627, -3.7147022854108736, 0.6953303413291729]], [[-9.476670226032546, -0.062282804596997636, 0.12333351374235908], [8.66193122801969, -0.5700276422609077, -0.49755878094156775]], [[3.638599905820366, -4.1378199316026665, -1.3207665194980922], [-3.7251228743238394, 3.1569512385434995, 0.6824278859886297]], [[-9.4885418604409, 1.6122349422643454, 2.6007840280756915], [8.232456704093694, -2.4439734702295226, -2.4273852335928985]], [[-6.917040250369794, -2.4747872939888893, 0.7958486996977467], [5.276489554255683, 1.8502914292119492, -0.8280990092340089]], [[-0.7431897188294943, 0.4874914030901565, -2.6351540468410404], [-3.1256208654643602, -1.4846587158371676, 4.370021343153073]], [[8.417716863738438, -2.2673442633408913, -2.3488798355603313], [-9.635042226709572, 1.5183877087280255, 2.5067057983773555]], [[-7.796588909434471, 0.024766642238759858, 4.585151965800482], [5.33315627608218, -1.3749227072995007, -3.2335581695870483]], [[-3.904484144900543, 3.144596480553574, 0.6023253813877287], [3.77336471482398, -4.132230325178586, -1.2538611918582356]], [[5.33315627608218, -1.3749227072995007, -3.2335581695870483], [-7.796588909434471, 0.024766642238759858, 4.585151965800482]], [[8.66193122801969, -0.5700276422609077, -0.49755878094156775], [-9.476670226032546, -0.062282804596997636, 0.12333351374235908]], [[8.66193122801969, -0.5700276422609077, -0.49755878094156775], [-9.476670226032546, -0.062282804596997636, 0.12333351374235908]]], "refit_milp_assignment": [[-9.477864514683796, -0.062312150284599105, 0.12455142382154541], [8.670973480885525, -0.5769141372536238, -0.5032294406266677]], "refit_ground_truth_assignment": [[-9.376246679695376, -0.27110160512913356, 0.12823869054306875], [8.756465202113882, -0.7842163866099381, -0.49322771242037344]]}