{"ground_truth": [[-10, -1.586345143260409, -1.9816146625490663], [1, 1.586125216747257, 1.5352968247610739], [10, 0.1, 0.1]], "milp": [[-8.66339834306476, -1.6710585545842416, -2.2728422639968056], [0.0, 0.0, 0.0], [7.210888191893271, 0.40606132659030536, 1.0555947783186395]], "greedy": [[[10.138270608600125, -1.9058010312612972, -4.00217744088776], [-8.69755950278052, -1.4366013454051334, -3.0029316190599387], [-0.01689408406721249, 0.9104258725241208, 3.153772669399009]], [[-8.77916837041015, -1.586073921961466, -2.548950460052365], [9.702835360002151, 0.19841420215983355, 0.6813705646913768], [-2.1627832002589074, 1.1918795696359983, 3.7033691137222196]], [[-1.9916358254369482, 1.057363750077835, 4.006650467156225], [9.363225960571032, 0.39956634764606286, 0.36841877941786166], [-8.77916837041015, -1.586073921961466, -2.548950460052365]], [[-1.153527143850978, -0.43940893769737804, 3.746541061306744], [-8.289921019131732, -2.184871049106589, -2.70110972840246], [9.795969437794268, 0.09681083097516067, 0.8097644364909864]], [[-2.1627832002589074, 1.1918795696359983, 3.7033691137222196], [-8.77916837041015, -1.586073921961466, -2.548950460052365], [9.702835360002151, 0.19841420215983355, 0.6813705646913768]], [[6.251981673215558, 0.5124288137182217, 1.6407834519954394], [-10.584661376372654, -1.0002266437390475, -2.3268386389161355], [3.646266943435074, 2.070535650994603, -2.303290037901482]], [[9.619562123924382, 0.3668704438751757, 0.8915210404534589], [-1.1657140883119896, 0.9142503832093708, 3.03666747029122], [-9.43115330278357, -1.4519549238920624, -2.334737984732511]], [[-0.6447080884339762, 0.534853399514861, 3.4222319013438187], [10.019909013928146, -0.34731503450556983, -0.17641702538526022], [-9.530148685728498, -1.4165994672635085, -2.3020322406305755]], [[7.635499848615049, 1.7284879762967664, -1.0098518770863303], [-10.015851890930534, -1.7199540772076887, -1.9678409617839807], [4.934946249343328, -0.14107455732478405, 1.9099164489901346]], [[9.729076195513365, 0.06094948876337983, -0.0914027303157622], [-0.7686474145323166, 0.7625922742421073, 3.2994670779902484], [-9.43115330278357, -1.4519549238920624, -2.334737984732511]], [[-8.864428537173382, -2.1116988063378295, -2.5017999781440734], [-0.5399566202476631, -0.34953856529017796, 3.982855097131596], [9.594150739350209, 0.13154573996897875, 0.501628077470992]], [[1.4452000217166017, 1.0860233742517529, 2.3310107739310375], [11.113435344000216, -0.16367908295350636, -0.9559333434328944], [-11.094800167240713, -1.3557535750170955, -1.6340072752916388]], [[-9.530148685728498, -1.4165994672635085, -2.3020322406305755], [10.019909013928146, -0.34731503450556983, -0.17641702538526022], [-0.6447080884339762, 0.534853399514861, 3.4222319013438187]], [[9.363225960571032, 0.39956634764606286, 0.36841877941786166], [-9.43115330278357, -1.4519549238920624, -2.334737984732511], [-1.129474622373274, 0.9540866028464622, 3.724943848985362]], [[-9.642069317753448, -1.5086314842960522, -2.357180969128561], [6.81367129260894, 0.2677346887028186, 1.4800214754450427], [4.277556381652772, -0.24917459583449747, -3.5327353610877]], [[9.363225960571032, 0.39956634764606286, 0.36841877941786166], [-1.9916358254369482, 1.057363750077835, 4.006650467156225], [-8.77916837041015, -1.586073921961466, -2.548950460052365]], [[-9.43115330278357, -1.4519549238920624, -2.334737984732511], [9.729076195513365, 0.06094948876337983, -0.0914027303157622], [-0.7686474145323166, 0.7625922742421073, 3.2994670779902484]], [[-0.03767477860407542, -0.37840815183045545, 3.7742553120660505], [5.99938438450841, -1.0266557874207796, -5.871125575924397], [-14.64514354421572, 5.390570827082113, 0.07081785253030833]], [[-9.43115330278357, -1.4519549238920624, -2.334737984732511], [-1.1657140883119896, 0.9142503832093708, 3.03666747029122], [9.619562123924382, 0.3668704438751757, 0.8915210404534589]], [[3.480942934857943, 2.205550324689114, -2.358452193947406], [6.885527588824674, 0.23138237200564854, 1.6168148034975756], [-9.442678151798823, -1.6914327195956862, -2.3134347899116667]]], "refit_milp_assignment": [[-8.66763508570462, -1.670830529899051, -2.2722032154210297], [0.0, 0.0, 0.0], [7.214549293094172, 0.4054119685146754, 1.0549604443482714]], "refit_ground_truth_assignment": [[-9.970393012664958, -1.4062917466388902, -1.9480002079088619], [1.4890256609864512, 1.1967071277264576, 1.7781283947346094], [10.319608221531434, 0.29880078306103314, 0.4918939067478607]]}