{"ground_truth": [[-10, 0.2, 0.4, 0.3], [10, -0.2, -0.4, -0.3]], "milp": [[-9.864077265532604, 1.049657435519488, 0.7137531160169642, -0.3001973422484758], [10.773891167019215, -0.25880991773324585, -0.8127030692971523, -0.5401821338001661]], "refit_milp_assignment": [[-9.866528751225529, 1.049968623403606, 0.7140512726881315, -0.299761304526412], [10.777748334839226, -0.25959706235351016, -0.8133167547188892, -0.5405750577278984]], "refit_ground_truth_assignment": [[-9.929929462370914, 1.0235525699294605, 0.678203377788399, -0.32074961259325113], [10.704347630882232, -0.25873494705680494, -0.845746884598705, -0.5745293626424559]]}