{"ground_truth": [[-10, -1.5826848885290346, -1.0255509418496929], [1, 1.3377979807316742, 1.6124765741267186], [10, 0.1, 0.1]], "milp": [[-8.12015193344125, -1.4635922052966406, -1.6918257285519132], [-2.6776189974474427, 1.6965962654573816, 2.3458631394335283], [8.74885970777151, 0.7088662704119657, 0.7853351357516335]], "refit_milp_assignment": [[-8.128028616468571, -1.4636132679819387, -1.6907067112243537], [-2.6821605319353976, 1.697282720670673, 2.347222269613439], [8.758774800528645, 0.7077464924109429, 0.7831944051756484]], "refit_ground_truth_assignment": [[-8.51002165584559, -1.3307358453604046, -1.5914900353603325], [-2.4821035332043615, 1.7885302548274884, 2.3845202766529687], [8.548133908174993, 0.8341482487417059, 0.5725296176928897]]}