{"time_milp": 3.485301971435547, "time_refit_milp_assignment": 4.577291011810303, "mse_refit_ground_truth_assignment": 0.20617497127258191, "r2_refit_ground_truth_assignment": 0.9974207503921556, "weight_mismatch_refit_ground_truth_assignment": 0.46207253319037234, "refit-weight_mismatch_refit_ground_truth_assignment": 0.0, "rand_score_refit_ground_truth_assignment": 1.0, "label_mismatch_refit_ground_truth_assignment": 0.0, "mse_milp": 1.5131946900519506, "r2_milp": 0.9810699291634737, "weight_mismatch_milp": 2.551911879852411, "refit-weight_mismatch_milp": 2.7600299228361997, "rand_score_milp": 0.8548199767711963, "label_mismatch_milp": 0.11904761904761904, "mse_refit_milp_assignment": 1.171141520055159, "r2_refit_milp_assignment": 0.9853490155100397, "weight_mismatch_refit_milp_assignment": 1.3190639249634506, "refit-weight_mismatch_refit_milp_assignment": 1.43622342468773, "rand_score_refit_milp_assignment": 0.8548199767711963, "label_mismatch_refit_milp_assignment": 0.11904761904761904, "mse_greedy": NaN, "r2_greedy": NaN, "mse_ground_truth": 0.2638289674118459, "r2_ground_truth": 0.9966994986998914, "weight_mismatch_ground_truth": 0, "rand_score_ground_truth": 1, "label_mismatch_ground_truth": 0, "mse_baseline_sklearn": 73.15259451933686, "r2_baseline_sklearn": 0.08486078808590469, "random_state": 9}