{"ground_truth": [[-10, -1.0607344558084917, -1.500809759379809], [1, 1.1375325986589004, 1.1353762934358445], [10, 0.1, 0.1]], "milp": [[-9.274439822089633, -1.1542157562098851, -1.5301773318937584], [9.15509286768306, 0.23078817206590285, -0.006475143379843639], [0.22053219095714643, 1.2966302679716948, 1.6694617922971016]], "refit_milp_assignment": [[-10.08648340292359, -1.083598243791212, -1.5266609799237199], [9.907174809965683, 0.1543041890241042, -0.10899573085353723], [0.19762100053124554, 1.3175868605340009, 1.6882461361195689]], "refit_ground_truth_assignment": [[-10.060489582641452, -1.0939710474792843, -1.5442453499163973], [1.2273197617809952, 1.183384868855351, 1.1066446247268638], [9.963259098507695, 0.2403996813316328, 0.0775606522348858]]}