{"ground_truth": [[-10, -1.1784780956702225, -1.2252566126265676, -1.7408552336043628, -1.8982867908461611], [1, 1.810136016830192, 1.9326953912452383, 1.3573052399828325, 1.3576293285154313], [10, 0.1, 0.1, 0.1, 0.1]], "milp": [[4.862236329937812, 1.1444800053915603, 1.2353444887465153, 0.8435947388166258, 0.9643358445282982], [-2.635022519905084, -1.5392935410973714, -3.7812362287141994, -1.145244151965929, -1.5004456703184088], [-6.839643938736144, -1.2633439665522999, 0.2567535508814025, -3.1147725752190323, -0.9625292055850667]], "greedy": [[[1.801556030854755, 1.9729909892432638, 1.8547731704395154, 1.337566683097892, 1.1408937317847356], [-10.113532835507371, -1.2003583721556192, -1.1961336159245681, -1.820734627689296, -1.7936688472714812], [10.546038288395742, -0.006230558881885, -0.032184524454257894, 0.003206206939598491, -0.011494208760270465]], [[-0.9070429039340056, -1.742134127984111, 0.682578881291661, -2.600695630415749, -6.60770406560152], [2.395128800362247, 2.530079680390959, -0.9597294257155077, -1.135788173053176, 0.6251509059119478], [-1.878555819645559, 0.1703566975648879, 1.0854081017128154, 2.157330523416261, 3.4012434856125755]], [[4.416655086278698, 1.249169586608366, 1.2602683848556198, 0.902207022060937, 1.099579327753921], [-11.94499204440978, -0.9323491889165204, -1.7466678478075193, -1.8634741090292877, -0.44923718304859833], [-10.567821666073215, -0.6895955877324443, -2.774300203890839, 2.5012743481882356, 0.029897083941605205]], [[-6.437162500895061, -1.0967027521579127, 0.34326825003561834, -6.307616259468299, 1.0838362487245552], [-3.84484999021322, -1.5325934665621437, -3.764983217810088, -0.9623968478089509, -1.201806266952576], [3.5060935705722036, 1.3144787553898885, 1.7902892658651255, 0.9707581847110257, 0.9659023246231316]], [[-5.734881563458861, -4.210185533284296, -0.898690560910633, 2.214758302358628, -0.9417509877925905], [5.879088586557354, 0.3309670323455733, -2.934982128694621, -4.44449788662032, -1.7263542798557583], [-4.079596311414395, 2.973831135581278, 5.128483999715455, -0.08742469617561811, 0.9476112017590651]], [[3.197722396300602, 1.3350187472444053, 0.9427366759767406, 2.058335605186216, 1.045709917667565], [-7.435528058633324, 6.271200516548109, 1.7537307618236568, 1.8442369838910022, -1.9686924692898127], [-8.669883933448968, -1.296059733102091, -1.657416468312729, -4.544069226436529, 1.3823839060447678]], [[-3.2298535630652436, 3.0654726545200517, -1.1214751569519277, -1.2172833313685343, -3.2552103834448647], [3.3313306882968776, -6.116310688889857, -2.3001085264969308, -1.0035453722075496, -1.4225374906228654], [1.4891976359892976, 1.8829561817721272, 2.158186238304586, 0.8148436128242188, 1.1909898217787498]], [[8.25063176099263, -3.8905902509241828, -3.6128530946938344, -1.286758421221801, -4.6853618722801516], [-9.05238780323821, 1.2430197909355265, 4.16933949075561, 1.3825371688010089, -2.4316360737157443], [-0.16807450229161436, 2.092830001099987, 1.5711025871496715, 1.4085150000953317, 2.11596517305573]], [[-1.5795975128057895, -2.359481147120369, -4.686619810174115, -1.584739486945749, 0.4329669168306967], [-4.186576884652276, -2.0697534018028314, 1.375887980783421, 3.5445909063050425, -1.9831549393082235], [-2.477352410361328, 3.126748506565637, 3.258991809349462, 0.5533728728462524, 1.0927644929934865]], [[1.0333335239402741, 1.0507733399364003, 2.5374855906217064, 0.5000190091544314, 1.7963751872585652], [11.327838862673511, 0.17765758809496882, -4.079806966183975, 0.519499538826571, -2.17982946059705], [-11.1841698384589, -0.8438905154126104, -3.0588439548848663, 0.5587559791651439, -1.5454508017543445]], [[10.618012591483978, -0.0062804833049159015, -0.03012316870536715, 0.0016306940178111157, -0.07618797214862957], [1.674726919403362, 1.9183445795647243, 1.8381105476507436, 1.356414364778776, 1.2136044513075606], [-10.113532835507371, -1.2003583721556192, -1.1961336159245681, -1.820734627689296, -1.7936688472714812]], [[-4.014508449411339, -1.1722226483617608, 0.20094344212459808, -6.162502595677774, -0.6073125057254966], [-2.1857663420468936, -4.299193663561855, -3.266517555284352, 2.0179101710220637, -0.41445878392887064], [1.321952373153735, 1.9805802722657435, 2.151129794125929, 0.8617763314474718, 1.206521891194776]], [[6.442677828498471, 0.5396873633360045, -0.16656408843705411, 0.8141667327182479, 1.4413011675949658], [-6.75414251948545, 1.4212909133553668, 0.35159811863936646, 2.886190740047112, 3.9706681726350346], [-1.6916876612807243, -1.4023919479287101, 0.5746935424912902, -2.6726845303199696, -6.224830379613465]], [[3.103367642258293, 1.2978345731043999, 1.5515508580542903, 1.2136489609649634, 1.1261040037552772], [-3.697095594874354, 4.675048122173081, 0.4207403782226301, 0.1060732162298364, -3.403399860075875], [-5.2227353554630405, -2.5476544617621095, -1.8665250602170824, -3.822954448838601, 0.08116850975361091]], [[10.546038288395742, -0.006230558881885, -0.032184524454257894, 0.003206206939598491, -0.011494208760270465], [1.801556030854755, 1.9729909892432638, 1.8547731704395154, 1.337566683097892, 1.1408937317847356], [-10.113532835507371, -1.2003583721556192, -1.1961336159245681, -1.820734627689296, -1.7936688472714812]], [[-9.84790166656044, -1.2501228525596308, -1.3234789280449566, -1.8708368873297399, -1.730406173063298], [6.021877836598202, 1.22059659560168, 0.770756836084435, 1.195318061288511, 0.7748346053874546], [-1.5954161350261713, -0.58306408467499, 0.9643020395652859, 2.2146253744526354, 0.6657139153580495]], [[6.994548647285507, 0.7757326559589424, -0.623170658466075, 1.5467342219029305, 1.813594874850172], [-9.930409947198246, -1.2742245403139048, -1.3239475904521354, -1.8605271646569164, -1.6904444986471752], [2.3978226864477588, 2.7137115912612315, 0.5367096772448757, 0.6965927402363785, 0.5821145269593706]], [[-6.5068200034862596, -2.5839237868461002, -1.3162934645921736, -1.0875836952474238, -2.385850562540146], [-3.750069655088396, 3.235095627945779, -0.089579533757544, -2.209528255208106, -2.931976034297538], [4.989997802605195, 0.9439040991651966, 0.4676829792570106, 1.2880830381725425, 1.2660982265251706]], [[-2.075083642033926, -2.279592205594818, -4.73034779973935, -1.4666115867440876, 0.45571944244736207], [-2.150896141780973, 2.8223851167636784, 3.521613108022435, 1.1938917871232932, 0.637794756842234], [0.8019663189104067, -4.431350024845086, -0.2026573523223205, 4.207095249639419, -3.050333810112053]], [[-6.0024642492131415, 6.390146651906807, -2.675098657428835, -0.12741703891079895, 0.31996332317867043], [-4.591565215192116, 0.695780234208163, 1.0586686751781125, 4.405503036270781, -0.9036681846975491], [-3.1803413700422682, -3.1240386528771147, 0.6704856360463646, -5.649807437826217, 2.0656677314048033]]], "refit_milp_assignment": [[5.636664954470621, 1.0765955380379097, 1.065866697780786, 0.8115078476760645, 0.8203343114624636], [-3.6173342454491184, -1.6923284643349887, -3.8871049091131415, -0.9607888473853802, -1.1491485440146616], [-8.460622348168224, -1.471069752065043, -0.7620055237704872, -2.7935993260615546, -1.357474665045643]], "refit_ground_truth_assignment": [[-10.047255347174719, -1.2292686036022065, -1.2006116426050135, -1.8584619428002527, -1.8195293380414184], [1.208953973125963, 1.8403707893967234, 1.9285034998012063, 1.3375250585862815, 1.3700298947837657], [10.5054441816098, -0.025789467938387753, -0.02188082825176398, 0.00794646308916288, -0.05883572810125859]]}