{"time_milp": 57.21414494514465, "time_refit_milp_assignment": 57.90389394760132, "mse_refit_ground_truth_assignment": 0.1345413132935184, "r2_refit_ground_truth_assignment": 0.9994600376503316, "weight_mismatch_refit_ground_truth_assignment": 1.2159908275913143, "refit-weight_mismatch_refit_ground_truth_assignment": 0.0, "rand_score_refit_ground_truth_assignment": 1.0, "label_mismatch_refit_ground_truth_assignment": 0.0, "mse_milp": 7.36729992210937, "r2_milp": 0.9704323937438113, "weight_mismatch_milp": 22.270863647790787, "refit-weight_mismatch_milp": 22.372578743818835, "rand_score_milp": 0.6538908246225319, "label_mismatch_milp": 0.38095238095238093, "mse_refit_milp_assignment": 7.018002750727773, "r2_refit_milp_assignment": 0.9718342480647977, "weight_mismatch_refit_milp_assignment": 20.92433229149514, "refit-weight_mismatch_refit_milp_assignment": 21.11546959207051, "rand_score_refit_milp_assignment": 0.6538908246225319, "label_mismatch_refit_milp_assignment": 0.38095238095238093, "mse_greedy": NaN, "r2_greedy": NaN, "mse_ground_truth": 0.2758307701288739, "r2_ground_truth": 0.9988929925901298, "weight_mismatch_ground_truth": 0, "rand_score_ground_truth": 1, "label_mismatch_ground_truth": 0, "mse_baseline_sklearn": 241.8234039330497, "r2_baseline_sklearn": 0.0294762984243373, "random_state": 12}