{"ground_truth": [[-10, -1.1814852580339046, -1.917397736885862, -1.2152149968427768, -1.5031784304377855, -1.1253571033584349, -1.9663355291958406], [1, 1.7715392661321512, 1.676768877499264, 1.9088497279409808, 1.5804734145422552, 1.8389830883062708, 1.3658986043559533], [10, 0.1, 0.1, 0.1, 0.1, 0.1, 0.1]], "milp": [[2.888855361215788, -3.2769252817444974, 6.053833694129903, 3.8071255851696724, -1.7562316966180742, -1.553326888187501, -2.2561003503472126], [-3.487737676460349, -0.8178245810389351, -5.909354707613719, -2.982557755679057, -0.13836633489706562, 0.3093447246075891, -0.8354797660050015], [-0.6464134786981125, 1.8011866994747747, 0.546236972641826, 1.0516529869775229, 2.909200332090681, 2.156078558724011, -0.20934128840989916]], "refit_milp_assignment": [[4.878727517364968, -3.4915263332792077, 6.010804856950439, 3.556777765155033, -2.003230065092236, -1.85053025188613, -2.440701003729735], [-5.356317355759092, -0.6015978983066606, -5.853630282242586, -2.8698976343174967, 0.17771916954621275, 0.5479434103295764, -0.48387187069438475], [-1.922661869209188, 2.1170340779592385, 0.6728376247821933, 1.0050070365701917, 3.139401242691338, 2.4477507200098003, -0.19329278949158263]], "refit_ground_truth_assignment": [[-10.39189868043569, -1.199199814141333, -1.862633699395315, -0.9477410807015632, -1.4581034091240759, -1.1870997682074698, -2.0172375420410784], [1.2236177608925658, 1.6110528473780674, 1.5359051145641018, 1.8892833096614612, 1.5866149023597782, 1.8502090789836825, 1.2750798147572424], [9.614552158213966, 0.05498831303225624, 0.18957439024842213, 0.16732173401988074, 0.0880156491547021, 0.0668343536680433, 0.07567326136124827]]}