{"ground_truth": [[-10, -1.214563405694948, -1.7611004696878338], [1, 1.623128556867094, 1.0425734836829932], [10, 0.1, 0.1]], "milp": [[-9.145111487831366, -1.58704677421549, -1.8973707823570625], [-9.293425170704216, -1.6589538583081163, -5.258521098391952], [6.409566910367099, 0.4175911996985537, 0.9776806293536093]], "greedy": [[[-11.256919114628019, -1.9957815687365528, -1.4307491279932285], [4.319520986793746, 1.1825087900202873, 0.8500497735221749], [9.732187123423284, -4.017888770182089, 1.4398215131525924]], [[-11.329655945366135, -1.1346486903075381, -1.4357411062872067], [11.090862579473669, 0.032572124424957175, 0.5715810530204685], [0.9944963199351649, 1.0050341418966426, 1.4801734481522075]], [[7.4929115102707495, 0.0588569717839469, 1.19736732829951], [-10.714513223131323, -0.8752810607672052, -2.108792483190115], [5.058536293510189, 1.5889621903677722, -2.5896592037245125]], [[7.741447013192511, -4.137207320480985, 0.730004920126294], [-11.053419698461113, -2.1922331611622314, -1.4315661270811313], [5.619540489555423, 0.96808801922777, 1.0150961679335142]], [[9.217300725342954, -0.11132348317735134, 0.3700980944280754], [-11.50340869120713, -2.0267402062374638, -1.2903562006866982], [-1.2201813256805027, 0.01285469595372766, 3.5375079210802336]], [[-0.48531844231780097, 1.1618109952821059, 2.753744459389348], [-6.584046389884485, -2.113022171902896, -3.674846393153079], [14.541998598995889, -0.15697580642478665, -5.050649566731943]], [[1.4799577714568235, 0.9315964655539496, 2.367044356059596], [14.833676822983634, -0.639238406345792, -5.4324521361231675], [-7.964254035678792, -1.7323117541687858, -3.3707810596871224]], [[0.2663040942896444, 1.3915711365365124, 2.75804553245754], [0.5655596359178618, -5.474355966993994, -4.527017352252516], [1.2608981069438476, 0.5133920466337739, -4.075269708578936]], [[1.1775853081064653, 1.072895342836221, 1.2126686208285804], [-10.936327105631246, -1.1277271928033703, -1.6087802414901766], [10.920432863536178, 0.11245575350112914, 0.4508889326749511]], [[10.46834199005493, -3.5849224798573793, 0.20941161313098614], [3.5012202313679937, 1.1951116753440019, 1.474603364084646], [-10.502124014391653, -1.687775910876292, -1.7522889424214676]], [[5.058536293510189, 1.5889621903677722, -2.5896592037245125], [7.4929115102707495, 0.0588569717839469, 1.19736732829951], [-10.714513223131323, -0.8752810607672052, -2.108792483190115]], [[1.6106693718774456, 1.1145890433819867, 1.0062777352753514], [11.375076455999828, 0.256952679509259, 0.22521718381401215], [-10.936327105631246, -1.1277271928033703, -1.6087802414901766]], [[-11.329655945366135, -1.1346486903075381, -1.4357411062872067], [9.355864765457525, -1.0696629239546054, -0.2176842863178049], [1.1416237335164183, 1.349097109255907, 2.2786381529021646]], [[1.5680002709527847, 1.5651003546405846, 0.7546354161438384], [11.264321551876737, 0.6860796369597307, -0.048678484774759584], [-10.615574717994093, -0.9599869422476796, -1.7021001552208845]], [[-11.256919114628019, -1.9957815687365528, -1.4307491279932285], [9.95592499077781, -4.058688986070255, 1.5678774297856375], [4.372567065469562, 1.1644840013273565, 0.905380079342544]], [[9.217300725342954, -0.11132348317735134, 0.3700980944280754], [-1.2201813256805027, 0.01285469595372766, 3.5375079210802336], [-11.50340869120713, -2.0267402062374638, -1.2903562006866982]], [[-10.781996186130486, -1.7456292902630106, -1.6976658874945472], [9.258129805683748, -0.21562061318407083, 0.33090221283176996], [-2.5061680780646127, 0.4858300361346533, 4.051213023824303]], [[-1.2201813256805027, 0.01285469595372766, 3.5375079210802336], [9.217300725342954, -0.11132348317735134, 0.3700980944280754], [-11.50340869120713, -2.0267402062374638, -1.2903562006866982]], [[-11.925112517421567, -1.7119273517351359, -1.2406480482615236], [10.621827656684896, -0.7004415364803622, 1.041108621026587], [-1.006110455249241, -0.36726548949766524, 2.001921361605965]], [[1.202400170993255, -6.020200217263508, -3.9201635918727455], [-2.8639131892765057, -0.6001909583219284, 4.152582348461825], [5.311838337685167, 1.8989433517638024, -1.6384809849370552]]], "refit_milp_assignment": [[-9.149051525533952, -1.5866945265278287, -1.8967329933498445], [-16.275262708155378, -1.5572683575524224, -7.288082210533841], [6.412269179953911, 0.41716519139056096, 0.9771141852306505]], "refit_ground_truth_assignment": [[-10.170873018498497, -1.1521506270029032, -1.8112713253455848], [1.9811762085427462, 1.3782676757090901, 1.1410740281117528], [10.42803080608155, -0.2580264833940792, 0.27879135592910814]]}