{"ground_truth": [[-10, 0.2, 0.4], [10, -0.2, -0.4]], "milp": [[-9.842990118849777, 0.28129130031710414, 0.2925026934648315], [9.968234902091627, 0.018283405103257516, -0.43960857512960355]], "refit_milp_assignment": [[-9.918757211902694, 0.2933946473488257, 0.30621206386413957], [10.034486515191748, 0.006097002221042788, -0.44836189207613875]], "refit_ground_truth_assignment": [[-9.979451675382457, 0.2769766484812535, 0.3629815938805557], [10.006590343682829, -0.011548686383504328, -0.38183142198231856]]}