{"time_milp": 18.466760873794556, "time_refit_milp_assignment": 18.930287837982178, "mse_refit_ground_truth_assignment": 25.354470190764484, "r2_refit_ground_truth_assignment": 0.8405175941241596, "weight_mismatch_refit_ground_truth_assignment": 5.101996418398989, "refit-weight_mismatch_refit_ground_truth_assignment": 0.0, "rand_score_refit_ground_truth_assignment": 1.0, "label_mismatch_refit_ground_truth_assignment": 0.0, "mse_milp": 25.354477824271843, "r2_milp": 0.8405175461085588, "weight_mismatch_milp": 5.094790245844528, "refit-weight_mismatch_milp": 0.007430601994511012, "rand_score_milp": 1.0, "label_mismatch_milp": 0.0, "mse_refit_milp_assignment": 25.354470190764484, "r2_refit_milp_assignment": 0.8405175941241596, "weight_mismatch_refit_milp_assignment": 5.101996418398989, "refit-weight_mismatch_refit_milp_assignment": 0.0, "rand_score_refit_milp_assignment": 1.0, "label_mismatch_refit_milp_assignment": 0.0, "mse_greedy": NaN, "r2_greedy": NaN, "mse_ground_truth": 35.856388730143635, "r2_ground_truth": 0.7926269989384145, "weight_mismatch_ground_truth": 0, "rand_score_ground_truth": 1, "label_mismatch_ground_truth": 0, "mse_baseline_sklearn": 156.21953372105872, "r2_baseline_sklearn": 0.017361952539966974, "mse_milp_val": 32.81852016779389, "r2_milp_val": 0.830412762204821, "label_mismatch_milp_val": 0.0, "mse_refit_milp_assignment_val": 32.814098335439006, "r2_refit_milp_assignment_val": 0.8304356116913677, "label_mismatch_refit_milp_assignment_val": 0.0, "mse_refit_ground_truth_assignment_val": 32.814098335439006, "r2_refit_ground_truth_assignment_val": 0.8304356116913677, "label_mismatch_refit_ground_truth_assignment_val": 0.0, "mse_ground_truth_val": 41.7578584114626, "r2_ground_truth_val": 0.7842194033114395, "label_mismatch_ground_truth_val": 0.0, "mse_baseline_sklearn_val": 193.97935204547508, "r2_baseline_sklearn_val": -0.0023737308842244342, "random_state": 6}