{"time_milp": 683.7905178070068, "time_refit_milp_assignment": 684.7620720863342, "mse_refit_ground_truth_assignment": 7.72473167122315, "r2_refit_ground_truth_assignment": 0.9288060391872771, "weight_mismatch_refit_ground_truth_assignment": 10.41341918836092, "refit-weight_mismatch_refit_ground_truth_assignment": 0.0, "rand_score_refit_ground_truth_assignment": 1.0, "label_mismatch_refit_ground_truth_assignment": 0.0, "mse_milp": 6.0131772681028455, "r2_milp": 0.9445803524308718, "weight_mismatch_milp": 18.402761545546873, "refit-weight_mismatch_milp": 15.196459281098535, "rand_score_milp": 0.6698412698412698, "label_mismatch_milp": 0.5277777777777778, "mse_refit_milp_assignment": 6.013023145226898, "r2_refit_milp_assignment": 0.9445817728838347, "weight_mismatch_refit_milp_assignment": 18.44530116830272, "refit-weight_mismatch_refit_milp_assignment": 15.188461444380128, "rand_score_refit_milp_assignment": 0.6698412698412698, "label_mismatch_refit_milp_assignment": 0.5277777777777778, "mse_greedy": NaN, "r2_greedy": NaN, "mse_ground_truth": 13.600338108370035, "r2_ground_truth": 0.8746542948625474, "weight_mismatch_ground_truth": 0, "rand_score_ground_truth": 1, "label_mismatch_ground_truth": 0, "mse_baseline_sklearn": 106.27114995982893, "r2_baseline_sklearn": 0.020581832933533883, "random_state": 6}