{"ground_truth": [[-10, -1.5826848885290346, -1.0255509418496929], [1, 1.3377979807316742, 1.6124765741267186], [10, 0.1, 0.1], [5, -3.4970737987345126, -3.414905837374687]], "milp": [[-12.079250786199868, -1.1841045761074223, 0.8556723148922996], [2.784958319392012, -2.496308533334055, 2.172852154963958], [13.035394091634272, -1.1493616657710137, -0.2902066866483113], [4.164919874616843, 0.5685222383788563, -3.6295679620724552]], "refit_milp_assignment": [[-12.097411923307147, -1.183199846641292, 0.8598853138204599], [2.7910043046908335, -2.4968440734585853, 2.172230062496492], [13.057012613500095, -1.1583406056033003, -0.29329764831912003], [4.171517591188422, 0.5680482025411434, -3.6319997457434727]], "refit_ground_truth_assignment": [[-11.321849367849738, -1.5459978287623517, -0.01322714592043524], [3.153137494267776, 1.3508468964223974, 1.086656608203109], [14.986406270966246, -2.2147159941970194, -0.9448817546011715], [5.797593339059329, -3.850567670456378, -3.753222889254328]]}