{"ground_truth": [[-10, -1.5971504886610985, -1.5896447789367534], [1, 1.3820727929338132, 1.6880909589929485], [10, 0.1, 0.1]], "milp": [[-2.234123284454391, 1.3543208384109473, 2.1620280075654605], [10.072486543169344, 0.39084043073851094, 0.2651690922895797], [-10.684673080653411, -1.3635011655148228, -1.8896581751082722]], "refit_milp_assignment": [[-2.2375737017765016, 1.354568923691709, 2.1631087648971006], [10.08172430571553, 0.38966895603947665, 0.263310866394727], [-10.707688097307155, -1.3616756929803624, -1.880719689406621]], "refit_ground_truth_assignment": [[-9.420118330624359, -1.555075617279245, -2.3513417477178913], [0.5321755215384769, 1.6154653281558793, 1.3712952728044567], [11.097325280633765, -0.07299310967546742, -0.45693027453898377]]}