{"time_milp": 1.060370922088623, "time_greedy": 1.3297072887420653, "time_refit_milp_assignment": 2.002114772796631, "mse_refit_ground_truth_assignment": 0.18044417080881517, "r2_refit_ground_truth_assignment": 0.9989636462153779, "weight_mismatch_refit_ground_truth_assignment": 0.7859395778276097, "refit-weight_mismatch_refit_ground_truth_assignment": 0.0, "rand_score_refit_ground_truth_assignment": 1.0, "label_mismatch_refit_ground_truth_assignment": 0.0, "mse_milp": 4.841172490324341, "r2_milp": 0.9721954585184591, "weight_mismatch_milp": 16.95017366997994, "refit-weight_mismatch_milp": 16.75024388987354, "rand_score_milp": 0.6933797909407665, "label_mismatch_milp": 0.30952380952380953, "mse_refit_milp_assignment": 4.718028056351959, "r2_refit_milp_assignment": 0.9729027199369376, "weight_mismatch_refit_milp_assignment": 14.840701896622209, "refit-weight_mismatch_refit_milp_assignment": 14.634084409181899, "rand_score_refit_milp_assignment": 0.6933797909407665, "label_mismatch_refit_milp_assignment": 0.30952380952380953, "mse_greedy": 5.581911932247984, "r2_greedy": 0.9679411336454778, "weight_mismatch_greedy": 18.805171472452844, "refit-weight_mismatch_greedy": 18.556905540873874, "rand_score_greedy": 0.6774680603948897, "label_mismatch_greedy": 0.39761904761904765, "mse_greedy_sem": 1.5860074862218578, "r2_greedy_sem": 0.009108993953185013, "weight_mismatch_greedy_sem": 2.043584934223688, "refit-weight_mismatch_greedy_sem": 2.0575622064061885, "rand_score_greedy_sem": 0.015867272240207828, "label_mismatch_greedy_sem": 0.022856881786311886, "mse_ground_truth": 0.26138140890156986, "r2_ground_truth": 0.9984987954383298, "weight_mismatch_ground_truth": 0, "rand_score_ground_truth": 1, "label_mismatch_ground_truth": 0, "mse_baseline_sklearn": 161.705235428275, "r2_baseline_sklearn": 0.07127045457812509, "random_state": 4}