{"ground_truth": [[-10, 0.2, 0.4, 0.3], [10, -0.2, -0.4, -0.3]], "milp": [[-13.065797508276148, 0.7535559889829062, 0.328263663465466, -0.13269058583426516], [12.534749426988945, -0.1710324459092547, -0.5412890793167491, -0.2357856739448978]], "refit_milp_assignment": [[-13.068917294726814, 0.7539989045966008, 0.3286083201293331, -0.13233532422501182], [12.53877157271527, -0.1716961543992378, -0.5417873610477175, -0.2364044686649163]], "refit_ground_truth_assignment": [[-13.068917294726814, 0.7539989045966008, 0.3286083201293331, -0.13233532422501182], [12.53877157271527, -0.1716961543992378, -0.5417873610477175, -0.2364044686649163]]}