{"ground_truth": [[-10, 0.2, 0.4, 0.3], [10, -0.2, -0.4, -0.3]], "milp": [[-11.177601885289704, 0.024784724336625027, 0.1851414816307535, 0.7395692572807503], [10.778493679949184, -0.26343728945562284, -0.28558521112784746, -0.2617731421568807]], "refit_milp_assignment": [[-11.181694459742818, 0.025200422543068736, 0.18578362244288085, 0.7402399238474199], [10.781372859851412, -0.26392103293111924, -0.2859441705813634, -0.26215612462661503]], "refit_ground_truth_assignment": [[-11.181694459742818, 0.025200422543068736, 0.18578362244288085, 0.7402399238474199], [10.781372859851412, -0.26392103293111924, -0.2859441705813634, -0.26215612462661503]]}