{"time_milp": 1.3565351963043213, "time_refit_milp_assignment": 2.0336904525756836, "mse_refit_ground_truth_assignment": 0.1010864217739339, "r2_refit_ground_truth_assignment": 0.9997499853208484, "weight_mismatch_refit_ground_truth_assignment": 2.0087226036366066, "refit-weight_mismatch_refit_ground_truth_assignment": 0.0, "rand_score_refit_ground_truth_assignment": 1.0, "label_mismatch_refit_ground_truth_assignment": 0.0, "mse_milp": 0.6561687422704479, "r2_milp": 0.9983771132196672, "weight_mismatch_milp": 17.029400279192508, "refit-weight_mismatch_milp": 18.01804300439595, "rand_score_milp": 0.7711962833914053, "label_mismatch_milp": 0.2619047619047619, "mse_refit_milp_assignment": 0.35318346731617467, "r2_refit_milp_assignment": 0.9991264796031638, "weight_mismatch_refit_milp_assignment": 12.436657189788098, "refit-weight_mismatch_refit_milp_assignment": 13.451271711951028, "rand_score_refit_milp_assignment": 0.7711962833914053, "label_mismatch_refit_milp_assignment": 0.2619047619047619, "mse_greedy": NaN, "r2_greedy": NaN, "mse_ground_truth": 0.2643302273162372, "r2_ground_truth": 0.9993462382403807, "weight_mismatch_ground_truth": 0, "rand_score_ground_truth": 1, "label_mismatch_ground_truth": 0, "mse_baseline_sklearn": 306.09539396465124, "r2_baseline_sklearn": 0.24294143200549334, "random_state": 3}