{"time_milp": 0.5024299621582031, "time_refit_milp_assignment": 0.9629781246185303, "mse_refit_ground_truth_assignment": 2.04428177038342, "r2_refit_ground_truth_assignment": 0.9763653383357328, "weight_mismatch_refit_ground_truth_assignment": 0.8037270751356875, "refit-weight_mismatch_refit_ground_truth_assignment": 0.0, "rand_score_refit_ground_truth_assignment": 1.0, "label_mismatch_refit_ground_truth_assignment": 0.0, "mse_milp": 2.044287753229603, "r2_milp": 0.9763652691659406, "weight_mismatch_milp": 0.8033583830376161, "refit-weight_mismatch_milp": 0.006504165496067006, "rand_score_milp": 1.0, "label_mismatch_milp": 0.0, "mse_refit_milp_assignment": 2.04428177038342, "r2_refit_milp_assignment": 0.9763653383357328, "weight_mismatch_refit_milp_assignment": 0.8037270751356875, "refit-weight_mismatch_refit_milp_assignment": 0.0, "rand_score_refit_milp_assignment": 1.0, "label_mismatch_refit_milp_assignment": 0.0, "mse_greedy": NaN, "r2_greedy": NaN, "mse_ground_truth": 2.1577011917437834, "r2_ground_truth": 0.9749183745319235, "weight_mismatch_ground_truth": 0, "rand_score_ground_truth": 1, "label_mismatch_ground_truth": 0, "mse_baseline_sklearn": 85.11185105065753, "r2_baseline_sklearn": 0.01596778214366157, "mse_milp_val": 2.249306462018737, "r2_milp_val": 0.9736360362426917, "label_mismatch_milp_val": 0.0, "mse_refit_milp_assignment_val": 2.249893188009708, "r2_refit_milp_assignment_val": 0.9736291592683787, "label_mismatch_refit_milp_assignment_val": 0.0, "mse_refit_ground_truth_assignment_val": 2.249893188009708, "r2_refit_ground_truth_assignment_val": 0.9736291592683787, "label_mismatch_refit_ground_truth_assignment_val": 0.0, "mse_ground_truth_val": 1.9799623915422715, "r2_ground_truth_val": 0.9767929992587114, "label_mismatch_ground_truth_val": 0.0, "mse_baseline_sklearn_val": 85.33807761945869, "r2_baseline_sklearn_val": -0.0002416404648333259, "random_state": 3}