{"time_milp": 193.65732526779175, "time_refit_milp_assignment": 194.30609107017517, "mse_refit_ground_truth_assignment": 14.676925216516416, "r2_refit_ground_truth_assignment": 0.8632861877551686, "weight_mismatch_refit_ground_truth_assignment": 1.8065389095470379, "refit-weight_mismatch_refit_ground_truth_assignment": 0.0, "rand_score_refit_ground_truth_assignment": 1.0, "label_mismatch_refit_ground_truth_assignment": 0.0, "mse_milp": 14.540964881754398, "r2_milp": 0.864552642097968, "weight_mismatch_milp": 1.8302311568564384, "refit-weight_mismatch_milp": 0.31068426079023104, "rand_score_milp": 0.9833333333333333, "label_mismatch_milp": 0.008333333333333333, "mse_refit_milp_assignment": 14.540958642928713, "r2_refit_milp_assignment": 0.864552700211887, "weight_mismatch_refit_milp_assignment": 1.8369796834686474, "refit-weight_mismatch_refit_milp_assignment": 0.31091210729012153, "rand_score_refit_milp_assignment": 0.9833333333333333, "label_mismatch_refit_milp_assignment": 0.008333333333333333, "mse_greedy": NaN, "r2_greedy": NaN, "mse_ground_truth": 18.66625601640058, "r2_ground_truth": 0.8303553054981698, "weight_mismatch_ground_truth": 0, "rand_score_ground_truth": 1, "label_mismatch_ground_truth": 0, "mse_baseline_sklearn": 106.32534040775563, "r2_baseline_sklearn": 0.00959210386820708, "mse_milp_val": 24.65456039208346, "r2_milp_val": 0.7823737324149441, "label_mismatch_milp_val": 0.0125, "mse_refit_milp_assignment_val": 24.656140816040555, "r2_refit_milp_assignment_val": 0.782359781982995, "label_mismatch_refit_milp_assignment_val": 0.0125, "mse_refit_ground_truth_assignment_val": 25.776793411645894, "r2_refit_ground_truth_assignment_val": 0.7724677604761178, "label_mismatch_refit_ground_truth_assignment_val": 0.0125, "mse_ground_truth_val": 24.53726222010389, "r2_ground_truth_val": 0.783409125581827, "label_mismatch_ground_truth_val": 0.0125, "mse_baseline_sklearn_val": 114.54978121640343, "r2_baseline_sklearn_val": -0.011133070002549816, "random_state": 2}