{"time_milp": 22.213223218917847, "time_refit_milp_assignment": 22.907124280929565, "mse_refit_ground_truth_assignment": 10.013910560471265, "r2_refit_ground_truth_assignment": 0.8989500681116906, "weight_mismatch_refit_ground_truth_assignment": 1.3952472691070126, "refit-weight_mismatch_refit_ground_truth_assignment": 0.0, "rand_score_refit_ground_truth_assignment": 1.0, "label_mismatch_refit_ground_truth_assignment": 0.0, "mse_milp": 9.407599575609977, "r2_milp": 0.9050683256448879, "weight_mismatch_milp": 1.4969565259419275, "refit-weight_mismatch_milp": 0.4387286094535334, "rand_score_milp": 0.9833333333333333, "label_mismatch_milp": 0.008333333333333333, "mse_refit_milp_assignment": 9.407595371357278, "r2_refit_milp_assignment": 0.9050683680698173, "weight_mismatch_refit_milp_assignment": 1.4958480977768978, "refit-weight_mismatch_refit_milp_assignment": 0.43725855488827026, "rand_score_refit_milp_assignment": 0.9833333333333333, "label_mismatch_refit_milp_assignment": 0.008333333333333333, "mse_greedy": NaN, "r2_greedy": NaN, "mse_ground_truth": 9.967835558814718, "r2_ground_truth": 0.894987896483856, "weight_mismatch_ground_truth": 0, "rand_score_ground_truth": 1, "label_mismatch_ground_truth": 0, "mse_baseline_sklearn": 96.91959475680503, "r2_baseline_sklearn": 0.021988623757311587, "mse_milp_val": 10.03728824477786, "r2_milp_val": 0.886742517945331, "label_mismatch_milp_val": 0.0, "mse_refit_milp_assignment_val": 10.037757518571137, "r2_refit_milp_assignment_val": 0.8867372228131274, "label_mismatch_refit_milp_assignment_val": 0.0, "mse_refit_ground_truth_assignment_val": 9.222957566898359, "r2_refit_ground_truth_assignment_val": 0.8959311593280758, "label_mismatch_refit_ground_truth_assignment_val": 0.0, "mse_ground_truth_val": 8.899476640906736, "r2_ground_truth_val": 0.8995812124377476, "label_mismatch_ground_truth_val": 0.0, "mse_baseline_sklearn_val": 88.6857359848425, "r2_baseline_sklearn_val": -0.000700877254792065, "random_state": 12}