{"time_milp": 1.0416221618652344, "time_greedy": 1.0697871327400208, "time_refit_milp_assignment": 1.4891459941864014, "mse_refit_ground_truth_assignment": 10.865986508191936, "r2_refit_ground_truth_assignment": 0.8870307495328341, "weight_mismatch_refit_ground_truth_assignment": 0.8813701327443332, "refit-weight_mismatch_refit_ground_truth_assignment": 0.0, "rand_score_refit_ground_truth_assignment": 1.0, "label_mismatch_refit_ground_truth_assignment": 0.0, "mse_milp": 10.890039179586749, "r2_milp": 0.8867806836729919, "weight_mismatch_milp": 1.1748219835317109, "refit-weight_mismatch_milp": 0.38712158711520595, "rand_score_milp": 1.0, "label_mismatch_milp": 0.0, "mse_refit_milp_assignment": 10.865986508191936, "r2_refit_milp_assignment": 0.8870307495328341, "weight_mismatch_refit_milp_assignment": 0.8813701327443332, "refit-weight_mismatch_refit_milp_assignment": 0.0, "rand_score_refit_milp_assignment": 1.0, "label_mismatch_refit_milp_assignment": 0.0, "mse_greedy": 18.168483760266632, "r2_greedy": 0.8111096501937656, "weight_mismatch_greedy": 4.334029491075502, "refit-weight_mismatch_greedy": 3.5926758294460845, "rand_score_greedy": 0.8330290827740491, "label_mismatch_greedy": 0.1366666666666667, "mse_greedy_sem": 2.2832901456348678, "r2_greedy_sem": 0.023738440698133887, "weight_mismatch_greedy_sem": 1.0815660996772833, "refit-weight_mismatch_greedy_sem": 1.123820356005832, "rand_score_greedy_sem": 0.0522408521127165, "label_mismatch_greedy_sem": 0.042956526371376175, "mse_ground_truth": 11.327363047765909, "r2_ground_truth": 0.882234004955661, "weight_mismatch_ground_truth": 0, "rand_score_ground_truth": 1, "label_mismatch_ground_truth": 0, "mse_baseline_sklearn": 95.65566266823741, "r2_baseline_sklearn": 0.005552783535698658, "random_state": 4}