{"ground_truth": [[0.13782992947414577, 0.26390107177138206, -0.3022560493111767, 0.4228068844236929, 2.038327668362444, -1.423307888575089, -0.5618174604912745, 0.0548562971213439], [0.19619306884640775, -0.2767441076926741, 0.23020318279247903, 0.18609734756534058, 0.4723147546880899, -0.35356763117828083, -0.12238870014106573, 0.8482971722737157]], "greedy": [[[0.9270099439028061, -0.3564437472217124, 0.3642501871343157, 0.37356397049916845, 2.2260065995893923, -1.5187404362439414, -0.3282172296168021, -0.0154336181883845], [-0.34524671266736906, 0.03387125295407758, 0.3203618216783028, 0.17969900904925326, 0.07213125834614921, -0.25415446891981097, -0.0800576413650083, 0.27882855149169355]], [[0.8899916890291775, -0.36938963841100286, 0.2603826490215685, 0.3746894414684125, 2.3438746915635518, -1.5832592514279207, -0.2931915071731521, 0.006170030917867324], [-0.35953381350492963, 0.02569728234362608, 0.29709351224614194, 0.17586738322927709, 0.1030098672588724, -0.26048371858818886, -0.06686734659507507, 0.2740005751947231]], [[0.8784563412247592, -0.22980700282944388, 0.11064138315483227, 0.2341459822707775, 2.410727415162285, -1.5748509401659982, -0.4487971515628394, 0.24790495879638513], [-0.3544576890709013, 0.15818929775467333, 0.1683605269347907, 0.11224813642903407, 0.061985933415487485, -0.23638352200182222, -0.14078782477360818, 0.4352845893527716]], [[-0.35953381350492963, 0.02569728234362608, 0.29709351224614194, 0.17586738322927709, 0.1030098672588724, -0.26048371858818886, -0.06686734659507507, 0.2740005751947231], [0.8899916890291775, -0.36938963841100286, 0.2603826490215685, 0.3746894414684125, 2.3438746915635518, -1.5832592514279207, -0.2931915071731521, 0.006170030917867324]], [[-0.34524671266736906, 0.03387125295407758, 0.3203618216783028, 0.17969900904925326, 0.07213125834614921, -0.25415446891981097, -0.0800576413650083, 0.27882855149169355], [0.9270099439028061, -0.3564437472217124, 0.3642501871343157, 0.37356397049916845, 2.2260065995893923, -1.5187404362439414, -0.3282172296168021, -0.0154336181883845]], [[-0.18642766988726053, -0.19310002760985562, -0.1527296110344014, 0.010790763028097635, 0.9519336477377415, -0.5428126986147138, -0.15055557147446674, 0.31111659152252996], [0.6513437924371738, -0.04535679340579991, 0.40720613783999565, 0.10252349829034048, 1.9807294688157908, -1.716658878061893, -0.024901168082827094, 0.5007537804996983]], [[0.8899916890291775, -0.36938963841100286, 0.2603826490215685, 0.3746894414684125, 2.3438746915635518, -1.5832592514279207, -0.2931915071731521, 0.006170030917867324], [-0.35953381350492963, 0.02569728234362608, 0.29709351224614194, 0.17586738322927709, 0.1030098672588724, -0.26048371858818886, -0.06686734659507507, 0.2740005751947231]], [[-0.3543028696044519, 0.04721551620584246, 0.2896457912135815, 0.18354629518431925, 0.45755378290639814, -0.4662631167419803, -0.12266033731792753, 0.15490923965901898], [0.9131778497161642, -0.5216570413278272, 0.33884770970388145, 0.3673487664957098, 1.416832747438095, -1.0692263863053821, -0.12459416446950188, 0.31838458445244583]], [[0.8899916890291775, -0.36938963841100286, 0.2603826490215685, 0.3746894414684125, 2.3438746915635518, -1.5832592514279207, -0.2931915071731521, 0.006170030917867324], [-0.35953381350492963, 0.02569728234362608, 0.29709351224614194, 0.17586738322927709, 0.1030098672588724, -0.26048371858818886, -0.06686734659507507, 0.2740005751947231]], [[0.8726827578785554, -0.333402628885598, 0.09039350149465722, 0.1637731103816025, 2.4253190233802346, -1.586324541826382, -0.3899114152501294, 0.34948152765523255], [-0.36153685808092967, 0.1276653874695793, 0.18616288952745524, 0.08122620601461675, 0.055523598972956424, -0.2414933773466963, -0.1142651249086992, 0.45600249624803746]], [[0.9270099439028061, -0.3564437472217124, 0.3642501871343157, 0.37356397049916845, 2.2260065995893923, -1.5187404362439414, -0.3282172296168021, -0.0154336181883845], [-0.34524671266736906, 0.03387125295407758, 0.3203618216783028, 0.17969900904925326, 0.07213125834614921, -0.25415446891981097, -0.0800576413650083, 0.27882855149169355]], [[-0.3623024653991256, 0.06301298149046157, 0.24554027115449695, 0.1601251111214637, 0.10646016987046045, -0.2606805242581578, -0.06282903565815812, 0.29355454368627915], [0.8840193299683734, -0.3127686365359295, 0.12813467688207855, 0.3498962824877535, 2.368301197983907, -1.5964756146543866, -0.26424357991285974, 0.04854778978467695]], [[0.8899916890291775, -0.36938963841100286, 0.2603826490215685, 0.3746894414684125, 2.3438746915635518, -1.5832592514279207, -0.2931915071731521, 0.006170030917867324], [-0.35953381350492963, 0.02569728234362608, 0.29709351224614194, 0.17586738322927709, 0.1030098672588724, -0.26048371858818886, -0.06686734659507507, 0.2740005751947231]], [[-0.35953381350492963, 0.02569728234362608, 0.29709351224614194, 0.17586738322927709, 0.1030098672588724, -0.26048371858818886, -0.06686734659507507, 0.2740005751947231], [0.8899916890291775, -0.36938963841100286, 0.2603826490215685, 0.3746894414684125, 2.3438746915635518, -1.5832592514279207, -0.2931915071731521, 0.006170030917867324]], [[0.8899916890291775, -0.36938963841100286, 0.2603826490215685, 0.3746894414684125, 2.3438746915635518, -1.5832592514279207, -0.2931915071731521, 0.006170030917867324], [-0.35953381350492963, 0.02569728234362608, 0.29709351224614194, 0.17586738322927709, 0.1030098672588724, -0.26048371858818886, -0.06686734659507507, 0.2740005751947231]], [[0.8899916890291775, -0.36938963841100286, 0.2603826490215685, 0.3746894414684125, 2.3438746915635518, -1.5832592514279207, -0.2931915071731521, 0.006170030917867324], [-0.35953381350492963, 0.02569728234362608, 0.29709351224614194, 0.17586738322927709, 0.1030098672588724, -0.26048371858818886, -0.06686734659507507, 0.2740005751947231]], [[-0.3623024653991256, 0.06301298149046157, 0.24554027115449695, 0.1601251111214637, 0.10646016987046045, -0.2606805242581578, -0.06282903565815812, 0.29355454368627915], [0.8840193299683734, -0.3127686365359295, 0.12813467688207855, 0.3498962824877535, 2.368301197983907, -1.5964756146543866, -0.26424357991285974, 0.04854778978467695]], [[-0.35953381350492963, 0.02569728234362608, 0.29709351224614194, 0.17586738322927709, 0.1030098672588724, -0.26048371858818886, -0.06686734659507507, 0.2740005751947231], [0.8899916890291775, -0.36938963841100286, 0.2603826490215685, 0.3746894414684125, 2.3438746915635518, -1.5832592514279207, -0.2931915071731521, 0.006170030917867324]], [[0.9131778497161642, -0.5216570413278272, 0.33884770970388145, 0.3673487664957098, 1.416832747438095, -1.0692263863053821, -0.12459416446950188, 0.31838458445244583], [-0.3543028696044519, 0.04721551620584246, 0.2896457912135815, 0.18354629518431925, 0.45755378290639814, -0.4662631167419803, -0.12266033731792753, 0.15490923965901898]], [[-0.34524671266736906, 0.03387125295407758, 0.3203618216783028, 0.17969900904925326, 0.07213125834614921, -0.25415446891981097, -0.0800576413650083, 0.27882855149169355], [0.9270099439028061, -0.3564437472217124, 0.3642501871343157, 0.37356397049916845, 2.2260065995893923, -1.5187404362439414, -0.3282172296168021, -0.0154336181883845]], [[0.1329771637637469, -0.19504556963325242, -0.128141477714044, 0.7737522681037894, 0.9827190252994326, -1.128505863682991, -0.3409565394969576, 1.0305435326502586], [0.2366724748606155, 0.28918600404726896, 0.40647584334952724, -0.8681078183326354, 1.5708576781596688, -0.8848691379001059, -0.11751243098921028, -0.44435292989799413]], [[0.8899916890291775, -0.36938963841100286, 0.2603826490215685, 0.3746894414684125, 2.3438746915635518, -1.5832592514279207, -0.2931915071731521, 0.006170030917867324], [-0.35953381350492963, 0.02569728234362608, 0.29709351224614194, 0.17586738322927709, 0.1030098672588724, -0.26048371858818886, -0.06686734659507507, 0.2740005751947231]], [[-0.34524671266736906, 0.03387125295407758, 0.3203618216783028, 0.17969900904925326, 0.07213125834614921, -0.25415446891981097, -0.0800576413650083, 