{"time_milp": 2662.572199821472, "time_greedy": 0.4842360496520996, "time_refit_milp_assignment": 2665.25266122818, "mse_refit_ground_truth_assignment": 8.350731103740356, "r2_refit_ground_truth_assignment": 0.9310898946075525, "weight_mismatch_refit_ground_truth_assignment": 2.3707294624564543, "refit-weight_mismatch_refit_ground_truth_assignment": 0.0, "rand_score_refit_ground_truth_assignment": 1.0, "label_mismatch_refit_ground_truth_assignment": 0.0, "mse_milp": 5.8142894875211635, "r2_milp": 0.9520205720445456, "weight_mismatch_milp": 5.336226920971926, "refit-weight_mismatch_milp": 4.376225322186918, "rand_score_milp": 0.8153364632237872, "label_mismatch_milp": 0.16666666666666666, "mse_refit_milp_assignment": 5.814233028877514, "r2_refit_milp_assignment": 0.9520210379404098, "weight_mismatch_refit_milp_assignment": 5.356374862083686, "refit-weight_mismatch_refit_milp_assignment": 4.407805977190035, "rand_score_refit_milp_assignment": 0.8153364632237872, "label_mismatch_refit_milp_assignment": 0.16666666666666666, "mse_greedy": 10.988698144879647, "r2_greedy": 0.9093214309163568, "weight_mismatch_greedy": 17.7669961047798, "refit-weight_mismatch_greedy": 17.075105556958547, "rand_score_greedy": 0.730320813771518, "label_mismatch_greedy": 0.33749999999999997, "mse_greedy_sem": 1.2426998948891792, "r2_greedy_sem": 0.010254740532794822, "weight_mismatch_greedy_sem": 2.484594623579933, "refit-weight_mismatch_greedy_sem": 2.5431700969295887, "rand_score_greedy_sem": 0.014606357380223324, "label_mismatch_greedy_sem": 0.025789593858706095, "mse_ground_truth": 8.309137363071377, "r2_ground_truth": 0.928726482370374, "weight_mismatch_ground_truth": 0, "rand_score_ground_truth": 1, "label_mismatch_ground_truth": 0, "mse_baseline_sklearn": 114.97415597225437, "r2_baseline_sklearn": 0.051235022774590244, "mse_milp_val": 11.279589927316147, "r2_milp_val": 0.8970024345218177, "label_mismatch_milp_val": 0.22916666666666666, "mse_refit_milp_assignment_val": 11.295604568522194, "r2_refit_milp_assignment_val": 0.8968561996793405, "label_mismatch_refit_milp_assignment_val": 0.22916666666666666, "mse_greedy_val": 25.270663593847967, "label_mismatch_greedy_val": 0.35, "mse_greedy_val_sem": 6.011936068190383, "label_mismatch_greedy_val_sem": 0.023492564457617684, "r2_greedy_val": 0.7692454384462022, "r2_greedy_val_sem": 0.054896922922216554, "mse_refit_ground_truth_assignment_val": 7.668143281602002, "r2_refit_ground_truth_assignment_val": 0.9299797160329205, "label_mismatch_refit_ground_truth_assignment_val": 0.16666666666666666, "mse_ground_truth_val": 8.313788567331805, "r2_ground_truth_val": 0.9240841211556998, "label_mismatch_ground_truth_val": 0.16666666666666666, "mse_baseline_sklearn_val": 109.789953925381, "r2_baseline_sklearn_val": -0.0025274004767550373}