{"ground_truth": [[-10, -1.337719620706157, -1.6626352006348812, -1.0611537685933308], [1, 1.6272285743807728, 1.565890653114534, 1.026132378542826], [10, 0.1, 0.1, 0.1]], "milp": [[-11.424292108648011, -1.1642026903718818, -0.4981341187512456, -1.3577892525831938], [10.316081986598977, -0.12841639725785758, 0.8692903979508889, 0.0837943593259719], [0.044349607514619, 1.223761295491626, 3.5495098915531966, -0.3003983140249771]], "greedy": [[[12.05330138268671, -2.7666966363063468, -3.1465354785147572, -9.121982088365225], [3.8132679644535656, -1.2704528089678702, 4.797673033853988, 2.014623940015698], [-18.118456811371274, 2.3282424890282005, 6.5637460623321235, 4.437455904786006]], [[8.870564681323309, -0.02208338367096076, -1.5771898250121237, -2.3063828629703735], [4.624811787471776, -0.24504223620963167, 3.0751525202278875, 1.5590947554408994], [-10.508047464463225, -1.0655126668623256, -1.4227989818488858, -1.1600160366523755]], [[-2.9262455828214855, 2.2278112458779873, 3.688672415191724, -0.33128648720701703], [6.144207406277369, 2.169270439579483, 1.463255312299768, -0.2363285592959982], [-11.443194383159302, -1.1591024029070414, -0.49446860434386763, -1.352393200807368]], [[-10.42429656827636, -0.7437963375110355, -2.948750593627615, 0.44258623549568554], [-7.920242521527399, 1.9841576170778337, 4.046527235073737, -5.442943295630262], [6.431290648705319, 1.157410448697536, 1.4506495425864527, -0.521560672193504]], [[8.490458314390786, -0.6543037356017197, -0.06345204110853934, -3.4679483199271135], [-10.508047464463225, -1.0655126668623256, -1.4227989818488858, -1.1600160366523755], [5.71090666876715, 0.21379851769444894, 1.9633429405949656, 1.1819128981080376]], [[-10.986698052379918, 7.208476657104716, 7.527311766942151, -5.232060376037369], [8.953638358766854, -4.371237444094577, 0.21846173118107162, -7.996511950058328], [5.934587757694436, -6.879225870693531, -3.8734676363599947, 5.089970773502099]], [[-11.443194383159302, -1.1591024029070414, -0.49446860434386763, -1.352393200807368], [9.02711797699778, -0.45066999534771407, 1.466208545372651, 0.6871495981201413], [-0.8517915575606398, 0.0984786282789371, 3.1372662450439366, 0.8394888978232985]], [[9.439992060695694, -1.1005400515909776, -2.819277891157297, 1.7362685840702943], [4.06753211881828, 1.8730356547036302, 3.100161542384622, -1.610646637285956], [-9.486272104049732, -1.201316191705078, -1.5448770654012645, -1.66179509625931]], [[-9.27357475538605, -0.9415079669664751, 0.283387574364671, -3.0825962101017628], [-1.5746198914673988, -5.7831074537200085, -1.051244804034284, 4.779508318034809], [8.425623354144024, 0.010626023854151196, 1.1887701949759986, -0.24409465487299176]], [[4.910829334784454, -3.6571079870904546, -0.4824156771161556, -7.6751596544515985], [4.033807554103204, 1.744336953508401, 2.335642449663111, 0.20423261918798444], [-17.180125827585535, 3.9753608489172283, 3.245437327802684, 2.0058226426940493]], [[8.16017009945066, 0.3763949522416084, 0.5391082091562188, 0.09308058989622331], [-8.859178809702884, -1.0633414165455353, -0.8242781483544934, -2.441022653634357], [-0.5365580921751941, -2.9410133494473136, -5.327561647141585, 3.6303127388079997]], [[-11.796941254153602, -1.453835175410242, -0.21573382934622543, -1.2479425398074309], [7.418020928442834, 0.5234649206735351, 1.4654777857426, 0.07271510325214811], [0.18080480448224767, -1.8196572709418424, 4.211864276895898, -0.016617500926642954]], [[-12.961739812336356, 5.220655706427682, 5.993535225015156, -5.570767101294751], [-16.989943721743817, 4.9193232068328765, 3.7299082799202714, 6.362684609049051], [12.559279780177249, -1.998377959826929, -1.5764147760693972, -3.3753197553389014]], [[-11.443194383159302, -1.1591024029070414, -0.49446860434386763, -1.352393200807368], [9.8751244685101, -0.5166287019954062, 1.1085229853090188, 0.7103282052453771], [-0.2400405090140767, 0.39622276696606995, 3.0862199770444145, 0.6702616899978575]], [[5.701250678681747, 1.0880743086047613, 1.5952743058730774, 0.5196945813237214], [3.9117583736877153, -3.326863158796534, 4.269920442416136, -1.763214751017675], [-11.796941254153602, -1.453835175410242, -0.21573382934622543, -1.2479425398074309]], [[9.204222377545797, -0.4435400804781535, 1.3226032241705772, 0.49620693971666785], [-11.443194383159302, -1.1591024029070414, -0.49446860434386763, -1.352393200807368], [-0.6057596462999499, -0.013869937627695849, 3.026785795172697, 0.6155567773080899]], [[4.254340775580793, 1.3681166052100007, 2.1595675675651287, 0.2753869049053212], [-12.618345352626777, -0.16591064589893456, 0.11002365747217688, -1.1642360271828434], [7.24409399523918, -3.569281383265824, -0.2983977314890412, -8.17864787188056]], [[8.044050780440944, 0.7351413401271113, 0.6914637298149969, -0.24604732817560618], [-5.091127089419414, -3.7887198847453667, -3.267179081046926, 5.4718832831309125], [-9.37779125480561, 1.333075372155641, 3.0906269987703117, -4.852506276721319]], [[9.076990325024228, -0.9722974446844791, 1.426025592134984, 0.2976144536878423], [-9.27357475538605, -0.9415079669664751, 0.283387574364671, -3.0825962101017628], [-1.473790465984346, -5.564645035262809, -0.6335993015350814, 3.191675730062462]], [[-8.457013613916175, -0.7079513725083455, -0.2750329482596155, -3.2176446862725907], [-5.609342228768728, 1.1107844647002196, -7.708248296249747, 1.207020364083668], [7.072393507823501, 1.026935637124641, 0.8236951521240542, -0.32566885955698843]]], "refit_milp_assignment": [[-11.441878897742395, -1.1596560110753025, -0.494627259982438, -1.3529980356788345], [10.3373412635661, -0.1355927405903781, 0.8615838416411417, 0.0807060438812437], [0.04297175973671763, 1.2242859082272182, 3.5509719223456493, -0.30068077770995866]], "refit_ground_truth_assignment": [[-10.506682010253583, -1.0661200433950122, -1.423350943522137, -1.160407239004771], [1.001181076292001, 1.2564959530364026, 2.410473022112949, 0.8196658462492187], [9.515362602792912, 0.6370140250312811, 0.4285713495923768, 0.07215796944361376]]}