{"ground_truth": [[-10, -1.0631379762896882, -1.8725122474879314, -1.1034283250295442, -1.7782304884048132, -1.1306615264568722, -1.3228679505999361], [1, 1.9890091862211587, 1.737995448465807, 1.3693751903891958, 1.5411266183720715, 1.1642445883380177, 1.8749236388909267], [10, 0.1, 0.1, 0.1, 0.1, 0.1, 0.1]], "milp": [[-1.1034475207893617, -0.43234852974483373, 0.5568374965602987, -0.7070677225201321, -3.532935393906974, -2.9378069353367025, -2.034344648593703], [5.7132953751268625, 1.4745574552871465, 0.7138118343019723, 0.6761142800651587, 1.1815913821101678, 0.4820956459188628, 1.152883239913459], [-1.661690299662446, -2.729298794346384, -2.863005159664981, -1.4860164950760435, -1.8993348866716586, -2.0613877434113936, -0.9115008818495355]], "greedy": [[[10.179250004325146, -0.6793726356701373, -5.739553833492459, -3.2223000339415155, -0.07623979606326825, 2.7786778019467473, 0.38252185658832455], [-10.263290134268246, 1.3557611192889643, 5.419925500854089, 3.324649979227695, 0.3153727675402473, 0.8112030265729472, 0.551815822272266], [12.20250107520051, -4.111834028802021, -3.3437528162107824, -1.4260221893896987, -5.489975390769068, -4.50033430414888, -1.3402020974057562]], [[6.7700621327176345, 1.6242282654613853, 1.0134220778754515, 0.5049972858872733, 1.0480699331256451, 1.0617605295215686, 0.7766882118084404], [-6.272299161873525, -1.4385289779600072, -2.141588701160941, -0.8671164504665854, -2.657822231993684, -1.6928149043575724, -1.650759754159558], [-4.387757747716465, -1.1297648478659301, 0.4642397226494607, -2.412158470773136, 2.4146661968067087, 1.4136450625300705, 2.561673251040441]], [[-11.57066044105834, -0.9700092962972825, -1.7983432468735354, -0.911587265504802, -1.3660554070604092, -1.0335039448894148, -1.0312277095260516], [3.6196164391283094, 0.8866104755378648, 1.543775064673948, 0.9388543416928865, 1.3351757550257866, 1.2660956197515416, 2.36163408403634], [8.534052538049306, 0.000521059344560769, -0.005097428683237151, 0.5825875814245296, 0.6338372568551913, -0.13011215935087012, 0.1950656745015693]], [[3.650479667254743, -1.5649793172126174, -2.697819496303228, -0.34690775259530515, -6.0739058832634845, -1.0920316420060658, -4.681707870899603], [-48.955284851237934, 0.58120851713987, -0.598190384239366, 10.52984967831976, 5.88672319382158, 5.299249575194945, 5.675883934846803], [9.040151330481091, 0.7405529588997233, -0.40246196534287276, -0.488341356196489, 0.9570439185175411, 0.4072177185534087, 1.4469078289772686]], [[9.97866602479079, 0.42045569185038423, 0.21154276770617716, -0.06752401958235729, 0.39288662869337454, -0.014259459288504802, 0.3488852872708285], [-8.860048094824663, -0.6834910219395832, -0.04738421647225139, 1.0815054266649917, 4.729889560612445, 1.6828309670489476, 6.423208522385881], [-6.272299161873525, -1.4385289779600072, -2.141588701160941, -0.8671164504665854, -2.657822231993684, -1.6928149043575724, -1.650759754159558]], [[7.409325734509451, -6.557856834253662, -6.134488216188981, 3.3093667546870065, 2.1006405679332802, -2.9124180889660223, 1.0304138317621383], [3.954370129595574, -4.012129603517432, -1.7675454130613617, 3.1176915689960185, -0.9073697582019489, 3.7780372931420585, -4.754378162534174], [-12.603592023993901, 1.2531110493222004, 3.585832006257923, -0.7612825458538979, -0.1788067632863907, 1.6949787420978069, 6.446432055601546]], [[12.194733452926894, -8.263413756053392, -5.783467835501258, 1.2955746758519637, 1.3701943154752056, -3.5700337900580386, 1.7649796491320155], [-18.422752251454337, -1.2127664535338822, 5.973911796438902, -1.2685254483669266, 4.101284247886286, 2.6408814537049485, 5.5065125994469994], [-5.749838698020069, 1.597290802562157, 2.981440554818225, 4.6328047156926475, -2.8079060378077867, 2.0463226841178885, -0.3975150558542969]], [[6.060836245467314, 0.7556090066281542, 2.2846605395730184, -2.191359021158943, -4.960679762831819, -1.5781072617915983, -0.6478234174286849], [8.908276891893472, -5.357970945431819, -3.6456125304449403, 0.13652669522420732, 1.3659610879696826, -5.314070412017915, 0.9790984089445244], [-5.022957934599062, -1.7918140272210874, -4.300110539327655, 1.2750368434430503, 3.301134412627471, 3.7879055048898502, 4.509016829848995]], [[11.021984024052148, -0.14838366279464366, -0.17033013719905277, -0.03521129237500646, 0.40014563951161647, 0.009843737020067052, 0.022574482783958925], [8.597187142893919, 1.835782480273003, 0.6913427684688881, 0.6714889676084377, 1.1513884381868513, -0.35325796667136783, 1.950181565923382], [-5.723855044285292, -1.5473859046401932, -2.239287035879306, -1.1403011866895754, -2.7246364004467916, -1.7690210869184877, -1.4815680952753554]], [[1.8443367028104714, -4.386729404160638, -2.545514833131866, 3.384811838908231, -1.481552501001398, -0.9564882045028457, -3.220046674352206], [6.684712960661101, 1.2132766930047436, 0.22495127202350362, 0.32132809861090855, 1.1656493196412312, 0.5718343365685913, 1.6604597491536859], [-4.08593491549729, -1.7525260814349217, -3.293400003149472, -1.2855769808220157, -3.843229796864815, -0.7642634725455313, -0.45601105634022066]], [[-4.479000902631913, 0.7371113790516243, 3.429072368865968, -3.650276839669722, 0.9624837714294626, 0.4074855287585897, 5.928022559013126], [-3.8196017351804863, -2.7361429771316224, -1.9435043987117062, 6.5481969362892425, -0.6013225393350536, -4.979989278822037, -0.15536535723710831], [11.275367320417702, -5.13330754852193, -4.785072794430012, -1.4508368698598784, 1.5121042311117165, 2.069044015737123, -0.31096461998188]], [[-26.49828516384973, 4.51339559009165, -0.505476024360577, 4.914535627739132, -2.4398762676972185, 1.9987483863418518, 9.22265703650417], [9.52743792589011, -4.393065081958379, -6.07953288757009, 2.7443891134924323, -0.14496362319151, -0.48249167587038033, -3.991184768978275], [7.326414486767213, 1.5577733541746566, -0.07305900786264806, 0.279769194960814, 1.430239246387847, 0.4696763402319788, 1.749237763026335]], [[-1.77429868485026, 1.6893282263850848, -1.4159608114855093, 0.887719089310602, 2.197526214741594, -3.81657627803631, -0.3188521167379134], [-6.484341483953417, -1.5196728025399062, -2.00911841540504, -1.483421939543177, -2.4309316640294143, -1.4986136674200354, -1.3574624013832028], [9.466281849670223, 1.8474677750582071, -0.10552004460886132, 0.3838741011213204, 1.0573474027174925, -0.42131389991340096, 1.5195377372507775]], [[6.547184803340317, 1.2899736207492218, 0.09698168857762259, 0.07589282781185898, 0.8258866977418585, 0.6513126322742855, 2.0798350116867725], [3.0412599367740984, -6.967690362751165, -6.437443594488254, 1.7216620030398178, 4.5495874242338274, -1.003067235066243, 1.289036190457496], [9.630403514952382, -3.3175534064638463, -0.9147198678026885, -3.2537198040020296, -5.1153182209973345, -2.3178405622001375, -3.065381435519183]], [[12.220671522858224, -5.965722863189892, -1.5753756518150566, 0.5486680293378743, -1.2461624261789872, -2.3745554880240825, -1.4751506013226545], [3.862912846831515, -0.8731313298340058, -7.738488491663194, -2.534353455934947, 1.407921334691565, 2.7328489984400814, 2.0446109949056], [-27.58763994824912, 5.071623842873406, 7.420099874797998, 6.638830832266702, 0.8682532444344117, -1.6250998960069134, 0.011993001563154526]], [[-5.986653708634254, 3.1969405447916652, -5.781648951396688, 1.4373260295391155, 5.535097076564701, -2.51930923959091, 7.959328892768546], [3.7833578362110987, -3.2357357976530654, 1.7883741157132873, -5.050205052396531, -0.2556097380502679, 0.9116265178486115, -2.724079093562719], [1.479615950676984, -3.7530371473953443, -2.2092941809032483, 6.069826159948094, -1.2098397941930839, -4.082865428024517, -0.9398363180306524]], [[-33.49260268803436, 3.8774673923250953, -2.7534665324968732, 12.080301944347005, 1.936786933409178, -1.759313991963974, 6.2530319827769345], [15.449235691172365, -2.8787445527759012, 1.1254394700272778, -8.84147788051726, -2.2766652639201874, -3.1415489057714163, -1.0593695063398996], [5.967804141404061, -2.929907766864965, 