{"ground_truth": [[-10, -1.337719620706157, -1.6626352006348812, -1.0611537685933308], [1, 1.6272285743807728, 1.565890653114534, 1.026132378542826], [10, 0.1, 0.1, 0.1]], "milp": [[-10.04761947190628, -1.5982896327719662, -1.6371927976447518, -0.5769029298632717], [0.830760059537142, 2.0224025072543226, 1.5038880674837614, 0.9289157470026519], [9.705444654602518, -0.6286691744306573, 0.908536985793679, 0.40198785065110193]], "greedy": [[[-17.259819455467387, 7.3560884963508, 1.3789115118442279, 4.4246341744268225], [5.926203911588182, -5.156816193566472, 4.933641713652909, -6.012176193943942], [8.3330521742928, -2.7331707079513916, -7.196781584703348, 1.1929715089993582]], [[-10.064773095322295, -1.5940206793575318, -1.633199572772628, -0.5712364074468613], [1.2215669676316665, 2.2422495737504904, 1.3079845218568762, 1.3267798366131123], [10.664296655002346, -1.9009466520998328, 0.5701010090298623, -1.137143470910056]], [[-10.064773095322295, -1.5940206793575318, -1.633199572772628, -0.5712364074468613], [3.485738306809276, 1.6662292761264783, 1.172258460526622, 0.9344865224411968], [7.307085258096806, -5.6674237771336875, 1.7274205897889012, -5.773778460115671]], [[-10.064773095322295, -1.5940206793575318, -1.633199572772628, -0.5712364074468613], [9.906669435035704, -0.6403166960062513, 0.7033373587112552, 0.3267021452611414], [1.061134362359713, 1.9433581213676272, 1.224070193236154, 0.9191340421591131]], [[1.6225592409157343, 1.2777264916735944, 0.19451363185641016, 1.1124780285862823], [-10.064773095322295, -1.5940206793575318, -1.633199572772628, -0.5712364074468613], [9.927726097324248, -0.4856808625777705, 0.47424862289602665, 0.08762454883574099]], [[9.906669435035704, -0.6403166960062513, 0.7033373587112552, 0.3267021452611414], [1.061134362359713, 1.9433581213676272, 1.224070193236154, 0.9191340421591131], [-10.064773095322295, -1.5940206793575318, -1.633199572772628, -0.5712364074468613]], [[-10.064773095322295, -1.5940206793575318, -1.633199572772628, -0.5712364074468613], [1.061134362359713, 1.9433581213676272, 1.224070193236154, 0.9191340421591131], [9.906669435035704, -0.6403166960062513, 0.7033373587112552, 0.3267021452611414]], [[6.005423513987194, -4.618582955734869, -4.330087187124513, 4.175833859731611], [-16.73231219046987, 4.35286775322923, 5.366350134526617, 0.3132788744709619], [12.447422934708095, -1.4223188574418275, -1.6517812520075126, -6.492803085467601]], [[0.8257438941514168, 1.2424521546637135, 0.9880059763061879, 0.8636652290376469], [8.70713732358899, -0.43670212903512207, 1.1892064479405025, -0.07706252145935925], [-10.064773095322295, -1.5940206793575318, -1.633199572772628, -0.5712364074468613]], [[-10.064773095322295, -1.5940206793575318, -1.633199572772628, -0.5712364074468613], [7.69932943990695, 1.0284344351271653, -0.1273670979864033, -1.2412058797965244], [3.2792575041082754, -1.2869286054502749, 3.519200517841992, 2.5146872039677435]], [[-10.064773095322295, -1.5940206793575318, -1.633199572772628, -0.5712364074468613], [9.927726097324248, -0.4856808625777705, 0.47424862289602665, 0.08762454883574099], [1.6225592409157343, 1.2777264916735944, 0.19451363185641016, 1.1124780285862823]], [[-0.3812675215238168, -0.9462322156880904, 4.085432877421299, -7.659893277723907], [-12.726612990104215, 3.0993485198801305, 2.0078931848533657, 6.410981328658939], [11.941976654160563, -5.132465884242799, -6.5515340706061185, 4.267692980193294]], [[1.2215669676316665, 2.2422495737504904, 1.3079845218568762, 1.3267798366131123], [-10.064773095322295, -1.5940206793575318, -1.633199572772628, -0.5712364074468613], [10.664296655002346, -1.9009466520998328, 0.5701010090298623, -1.137143470910056]], [[-2.625063367375766, -6.069365191248687, 2.215516144177962, -3.059464951280053], [8.604076317974691, -0.5383450074606949, 1.099327251875077, 0.0529562303617506], [-14.053010114201502, 0.1100803243418541, 0.3463430337391994, 5.594169597218062]], [[-15.423113704482363, 1.5628264411134374, 1.2899603303951845, 6.211378997294645], [7.746878037018675, 0.1090420488504433, 0.9392069428377927, -0.17914309934568823], [-4.024800640956669, -5.607653200177802, 0.8051578670286428, -2.396667197005273]], [[9.927726097324248, -0.4856808625777705, 0.47424862289602665, 0.08762454883574099], [1.6225592409157343, 1.2777264916735944, 0.19451363185641016, 1.1124780285862823], [-10.064773095322295, -1.5940206793575318, -1.633199572772628, -0.5712364074468613]], [[9.906669435035704, -0.6403166960062513, 0.7033373587112552, 0.3267021452611414], [1.061134362359713, 1.9433581213676272, 1.224070193236154, 0.9191340421591131], [-10.064773095322295, -1.5940206793575318, -1.633199572772628, -0.5712364074468613]], [[1.061134362359713, 1.9433581213676272, 1.224070193236154, 0.9191340421591131], [9.906669435035704, -0.6403166960062513, 0.7033373587112552, 0.3267021452611414], [-10.064773095322295, -1.5940206793575318, -1.633199572772628, -0.5712364074468613]], [[-10.064773095322295, -1.5940206793575318, -1.633199572772628, -0.5712364074468613], [9.927726097324248, -0.4856808625777705, 0.47424862289602665, 0.08762454883574099], [1.6225592409157343, 1.2777264916735944, 0.19451363185641016, 1.1124780285862823]], [[-10.064773095322295, -1.5940206793575318, -1.633199572772628, -0.5712364074468613], [1.061134362359713, 1.9433581213676272, 1.224070193236154, 0.9191340421591131], [9.906669435035704, -0.6403166960062513, 0.7033373587112552, 0.3267021452611414]]], "refit_milp_assignment": [[-10.06312379488174, -1.594838104712569, -1.6337767418268192, -0.5716408858301519], [0.8299635644871755, 2.0229426937913337, 1.5046557311479765, 0.9289400593480593], [9.722451758027074, -0.6332695342654072, 0.9022820134074157, 0.3986615361872903]], "refit_ground_truth_assignment": [[-10.06312379488174, -1.594838104712569, -1.6337767418268192, -0.5716408858301519], [0.8917622194997383, 2.0688987678731325, 1.4302285739418834, 0.8932769953164488], [9.810662883046836, -0.36354847516071254, 0.7068975148682893, 0.23467273347954215]]}