{"ground_truth": [[-10, 0.2, 0.4, 0.3], [10, -0.2, -0.4, -0.3]], "milp": [[-10.45246216654603, -0.02186652197406594, 0.5434047430495507, 0.4523670993797809], [9.735612583060188, -0.2189119300874041, -0.5029596777330467, -0.21288747642539865]], "refit_milp_assignment": [[-10.455081443234468, -0.02162883968614377, 0.5435000365550617, 0.4529542419852544], [9.738196786922337, -0.2191907122613878, -0.5034377009151251, -0.21331419531616025]], "refit_ground_truth_assignment": [[-10.455081443234468, -0.02162883968614377, 0.5435000365550617, 0.4529542419852544], [9.738196786922337, -0.2191907122613878, -0.5034377009151251, -0.21331419531616025]]}