{"ground_truth": [[-10, -1.1864090585969356, -1.6791332192952086, -1.0318324850855733], [1, 1.1181261706483279, 1.9734299653452942, 1.4079260958185544], [10, 0.1, 0.1, 0.1]], "milp": [[-3.7034733399094386, 3.33829228329721, -1.0334128136058875, -1.7638534814390754], [23.55262722583176, 4.1261231915511365, -0.7382315289685227, -1.537642415413453], [-38.22073679823104, 4.74352083422266, -1.0590592412491884, -4.33462921432449]], "refit_milp_assignment": [[-3.7044822398812567, 3.3386574554120205, -1.033398083688888, -1.7638115631339604], [23.570286657330545, 4.126371351115086, -0.7417400170637095, -1.541478365316552], [-38.2911569374055, 4.757329984898973, -1.050841095643328, -4.324494879630974]], "refit_ground_truth_assignment": [[-13.94296139168, -0.36425666621360553, -2.646159453018205, -2.921376003876677], [2.0597294608486463, 1.791001836961199, 3.0057344528134644, -0.34020572596044835], [13.380483290727453, 0.31838209930685885, -0.5878806333370016, 0.9163445742937975]]}