{"time_milp": 8227.386831760406, "time_greedy": 0.5423080682754516, "time_refit_milp_assignment": 8230.496798276901, "mse_refit_ground_truth_assignment": 2.1121881168592798, "r2_refit_ground_truth_assignment": 0.9820410840051028, "weight_mismatch_refit_ground_truth_assignment": 1.4513547737296295, "refit-weight_mismatch_refit_ground_truth_assignment": 0.0, "rand_score_refit_ground_truth_assignment": 1.0, "label_mismatch_refit_ground_truth_assignment": 0.0, "mse_milp": 1.948603915162715, "r2_milp": 0.9834319615092947, "weight_mismatch_milp": 1.6297946405799206, "refit-weight_mismatch_milp": 0.6966553767806036, "rand_score_milp": 0.9311424100156495, "label_mismatch_milp": 0.05555555555555555, "mse_refit_milp_assignment": 1.948551668131904, "r2_refit_milp_assignment": 0.9834324057405778, "weight_mismatch_refit_milp_assignment": 1.6410751038719376, "refit-weight_mismatch_refit_milp_assignment": 0.6577672905880011, "rand_score_refit_milp_assignment": 0.9311424100156495, "label_mismatch_refit_milp_assignment": 0.05555555555555555, "mse_greedy": 7.431965514292147, "r2_greedy": 0.9368095846753416, "weight_mismatch_greedy": 15.189344126808113, "refit-weight_mismatch_greedy": 14.786657854873393, "rand_score_greedy": 0.7755477308294209, "label_mismatch_greedy": 0.27083333333333337, "mse_greedy_sem": 1.9345993956093346, "r2_greedy_sem": 0.0164489648209879, "weight_mismatch_greedy_sem": 2.460727487550446, "refit-weight_mismatch_greedy_sem": 2.5571015405567032, "rand_score_greedy_sem": 0.022951552858188187, "label_mismatch_greedy_sem": 0.03251773894859212, "mse_ground_truth": 2.4719431226852406, "r2_ground_truth": 0.978931012411118, "weight_mismatch_ground_truth": 0, "rand_score_ground_truth": 1, "label_mismatch_ground_truth": 0, "mse_baseline_sklearn": 110.14685094431388, "r2_baseline_sklearn": 0.06347449480363376, "mse_milp_val": 2.688767623276909, "r2_milp_val": 0.9769578950474749, "label_mismatch_milp_val": 0.041666666666666664, "mse_refit_milp_assignment_val": 2.6921118551771976, "r2_refit_milp_assignment_val": 0.9769292357681214, "label_mismatch_refit_milp_assignment_val": 0.041666666666666664, "mse_greedy_val": 21.444371003783544, "label_mismatch_greedy_val": 0.24479166666666669, "mse_greedy_val_sem": 7.000447019864274, "label_mismatch_greedy_val_sem": 0.03303992993378224, "r2_greedy_val": 0.8162267936312547, "r2_greedy_val_sem": 0.05999218138074563, "mse_refit_ground_truth_assignment_val": 2.6586363736436502, "r2_refit_ground_truth_assignment_val": 0.9772161127567294, "label_mismatch_refit_ground_truth_assignment_val": 0.041666666666666664, "mse_ground_truth_val": 2.6235848810245486, "r2_ground_truth_val": 0.9775164957889706, "label_mismatch_ground_truth_val": 0.041666666666666664, "mse_baseline_sklearn_val": 117.04374207189038, "r2_baseline_sklearn_val": -0.0030372894664365546}