{"time_milp": 2518.0937650203705, "time_greedy": 0.47977850437164304, "time_refit_milp_assignment": 2520.821149587631, "mse_refit_ground_truth_assignment": 2.001193521659618, "r2_refit_ground_truth_assignment": 0.9836065059513005, "weight_mismatch_refit_ground_truth_assignment": 1.877042249565056, "refit-weight_mismatch_refit_ground_truth_assignment": 0.0, "rand_score_refit_ground_truth_assignment": 1.0, "label_mismatch_refit_ground_truth_assignment": 0.0, "mse_milp": 1.7823233483904504, "r2_milp": 0.9853994594283587, "weight_mismatch_milp": 3.438870165378776, "refit-weight_mismatch_milp": 2.8445704045119493, "rand_score_milp": 0.9311424100156495, "label_mismatch_milp": 0.05555555555555555, "mse_refit_milp_assignment": 1.7822871304399146, "r2_refit_milp_assignment": 0.9853997561206826, "weight_mismatch_refit_milp_assignment": 3.4210019949435733, "refit-weight_mismatch_refit_milp_assignment": 2.817541260959212, "rand_score_refit_milp_assignment": 0.9311424100156495, "label_mismatch_refit_milp_assignment": 0.05555555555555555, "mse_greedy": 6.289218326946318, "r2_greedy": 0.9484796137415727, "weight_mismatch_greedy": 14.748554526747228, "refit-weight_mismatch_greedy": 14.210008228867, "rand_score_greedy": 0.7889475743348983, "label_mismatch_greedy": 0.23819444444444446, "mse_greedy_sem": 1.3684161974758096, "r2_greedy_sem": 0.011209871782344925, "weight_mismatch_greedy_sem": 2.411046194428046, "refit-weight_mismatch_greedy_sem": 2.4729207426646527, "rand_score_greedy_sem": 0.022376212429634616, "label_mismatch_greedy_sem": 0.03149916907946234, "mse_ground_truth": 2.8785407514489374, "r2_ground_truth": 0.9756181730466449, "weight_mismatch_ground_truth": 0, "rand_score_ground_truth": 1, "label_mismatch_ground_truth": 0, "mse_baseline_sklearn": 120.68868935822837, "r2_baseline_sklearn": 0.01133534097259703, "mse_milp_val": 4.0363037037195175, "r2_milp_val": 0.9638253910219903, "label_mismatch_milp_val": 0.041666666666666664, "mse_refit_milp_assignment_val": 4.035889693772649, "r2_refit_milp_assignment_val": 0.9638291015078805, "label_mismatch_refit_milp_assignment_val": 0.041666666666666664, "mse_greedy_val": 15.630053477880233, "label_mismatch_greedy_val": 0.25833333333333336, "mse_greedy_val_sem": 3.7225214145561627, "label_mismatch_greedy_val_sem": 0.033809645151393675, "r2_greedy_val": 0.8599186001918877, "r2_greedy_val_sem": 0.03336239452441219, "mse_refit_ground_truth_assignment_val": 4.481391360034251, "r2_refit_ground_truth_assignment_val": 0.9598363770354345, "label_mismatch_refit_ground_truth_assignment_val": 0.125, "mse_ground_truth_val": 4.342254445179939, "r2_ground_truth_val": 0.9610833653343138, "label_mismatch_ground_truth_val": 0.125, "mse_baseline_sklearn_val": 112.35858701244605, "r2_baseline_sklearn_val": -0.006992597398304712}