{"time_milp": 3541.6723449230194, "time_greedy": 0.464589524269104, "time_refit_milp_assignment": 3544.3894035816193, "mse_refit_ground_truth_assignment": 2.3704910009681996, "r2_refit_ground_truth_assignment": 0.9796586314111567, "weight_mismatch_refit_ground_truth_assignment": 2.456328384357615, "refit-weight_mismatch_refit_ground_truth_assignment": 0.0, "rand_score_refit_ground_truth_assignment": 1.0, "label_mismatch_refit_ground_truth_assignment": 0.0, "mse_milp": 1.6490349876058914, "r2_milp": 0.9858495018605472, "weight_mismatch_milp": 3.0354961352966354, "refit-weight_mismatch_milp": 1.1719035700028293, "rand_score_milp": 0.8877151799687011, "label_mismatch_milp": 0.09722222222222222, "mse_refit_milp_assignment": 1.6489897842105217, "r2_refit_milp_assignment": 0.9858498897544167, "weight_mismatch_refit_milp_assignment": 3.0343404662309523, "refit-weight_mismatch_refit_milp_assignment": 1.1364156004616992, "rand_score_refit_milp_assignment": 0.8877151799687011, "label_mismatch_refit_milp_assignment": 0.09722222222222222, "mse_greedy": 6.769102982632167, "r2_greedy": 0.9419137981416845, "weight_mismatch_greedy": 16.47166754019926, "refit-weight_mismatch_greedy": 15.658025800652727, "rand_score_greedy": 0.7416666666666666, "label_mismatch_greedy": 0.31805555555555554, "mse_greedy_sem": 1.3439007801822556, "r2_greedy_sem": 0.011532117652147116, "weight_mismatch_greedy_sem": 2.3782152314233627, "refit-weight_mismatch_greedy_sem": 2.468210146806964, "rand_score_greedy_sem": 0.022212676717895667, "label_mismatch_greedy_sem": 0.03343217557791662, "mse_ground_truth": 3.0153321382094176, "r2_ground_truth": 0.9744054535331084, "weight_mismatch_ground_truth": 0, "rand_score_ground_truth": 1, "label_mismatch_ground_truth": 0, "mse_baseline_sklearn": 108.2879659837833, "r2_baseline_sklearn": 0.07077249864581758, "mse_milp_val": 4.8635363546308925, "r2_milp_val": 0.9593708519237989, "label_mismatch_milp_val": 0.10416666666666667, "mse_refit_milp_assignment_val": 4.882325401779536, "r2_refit_milp_assignment_val": 0.9592138914483033, "label_mismatch_refit_milp_assignment_val": 0.10416666666666667, "mse_greedy_val": 27.881838650143372, "label_mismatch_greedy_val": 0.2875, "mse_greedy_val_sem": 8.309519925860192, "label_mismatch_greedy_val_sem": 0.027522585090403104, "r2_greedy_val": 0.767079904712793, "r2_greedy_val_sem": 0.06941630346578129, "mse_refit_ground_truth_assignment_val": 5.7648923176317295, "r2_refit_ground_truth_assignment_val": 0.9518410788903849, "label_mismatch_refit_ground_truth_assignment_val": 0.125, "mse_ground_truth_val": 4.350580707763831, "r2_ground_truth_val": 0.9636559953695225, "label_mismatch_ground_truth_val": 0.125, "mse_baseline_sklearn_val": 119.74695679412775, "r2_baseline_sklearn_val": -0.0003455273096879541}