{"time_milp": 0.49392104148864746, "time_greedy": 0.8456316828727722, "time_refit_milp_assignment": 1.0508630275726318, "mse_refit_ground_truth_assignment": 0.18977485615865772, "r2_refit_ground_truth_assignment": 0.9962070954755669, "weight_mismatch_refit_ground_truth_assignment": 0.5084151476514689, "refit-weight_mismatch_refit_ground_truth_assignment": 0.0, "rand_score_refit_ground_truth_assignment": 1.0, "label_mismatch_refit_ground_truth_assignment": 0.0, "mse_milp": 0.40920806554619815, "r2_milp": 0.9918214290625144, "weight_mismatch_milp": 1.132061517829868, "refit-weight_mismatch_milp": 0.8845784594541877, "rand_score_milp": 0.7406779661016949, "label_mismatch_milp": 0.15, "mse_refit_milp_assignment": 0.40915305204158936, "r2_refit_milp_assignment": 0.9918225285810426, "weight_mismatch_refit_milp_assignment": 1.151374516578992, "refit-weight_mismatch_refit_milp_assignment": 0.8940373727404872, "rand_score_refit_milp_assignment": 0.7406779661016949, "label_mismatch_refit_milp_assignment": 0.15, "mse_greedy": 8.360238395813505, "r2_greedy": 0.8329094450198881, "weight_mismatch_greedy": 11.853062797145181, "refit-weight_mismatch_greedy": 11.986755531551875, "rand_score_greedy": 0.6477118644067797, "label_mismatch_greedy": 0.2875, "mse_greedy_sem": 1.2677775314507613, "r2_greedy_sem": 0.025338230956129464, "weight_mismatch_greedy_sem": 2.100982866557995, "refit-weight_mismatch_greedy_sem": 2.166655641290324, "rand_score_greedy_sem": 0.04324052661530247, "label_mismatch_greedy_sem": 0.04080468024411613, "mse_ground_truth": 0.2731688425583087, "r2_ground_truth": 0.9952826215031267, "weight_mismatch_ground_truth": 0, "rand_score_ground_truth": 1, "label_mismatch_ground_truth": 0, "mse_baseline_sklearn": 43.478846219320154, "r2_baseline_sklearn": 0.13101705947534537, "mse_milp_val": 9.468638696158507, "r2_milp_val": 0.8550088416448585, "label_mismatch_milp_val": 0.225, "mse_refit_milp_assignment_val": 9.485146593372162, "r2_refit_milp_assignment_val": 0.8547560598864852, "label_mismatch_refit_milp_assignment_val": 0.225, "mse_greedy_val": 53.61647659130936, "label_mismatch_greedy_val": 0.34750000000000003, "mse_greedy_val_sem": 7.760834975241117, "label_mismatch_greedy_val_sem": 0.024662191391085386, "r2_greedy_val": 0.17898281924631804, "r2_greedy_val_sem": 0.11883993982364424, "mse_refit_ground_truth_assignment_val": 7.464052939456754, "r2_refit_ground_truth_assignment_val": 0.8857046174805467, "label_mismatch_refit_ground_truth_assignment_val": 0.225, "mse_ground_truth_val": 7.147366867231277, "r2_ground_truth_val": 0.8905539608677372, "label_mismatch_ground_truth_val": 0.225, "mse_baseline_sklearn_val": 72.6414632747846, "r2_baseline_sklearn_val": -0.1123425703313139, "random_state": 9}