{"time_milp": 10.890307903289795, "time_refit_milp_assignment": 11.582634687423706, "mse_refit_ground_truth_assignment": 0.23634294595986519, "r2_refit_ground_truth_assignment": 0.9983211458802977, "weight_mismatch_refit_ground_truth_assignment": 0.6432539074737224, "refit-weight_mismatch_refit_ground_truth_assignment": 0.0, "rand_score_refit_ground_truth_assignment": 1.0, "label_mismatch_refit_ground_truth_assignment": 0.0, "mse_milp": 8.537283658111912, "r2_milp": 0.9393556944029884, "weight_mismatch_milp": 6.699320116050745, "refit-weight_mismatch_milp": 7.042813640207304, "rand_score_milp": 0.6548022598870057, "label_mismatch_milp": 0.21666666666666667, "mse_refit_milp_assignment": 8.53724048269847, "r2_refit_milp_assignment": 0.9393560010980768, "weight_mismatch_refit_milp_assignment": 6.678759696717609, "refit-weight_mismatch_refit_milp_assignment": 7.022868914264758, "rand_score_refit_milp_assignment": 0.6548022598870057, "label_mismatch_refit_milp_assignment": 0.21666666666666667, "mse_greedy": NaN, "r2_greedy": NaN, "mse_ground_truth": 0.31757421627582405, "r2_ground_truth": 0.9982615848651265, "weight_mismatch_ground_truth": 0, "rand_score_ground_truth": 1, "label_mismatch_ground_truth": 0, "mse_baseline_sklearn": 121.17269122411987, "r2_baseline_sklearn": 0.13925388790080118, "mse_milp_val": 97.53856112550349, "r2_milp_val": 0.60228419286137, "label_mismatch_milp_val": 0.275, "mse_refit_milp_assignment_val": 97.6100687567365, "r2_refit_milp_assignment_val": 0.6019926187911331, "label_mismatch_refit_milp_assignment_val": 0.275, "mse_refit_ground_truth_assignment_val": 80.95361583776557, "r2_refit_ground_truth_assignment_val": 0.6699097024582921, "label_mismatch_refit_ground_truth_assignment_val": 0.225, "mse_ground_truth_val": 81.99980729748818, "r2_ground_truth_val": 0.665643831852617, "label_mismatch_ground_truth_val": 0.225, "mse_baseline_sklearn_val": 245.7348600004362, "r2_baseline_sklearn_val": -0.00198974702342114, "random_state": 8}