{"ground_truth": [[10, -1.6616456906250643, -1.2168789967965699, -1.4242357970104607, -1.6580531681845458, -1.5613838675637541, -1.7669046039214982, -1.7787482729701098, -1.0176696058152161, -1.5846665748304805, -1.1719988967709256, -1.3690214666386553, -1.2976990182153294], [-10, 1.8701546489655527, 1.3412934535001737, 1.7389678006293297, 1.0835498223433975, 1.2197370317739102, 1.4286373471689133, 1.764490754894673, 1.090217067883371, 1.8676973821062979, 1.2031197231501043, 1.2468529997814426, 1.360647769036262]], "milp": [[10.28622711567343, -1.6077446361974632, -1.2578688186302183, -1.407783299288857, -1.5522965260359656, -1.6885245095281272, -1.8700595442574968, -1.7079787003717846, -0.9928175525293337, -1.6721423930223913, -0.9355045447231685, -1.366385299390382, -1.5885200476901542], [-10.088282709904659, 1.8570316619783656, 1.3770929848237468, 1.7598669688168695, 1.1765622910370392, 1.2403160461740301, 1.356298026452524, 1.7312498933210774, 1.0753146596554881, 1.871488547542478, 1.2322387431441757, 1.26853557760111, 1.47036706691383]], "refit_milp_assignment": [[10.327686677901816, -1.6131312464973893, -1.2611984720212173, -1.4109800634616803, -1.5539506996705308, -1.6944277877974614, -1.8681503218266948, -1.7054800039243796, -0.9990280566999797, -1.6736372622373, -0.937167198728476, -1.3663176390530185, -1.595947649850557], [-10.114762364990717, 1.8624568050689885, 1.3797576406073078, 1.7604877862166708, 1.1792120886335324, 1.2410184310317187, 1.3564494089276948, 1.7315894356297896, 1.0745153184205638, 1.8752719205745152, 1.2331022762447366, 1.2712085977747163, 1.473015349035611]], "refit_ground_truth_assignment": [[10.03684548532068, -1.5866538856789474, -1.2087789327665035, -1.379044015801627, -1.597509598603092, -1.5861843207970396, -1.8868917011668003, -1.7184335996918148, -1.003958234392091, -1.6011354635829667, -1.0124175875941668, -1.4045860367777454, -1.5210967794315813], [-9.99487043787179, 1.888254150644709, 1.3710179911210998, 1.7358384312761836, 1.167489418010071, 1.197575647681221, 1.383671686866714, 1.7206658126440508, 1.111725499102127, 1.829698976027108, 1.2279570877061354, 1.2541386895404631, 1.4664347673103424]]}