{"time_milp": 2.958667039871216, "time_refit_milp_assignment": 3.640321969985962, "mse_refit_ground_truth_assignment": 0.2117975791087983, "r2_refit_ground_truth_assignment": 0.9987006117445841, "weight_mismatch_refit_ground_truth_assignment": 0.7561668314719105, "refit-weight_mismatch_refit_ground_truth_assignment": 0.0, "rand_score_refit_ground_truth_assignment": 1.0, "label_mismatch_refit_ground_truth_assignment": 0.0, "mse_milp": 2.3838661135558676, "r2_milp": 0.9853748676284579, "weight_mismatch_milp": 12.818883060795258, "refit-weight_mismatch_milp": 13.289363156257785, "rand_score_milp": 0.6875725900116144, "label_mismatch_milp": 0.35714285714285715, "mse_refit_milp_assignment": 2.1479566328246724, "r2_refit_milp_assignment": 0.9868221835510158, "weight_mismatch_refit_milp_assignment": 10.854896240103884, "refit-weight_mismatch_refit_milp_assignment": 11.331368655473064, "rand_score_refit_milp_assignment": 0.6875725900116144, "label_mismatch_refit_milp_assignment": 0.35714285714285715, "mse_greedy": NaN, "r2_greedy": NaN, "mse_ground_truth": 0.2613814089015699, "r2_ground_truth": 0.998396412582524, "weight_mismatch_ground_truth": 0, "rand_score_ground_truth": 1, "label_mismatch_ground_truth": 0, "mse_baseline_sklearn": 152.17079153453568, "r2_baseline_sklearn": 0.06638460199202578, "random_state": 4}