{"ground_truth": [[-10, -1.7476985018489697, -1.583897774018448, -1.9613935262116682, -1.311356201297575], [1, 1.4450451146831602, 1.0869753737237877, 1.0727174091785991, 1.6736587749505598], [10, 0.1, 0.1, 0.1, 0.1]], "milp": [[-0.6845857919535289, 1.7973435988361686, 1.5670498719942367, 1.0047039019675679, 1.2103716743949477], [-6.059752847202687, -1.849858892793508, -1.3559162432694605, -3.2369802766650726, -2.045424625998903], [3.8220323960262004, -0.1577484655570891, 1.9345915718006492, 1.5551012535957964, 1.499082166156057]], "refit_milp_assignment": [[-0.9239207929444238, 1.8450863407042049, 1.6107296663859805, 0.9752341515395009, 1.284977289068618], [-7.537098698495678, -1.690056899064748, -1.5237514523018298, -2.892172866034738, -1.8037940848716059], [4.494849301107116, -0.21993004801861196, 1.965270206947799, 1.3969163279747945, 1.391230885326057]], "refit_ground_truth_assignment": [[-9.928867942570466, -1.794324819563287, -1.4785168394024437, -2.0385036961824867, -1.3070851169240862], [1.275550999900469, 1.3485073820495062, 1.0542762185095789, 1.1039380765496654, 1.6641565392883257], [10.287853004264786, 0.020535318716435186, 0.06013556608852041, 0.07366515276418266, 0.0630462830593808]]}