{"time_milp": 1.8828108310699463, "time_greedy": 0.20436878204345704, "time_refit_milp_assignment": 2.91855788230896, "mse_refit_ground_truth_assignment": 30.325874410848222, "r2_refit_ground_truth_assignment": 0.8566823277915703, "weight_mismatch_refit_ground_truth_assignment": 47.374227300633244, "refit-weight_mismatch_refit_ground_truth_assignment": 0.0, "rand_score_refit_ground_truth_assignment": 1.0, "label_mismatch_refit_ground_truth_assignment": 0.0, "mse_milp": 38.94369422658077, "r2_milp": 0.815955196274444, "weight_mismatch_milp": 30.346391755720383, "refit-weight_mismatch_milp": 39.78584087973657, "rand_score_milp": 0.7131242740998839, "label_mismatch_milp": 0.40476190476190477, "mse_refit_milp_assignment": 38.94332168109503, "r2_refit_milp_assignment": 0.8159569568948002, "weight_mismatch_refit_milp_assignment": 30.47138530617474, "refit-weight_mismatch_refit_milp_assignment": 39.770277416539315, "rand_score_refit_milp_assignment": 0.7131242740998839, "label_mismatch_refit_milp_assignment": 0.40476190476190477, "mse_greedy": 27.729675087524736, "r2_greedy": 0.868951759451378, "weight_mismatch_greedy": 37.88359099137142, "refit-weight_mismatch_greedy": 42.17122915314352, "rand_score_greedy": 0.7385017421602786, "label_mismatch_greedy": 0.3178571428571429, "mse_greedy_sem": 3.007961107243293, "r2_greedy_sem": 0.014215385124373797, "weight_mismatch_greedy_sem": 2.691862728710398, "refit-weight_mismatch_greedy_sem": 4.04914862121178, "rand_score_greedy_sem": 0.014170490921579754, "label_mismatch_greedy_sem": 0.02293344355463567, "mse_ground_truth": 53.68649105583724, "r2_ground_truth": 0.7462819101958396, "weight_mismatch_ground_truth": 0, "rand_score_ground_truth": 1, "label_mismatch_ground_truth": 0, "mse_baseline_sklearn": 205.1067563767898, "r2_baseline_sklearn": 0.030681770955707455, "random_state": 12}