{"time_milp": 0.4190797805786133, "time_greedy": 0.9819308876991272, "time_refit_milp_assignment": 0.8465766906738281, "mse_refit_ground_truth_assignment": 26.552678912617672, "r2_refit_ground_truth_assignment": 0.8738543376789755, "weight_mismatch_refit_ground_truth_assignment": 10.27644927710671, "refit-weight_mismatch_refit_ground_truth_assignment": 0.0, "rand_score_refit_ground_truth_assignment": 1.0, "label_mismatch_refit_ground_truth_assignment": 0.0, "mse_milp": 26.55269229134192, "r2_milp": 0.8738542741197377, "weight_mismatch_milp": 10.265929884466015, "refit-weight_mismatch_milp": 0.010717724551999673, "rand_score_milp": 1.0, "label_mismatch_milp": 0.0, "mse_refit_milp_assignment": 26.552678912617672, "r2_refit_milp_assignment": 0.8738543376789755, "weight_mismatch_refit_milp_assignment": 10.27644927710671, "refit-weight_mismatch_refit_milp_assignment": 0.0, "rand_score_refit_milp_assignment": 1.0, "label_mismatch_refit_milp_assignment": 0.0, "mse_greedy": 40.96844540959176, "r2_greedy": 0.8053683510630675, "weight_mismatch_greedy": 13.757011524889375, "refit-weight_mismatch_greedy": 8.204441712691851, "rand_score_greedy": 0.8770798319327732, "label_mismatch_greedy": 0.10625, "mse_greedy_sem": 5.7407337507327405, "r2_greedy_sem": 0.027272903934778506, "weight_mismatch_greedy_sem": 1.8221964425002766, "refit-weight_mismatch_greedy_sem": 3.5252379215435967, "rand_score_greedy_sem": 0.04884985061916921, "label_mismatch_greedy_sem": 0.04231027051707504, "mse_ground_truth": 49.486280878701734, "r2_ground_truth": 0.7674704542728341, "weight_mismatch_ground_truth": 0, "rand_score_ground_truth": 1, "label_mismatch_ground_truth": 0, "mse_baseline_sklearn": 202.53587291201177, "r2_baseline_sklearn": 0.03779871265223489, "mse_milp_val": 32.535455195579615, "r2_milp_val": 0.8491016390261308, "label_mismatch_milp_val": 0.0, "mse_refit_milp_assignment_val": 32.5406376568154, "r2_refit_milp_assignment_val": 0.8490776029429843, "label_mismatch_refit_milp_assignment_val": 0.0, "mse_greedy_val": 55.784636268953406, "label_mismatch_greedy_val": 0.10999999999999999, "mse_greedy_val_sem": 9.506817537619257, "label_mismatch_greedy_val_sem": 0.043844822055205464, "r2_greedy_val": 0.7412727091135889, "r2_greedy_val_sem": 0.04409230409966064, "mse_refit_ground_truth_assignment_val": 32.5406376568154, "r2_refit_ground_truth_assignment_val": 0.8490776029429843, "label_mismatch_refit_ground_truth_assignment_val": 0.0, "mse_ground_truth_val": 51.65768230716873, "r2_ground_truth_val": 0.760413384567625, "label_mismatch_ground_truth_val": 0.0, "mse_baseline_sklearn_val": 216.83577657661675, "r2_baseline_sklearn_val": -0.005677132507217353, "random_state": 7}