{"time_milp": 14.117433071136475, "time_refit_milp_assignment": 14.557140111923218, "mse_refit_ground_truth_assignment": 4.186424446466514, "r2_refit_ground_truth_assignment": 0.9343258532368374, "weight_mismatch_refit_ground_truth_assignment": 2.4446852677691346, "refit-weight_mismatch_refit_ground_truth_assignment": 0.0, "rand_score_refit_ground_truth_assignment": 1.0, "label_mismatch_refit_ground_truth_assignment": 0.0, "mse_milp": 3.4801439470710154, "r2_milp": 0.945405563325099, "weight_mismatch_milp": 8.117236767628759, "refit-weight_mismatch_milp": 5.9126767122991435, "rand_score_milp": 0.8173913043478261, "label_mismatch_milp": 0.1, "mse_refit_milp_assignment": 3.480065903365222, "r2_refit_milp_assignment": 0.9454067876285239, "weight_mismatch_refit_milp_assignment": 8.141525057908764, "refit-weight_mismatch_refit_milp_assignment": 5.948274297693514, "rand_score_refit_milp_assignment": 0.8173913043478261, "label_mismatch_refit_milp_assignment": 0.1, "mse_greedy": NaN, "r2_greedy": NaN, "mse_ground_truth": 4.554019943060344, "r2_ground_truth": 0.9285592328423963, "weight_mismatch_ground_truth": 0, "rand_score_ground_truth": 1, "label_mismatch_ground_truth": 0, "mse_baseline_sklearn": 12.614337930545789, "r2_baseline_sklearn": 0.8021174429975183, "random_state": 12}