{"ground_truth": [[-5, 2, 4], [5, -2, -4]], "milp": [[-4.3812382808066594, 0.4515541354524421, 3.374075783365663], [11.192944512760137, -2.9596288907321355, -4.934413153086497]], "refit_milp_assignment": [[-4.3947084979709325, 0.4550941011053317, 3.3833807011967547], [11.227324607111, -2.966022967893763, -4.939152051642078]], "refit_ground_truth_assignment": [[-4.162466794004909, 0.9733288756704636, 3.4879786773908847], [5.981114001462808, -2.0139212251838563, -4.2937297454468295]]}