{"ground_truth": [[2.0816681711721685e-17, 0.8499326142110526, 0.11180441629567676, 0.05570506288496106, 2.2062862385703228e-16, -2.9516602527777967e-16, 1.571992547859641e-16, 1.0729788101459896e-16, 2.3184441551584e-16, -2.6000199158300064e-16, -3.979666147450505e-16, -1.0927420863705996e-16, 3.193059914405736e-16, 1.5723594884291148e-16], [0.09362437404295901, 0.2838798346181704, 0.2504860574335329, 0.19667709886605897, -0.21893605351901094, 0.11905937960967514, 0.08981136352300884, -0.10258968544746896, 0.0482391211319568, 0.0668110710656883, -0.07407865792590726, -0.026121280524091895, 0.0, -0.06758419939972571]], "milp": [[0.00022292766442058936, 1.7834213154848118e-05, -0.00011592238550466785, 3.789770295401026e-05, -0.00010700527892884523, 2.6751319732282363e-05, -7.802468255010576e-05, -8.917106577107977e-06, 3.789770295456617e-05, -5.127336281875927e-05, -4.012697959722348e-05, 0.0020464759594805764, -0.000229615494364746, 0.0003589135397355552], [0.000545639408831294, 0.8438206871365781, 0.10953312943612838, 0.05856000126416731, -0.0019363095569413496, 0.019521212770926874, 0.0015568464845391941, 0.00422496670505601, -0.016665248344963704, -0.0029728205168561674, 0.0027619133971220696, -0.0023687683159479512, 0.00038469432083874976, 0.0005959732034861528]], "refit_milp_assignment": [[0.02, 0.0, 0.0, 0.0, 0.0, 0.0, 0.0, 0.0, 0.0, 0.0, 0.0, 0.0, 0.0, 0.0], [0.00045207141228779946, 0.8464519628004646, 0.10923586993848178, 0.05845296732679843, -0.0016974152174882267, 0.011459470957104064, 0.0016018370839100864, 0.003710431941159854, -0.009369699988288642, -0.0028434622456547163, 0.0020333417223012866, -0.00246489771348692, 0.00034684686638030755, 0.0005980335728301588]], "refit_ground_truth_assignment": [[0.0008926406239835247, 0.8470138149144583, 0.10904364568725254, 0.05876300003958134, -0.003192499751825937, 0.008077703103655893, 0.002209740237942355, 0.006841953296474025, -0.008066632303404488, -0.004749900879141863, 0.002834601836418443, -0.0003540527711462502, 0.00026865185620618246, 0.0004905513289191315], [0.08935347386103376, 0.27904744958479466, 0.25209323681476753, 0.19021951796238884, -0.2175331110353432, 0.1158094022045861, 0.08912143485163251, -0.10024692948219228, 0.04635194560870906, 0.06954862206216691, -0.07499279009229796, -0.023683974641406872, 0.0, -0.06262597135669419]]}