{"ground_truth": [[-10, -1.3329048320355672, -1.2638776659937805], [1, 1.9913048957051145, 1.5211405555047552], [10, 0.1, 0.1]], "milp": [[4.515555151845076, 1.240364260587156, 1.1997339326657888], [-7.712672658058164, 0.043165828749447466, 1.803106563510412], [0.16916739038974482, -3.8271644518329606, -2.6540953681676815]], "greedy": [[[1.4843725802569006, 0.8957508148725357, 0.6885224276592801], [-9.988836987678646, -2.198550503559361, -0.6620342884696523], [11.875170323142287, 0.40537670178002366, -0.15803413001970543]], [[5.8017241020805175, -3.2100470175343574, -7.323029676845184], [-1.4052079766730659, -6.009519646041975, -0.9105612162472105], [-0.8811639930447699, 2.5293022780511736, 3.110030884572687]], [[0.5796755629431543, 2.250278962698965, 2.9688108879669777], [0.4668494014802267, -5.757991904577776, -1.5167090881697585], [-0.5187770831267974, 2.1855314858995842, -4.73712269401378]], [[-9.988836987678646, -2.198550503559361, -0.6620342884696523], [10.804217673314124, 0.18782411007732908, -0.6358751697393017], [1.5310783345151175, -0.11700868726769884, -0.3945724477306039]], [[3.19167118108884, 1.225244464397088, 1.6182847594542482], [-1.9147636989783479, -5.706158765770252, -0.5923280203843692], [2.7289469418115404, 4.058130165987326, -2.4592953640021955]], [[11.577402621649052, 0.523874300623829, -0.16831337748707362], [-0.43554143883485086, 2.1324061876597913, 1.1034214434856253], [-8.098331624114554, -2.7067011632471982, -0.848522198062415]], [[-3.254050946215605, -2.9768987985906943, -2.7814061354624933], [-2.291698737997845, 2.823151628405278, 3.6529748843926053], [11.797048864323912, -0.4482777147616363, -2.166734779199637]], [[9.125953003615582, 1.0485808688917448, -0.7000744979676903], [-9.364349953526428, 2.966299958953293, 1.3400185037204015], [5.287700668656749, -5.35932065936132, -3.3095610606946013]], [[-3.077113639033909, -5.958095472432673, -0.11760977566256242], [10.616345495893421, 1.2244846553788413, -1.5395166444630857], [-2.8155767721704446, 2.4383092232679124, -0.9881333729129268]], [[-8.918781942474201, -0.7879651795347907, 0.6401282082716677], [1.431126465407937, -3.7896520181620454, -3.806598607082106], [8.786500949563816, 0.4668823019869049, -0.37121772966705213]], [[-11.119692763482034, -1.0491187581963828, -0.9568032582930543], [7.228459763495764, 0.9233300354397832, -0.04720593299647197], [4.562145842657763, -5.265314217649036, -2.6672350019946798]], [[-9.841986835106061, -1.627501804982664, -1.182978101403571], [3.4420500081209933, 0.5229444730180981, 1.8360302113167206], [8.962160533900779, 1.3869426506548774, -2.002547940855821]], [[11.797048864323912, -0.4482777147616363, -2.166734779199637], [-4.527757318324838, -3.114431369935179, -2.2138996476164263], [-1.6043358183142242, 2.867457075501291, 3.249884898889948]], [[3.8527803162973484, -5.1934118053803955, -3.2738833448978486], [7.228459763495764, 0.9233300354397832, -0.04720593299647197], [-9.089054878310925, 0.4217131045412798, 1.1754942931651653]], [[-4.527757318324838, -3.114431369935179, -2.2138996476164263], [10.81882773947315, -0.6495339333045392, -2.197389430681001], [-1.0042631199377956, 3.0297761726303403, 3.468118993451981]], [[1.6770508162127342, 2.7794088294542583, -0.40281996423001754], [0.15938011500405846, -6.024108985945721, 1.0459000080585699], [0.40198891879556164, -2.8207084180217756, -4.264752621987562]], [[10.876959895990073, 0.8341165204058043, -1.6189269149463459], [-4.259880800030723, 2.2603179490545835, 4.0763580733286435], [0.568461255697521, -3.4780095105393762, -3.794418885071764]], [[-1.7795115011635807, -5.4429553568150375, 1.038429101324866], [9.559416257473114, 0.946811224813554, -1.697081981025527], [-4.610605324315234, 1.030094759462903, -4.100399060965508]], [[-9.8919500768515, -1.9672102080487075, -0.8186743288857538], [9.727615272774205, 0.5319037541466277, -0.9132086254181498], [6.364133129556238, -5.311029756588818, -3.233476907643465]], [[-1.9316803996721505, -6.022422451097841, 0.43672268455975716], [3.0778269836679817, -3.289307217865469, -4.066235144451908], [0.5088710619390255, 2.4554450872742026, 2.2076798983356998]]], "refit_milp_assignment": [[4.5191672390699615, 1.2394813013515975, 1.1988326131680964], [-7.723014886686511, 0.04094886159242761, 1.8002230866066922], [0.1699821687894838, -3.8276277678199397, -2.6543360581919915]], "refit_ground_truth_assignment": [[-9.661800788263497, -1.8783384553659472, -0.8040333439419215], [1.0072526335856855, 1.6977266159913154, 1.6209949630058245], [10.223357630807904, -0.06240811758439242, -0.8928213267032452]]}