{"time_milp": 4.055824041366577, "time_greedy": 1.1286800742149352, "time_refit_milp_assignment": 4.7286601066589355, "mse_refit_ground_truth_assignment": 0.11574790368810348, "r2_refit_ground_truth_assignment": 0.9994769856233405, "weight_mismatch_refit_ground_truth_assignment": 0.67091563231562, "refit-weight_mismatch_refit_ground_truth_assignment": 0.0, "rand_score_refit_ground_truth_assignment": 1.0, "label_mismatch_refit_ground_truth_assignment": 0.0, "mse_milp": 4.4900755351233865, "r2_milp": 0.9797113037702663, "weight_mismatch_milp": 18.799404670725266, "refit-weight_mismatch_milp": 19.146918417398034, "rand_score_milp": 0.6945412311265969, "label_mismatch_milp": 0.4523809523809524, "mse_refit_milp_assignment": 3.654051977805166, "r2_refit_milp_assignment": 0.9834889301960686, "weight_mismatch_refit_milp_assignment": 23.63252006521902, "refit-weight_mismatch_refit_milp_assignment": 23.98906411875064, "rand_score_refit_milp_assignment": 0.6945412311265969, "label_mismatch_refit_milp_assignment": 0.4523809523809524, "mse_greedy": 10.321204589294526, "r2_greedy": 0.9533629706228594, "weight_mismatch_greedy": 33.057631510204246, "refit-weight_mismatch_greedy": 33.24079036499948, "rand_score_greedy": 0.6149825783972126, "label_mismatch_greedy": 0.4988095238095238, "mse_greedy_sem": 1.3447635064445345, "r2_greedy_sem": 0.006076400735279602, "weight_mismatch_greedy_sem": 2.6960392944966993, "refit-weight_mismatch_greedy_sem": 2.71803585161656, "rand_score_greedy_sem": 0.011417270748683124, "label_mismatch_greedy_sem": 0.013432654598832947, "mse_ground_truth": 0.19512351284168777, "r2_ground_truth": 0.9991183218080952, "weight_mismatch_ground_truth": 0, "rand_score_ground_truth": 1, "label_mismatch_ground_truth": 0, "mse_baseline_sklearn": 199.67882849880857, "r2_baseline_sklearn": 0.09773832016166906, "random_state": 5}