{"ground_truth": [[-10, -1.3560758907113644, -1.1599107426271247, -1.561671127987968, -1.9545481656656247, -1.4125370811849398, -1.0743687630236123], [1, 1.3098524476695075, 1.5840573200776609, 1.6156184278032617, 1.6602178194881834, 1.6211954406459614, 1.7943077262095777], [10, 0.1, 0.1, 0.1, 0.1, 0.1, 0.1]], "milp": [[-2.9557451316764736, 0.9887534337779753, -3.0632427172587646, -3.655012317728941, -0.7033463524864418, -0.8961399223679098, -0.8156075090623913], [7.239642039312754, 0.24586832237474285, 0.8250236985439794, 0.6610852404532632, 0.9564231224126457, 0.7942137475996067, 0.4659585910115844], [-3.7370428230853694, -1.8933686322774137, -1.403685269867867, -0.6131501975041191, -2.326809675911798, -2.6006589046056385, -1.6309963138083579]], "greedy": [[[5.053488514907309, -4.24401498994402, -3.599651734511265, -1.6384099320753678, 1.2257406123582, 2.988678952915021, -0.10605956291622863], [-5.015748268100859, 5.317512945072498, 3.5758801441564607, 1.1226786264538016, 0.9578759519218096, -1.6751092685070395, 0.2528001352003544], [12.289537265091194, -3.6032185852961605, -1.3013889152207152, 3.0053986360911096, -3.313240504907295, -5.703937047666012, -0.14161899459715327]], [[-10.4064540552641, -1.3177267313346348, -0.6925924213472111, -1.8628072249195338, -1.6931477545386628, -1.340826713321687, -1.2409960239469988], [9.49378282669904, -0.033523024644947184, 0.6093437175875223, 0.5042976571479356, 0.7060656371328888, 0.37444494580682997, 0.2135894119320541], [-3.9501017014522564, -0.2863162903287977, -2.0038327884307043, 1.285029841019211, -2.592000836125775, -0.21300463524057373, -1.2558666985522786]], [[3.8121329559453354, -4.483301002262718, 5.511068627046332, 5.018374628677781, -0.8429973051836145, -0.6878792791443102, -1.5606429316774963], [-3.377402507100305, 2.109460974968125, 2.0920404945132076, 2.9548224299676527, 1.932135838711237, 0.6998254379412004, 1.2092101590284778], [5.456834765191772, -2.752146527431462, -2.9593642432774994, -6.2505677930268035, -4.57817237129598, -0.6911518137305673, -0.1903691370735569]], [[2.9302712506117894, -0.7005636730419545, 0.14212093280783025, -0.8813953575292208, -3.548184683950833, 3.065407132566989, -3.0490348717605826], [20.703238721061734, -5.8374540776830655, -4.0274170557539115, 4.9990248063573475, -1.8562758629565563, -5.967955262571227, -4.132112360136105], [-11.949389731521395, 1.2242478140337427, -2.526756585743139, 1.688968579947132, 1.5749445217604146, 1.3716703009523261, 4.963675447421016]], [[1.0912702587364622, -3.007603212065319, -3.582831225641757, 3.3586241419590146, 3.0373000967846346, -5.613367108773126, 1.2480683212940058], [9.854103371112377, 4.4110514617964505, -4.552726860333542, -2.811043673761355, 1.3018395705874293, 3.3356149060540994, 0.4484348387957093], [-1.226526998944922, 1.1234835003824046, 2.125536299553038, 2.291489085765997, -3.3670728928414584, -0.8939575129055178, -0.0951591530955152]], [[-11.537633829411755, 4.0024828275417805, 8.058579438950924, 0.5864631091810105, 1.005995716223705, -1.07655162485563, -0.4075879369874075], [17.821071545163928, -7.061871182812328, -2.7057941068659805, 2.4242204675219834, -3.152757663297564, -5.1917037275540165, -1.3429689161359897], [4.999166419928081, 0.24564937065934497, -3.724375704826151, -3.110986480866162, 1.0144525653142116, 3.9952498132604553, 0.5524733597725956]], [[5.696958963649431, -0.49655247488528065, 0.4189906110028087, 4.184744647574871, -0.640703273902338, -2.0666103743428836, -1.3600804629850736], [-15.827401591625218, 0.9816902156829346, 1.610521668278706, 2.0099924936951856, 2.551247298083479, 4.842570863570202, 3.5739400798550838], [-3.257406748263854, 1.018680808116943, 1.9099662927335215, -1.1352967182801603, -4.008936259397624, -2.212777473900526, -8.297552033055045]], [[1.746906200599608, 2.248199642919548, 0.07300034200735583, 2.0108971817528873, -4.626714259996106, -3.9987057522096605, -0.16578901546362618], [14.082398263063599, -8.34116854170812, -2.9375418456525715, -3.6565254573401056, -3.733985059826921, 2.386851510524458, -1.091375212609824], [2.0533184226852272, 0.19642041154587886, 1.5058086249109446, 2.488953775514965, 1.028338584060405, 2.4411594801843957, -0.6224365899698798]], [[-21.48507573794374, 4.007994345425721, 4.685070993718896, 1.3336898506980823, 5.04750779247366, 3.0930996433993534, 6.375482072320981], [1.7006531428647902, -4.032793772880134, -0.5969759833504067, 1.286701864929303, -3.094382081213548, -0.7194608540856893, -4.007201450930279], [9.99962343028236, -0.8448750839823049, -0.00040204237027756287, -2.223665101058531, -0.14486347439974803, -4.176996456157171, 2.7395904783412073]], [[3.7853044349009894, -4.296357394722901, 0.9414336582866218, -0.07641822861699162, 1.063148735565529, -5.539176034016193, 2.12994640600086], [-6.029317825790932, -3.5026085091832386, 2.671578441672035, 0.22200249312009865, -2.876186009601782, 2.6611222427692023, -2.9367389512021917], [-3.124559690094727, 1.8994658859655151, -2.076950305188564, 0.29831536165056316, 2.2419613573491333, 4.827096965213034, 1.0671455948099215]], [[-10.937156742499008, -1.3677567629503018, -0.27364726421711355, -1.8113653931601585, -1.7567746876963228, -1.1407315025194678, -1.148860023238719], [9.49378282669904, -0.033523024644947184, 0.6093437175875223, 0.5042976571479356, 0.7060656371328888, 0.37444494580682997, 0.2135894119320541], [-5.707955148925123, -1.6226478602549737, -2.2577875362340927, -0.6343819557020908, -0.3316910244934638, -2.3298288819945, -1.4897444285397796]], [[-4.393481404903369, -2.5129203308954264, -1.7637042360298072, -0.7329637608971391, -5.116941346050796, -1.8169601637229316, -0.6937313295305702], [8.284552013524605, -0.680100952863083, -1.943105585446847, -1.6080328596718618, 5.961843763531456, 0.19400891288744174, -0.3001388181157855], [15.145320386998932, -2.239400415747326, -2.702407718181827, -0.7791293755567924, -3.7267903553730535, -0.024242117765618024, 1.1281747699623115]], [[-6.886102150919806, -0.9677798087712355, -1.3801906746531445, -2.175873875742389, -2.3673804935012557, -2.2660465789018778, -1.7939008142921802], [17.0255000356162, -2.886323228118197, -0.8348170986889794, 3.0356372402666345, -1.4688025032709373, -6.049526859937208, -2.234324887038519], [4.220560830590688, 0.35812147643173015, 1.2577082174412748, 1.0218581843921957, 1.6529846195434783, 0.7375673835946551, 1.4787135822518827]], [[-2.5691972096523834, -4.016149809692575, 2.109653759775705, 1.8183357901511692, -2.4182247333735605, 0.25762004575348924, -3.6175805507941132], [-14.226229963128098, 2.94684015255625, -0.6560704657943959, 2.481725263885047, 3.32574989731581, 5.54525984194006, 0.7172229973768831], [9.239422070019694, -2.451741080490174, -0.10430057992720207, -4.1540912325848, -0.2908816822340158, -4.7665113024818915, 3.6308910983819627]], [[-7.345006820160824, -1.420998318616266, -4.953581502937545, 1.6602232069211815, -0.3353860976028092, 3.980952680849408, 0.9076901034370206], [3.5289440742878355, -0.34149561892637786, 1.9017502391330041, 1.9138139117839998, 1.0213648122593624, 1.6699356331478188, 0.09637297793041039], [2.258142935934929, -0.7205355499673078, -5.205549499231422, 2.4032845954370594, -2.0479997344789296, -4.464156936382336, -0.9211035627631219]], [[11.021810286041394, -0.2765526543034648, 0.26814645401746867, 0.823856083968498, 1.0981737861862415, 0.45019485652102903, -0.06932277908190754], [-2.2903112805895023, 1.9538956785420634, -0.04733898016380693, 4.361160307644392, -2.8116095707311866, -0.6518936766930552, -0.10341778752339183], [-5.752632026165671, -0.5582648093161476, -2.9905336938958955, -1.3272802944134563, 1.8116055225521355, -2.599814883858876, -1.658080278479261]], [[12.52890962308215, -6.1359514579053664, -3.766468203499239, 1.15817646777294, 1.6835266051678504, -3.5480030562586258, -1.7805316781378162], [9.1467790959016, -1.262951238811103, -5.760115180666037, -1.3142716881744245, -3.673005238883492, 2.338074897594941, 2.6670535219172353], [-3.8968767705454903, 