{"ground_truth": [[-10, -1.4373945445249892, -1.9378208101909271, -1.0156723509805066, -1.6298287226689658, -1.5035973936316478, -1.909121436346937, -1.2405451569514607, -1.0358212502861073], [1, 1.2330433450994214, 1.9943426215035194, 1.9445520862081853, 1.3550439291378555, 1.8767000309677961, 1.8981937149950894, 1.5063016140947039, 1.7890817641785994], [10, 0.1, 0.1, 0.1, 0.1, 0.1, 0.1, 0.1, 0.1]], "milp": [[0.6343403951009866, 4.586453804912079, -3.125689587764912, -0.750086950980944, 0.44505717153665514, -1.742044610028454, 4.318621240821359, -3.199489784889773, 1.5344768074018904], [1.4552800336863, 0.9030383873340876, -2.438030037643854, 2.9354490283597223, 1.5778904495500017, 1.0167122337064405, 0.4033670582771939, -1.9582950674596757, 6.171193902764886], [-1.0377069087489197, -3.196304194060824, 4.321243688898017, -1.304281050805109, -5.7890282126170085, -1.690085548911896, -2.4752962425709764, -1.045399428774766, -0.5510911826647645]], "refit_milp_assignment": [[2.957312057833388, 4.2720967263925305, -3.519967459464693, -1.1376686076863336, 0.3134921511959191, -1.823865999928302, 4.473453880197775, -3.9100097037248904, 1.7649040444651436], [2.291823127566995, 0.9660378085920025, -2.772582319205727, 2.8236034861683046, 1.6486233979971576, 1.012125176477263, 0.3373128402892485, -2.1068119568783685, 6.238313411901813], [-0.994019033625726, -3.2932884082705143, 4.548088559153752, -1.1205736109448698, -6.0127493997062285, -2.0236830318314913, -2.633140351908022, -0.9575815088941529, -0.6152875137407285]], "refit_ground_truth_assignment": [[-9.85772372414994, -1.4189580991951378, -1.8964744909668092, -1.0754181082760539, -1.7213025176045393, -1.481508574816746, -1.8592913102893158, -1.2975798943277197, -0.9727126332632382], [1.4903535535274646, 1.1669372334723298, 2.033433508155226, 1.8012156957246448, 1.3566240584735425, 1.85157726390713, 1.9447524009901807, 1.5173792753242015, 1.7701108408502115], [8.51162853567238, 0.08648011615935848, 0.825732472023088, 0.4949196905787637, 0.157169374882509, 0.25002936173629825, -0.23079351666854175, 0.27210779832031484, -0.3426352717636949]]}