{"ground_truth": [[0.08831444450914701, 0.39070166642526194, -0.04175941803498346, 0.14144242064604762, 0.22186324027541832, 0.37423164729017616], [-0.05602019943983447, 0.13933946779242373, 0.0825069824627132, -0.21171628436688458, 0.21416561599599493, 0.16057355524403247]], "milp": [[0.7388123542179976, 0.2624373180408459, 0.11700721613209991, 0.09665622687157216, 0.19877234306664993, 0.19840608956588235], [-0.6118765522738107, 0.10279629161356592, -0.02416055837993667, -0.06049837472790938, 0.13280332454785992, 0.128712669744867]], "refit_milp_assignment": [[0.7855810769236302, 0.2727411783559917, 0.12164290179443214, 0.09063972929388989, 0.21511866953623499, 0.20075601121681563], [-0.643165196067395, 0.1036019309615747, -0.02717533782021134, -0.0773812765662262, 0.1497167470389748, 0.1324898564169567]], "refit_ground_truth_assignment": [[0.08831444450906371, 0.3907016664249878, -0.04175941803486957, 0.1414424206462831, 0.22186324027526683, 0.3742316472898159], [-0.05602019943976802, 0.1393394677923984, 0.08250698246270259, -0.21171628436648113, 0.21416561599563805, 0.1605735552439559]]}