{"time_milp": 1.172976016998291, "time_refit_milp_assignment": 1.6423141956329346, "mse_refit_ground_truth_assignment": 9.022265475323232, "r2_refit_ground_truth_assignment": 0.9178622870431471, "weight_mismatch_refit_ground_truth_assignment": 1.6764658496403642, "refit-weight_mismatch_refit_ground_truth_assignment": 0.0, "rand_score_refit_ground_truth_assignment": 1.0, "label_mismatch_refit_ground_truth_assignment": 0.0, "mse_milp": 9.022271906480439, "r2_milp": 0.917862228494599, "weight_mismatch_milp": 1.6699237737424757, "refit-weight_mismatch_milp": 0.007332211843322561, "rand_score_milp": 1.0, "label_mismatch_milp": 0.0, "mse_refit_milp_assignment": 9.022265475323232, "r2_refit_milp_assignment": 0.9178622870431471, "weight_mismatch_refit_milp_assignment": 1.6764658496403642, "refit-weight_mismatch_refit_milp_assignment": 0.0, "rand_score_refit_milp_assignment": 1.0, "label_mismatch_refit_milp_assignment": 0.0, "mse_greedy": NaN, "r2_greedy": NaN, "mse_ground_truth": 8.358248765005538, "r2_ground_truth": 0.9215575359647467, "weight_mismatch_ground_truth": 0, "rand_score_ground_truth": 1, "label_mismatch_ground_truth": 0, "mse_baseline_sklearn": 106.05687196707012, "r2_baseline_sklearn": 0.03446989777023668, "mse_milp_val": 5.5954687188824455, "r2_milp_val": 0.9449331986189504, "label_mismatch_milp_val": 0.0, "mse_refit_milp_assignment_val": 5.596475397295576, "r2_refit_milp_assignment_val": 0.9449232915739796, "label_mismatch_refit_milp_assignment_val": 0.0, "mse_refit_ground_truth_assignment_val": 5.596475397295576, "r2_refit_ground_truth_assignment_val": 0.9449232915739796, "label_mismatch_refit_ground_truth_assignment_val": 0.0, "mse_ground_truth_val": 5.623632890527044, "r2_ground_truth_val": 0.9446560259773125, "label_mismatch_ground_truth_val": 0.0, "mse_baseline_sklearn_val": 101.64681734701938, "r2_baseline_sklearn_val": -0.0003389140529548307, "random_state": 8}