{"ground_truth": [[-10, 0.2, 0.4, 0.3], [10, -0.2, -0.4, -0.3]], "milp": [[-9.985503158386019, 0.34090759952534794, 0.4474005702088165, 0.19312075356744346], [10.117154757197557, -0.2093311524869113, -0.47584741982743795, -0.3466981618543337]], "refit_milp_assignment": [[-9.987987907834768, 0.3411804405592686, 0.4476920076207388, 0.19358578069817742], [10.120745308150857, -0.21006884806679985, -0.4764137516453325, -0.3470621764528662]], "refit_ground_truth_assignment": [[-9.987987907834768, 0.3411804405592686, 0.4476920076207388, 0.19358578069817742], [10.120745308150857, -0.21006884806679985, -0.4764137516453325, -0.3470621764528662]]}