{"ground_truth": [[-10, 0.2, 0.4, 0.3], [10, -0.2, -0.4, -0.3]], "milp": [[14.285370437383975, -0.0014259267843176326, -0.39742924805387386, -0.7354348429360049], [-15.003528470880122, 0.2693705388970161, 0.6488593747449543, 0.2666763243791441]], "greedy": [[[14.289775884094487, -0.00215145858684712, -0.3980348270327089, -0.7359541961220905], [-15.009000264577963, 0.2701072374569748, 0.6496432642467815, 0.26753901417296466]], [[-1.3892641587785235, 2.9644053755811712, -3.9888715583898886, 2.501709604005631], [1.856835339082447, -2.299137156062075, 3.8277704711388267, -3.009103999544864]], [[-15.009000264577963, 0.2701072374569748, 0.6496432642467815, 0.26753901417296466], [14.289775884094487, -0.00215145858684712, -0.3980348270327089, -0.7359541961220905]], [[4.5399441431335035, 2.426525442267945, -4.529213875740588, 1.3328965530030654], [-4.584082218864259, -1.8079237899565066, 4.265726952325337, -2.0795677492089113]], [[14.289775884094487, -0.00215145858684712, -0.3980348270327089, -0.7359541961220905], [-15.009000264577963, 0.2701072374569748, 0.6496432642467815, 0.26753901417296466]], [[0.9404286186480859, -3.1621372591437416, 2.2957924082405072, -3.1011702962872882], [-1.3813542021372065, 3.7783750803827267, -2.5953025095318063, 3.1449163921351473]], [[-15.009000264577963, 0.2701072374569748, 0.6496432642467815, 0.26753901417296466], [14.289775884094487, -0.00215145858684712, -0.3980348270327089, -0.7359541961220905]], [[-15.009000264577963, 0.2701072374569748, 0.6496432642467815, 0.26753901417296466], [14.289775884094487, -0.00215145858684712, -0.3980348270327089, -0.7359541961220905]], [[14.289775884094487, -0.00215145858684712, -0.3980348270327089, -0.7359541961220905], [-15.009000264577963, 0.2701072374569748, 0.6496432642467815, 0.26753901417296466]], [[-15.009000264577963, 0.2701072374569748, 0.6496432642467815, 0.26753901417296466], [14.289775884094487, -0.00215145858684712, -0.3980348270327089, -0.7359541961220905]], [[1.856835339082447, -2.299137156062075, 3.8277704711388267, -3.009103999544864], [-1.3892641587785235, 2.9644053755811712, -3.9888715583898886, 2.501709604005631]], [[-15.009000264577963, 0.2701072374569748, 0.6496432642467815, 0.26753901417296466], [14.289775884094487, -0.00215145858684712, -0.3980348270327089, -0.7359541961220905]], [[14.289775884094487, -0.00215145858684712, -0.3980348270327089, -0.7359541961220905], [-15.009000264577963, 0.2701072374569748, 0.6496432642467815, 0.26753901417296466]], [[14.289775884094487, -0.00215145858684712, -0.3980348270327089, -0.7359541961220905], [-15.009000264577963, 0.2701072374569748, 0.6496432642467815, 0.26753901417296466]], [[1.6291506763884693, -3.3322541810359, 2.1623798846192526, -3.097854179388804], [-2.1065217350040277, 3.9681142128694553, -2.4507717001855744, 3.158358701852367]], [[14.289775884094487, -0.00215145858684712, -0.3980348270327089, -0.7359541961220905], [-15.009000264577963, 0.2701072374569748, 0.6496432642467815, 0.26753901417296466]], [[14.289775884094487, -0.00215145858684712, -0.3980348270327089, -0.7359541961220905], [-15.009000264577963, 0.2701072374569748, 0.6496432642467815, 0.26753901417296466]], [[-15.009000264577963, 0.2701072374569748, 0.6496432642467815, 0.26753901417296466], [14.289775884094487, -0.00215145858684712, -0.3980348270327089, -0.7359541961220905]], [[14.289775884094487, -0.00215145858684712, -0.3980348270327089, -0.7359541961220905], [-15.009000264577963, 0.2701072374569748, 0.6496432642467815, 0.26753901417296466]], [[14.289775884094487, -0.00215145858684712, -0.3980348270327089, -0.7359541961220905], [-15.009000264577963, 0.2701072374569748, 0.6496432642467815, 0.26753901417296466]]], "refit_milp_assignment": [[14.289819624250352, -0.0021478814153392074, -0.3980497936869548, -0.7359835313807355], [-15.009062855068542, 0.27011887550677127, 0.6496669262818883, 0.26755265756619845]], "refit_ground_truth_assignment": [[-15.009062855068542, 0.27011887550677127, 0.6496669262818883, 0.26755265756619845], [14.289819624250352, -0.0021478814153392074, -0.3980497936869548, -0.7359835313807355]]}