{"ground_truth": [[-10, -1.337719620706157, -1.6626352006348812, -1.0611537685933308], [1, 1.6272285743807728, 1.565890653114534, 1.026132378542826], [10, 0.1, 0.1, 0.1]], "milp": [[-10.546406158792612, -0.6502389071697275, -3.391614290155067, -0.704270274599358], [0.4089376915770631, 2.3360064470046265, 0.5696412848934597, 0.7910026930176767], [9.798300343178738, -0.5002155962453069, 1.02069420723571, -0.022060111131504283]], "greedy": [[[-18.28177310545467, 6.686316425815833, -3.611840416803409, 6.779549443105637], [2.2503253136887658, -4.9003814401190935, -0.03519028285018335, -5.766535113433582], [7.91136203651085, -0.6821005087280433, 2.640155613635302, -1.131403853344329]], [[0.6503209536843695, -6.110299696791702, -3.4806059219673156, 2.1012647130148547], [-11.826859700267363, 0.27897218906985605, -2.070697061710594, -1.0665655852653453], [8.590676777226744, -0.5442427027708238, 1.0415246531671933, 0.34509085459774114]], [[-9.68930661930715, -1.3916721226711557, -3.9851667155351693, 0.45930375231606496], [7.050432100373123, 0.5828472186747188, 2.2397882109057505, -0.7443838829042814], [-5.2248329807461396, 3.5633790764362314, 5.536474073692302, -5.545521423617479]], [[1.3822972556184192, 2.67595806394391, 0.5523839764200643, 1.9841547567562552], [3.883294600290589, -0.9027417776191946, 6.3219235393183855, -1.7536620325226457], [-10.261987229318985, -1.0635234194972083, -3.0118614701031867, -0.882802114025405]], [[12.981638361349315, -10.66948945003434, 0.6178933026028323, -1.7372742563391683], [-6.931158750315242, 1.850210028424265, 7.458338891452432, 0.4937430832836295], [-11.689972696697605, 8.285385731846812, -9.696828170461743, 1.2327716907242525]], [[-10.572907883324467, -0.9648493072772101, -2.78116525867625, -0.9806947987340427], [6.731991600189959, 0.06960809170874563, 2.0629990336915314, 0.7608711674074385], [-5.036788849983527, 0.0771432066594913, 4.762472125997196, 1.146908107220738]], [[-10.566409744824767, -0.6435381093875311, -3.390322537156522, -0.6979440419029957], [9.183619766257687, -0.1292801672153575, 1.262500931427284, -0.0214784105607339], [1.175250347070917, 1.4993221201166915, 0.7438779395422906, 0.19454786764597848]], [[-9.502063385728592, -2.2333070769264065, -1.6812576284701628, -0.844351604449752], [7.865678167478017, -0.3116801746741302, 1.5282932215824165, 0.08351243490872841], [14.150807895989978, -4.557597576856136, -5.775437724342644, -6.917797140472814]], [[-10.572907883324467, -0.9648493072772101, -2.78116525867625, -0.9806947987340427], [-5.036788849983527, 0.0771432066594913, 4.762472125997196, 1.146908107220738], [6.731991600189959, 0.06960809170874563, 2.0629990336915314, 0.7608711674074385]], [[-11.674928370373113, 0.6765808873476497, -2.2772718097847924, -1.1323486356818964], [8.590676777226744, -0.5442427027708238, 1.0415246531671933, 0.34509085459774114], [1.492164714318125, -5.67110787724162, -4.223234799273726, 2.0631466832734775]], [[9.75999802773422, -0.21345030209782026, 1.5538399457445715, -1.6294232513904505], [-0.6235959533881941, 2.847214448492015, 0.6694572749505703, 2.6645439290829405], [-10.566409744824767, -0.6435381093875311, -3.390322537156522, -0.6979440419029957]], [[-19.415250619868875, 4.913702620530723, 8.849110027452767, 4.076747112695152], [6.49733961537466, -5.2325821045871015, -7.416027487600743, 5.060424895895611], [-2.7359914066775772, 2.833499864164986, 7.701633716224876, -8.701869914562545]], [[-11.427396748499985, -1.8064672364474155, -1.3542857931677827, 2.777966296703505], [9.310780628647072, -6.3131992247034, -0.43946025505017966, -8.560292185306619], [6.819821135091528, 0.06498948958433064, 1.6398798621628923, 0.17977096817809876]], [[-13.072934173192955, 3.1545950457435454, 8.028277800760476, 3.1716308150909227], [6.396966273837018, -10.318635503985261, -1.763845542444084, 3.1879803005827743], [-1.4538178518807434, 7.099460443904032, -1.715190681383027, -5.867212182077998]], [[-14.375038474877869, 9.292802736828639, -9.247511366815223, 2.6251575319123215], [-0.5937587672974471, 1.7606408755904497, 6.216092622398175, -3.235453497261222], [9.342268624856526, -11.106310400732873, 1.9715377877311338, -0.6098319667784019]], [[-9.215786634318226, -1.0674267765352956, 5.061287770292757, 4.008851893823277], [6.6020340346238635, -0.013553677427807612, 1.7749709386979458, 1.045817652037085], [-11.035940314345563, -0.6731024326832857, -3.1095220556753014, -0.7427153497851549]], [[6.731991600189959, 0.06960809170874563, 2.0629990336915314, 0.7608711674074385], [-5.036788849983527, 0.0771432066594913, 4.762472125997196, 1.146908107220738], [-10.572907883324467, -0.9648493072772101, -2.78116525867625, -0.9806947987340427]], [[6.714591178295489, 0.3657550732723599, 2.036773903665922, 0.12038500762442608], [-8.53635795764463, -0.7196874268891368, -4.298049512712022, -1.4043718248550978], [-7.4343435222406296, 0.5953483168915935, 5.506681346380913, 1.0342436839925566]], [[-16.45286229396281, 1.5968486408244842, 12.844048536970986, 1.9260085226630657], [0.7836980869925267, 2.6406939000428795, 6.0550557206389115, -8.140855067016838], [2.910158893643525, -2.0311399748229775, -9.925468002389097, 5.246423242161054]], [[14.975191228445663, -4.8949658885625, -7.236945610368701, -2.939846701483108], [-12.252336506375187, 0.7099658053092303, -2.4299716354857495, -0.6055947681406622], [5.146807404043731, 0.4424306880111556, 2.3933487066960253, 0.17903344997925502]]], "refit_milp_assignment": [[-10.56516661640002, -0.6434443147896967, -3.392132635762303, -0.6982275039175403], [0.40750164321322435, 2.337600139405207, 0.5697170103232327, 0.7914865322629252], [9.813468324407172, -0.5031225572919327, 1.0164946907750902, -0.02549327265159009]], "refit_ground_truth_assignment": [[-10.56516661640002, -0.6434443147896967, -3.392132635762303, -0.6982275039175403], [1.237586057571976, 2.242346870694559, 0.5553478759883914, 0.9701210863154807], [10.06143681301842, -0.595875046721147, 0.7246894771641597, -0.25253679462288636]]}