{"time_milp": 38.8257098197937, "time_greedy": 1.1771152377128602, "time_refit_milp_assignment": 39.53495192527771, "mse_refit_ground_truth_assignment": 10.896405924799687, "r2_refit_ground_truth_assignment": 0.9074905905515999, "weight_mismatch_refit_ground_truth_assignment": 1.5618512369365227, "refit-weight_mismatch_refit_ground_truth_assignment": 0.0, "rand_score_refit_ground_truth_assignment": 1.0, "label_mismatch_refit_ground_truth_assignment": 0.0, "mse_milp": 12.667674885418476, "r2_milp": 0.8924526921241752, "weight_mismatch_milp": 18.065404027980808, "refit-weight_mismatch_milp": 17.941126566267407, "rand_score_milp": 0.7, "label_mismatch_milp": 0.45, "mse_refit_milp_assignment": 12.667602951937862, "r2_refit_milp_assignment": 0.8924533028323167, "weight_mismatch_refit_milp_assignment": 18.099278644013594, "refit-weight_mismatch_refit_milp_assignment": 17.974858238025273, "rand_score_refit_milp_assignment": 0.7, "label_mismatch_refit_milp_assignment": 0.45, "mse_greedy": 10.77765584394252, "r2_greedy": 0.9084987670024279, "weight_mismatch_greedy": 13.8677822786538, "refit-weight_mismatch_greedy": 13.67032504607478, "rand_score_greedy": 0.689406779661017, "label_mismatch_greedy": 0.3816666666666667, "mse_greedy_sem": 1.1717763510898775, "r2_greedy_sem": 0.009948265418252446, "weight_mismatch_greedy_sem": 1.7767778801292908, "refit-weight_mismatch_greedy_sem": 1.8008117708638312, "rand_score_greedy_sem": 0.016516729568680645, "label_mismatch_greedy_sem": 0.025503697702318154, "mse_ground_truth": 11.451766023385243, "r2_ground_truth": 0.9027756381988772, "weight_mismatch_ground_truth": 0, "rand_score_ground_truth": 1, "label_mismatch_ground_truth": 0, "mse_baseline_sklearn": 116.31217291476109, "r2_baseline_sklearn": 0.012399767904318404, "random_state": 4}