{"ground_truth": [[0.4959931874483065, 0.5098465311831716, -0.4985343522293935, -0.4775297135946539, 2.5747238397873455, 2.658415165821118, 0.7469508967419012, -1.2424849993965836, -0.8056273316562695, 0.5154140713528941, -1.2391109109954626, -0.7563273529165636, -0.70239166027248, -0.4735514212532531, 0.9150347600243871, 1.634006699030429], [0.14186249304198473, -0.7987296558009537, 1.610874773134626, -0.29254852983694113, 0.5903010446418874, 0.6971823890425586, 0.6578407822094662, -0.08332535098215205, -0.8754224260167893, 1.2721455011313143, -0.11597418509523497, -0.3173673722833686, 2.220446049250313e-16, 0.0, 0.04027088842190953, -0.2620916476160633]], "milp": [[0.5756871450226131, 1.7599984524514432, -1.5801477644492237, -0.37392289029981896, -1.321937078998972, -0.08932684733775087, 0.36987502227555363, -1.5462725047635772, -0.5171436697799198, 1.7231958842150068, -0.7395907658547112, -0.2019849377396486, 0.0, -1.1539963622725935, -0.1476997617810849, -1.7070389028827038], [-0.5026783768296604, -0.55169267289391, 0.816071979605738, -0.1257975888021747, 1.5729617924415802, 1.5916203298546916, 0.395673968335112, 0.0, -0.40952226885428245, -0.4217229113134314, -0.1469569022605952, -0.2082880552317516, -1.551456361244283, 1.085330602156994, 0.9276178122148427, 0.942528847530233]], "refit_milp_assignment": [[0.5761733184806793, 1.7827940760310947, -1.6039649738884467, -0.3754677118741899, -1.3253681288956676, -0.08548280259813834, 0.3710005955878868, -1.5496103517970934, -0.5184412358894102, 1.7245447243878262, -0.7414302675565433, -0.19950301913031415, 0.0, -1.1558259904101524, -0.14351505625638644, -1.7131784765573588], [-0.5030016555722749, -0.5537604576210495, 0.8177251661758114, -0.12563765513790168, 1.5735462008776133, 1.5918723278890072, 0.3954973620345934, 0.0, -0.4099912645942004, -0.4222878954787242, -0.1472020179629218, -0.2087304276212436, -1.5522505660171042, 1.0861537303641984, 0.9286548893875183, 0.9430613679393801]], "refit_ground_truth_assignment": [[0.499151918194539, 0.4824156870348992, -0.4729619441690322, -0.47516287024855763, 2.5715309170300777, 2.6540188127039204, 0.7441779890980617, -1.2425015185458297, -0.8046329537708251, 0.5137222617024974, -1.2376617157653262, -0.7601334314078579, -0.7032431347090958, -0.47261551925188444, 0.918359117000055, 1.6410571546459567], [0.1394819550787324, -0.8021286366870812, 1.6138707430099553, -0.294800472118243, 0.5868516364158026, 0.7018122951291076, 0.6634282435153114, -0.08820157095294455, -0.8729287024458269, 1.2691276540993637, -0.10775640066697727, -0.312828105261402, 0.0, 0.0, 0.03775722113166721, -0.26534610665935104]]}