{"time_milp": 18107.717928647995, "time_greedy": 0.6070198655128479, "time_refit_milp_assignment": 18118.858767986298, "mse_refit_ground_truth_assignment": 0.7150898933785327, "r2_refit_ground_truth_assignment": 0.9935471630069904, "weight_mismatch_refit_ground_truth_assignment": 1.1394588057619348, "refit-weight_mismatch_refit_ground_truth_assignment": 0.0, "rand_score_refit_ground_truth_assignment": 1.0, "label_mismatch_refit_ground_truth_assignment": 0.0, "mse_milp": 5.41336090224012, "r2_milp": 0.9511508471732856, "weight_mismatch_milp": 26.824068625870737, "refit-weight_mismatch_milp": 26.153949466053547, "rand_score_milp": 0.7187010954616588, "label_mismatch_milp": 0.4861111111111111, "mse_refit_milp_assignment": 5.97780197578574, "r2_refit_milp_assignment": 0.9460574368573588, "weight_mismatch_refit_milp_assignment": 26.506228041215497, "refit-weight_mismatch_refit_milp_assignment": 25.799773775803096, "rand_score_refit_milp_assignment": 0.7187010954616588, "label_mismatch_refit_milp_assignment": 0.4861111111111111, "mse_greedy": 111.18592910596922, "r2_greedy": -0.0033209573797605696, "weight_mismatch_greedy": 22.956050966705313, "refit-weight_mismatch_greedy": 23.538528318951656, "rand_score_greedy": 0.900723787167449, "label_mismatch_greedy": 0.08402777777777777, "mse_greedy_sem": 3.260193663416e-15, "r2_greedy_sem": 0.0, "weight_mismatch_greedy_sem": 1.2494455620143562e-15, "refit-weight_mismatch_greedy_sem": 0.0, "rand_score_greedy_sem": 0.0006846635367762144, "label_mismatch_greedy_sem": 0.0006944444444444448, "mse_ground_truth": 0.90948805876057, "r2_ground_truth": 0.9919886686980003, "weight_mismatch_ground_truth": 0, "rand_score_ground_truth": 1, "label_mismatch_ground_truth": 0, "mse_baseline_sklearn": 110.37820297932691, "r2_baseline_sklearn": 0.0039678115966717, "mse_milp_val": 8.394018402224134, "r2_milp_val": 0.928613796914275, "label_mismatch_milp_val": 0.4791666666666667, "mse_refit_milp_assignment_val": 9.441399355906979, "r2_refit_milp_assignment_val": 0.9197064362337323, "label_mismatch_refit_milp_assignment_val": 0.4791666666666667, "mse_greedy_val": 117.93471783752686, "label_mismatch_greedy_val": 0.04166666666666666, "mse_greedy_val_sem": 0.0, "label_mismatch_greedy_val_sem": 1.5918914372148438e-18, "r2_greedy_val": -0.0029656018119561534, "r2_greedy_val_sem": 0.0, "mse_refit_ground_truth_assignment_val": 1.4954046731633206, "r2_refit_ground_truth_assignment_val": 0.9872824603689822, "label_mismatch_refit_ground_truth_assignment_val": 0.0625, "mse_ground_truth_val": 1.5010460922938085, "r2_ground_truth_val": 0.9872344834081936, "label_mismatch_ground_truth_val": 0.0625, "mse_baseline_sklearn_val": 117.58495155274458, "r2_baseline_sklearn_val": 8.955288298917452e-06}