{"time_milp": 0.40132927894592285, "time_greedy": 1.0154427886009216, "time_refit_milp_assignment": 0.8300302028656006, "mse_refit_ground_truth_assignment": 7.992586748915055, "r2_refit_ground_truth_assignment": 0.9285179065570949, "weight_mismatch_refit_ground_truth_assignment": 1.9744540396944585, "refit-weight_mismatch_refit_ground_truth_assignment": 0.0, "rand_score_refit_ground_truth_assignment": 1.0, "label_mismatch_refit_ground_truth_assignment": 0.0, "mse_milp": 7.992592714445724, "r2_milp": 0.9285178532040773, "weight_mismatch_milp": 1.9684400318082895, "refit-weight_mismatch_milp": 0.0067164275510368555, "rand_score_milp": 1.0, "label_mismatch_milp": 0.0, "mse_refit_milp_assignment": 7.992586748915055, "r2_refit_milp_assignment": 0.9285179065570949, "weight_mismatch_refit_milp_assignment": 1.9744540396944585, "refit-weight_mismatch_refit_milp_assignment": 0.0, "rand_score_refit_milp_assignment": 1.0, "label_mismatch_refit_milp_assignment": 0.0, "mse_greedy": 23.30088524393865, "r2_greedy": 0.7916073846135323, "weight_mismatch_greedy": 8.789768935641975, "refit-weight_mismatch_greedy": 8.610806091187541, "rand_score_greedy": 0.7419467787114844, "label_mismatch_greedy": 0.2133333333333333, "mse_greedy_sem": 3.1810585105386515, "r2_greedy_sem": 0.028449953543330544, "weight_mismatch_greedy_sem": 1.4771032417511365, "refit-weight_mismatch_greedy_sem": 1.8394804843246342, "rand_score_greedy_sem": 0.05386454198939099, "label_mismatch_greedy_sem": 0.04580900470737933, "mse_ground_truth": 9.2142142496212, "r2_ground_truth": 0.9148633787771223, "weight_mismatch_ground_truth": 0, "rand_score_ground_truth": 1, "label_mismatch_ground_truth": 0, "mse_baseline_sklearn": 109.46902986414516, "r2_baseline_sklearn": 0.02095833705962513, "mse_milp_val": 11.038381170056088, "r2_milp_val": 0.8925958447087262, "label_mismatch_milp_val": 0.0, "mse_refit_milp_assignment_val": 11.041910528596187, "r2_refit_milp_assignment_val": 0.892561503824236, "label_mismatch_refit_milp_assignment_val": 0.0, "mse_greedy_val": 45.56339812338088, "label_mismatch_greedy_val": 0.174375, "mse_greedy_val_sem": 7.252530010417692, "label_mismatch_greedy_val_sem": 0.0380818349257988, "r2_greedy_val": 0.5566652199946754, "r2_greedy_val_sem": 0.07056758119628943, "mse_refit_ground_truth_assignment_val": 11.041910528596187, "r2_refit_ground_truth_assignment_val": 0.892561503824236, "label_mismatch_refit_ground_truth_assignment_val": 0.0, "mse_ground_truth_val": 8.20472515150717, "r2_ground_truth_val": 0.9201674991360878, "label_mismatch_ground_truth_val": 0.0, "mse_baseline_sklearn_val": 102.89606519536783, "r2_baseline_sklearn_val": -0.001185300167358072, "random_state": 4}