{"time_milp": 2.1388041973114014, "time_refit_milp_assignment": 3.3393161296844482, "mse_refit_ground_truth_assignment": 0.2477878256493785, "r2_refit_ground_truth_assignment": 0.9974793082688796, "weight_mismatch_refit_ground_truth_assignment": 0.3256904991736578, "refit-weight_mismatch_refit_ground_truth_assignment": 0.0, "rand_score_refit_ground_truth_assignment": 1.0, "label_mismatch_refit_ground_truth_assignment": 0.0, "mse_milp": 1.0698553621736586, "r2_milp": 0.9891165937718756, "weight_mismatch_milp": 2.7265549496411747, "refit-weight_mismatch_milp": 2.7268602807174855, "rand_score_milp": 0.8850174216027874, "label_mismatch_milp": 0.09523809523809523, "mse_refit_milp_assignment": 0.6887859410136002, "r2_refit_milp_assignment": 0.9929931302255275, "weight_mismatch_refit_milp_assignment": 0.964040850803175, "refit-weight_mismatch_refit_milp_assignment": 0.8943308383297065, "rand_score_refit_milp_assignment": 0.8850174216027874, "label_mismatch_refit_milp_assignment": 0.09523809523809523, "mse_greedy": NaN, "r2_greedy": NaN, "mse_ground_truth": 0.27827376155560923, "r2_ground_truth": 0.9971691814644134, "weight_mismatch_ground_truth": 0, "rand_score_ground_truth": 1, "label_mismatch_ground_truth": 0, "mse_baseline_sklearn": 92.56908267482697, "r2_baseline_sklearn": 0.058314827839830996, "random_state": 7}