{"ground_truth": [[-10, 0.2, 0.4, 0.3], [10, -0.2, -0.4, -0.3]], "milp": [[-10.517490963706075, 0.20881185980459996, 0.26275881580755933, 0.046020522687668194], [11.25808216779043, -0.2170661426326811, -0.4205524549328028, -0.19806603115282478]], "greedy": [[[-8.491520355105422, 0.6690363377105818, 1.9811115840933335, 3.5406480140666847], [7.831977769051795, 0.13750909317083818, -1.1217657907252534, -4.514386356628375]], [[-4.810234835470662, 3.0803232203909663, -0.825639363436093, 2.4909185028340395], [4.71506124081505, -1.8803504914566178, 1.431322472516734, -3.31541298421463]], [[7.4531524815684875, 0.010260220599732544, -1.2153991267793283, -4.502126158894323], [-8.145136906808753, 0.7877356110255467, 2.0163670585519573, 3.5533590006531135]], [[-10.520579208163088, 0.20914184336050753, 0.2632513386239043, 0.046554228277283026], [11.261182447058045, -0.21730157508107184, -0.42110697164395633, -0.1984428231181991]], [[-10.520579208163088, 0.20914184336050753, 0.2632513386239043, 0.046554228277283026], [11.261182447058045, -0.21730157508107184, -0.42110697164395633, -0.1984428231181991]], [[-10.520579208163088, 0.20914184336050753, 0.2632513386239043, 0.046554228277283026], [11.261182447058045, -0.21730157508107184, -0.42110697164395633, -0.1984428231181991]], [[4.71506124081505, -1.8803504914566178, 1.431322472516734, -3.31541298421463], [-4.810234835470662, 3.0803232203909663, -0.825639363436093, 2.4909185028340395]], [[11.261182447058045, -0.21730157508107184, -0.42110697164395633, -0.1984428231181991], [-10.520579208163088, 0.20914184336050753, 0.2632513386239043, 0.046554228277283026]], [[4.71506124081505, -1.8803504914566178, 1.431322472516734, -3.31541298421463], [-4.810234835470662, 3.0803232203909663, -0.825639363436093, 2.4909185028340395]], [[-10.520579208163088, 0.20914184336050753, 0.2632513386239043, 0.046554228277283026], [11.261182447058045, -0.21730157508107184, -0.42110697164395633, -0.1984428231181991]], [[4.568311581195054, -1.6777039042474269, 1.362855910652937, -3.593146968704526], [-4.597394807647362, 2.9063850172279864, -0.7513366320781594, 2.6611476418053117]], [[-10.520579208163088, 0.20914184336050753, 0.2632513386239043, 0.046554228277283026], [11.261182447058045, -0.21730157508107184, -0.42110697164395633, -0.1984428231181991]], [[-10.520579208163088, 0.20914184336050753, 0.2632513386239043, 0.046554228277283026], [11.261182447058045, -0.21730157508107184, -0.42110697164395633, -0.1984428231181991]], [[5.6454201522921785, 0.8249535295356772, -3.628028151303863, -2.769247549425542], [-3.9021770676888505, -0.8976221890410843, 3.036203400901867, 2.4631268547870935]], [[-10.520579208163088, 0.20914184336050753, 0.2632513386239043, 0.046554228277283026], [11.261182447058045, -0.21730157508107184, -0.42110697164395633, -0.1984428231181991]], [[7.4531524815684875, 0.010260220599732544, -1.2153991267793283, -4.502126158894323], [-8.145136906808753, 0.7877356110255467, 2.0163670585519573, 3.5533590006531135]], [[8.830946247492832, 1.8081252295616903, -2.165266001320738, -2.980723551292768], [-7.410301004689794, -1.6104853339421639, 2.0490053001532558, 2.524223138991685]], [[8.097700708034768, -0.6200990334539278, -0.433974193303408, -4.208735649898363], [-9.628653295454985, 1.7963496085975001, 1.5875796445329793, 3.2860932876129207]], [[-10.520579208163088, 0.20914184336050753, 0.2632513386239043, 0.046554228277283026], [11.261182447058045, -0.21730157508107184, -0.42110697164395633, -0.1984428231181991]], [[-10.520579208163088, 0.20914184336050753, 0.2632513386239043, 0.046554228277283026], [11.261182447058045, -0.21730157508107184, -0.42110697164395633, -0.1984428231181991]]], "refit_milp_assignment": [[-10.520600461093931, 0.20915092128145063, 0.2632645421534543, 0.04655628934756045], [11.261214375792262, -0.21730934552718356, -0.42112643006040046, -0.19844638296130418]], "refit_ground_truth_assignment": [[-10.520600461093931, 0.20915092128145063, 0.2632645421534543, 0.04655628934756045], [11.261214375792262, -0.21730934552718356, -0.42112643006040046, -0.19844638296130418]]}