{"time_milp": 18061.421031951904, "time_refit_milp_assignment": 18064.29043483734, "mse_refit_ground_truth_assignment": 209.16447417022016, "r2_refit_ground_truth_assignment": 0.5457815741367911, "weight_mismatch_refit_ground_truth_assignment": 13.069752648051498, "refit-weight_mismatch_refit_ground_truth_assignment": 0.0, "rand_score_refit_ground_truth_assignment": 1.0, "label_mismatch_refit_ground_truth_assignment": 0.0, "mse_milp": 141.4303099210567, "r2_milp": 0.6928720663653005, "weight_mismatch_milp": 22.603460900472577, "refit-weight_mismatch_milp": 13.926506386430844, "rand_score_milp": 0.7133053221288516, "label_mismatch_milp": 0.2916666666666667, "mse_refit_milp_assignment": 141.4303056850819, "r2_refit_milp_assignment": 0.6928720755640798, "weight_mismatch_refit_milp_assignment": 22.62405036753108, "refit-weight_mismatch_refit_milp_assignment": 13.945702257643418, "rand_score_refit_milp_assignment": 0.7133053221288516, "label_mismatch_refit_milp_assignment": 0.2916666666666667, "mse_greedy": NaN, "r2_greedy": NaN, "mse_ground_truth": 235.22948944146466, "r2_ground_truth": 0.4891791790428215, "weight_mismatch_ground_truth": 0, "rand_score_ground_truth": 1, "label_mismatch_ground_truth": 0, "mse_baseline_sklearn": 458.11836152430675, "r2_baseline_sklearn": 0.005160752055380136, "random_state": 7}