{"time_milp": 12.888569831848145, "time_refit_milp_assignment": 13.393712759017944, "mse_refit_ground_truth_assignment": 3.2538857707676114, "r2_refit_ground_truth_assignment": 0.9281929473916005, "weight_mismatch_refit_ground_truth_assignment": 1.0955005009198815, "refit-weight_mismatch_refit_ground_truth_assignment": 0.0, "rand_score_refit_ground_truth_assignment": 1.0, "label_mismatch_refit_ground_truth_assignment": 0.0, "mse_milp": 2.317297136140327, "r2_milp": 0.9488616721401171, "weight_mismatch_milp": 5.044428119522929, "refit-weight_mismatch_milp": 4.810982580063344, "rand_score_milp": 0.6753623188405797, "label_mismatch_milp": 0.2, "mse_refit_milp_assignment": 2.3171540683302836, "r2_refit_milp_assignment": 0.948864829373802, "weight_mismatch_refit_milp_assignment": 5.0849792167241095, "refit-weight_mismatch_refit_milp_assignment": 4.849277721726948, "rand_score_refit_milp_assignment": 0.6753623188405797, "label_mismatch_refit_milp_assignment": 0.2, "mse_greedy": NaN, "r2_greedy": NaN, "mse_ground_truth": 3.4404459002588643, "r2_ground_truth": 0.9240759211722541, "weight_mismatch_ground_truth": 0, "rand_score_ground_truth": 1, "label_mismatch_ground_truth": 0, "mse_baseline_sklearn": 12.831946029861143, "r2_baseline_sklearn": 0.7168174814154369, "random_state": 5}