{"ground_truth": [[-10, -1.337719620706157, -1.6626352006348812, -1.0611537685933308], [1, 1.6272285743807728, 1.565890653114534, 1.026132378542826], [10, 0.1, 0.1, 0.1]], "milp": [[-9.943688667744961, -1.429737947100823, -1.725088364505106, -1.0354155757561385], [0.9541798377772726, 1.5969582361034345, 2.033501480800099, 0.9039663974416117], [9.678720051231569, 0.4038344114842104, 0.32818241531700854, -0.047706226921186756]], "greedy": [[[-9.889077309860202, -1.5270837341777024, -1.76451001894153, -1.155483414506788], [-5.932156615962508, -1.2851428469634436, -2.1914778450994716, -3.371857723450946], [6.015471466170912, 1.2042147498538156, 1.0414792918997307, -0.11772449287298302]], [[0.15169058711299588, 3.999495680943416, -4.894903724825481, 0.8176357328205207], [-0.2518195545903018, -2.4231105390922436, 6.174600097615707, -4.355907068088689], [-1.748914565768819, -6.024235205127, -3.348858429934437, 9.451325338572707]], [[1.069094823921045, 1.5326900254104425, 1.544361379411412, 1.0230878264387822], [9.821639873071044, 0.27813718641554974, 0.13370749712027327, 0.09387851820304753], [-9.958640548463672, -1.4247520692802011, -1.7221651055946108, -1.0317801498808645]], [[9.821639873071044, 0.27813718641554974, 0.13370749712027327, 0.09387851820304753], [1.069094823921045, 1.5326900254104425, 1.544361379411412, 1.0230878264387822], [-9.958640548463672, -1.4247520692802011, -1.7221651055946108, -1.0317801498808645]], [[6.089774286612451, 1.3859828066364805, 0.7792032569650598, 0.42426748427016664], [-9.958640548463672, -1.4247520692802011, -1.7221651055946108, -1.0317801498808645], [9.07522560296486, -0.7088128918498892, -1.926417998366009, -2.320065444525293]], [[-9.958640548463672, -1.4247520692802011, -1.7221651055946108, -1.0317801498808645], [8.492692756249502, -0.6400229636398419, -1.785144621123601, -2.303870115107928], [6.426041764831985, 1.4511866217816578, 0.7093153843673022, 0.21922160109329072]], [[1.1000912144127977, 1.5078000691059914, 1.5018605146873127, 1.0151205415083233], [9.549080118676036, 0.8094548769111696, 0.15727007331450807, -0.3108137828046909], [-9.958640548463672, -1.4247520692802011, -1.7221651055946108, -1.0317801498808645]], [[1.2387860985824157, 1.4109331170513633, 1.1869154306828085, 1.0268201485955155], [7.638652978963815, 0.7688975713699171, -0.12534238224524485, 0.9286912754663175], [-9.958640548463672, -1.4247520692802011, -1.7221651055946108, -1.0317801498808645]], [[9.821639873071044, 0.27813718641554974, 0.13370749712027327, 0.09387851820304753], [1.069094823921045, 1.5326900254104425, 1.544361379411412, 1.0230878264387822], [-9.958640548463672, -1.4247520692802011, -1.7221651055946108, -1.0317801498808645]], [[-9.958640548463672, -1.4247520692802011, -1.7221651055946108, -1.0317801498808645], [9.56825188238979, 0.699022040711018, 0.0832203810513213, 0.03281541884083521], [1.1010216481131305, 1.5004411326480027, 1.5037124335325935, 1.0270806472169207]], [[-9.958640548463672, -1.4247520692802011, -1.7221651055946108, -1.0317801498808645], [1.2137099148240305, 1.0857275013326124, 2.0231378090202683, 1.7223217323232247], [10.150206672726695, 1.1053129393786885, -0.5809878483524387, -1.5376312560225391]], [[-9.808526301320263, -1.5504080607326818, -1.7891755715401176, -1.0303206305770485], [6.676487427249179, 1.043780803612095, 0.9629923186702092, -0.3018603762789926], [1.4726897485747577, -3.8776954010139644, -2.960273517621732, -0.12739082312046576]], [[-9.958640548463672, -1.4247520692802011, -1.7221651055946108, -1.0317801498808645], [9.821639873071044, 0.27813718641554974, 0.13370749712027327, 0.09387851820304753], [1.069094823921045, 1.5326900254104425, 1.544361379411412, 1.0230878264387822]], [[-4.9604671191174825, -3.407320085463389, -1.54270679651329, -2.2186154441828125], [8.154770387095597, -0.26129885267755154, 0.6583349369009823, 0.026331808646424038], [-14.807056371505073, 0.12184786029578025, 1.4198823770813689, 9.35247899927259]], [[1.061176431576488, 1.5250470381696117, 1.5513150299165186, 1.0319200786792664], [-9.958640548463672, -1.4247520692802011, -1.7221651055946108, -1.0317801498808645], [9.545709604468394, 0.6991348714929068, 0.16416473406016913, 0.07089068049943041]], [[9.545709604468394, 0.6991348714929068, 0.16416473406016913, 0.07089068049943041], [1.061176431576488, 1.5250470381696117, 1.5513150299165186, 1.0319200786792664], [-9.958640548463672, -1.4247520692802011, -1.7221651055946108, -1.0317801498808645]], [[10.091909438228955, 0.002914939998264112, 0.0944009318814871, -0.10335750262204661], [0.8877073385924241, 1.5469873066730961, 1.7284090186260508, 1.1771304393979674], [-9.958640548463672, -1.4247520692802011, -1.7221651055946108, -1.0317801498808645]], [[7.622726762374721, -0.5356212353913192, -1.0630800664197164, -2.1198027905670487], [-9.958640548463672, -1.4247520692802011, -1.7221651055946108, -1.0317801498808645], [6.314819375153848, 0.9771804409498396, 1.2489239971904393, 0.25768771214435776]], [[1.061176431576488, 1.5250470381696117, 1.5513150299165186, 1.0319200786792664], [-9.958640548463672, -1.4247520692802011, -1.7221651055946108, -1.0317801498808645], [9.545709604468394, 0.6991348714929068, 0.16416473406016913, 0.07089068049943041]], [[5.678344424014817, -5.7036628458490926, 1.2865505837695033, -6.155443496575113], [5.213101615891368, 0.8286544102082429, 1.1590886888685439, 0.7257239260325351], [-9.668441323958232, -1.7488082134712424, -1.7981780794074662, -1.118648839746405]]], "refit_milp_assignment": [[-9.957041963386486, -1.4253720627220519, -1.7228190602761453, -1.0323014363038348], [0.9539799574993308, 1.5971850974682247, 2.0341179561097538, 0.9038541343718769], [9.690615792809675, 0.40216963863258265, 0.32452189035916607, -0.05045681029663326]], "refit_ground_truth_assignment": [[-9.957041963386486, -1.4253720627220519, -1.7228190602761453, -1.0323014363038348], [1.0678813216266922, 1.532912946055616, 1.5453690696013074, 1.0232513775060013], [9.821427212504801, 0.2783710169970336, 0.13375928756021352, 0.0938650440808423]]}