{"time_milp": 2.0615880489349365, "time_greedy": 1.6784789443016053, "time_refit_milp_assignment": 2.9409661293029785, "mse_refit_ground_truth_assignment": 0.17954458925368091, "r2_refit_ground_truth_assignment": 0.9984482220524764, "weight_mismatch_refit_ground_truth_assignment": 0.5700061261638317, "refit-weight_mismatch_refit_ground_truth_assignment": 0.0, "rand_score_refit_ground_truth_assignment": 1.0, "label_mismatch_refit_ground_truth_assignment": 0.0, "mse_milp": 7.851987289359839, "r2_milp": 0.9321364081729681, "weight_mismatch_milp": 19.601188319258668, "refit-weight_mismatch_milp": 19.60098598768765, "rand_score_milp": 0.6469221835075494, "label_mismatch_milp": 0.4523809523809524, "mse_refit_milp_assignment": 7.624178503933813, "r2_refit_milp_assignment": 0.93410532659566, "weight_mismatch_refit_milp_assignment": 12.311940743772444, "refit-weight_mismatch_refit_milp_assignment": 12.271550702974892, "rand_score_refit_milp_assignment": 0.6469221835075494, "label_mismatch_refit_milp_assignment": 0.4523809523809524, "mse_greedy": 4.705197663281875, "r2_greedy": 0.9593336563191892, "weight_mismatch_greedy": 17.234800027918546, "refit-weight_mismatch_greedy": 17.272386420360895, "rand_score_greedy": 0.6920441347270615, "label_mismatch_greedy": 0.37142857142857144, "mse_greedy_sem": 0.7247265971322823, "r2_greedy_sem": 0.006263707283457514, "weight_mismatch_greedy_sem": 2.3043500062987525, "refit-weight_mismatch_greedy_sem": 2.3173544094858727, "rand_score_greedy_sem": 0.02377039555376561, "label_mismatch_greedy_sem": 0.032791878810291115, "mse_ground_truth": 0.2782737615556092, "r2_ground_truth": 0.9975949200788986, "weight_mismatch_ground_truth": 0, "rand_score_ground_truth": 1, "label_mismatch_ground_truth": 0, "mse_baseline_sklearn": 88.73544757716034, "r2_baseline_sklearn": 0.23307234550345768, "random_state": 7}