{"ground_truth": [[-10, -1.5826848885290346, -1.0255509418496929], [1, 1.3377979807316742, 1.6124765741267186], [10, 0.1, 0.1]], "milp": [[-11.639168574770087, -0.9583316650957053, -1.2124162357652324], [-0.129900653765594, 0.8329143099561852, 1.7296206433985524], [9.590129895409458, 1.198230949865846, 0.3731414672350262]], "refit_milp_assignment": [[-11.65174366453321, -0.9584400984077162, -1.2104889617550016], [-0.1306002891702085, 0.8330774491524489, 1.7300635463350265], [9.603706007873447, 1.1956369576125965, 0.3702123514320418]], "refit_ground_truth_assignment": [[-10.771925612478555, -0.6693627331462266, -1.4504377412010736], [-0.19789995480485612, 1.3384049793109225, 1.8969255070426512], [8.821659455463397, 1.1308987591548447, 0.09053810931523722]]}