{"ground_truth": [[-10, -1.7460448792654233, -1.5833687650971595, -1.962172548474542], [1, 1.6251294204762958, 1.7142879137181393, 1.1314008718105397], [10, 0.1, 0.1, 0.1]], "milp": [[-29.903671018602047, 2.2999555964244145, -3.2610727515959717, 1.6799290395820483], [-1.3356116517294292, 2.6987063224567884, 0.005151056177791075, 1.5040734740978436], [15.922433797434227, 3.439899050427268, 1.0130103621591606, 2.2212244587528023]], "refit_milp_assignment": [[-29.924821880558248, 2.3055528003350356, -3.2594912576633903, 1.6842955870454852], [-1.3366183881227425, 2.699071628243285, 0.005255635532974365, 1.504230695329776], [15.930097395698297, 3.4384350855141412, 1.0124201348145476, 2.220041736559758]], "refit_ground_truth_assignment": [[-20.046500446102723, 0.18940655424006367, -2.6221769052231285, -1.9244632442880563], [0.5980569393426958, 3.1642661315341614, 4.280110406865889, 1.601318533191739], [13.097272091769174, 0.8034116250418095, 0.04225698449398165, 0.37930492291841394]]}