{"time_milp": 10.955222129821777, "time_refit_milp_assignment": 11.51667308807373, "mse_refit_ground_truth_assignment": 14.297307121131356, "r2_refit_ground_truth_assignment": 0.8921709197632676, "weight_mismatch_refit_ground_truth_assignment": 4.145333484932618, "refit-weight_mismatch_refit_ground_truth_assignment": 0.0, "rand_score_refit_ground_truth_assignment": 1.0, "label_mismatch_refit_ground_truth_assignment": 0.0, "mse_milp": 14.297316072574525, "r2_milp": 0.8921708522522408, "weight_mismatch_milp": 4.1365418668795915, "refit-weight_mismatch_milp": 0.009222299112097867, "rand_score_milp": 1.0, "label_mismatch_milp": 0.0, "mse_refit_milp_assignment": 14.297307121131356, "r2_refit_milp_assignment": 0.8921709197632676, "weight_mismatch_refit_milp_assignment": 4.145333484932618, "refit-weight_mismatch_refit_milp_assignment": 0.0, "rand_score_refit_milp_assignment": 1.0, "label_mismatch_refit_milp_assignment": 0.0, "mse_greedy": NaN, "r2_greedy": NaN, "mse_ground_truth": 18.51683124546749, "r2_ground_truth": 0.8640543294230675, "weight_mismatch_ground_truth": 0, "rand_score_ground_truth": 1, "label_mismatch_ground_truth": 0, "mse_baseline_sklearn": 128.6404949307463, "r2_baseline_sklearn": 0.029804274884823623, "mse_milp_val": 15.702525762669797, "r2_milp_val": 0.8890006746642324, "label_mismatch_milp_val": 0.0, "mse_refit_milp_assignment_val": 15.704062905916, "r2_refit_milp_assignment_val": 0.8889898087776958, "label_mismatch_refit_milp_assignment_val": 0.0, "mse_refit_ground_truth_assignment_val": 15.704062905916, "r2_refit_ground_truth_assignment_val": 0.8889898087776958, "label_mismatch_refit_ground_truth_assignment_val": 0.0, "mse_ground_truth_val": 19.482539287759636, "r2_ground_truth_val": 0.8622801994116122, "label_mismatch_ground_truth_val": 0.0, "mse_baseline_sklearn_val": 141.73584614663292, "r2_baseline_sklearn_val": -0.0019141847595038897, "random_state": 8}