{"ground_truth": [[-10, 0.2, 0.4, 0.3], [10, -0.2, -0.4, -0.3]], "milp": [[-12.149881772007507, 0.04050340110320907, 0.4481735913080171, 0.617933119118355], [11.870705241983945, -0.027546016480018864, -0.8043324333313134, -0.6697290054642016]], "refit_milp_assignment": [[-12.15358069017313, 0.04120446345974044, 0.44865112241345145, 0.6186018829599502], [11.875811985227232, -0.028725516736422523, -0.8054030403813469, -0.6701858735101216]], "refit_ground_truth_assignment": [[-12.15358069017313, 0.04120446345974044, 0.44865112241345145, 0.6186018829599502], [11.875811985227232, -0.028725516736422523, -0.8054030403813469, -0.6701858735101216]]}