{"ground_truth": [[10, -1.2849455235697822, -1.327724834037291, -1.815249079663165, -1.1148073922071933, -1.6623302963816513, -1.3365763634144092, -1.5449332689702318, -1.5186450891875507], [-10, 1.4913603646463358, 1.8440846483086042, 1.0115505623277172, 1.7894394234939934, 1.3277504341414363, 1.5201212893576406, 1.7252883534273038, 1.6425043662723873]], "milp": [[9.9519422825155, -1.1990998632089598, -1.3136915209014814, -1.7309712755213047, -1.113337103473917, -1.6124138424384415, -1.4792498861259, -1.532497936142555, -1.6612630723003545], [-9.924138025860696, 1.4828753908588355, 1.7206439515750387, 1.0560745759615386, 1.5454147251031547, 1.3879680434713033, 1.6085934524517937, 1.6899396090082959, 1.609260491902502]], "greedy": [[[1.0674033531553775, 0.691521587993008, 1.4598254930080663, 0.46602197757626157, -1.1819920328912599, -1.7063813668036178, 0.11053464749495757, -1.4744175092335132, 1.2047467149716469], [-2.6322384860760843, 1.0688081307444395, -1.731996725599607, -1.1605814408073771, 1.0956984042487035, 1.3984053067198003, -0.13842739239379623, 1.3547573547721936, -1.729043863071852]], [[-10.120527562491521, 1.4648419408850235, 1.7525171410268154, 1.07983397162545, 1.6515072992516477, 1.3815481980856332, 1.6178858482819165, 1.7386991300980907, 1.5648882047401762], [10.129616733442168, -1.2481300080348585, -1.334885927321145, -1.769489767743486, -1.1191473758296282, -1.5939921353322175, -1.4819063994221433, -1.5086809617129018, -1.6772165834292614]], [[-2.561273353405396, 0.9969927903350573, -0.9485243901299953, -1.4783384698979554, 0.30121430935858595, 0.505901475500684, -0.2350678357462167, 1.6749202066681386, -1.169608293807218], [2.9189634320982316, -0.1627230569177396, 0.9342159965418121, 0.9962478407657476, -0.5978974435920866, -0.68258606898278, -0.5221969381833103, -1.8320213633320535, 1.486793018798628]], [[10.16478247063114, -1.254815437362215, -1.326084659346047, -1.7798331423462463, -1.098390225894008, -1.6025404754929018, -1.4750804556806274, -1.5257379900518073, -1.6642830015447962], [-10.094126605120191, 1.4704736597139387, 1.7757448605739496, 1.0671977234112304, 1.680826915837664, 1.3726304794932571, 1.607589494303969, 1.7275383857417532, 1.577947116519929]], [[1.3410726528870482, 0.9070815511763499, -0.2216856322020572, -0.9577291428818572, -1.3884997938698447, -1.488762121152127, -0.04408509502618875, -0.308384166426423, 1.637310591371245], [-0.9101191748146904, -0.3768427040402199, 2.277907585320453, 1.4997247848351103, 1.5292870043522193, 1.530165134598871, 1.5514212346479788, -0.9003108596808589, -6.698441385769807]], [[5.504982616720461, 0.7996474229831622, -4.472299156086476, -0.45435988545926936, 0.6900058773414427, -1.264254239506516, 0.7532027445203, 1.0295292083599927, -3.2859047440475435], [-1.5983508007182365, 1.5319388818785666, 1.5312328842988314, 0.5735393875768466, -0.2926991328576855, -0.44798894812750867, -0.4453652048028295, -1.31993836855911, 1.6354358928958368]], [[-0.7674589370018817, 0.9471579199995055, -2.765643503045732, 0.9673544274788916, 1.0480449315507465, 1.079203345400364, 0.5215216468053125, 1.630446103264241, -3.878251297446097], [2.035820239597898, 0.3279193273431428, 1.0331418625781903, -0.2048173577971094, -0.906515069514611, -1.4746977639949868, -0.814459140491506, -1.4833380865872525, 1.6157224626321913]], [[-4.273386643162567, 2.6219189132990817, 2.423626128581969, 0.28278482399940924, 1.165432955093561, 0.6448687994990092, 1.1329692217048652, -0.6817363330090498, 0.18966970206888728], [7.194016181730587, -1.7119314565852202, -1.4990859178958922, -0.9935212566855112, -0.8253353418951613, -1.7932074504515574, -1.2836514100966951, -0.23929494518573166, -0.9512963355113407]], [[-0.6512535829440709, 3.806118958980403, 0.1340316161649324, -0.37605456969923096, 0.1454767162664652, -1.4608181802718567, -0.3225433070537654, 0.23142965415677227, -1.3411847278323603], [0.06067900872913912, -2.309211097235468, 0.8405840297362017, 0.10204189353328318, -0.6958200155895107, -0.8521455908218369, 0.24499140804412473, -0.19303287914031417, 1.6049531204545262]], [[10.129616733442168, -1.2481300080348585, -1.334885927321145, -1.769489767743486, -1.1191473758296282, -1.5939921353322175, -1.4819063994221433, -1.5086809617129018, -1.6772165834292614], [-10.120527562491521, 1.4648419408850235, 1.7525171410268154, 1.07983397162545, 1.6515072992516477, 1.3815481980856332, 1.6178858482819165, 1.7386991300980907, 1.5648882047401762]], [[-10.120527562491521, 1.4648419408850235, 1.7525171410268154, 1.07983397162545, 1.6515072992516477, 1.3815481980856332, 1.6178858482819165, 1.7386991300980907, 1.5648882047401762], [10.129616733442168, -1.2481300080348585, -1.334885927321145, -1.769489767743486, -1.1191473758296282, -1.5939921353322175, -1.4819063994221433, -1.5086809617129018, -1.6772165834292614]], [[-4.256157032880514, 3.560670969696286, 2.351404661130165, -0.30442216226721436, -0.6971647078815134, 1.075597594440683, 0.9074118960939369, -1.445494129413875, -0.3789520128693955], [5.3272726788498135, -1.4372774472258099, -1.4187474975741554, -0.7203907954448083, -1.643002840884306, -1.274238637396678, -1.3855112324654517, 0.13383521995012862, -1.3174722199208977]], [[-0.3895438191481321, 1.0627248761268284, -1.6029068957653132, -1.7463206350468188, 2.0981121377794074, 0.4009679012502842, 0.5094615442832345, -0.2688119955108453, -1.784983210602072], [-2.5267302798808164, 0.8294427383478565, 0.8846640263083075, 1.29103757734563, -1.7659633274397475, -1.1111374889936938, 0.3325732890171407, -0.0020404670233146274, 1.1543323885611716]], [[0.11142963018602825, 0.767823210390884, 1.8974965211951007, 0.24068734167707456, -0.7721788212596282, 0.16151489892622176, -1.0048213004398978, -1.5423747101871537, 1.573925751995315], [2.2431972162081584, 0.7469640015493281, -3.084090020731094, -0.754953439952457, -1.933772086840267, -0.10049523917431341, 0.8972716963211933, 1.0188557128107274, -2.81573582562237]], [[-10.113824351520899, 1.4867983966524507, 1.8156266044752636, 1.0769821543117422, 1.7337468652315335, 1.3542621321001795, 1.5689468317414148, 1.7218505023353252, 1.5889130032449332], [10.13117025452229, -1.2575490636285176, -1.372993930291399, -1.802574961380449, -1.1303177307268888, -1.5822948390880707, -1.409518632250676, -1.530371787936306, -1.6731874555946906]], [[-10.133713509828675, 1.484825324469734, 1.8044538191980601, 1.086541091330472, 1.719928909386624, 1.3582136757880077, 1.5715815477000044, 1.72870884589386, 1.581364843180702], [10.09975730345723, -1.2522270580912764, -1.3835984687979925, -1.7956598413638516, -1.1497208409798554, -1.5737985336166282, -1.4104807028962327, -1.5166266111920899, -1.6844944718287396]], [[0.23960762867806418, 0.303561506215139, 1.5959856565957105, 0.2264723475484153, 0.6734757919132555, 2.6654182306114094, 0.8970938064320353, -1.2492295922517307, -3.685955353970443], [2.4083939917392976, 0.7857962881753536, -0.3072808975307858, -0.8916266280986047, -2.041780939669712, -2.195654836709081, -0.6041717437888648, -0.2682333631973775, 0.4317451079613227]], [[2.4357765237010067, 1.5038933219119488, 2.27345226455665, -1.1218294001543108, -1.373260539329708, 1.0669676137072959, -1.686159942943715, -1.864469024033699, -2.2596385084171686], [-1.7006755126015662, 0.8213870955213053, -1.5436153207142607, 0.15172466131866855, -2.1152379911866923, -0.41248281570876527, 1.620112780414482, 0.9123632506340933, 0.1607230760366936]], [[-2.9035623337046887, 1.5329832502454688, 1.5649069732871295, 1.0077675023866846, 0.32158258151108077, -0.09061794962471709, -0.5284519941473105, -1.5754235707156246, 1.3049621162143468], [6.087704880640553, 0.4320917718211209, -3.9472272448953483, -0.9056256959705105, -0.018546864520999524, -1.529776084891795, 0.9432946883743345, 1.2620077832785572, -2.875974773505584]], [[-4.256157032880514, 3.560670969696286, 2.351404661130165, -0.30442216226721436, -0.6971647078815134, 1.075597594440683, 0.9074118960939369, -1.445494129413875, -0.3789520128693955], 