{"time_milp": 2.1335179805755615, "time_refit_milp_assignment": 2.875990867614746, "mse_refit_ground_truth_assignment": 0.23006729381049057, "r2_refit_ground_truth_assignment": 0.9964465188784364, "weight_mismatch_refit_ground_truth_assignment": 0.20110985083524024, "refit-weight_mismatch_refit_ground_truth_assignment": 0.0, "rand_score_refit_ground_truth_assignment": 1.0, "label_mismatch_refit_ground_truth_assignment": 0.0, "mse_milp": 0.44699837109654783, "r2_milp": 0.9930959318608334, "weight_mismatch_milp": 0.4784481101714755, "refit-weight_mismatch_milp": 0.4199055426834296, "rand_score_milp": 0.8734463276836159, "label_mismatch_milp": 0.06666666666666667, "mse_refit_milp_assignment": 0.4469766068410817, "r2_refit_milp_assignment": 0.9930962680184403, "weight_mismatch_refit_milp_assignment": 0.4701211100608643, "refit-weight_mismatch_refit_milp_assignment": 0.41137116622657066, "rand_score_refit_milp_assignment": 0.8734463276836159, "label_mismatch_refit_milp_assignment": 0.06666666666666667, "mse_greedy": NaN, "r2_greedy": NaN, "mse_ground_truth": 0.27316884255830876, "r2_ground_truth": 0.9953449796970516, "weight_mismatch_ground_truth": 0, "rand_score_ground_truth": 1, "label_mismatch_ground_truth": 0, "mse_baseline_sklearn": 60.858596690003644, "r2_baseline_sklearn": 0.060014698999673155, "mse_milp_val": 8.752321735436349, "r2_milp_val": 0.8211190503057717, "label_mismatch_milp_val": 0.275, "mse_refit_milp_assignment_val": 8.756365287328356, "r2_refit_milp_assignment_val": 0.821036407731099, "label_mismatch_refit_milp_assignment_val": 0.275, "mse_refit_ground_truth_assignment_val": 7.4556590462445556, "r2_refit_ground_truth_assignment_val": 0.8476203902115693, "label_mismatch_refit_ground_truth_assignment_val": 0.15, "mse_ground_truth_val": 7.462909308574557, "r2_ground_truth_val": 0.8474722085232897, "label_mismatch_ground_truth_val": 0.15, "mse_baseline_sklearn_val": 50.02143969622061, "r2_baseline_sklearn_val": -0.022343888674062562, "random_state": 9}