{"time_milp": 0.779655933380127, "time_greedy": 1.156982672214508, "time_refit_milp_assignment": 1.4324989318847656, "mse_refit_ground_truth_assignment": 10.82159562031091, "r2_refit_ground_truth_assignment": 0.8762073567685124, "weight_mismatch_refit_ground_truth_assignment": 2.9550220103411915, "refit-weight_mismatch_refit_ground_truth_assignment": 0.0, "rand_score_refit_ground_truth_assignment": 1.0, "label_mismatch_refit_ground_truth_assignment": 0.0, "mse_milp": 12.225215227256017, "r2_milp": 0.8601507799630408, "weight_mismatch_milp": 16.959870017064418, "refit-weight_mismatch_milp": 14.634388321747737, "rand_score_milp": 0.6873015873015873, "label_mismatch_milp": 0.4444444444444444, "mse_refit_milp_assignment": 12.2251504088306, "r2_refit_milp_assignment": 0.8601515214474293, "weight_mismatch_refit_milp_assignment": 16.96064438200448, "refit-weight_mismatch_refit_milp_assignment": 14.635253441532583, "rand_score_refit_milp_assignment": 0.6873015873015873, "label_mismatch_refit_milp_assignment": 0.4444444444444444, "mse_greedy": 9.377420618611923, "r2_greedy": 0.8927278632651335, "weight_mismatch_greedy": 11.356870731328621, "refit-weight_mismatch_greedy": 11.273310824244927, "rand_score_greedy": 0.6697619047619047, "label_mismatch_greedy": 0.40138888888888885, "mse_greedy_sem": 0.7291962519288071, "r2_greedy_sem": 0.00834157314946567, "weight_mismatch_greedy_sem": 1.1449605736440782, "refit-weight_mismatch_greedy_sem": 0.9573067102442036, "rand_score_greedy_sem": 0.012127668082030528, "label_mismatch_greedy_sem": 0.020499270973899014, "mse_ground_truth": 13.337326542427641, "r2_ground_truth": 0.847428885327249, "weight_mismatch_ground_truth": 0, "rand_score_ground_truth": 1, "label_mismatch_ground_truth": 0, "mse_baseline_sklearn": 87.02502476365015, "r2_baseline_sklearn": 0.004537100693739471, "random_state": 7}