{"ground_truth": [[-10, 0.2, 0.4, 0.3], [10, -0.2, -0.4, -0.3]], "milp": [[-9.90217547005456, 0.5825858290508225, 0.03503777853382618, 0.49713143891598605], [8.593792133829547, 0.4273110600251386, -0.5309098250147568, -0.217577558547367]], "refit_milp_assignment": [[-9.90474859581643, 0.5829136423641225, 0.035401079125732024, 0.4974090931713967], [8.59652288547492, 0.4269718560667465, -0.5311735855552498, -0.2181114220537499]], "refit_ground_truth_assignment": [[-9.90474859581643, 0.5829136423641225, 0.035401079125732024, 0.4974090931713967], [8.59652288547492, 0.4269718560667465, -0.5311735855552498, -0.2181114220537499]]}