{"ground_truth": [[-10, 0.2, 0.4, 0.3], [10, -0.2, -0.4, -0.3]], "milp": [[-12.67465307516893, 0.5087304612852288, 0.5256500518677132, 0.2968539481641269], [12.53082125318777, -0.08176539076976516, -0.664203790836837, -0.1305658938920669]], "greedy": [[[4.072095507752243, -2.9348227510253055, 3.16993874834228, 0.1956875415491235], [-3.4663204611301914, 2.6916951069523716, -3.4945415252337195, -0.23157479757679011]], [[-3.046834286011256, -2.75421789436532, 3.1907070258960237, 1.5843263332090924], [4.582558576305205, 3.171572543890563, -2.8037917467234332, -2.975245630311219]], [[-2.3360645783728464, -0.4834301739686462, 4.067352254725614, -2.633857514834007], [1.8070632484373372, 0.8428212249040972, -4.606986959588209, 3.195597627370197]], [[-12.678202173108964, 0.5092740730190614, 0.5261121899831624, 0.2971827629227355], [12.533520801106844, -0.08209259125383356, -0.6645842590769012, -0.13057593546823335]], [[-12.678202173108964, 0.5092740730190614, 0.5261121899831624, 0.2971827629227355], [12.533520801106844, -0.08209259125383356, -0.6645842590769012, -0.13057593546823335]], [[12.533520801106844, -0.08209259125383356, -0.6645842590769012, -0.13057593546823335], [-12.678202173108964, 0.5092740730190614, 0.5261121899831624, 0.2971827629227355]], [[0.3176860990070453, -2.906128852448323, 3.7658681308418056, -0.3603866592443488], [0.7174599489016233, 2.8283972314599803, -4.059058421177539, 0.059464636282345606]], [[1.9986832537152437, 0.6834023613206796, 3.1034997104259405, -3.135867776923415], [-2.8713680702831703, -0.3236050559436561, -3.773028881483447, 3.3525794694444]], [[1.4324317269655662, 0.4418536101486503, -3.236778023391153, 4.4401730494369085], [-1.5652418067942437, 0.35871879135467966, 2.1912295130916957, -4.359276951630602]], [[-4.247358518672718, -1.3358864917474966, 4.254873348471396, -1.5338253801888502], [4.601603554256592, 1.5034627946129488, -4.474222299931005, 1.7694668544938004]], [[-12.678202173108964, 0.5092740730190614, 0.5261121899831624, 0.2971827629227355], [12.533520801106844, -0.08209259125383356, -0.6645842590769012, -0.13057593546823335]], [[-2.1290290295960985, -2.7951822800061237, 2.800373114459475, -1.2536499313526952], [4.025436972395036, 2.7754673411464323, -3.2518230391086065, 1.2146919439888453]], [[4.176182693709311, -3.0812017766962256, 3.0354421537302465, -0.42205517333454334], [-3.9114099971199385, 2.805876962946649, -3.5582450568789468, 0.5266762523434574]], [[4.582558576305205, 3.171572543890563, -2.8037917467234332, -2.975245630311219], [-3.046834286011256, -2.75421789436532, 3.1907070258960237, 1.5843263332090924]], [[-3.2318561592581427, -2.7172250845436507, 3.146634443982007, 1.6451603772889039], [4.69464997634148, 3.1591966389433646, -2.760829734645444, -3.0182471733385783]], [[-10.062300873812957, -0.3980666063408646, 3.935005641696652, 1.684906506645754], [9.245353561975527, 1.2000616324247457, -3.016702557638853, -2.0762859748295317]], [[-4.686657980750448, 3.3870087400364435, 1.1081832486349892, -3.712494581687641], [6.539044343906534, -3.7807201120693, -0.9701423319579981, 2.278349624372717]], [[-3.2318561592581427, -2.7172250845436507, 3.146634443982007, 1.6451603772889039], [4.69464997634148, 3.1591966389433646, -2.760829734645444, -3.0182471733385783]], [[-12.678202173108964, 0.5092740730190614, 0.5261121899831624, 0.2971827629227355], [12.533520801106844, -0.08209259125383356, -0.6645842590769012, -0.13057593546823335]], [[4.582558576305205, 3.171572543890563, -2.8037917467234332, -2.975245630311219], [-3.046834286011256, -2.75421789436532, 3.1907070258960237, 1.5843263332090924]]], "refit_milp_assignment": [[-12.678250910019768, 0.5092908556667138, 0.5261341096461544, 0.2971896152781706], [12.533543228535288, -0.08209194184056827, -0.6646083296554802, -0.13057862441553714]], "refit_ground_truth_assignment": [[-12.678250910019768, 0.5092908556667138, 0.5261341096461544, 0.2971896152781706], [12.533543228535288, -0.08209194184056827, -0.6646083296554802, -0.13057862441553714]]}