{"time_milp": 1.9585599899291992, "time_greedy": 0.17342220544815062, "time_refit_milp_assignment": 2.9142448902130127, "mse_refit_ground_truth_assignment": 60.75560608557195, "r2_refit_ground_truth_assignment": 0.805938207110144, "weight_mismatch_refit_ground_truth_assignment": 36.272574127334806, "refit-weight_mismatch_refit_ground_truth_assignment": 0.0, "rand_score_refit_ground_truth_assignment": 1.0, "label_mismatch_refit_ground_truth_assignment": 0.0, "mse_milp": 69.16865875073604, "r2_milp": 0.7790657555115377, "weight_mismatch_milp": 36.420963054844506, "refit-weight_mismatch_milp": 26.97823609316434, "rand_score_milp": 0.7409988385598142, "label_mismatch_milp": 0.2857142857142857, "mse_refit_milp_assignment": 69.16833464746712, "r2_refit_milp_assignment": 0.7790667907421196, "weight_mismatch_refit_milp_assignment": 36.507154797263205, "refit-weight_mismatch_refit_milp_assignment": 26.99388542582711, "rand_score_refit_milp_assignment": 0.7409988385598142, "label_mismatch_refit_milp_assignment": 0.2857142857142857, "mse_greedy": 46.58602672285757, "r2_greedy": 0.851197799644708, "weight_mismatch_greedy": 48.9484018809773, "refit-weight_mismatch_greedy": 40.36266217227471, "rand_score_greedy": 0.6613821138211383, "label_mismatch_greedy": 0.3702380952380952, "mse_greedy_sem": 2.1151752962576698, "r2_greedy_sem": 0.006756161887183841, "weight_mismatch_greedy_sem": 2.0304684995061053, "refit-weight_mismatch_greedy_sem": 2.814488429800184, "rand_score_greedy_sem": 0.012105420831980065, "label_mismatch_greedy_sem": 0.021047502806469744, "mse_ground_truth": 114.91050234114805, "r2_ground_truth": 0.632959992617161, "weight_mismatch_ground_truth": 0, "rand_score_ground_truth": 1, "label_mismatch_ground_truth": 0, "mse_baseline_sklearn": 278.975642539064, "r2_baseline_sklearn": 0.1089132863314981, "random_state": 4}