{"time_milp": 5.360177755355835, "time_refit_milp_assignment": 6.083951711654663, "mse_refit_ground_truth_assignment": 4.719050002894619, "r2_refit_ground_truth_assignment": 0.9495577773264254, "weight_mismatch_refit_ground_truth_assignment": 0.633910666974826, "refit-weight_mismatch_refit_ground_truth_assignment": 0.0, "rand_score_refit_ground_truth_assignment": 1.0, "label_mismatch_refit_ground_truth_assignment": 0.0, "mse_milp": 4.719054672369285, "r2_milp": 0.9495577274141167, "weight_mismatch_milp": 0.6318504581479532, "refit-weight_mismatch_milp": 0.005611815020167717, "rand_score_milp": 1.0, "label_mismatch_milp": 0.0, "mse_refit_milp_assignment": 4.719050002894619, "r2_refit_milp_assignment": 0.9495577773264254, "weight_mismatch_refit_milp_assignment": 0.633910666974826, "refit-weight_mismatch_refit_milp_assignment": 0.0, "rand_score_refit_milp_assignment": 1.0, "label_mismatch_refit_milp_assignment": 0.0, "mse_greedy": NaN, "r2_greedy": NaN, "mse_ground_truth": 6.171530895422441, "r2_ground_truth": 0.9352474322317231, "weight_mismatch_ground_truth": 0, "rand_score_ground_truth": 1, "label_mismatch_ground_truth": 0, "mse_baseline_sklearn": 92.63929008182666, "r2_baseline_sklearn": 0.00977279415072263, "mse_milp_val": 8.461011303141136, "r2_milp_val": 0.9135155548329869, "label_mismatch_milp_val": 0.0, "mse_refit_milp_assignment_val": 8.460747697789087, "r2_refit_milp_assignment_val": 0.9135182492818888, "label_mismatch_refit_milp_assignment_val": 0.0, "mse_refit_ground_truth_assignment_val": 8.460747697789087, "r2_refit_ground_truth_assignment_val": 0.9135182492818888, "label_mismatch_refit_ground_truth_assignment_val": 0.0, "mse_ground_truth_val": 7.832883061921225, "r2_ground_truth_val": 0.9199359838442882, "label_mismatch_ground_truth_val": 0.0, "mse_baseline_sklearn_val": 98.02136431007693, "r2_baseline_sklearn_val": -0.0019279023682987617, "random_state": 2}