{"time_milp": 10.063172101974487, "time_refit_milp_assignment": 10.527156114578247, "mse_refit_ground_truth_assignment": 19.598694015643908, "r2_refit_ground_truth_assignment": 0.868928083784366, "weight_mismatch_refit_ground_truth_assignment": 4.847652966003582, "refit-weight_mismatch_refit_ground_truth_assignment": 0.0, "rand_score_refit_ground_truth_assignment": 1.0, "label_mismatch_refit_ground_truth_assignment": 0.0, "mse_milp": 19.59870238975725, "r2_milp": 0.868928027780069, "weight_mismatch_milp": 4.839756586138842, "refit-weight_mismatch_milp": 0.008246568640829384, "rand_score_milp": 1.0, "label_mismatch_milp": 0.0, "mse_refit_milp_assignment": 19.598694015643908, "r2_refit_milp_assignment": 0.868928083784366, "weight_mismatch_refit_milp_assignment": 4.847652966003582, "refit-weight_mismatch_refit_milp_assignment": 0.0, "rand_score_refit_milp_assignment": 1.0, "label_mismatch_refit_milp_assignment": 0.0, "mse_greedy": NaN, "r2_greedy": NaN, "mse_ground_truth": 27.718587027324997, "r2_ground_truth": 0.8219682190126723, "weight_mismatch_ground_truth": 0, "rand_score_ground_truth": 1, "label_mismatch_ground_truth": 0, "mse_baseline_sklearn": 145.13979060045403, "r2_baseline_sklearn": 0.029335808908879768, "mse_milp_val": 25.778493198560568, "r2_milp_val": 0.8434579012441693, "label_mismatch_milp_val": 0.0, "mse_refit_milp_assignment_val": 25.780667089750086, "r2_refit_milp_assignment_val": 0.8434447001044962, "label_mismatch_refit_milp_assignment_val": 0.0, "mse_refit_ground_truth_assignment_val": 25.780667089750086, "r2_refit_ground_truth_assignment_val": 0.8434447001044962, "label_mismatch_refit_ground_truth_assignment_val": 0.0, "mse_ground_truth_val": 31.16418863823023, "r2_ground_truth_val": 0.8107528063074074, "label_mismatch_ground_truth_val": 0.0, "mse_baseline_sklearn_val": 165.13295294153014, "r2_baseline_sklearn_val": -0.002783941951207236, "random_state": 7}