{"ground_truth": [[-10, 0.2, 0.4], [10, -0.2, -0.4]], "milp": [[-9.840505753552748, 0.13014499031161025, 0.3995481962193665], [9.776232769034458, -0.06278439260825526, -0.35720483400100633]], "greedy": [[[9.803392879535899, -0.06741467058008872, -0.36085667915613845], [-9.869018122989562, 0.13480571955143095, 0.4038349508552983]], [[-9.869018122989562, 0.13480571955143095, 0.4038349508552983], [9.803392879535899, -0.06741467058008872, -0.36085667915613845]], [[9.803392879535899, -0.06741467058008872, -0.36085667915613845], [-9.869018122989562, 0.13480571955143095, 0.4038349508552983]], [[-9.869018122989562, 0.13480571955143095, 0.4038349508552983], [9.803392879535899, -0.06741467058008872, -0.36085667915613845]], [[-9.869018122989562, 0.13480571955143095, 0.4038349508552983], [9.803392879535899, -0.06741467058008872, -0.36085667915613845]], [[9.803392879535899, -0.06741467058008872, -0.36085667915613845], [-9.869018122989562, 0.13480571955143095, 0.4038349508552983]], [[9.803392879535899, -0.06741467058008872, -0.36085667915613845], [-9.869018122989562, 0.13480571955143095, 0.4038349508552983]], [[-9.869018122989562, 0.13480571955143095, 0.4038349508552983], [9.803392879535899, -0.06741467058008872, -0.36085667915613845]], [[9.803392879535899, -0.06741467058008872, -0.36085667915613845], [-9.869018122989562, 0.13480571955143095, 0.4038349508552983]], [[9.803392879535899, -0.06741467058008872, -0.36085667915613845], [-9.869018122989562, 0.13480571955143095, 0.4038349508552983]], [[-9.869018122989562, 0.13480571955143095, 0.4038349508552983], [9.803392879535899, -0.06741467058008872, -0.36085667915613845]], [[-9.869018122989562, 0.13480571955143095, 0.4038349508552983], [9.803392879535899, -0.06741467058008872, -0.36085667915613845]], [[-9.869018122989562, 0.13480571955143095, 0.4038349508552983], [9.803392879535899, -0.06741467058008872, -0.36085667915613845]], [[-9.869018122989562, 0.13480571955143095, 0.4038349508552983], [9.803392879535899, -0.06741467058008872, -0.36085667915613845]], [[9.803392879535899, -0.06741467058008872, -0.36085667915613845], [-9.869018122989562, 0.13480571955143095, 0.4038349508552983]], [[-9.869018122989562, 0.13480571955143095, 0.4038349508552983], [9.803392879535899, -0.06741467058008872, -0.36085667915613845]], [[-9.869018122989562, 0.13480571955143095, 0.4038349508552983], [9.803392879535899, -0.06741467058008872, -0.36085667915613845]], [[9.803392879535899, -0.06741467058008872, -0.36085667915613845], [-9.869018122989562, 0.13480571955143095, 0.4038349508552983]], [[9.803392879535899, -0.06741467058008872, -0.36085667915613845], [-9.869018122989562, 0.13480571955143095, 0.4038349508552983]], [[9.803392879535899, -0.06741467058008872, -0.36085667915613845], [-9.869018122989562, 0.13480571955143095, 0.4038349508552983]]], "refit_milp_assignment": [[-9.869673219314162, 0.13496980699929942, 0.40426580553724484], [9.803265695604827, -0.06744269983637599, -0.3609481213000688]], "refit_ground_truth_assignment": [[-9.885949827712457, 0.1292176373154224, 0.40769001635659835], [9.787550597623518, -0.07334443902805092, -0.35855245893914]]}