{"time_milp": 6.417068004608154, "time_refit_milp_assignment": 6.881432056427002, "mse_CLR": 23.18787117475343, "r2_CLR": -73.27963155915384, "rand_score_CLR": 0.4927536231884058, "label_mismatch_CLR": 0.5, "time_CLR": 0.002680063247680664, "mse_refit_ground_truth_assignment": 3.8177451973810297, "r2_refit_ground_truth_assignment": 0.8375454609136661, "weight_mismatch_refit_ground_truth_assignment": 0.9673805632139605, "refit-weight_mismatch_refit_ground_truth_assignment": 0.0, "rand_score_refit_ground_truth_assignment": 1.0, "label_mismatch_refit_ground_truth_assignment": 0.0, "mse_milp": 2.8476859649434156, "r2_milp": 0.8788238902861142, "weight_mismatch_milp": 1.838288083417383, "refit-weight_mismatch_milp": 0.9432775350990397, "rand_score_milp": 0.7515527950310559, "label_mismatch_milp": 0.14285714285714285, "mse_refit_milp_assignment": 2.8476625770554462, "r2_refit_milp_assignment": 0.8788248854988284, "weight_mismatch_refit_milp_assignment": 1.849790531800621, "refit-weight_mismatch_refit_milp_assignment": 0.9547757482748247, "rand_score_refit_milp_assignment": 0.7515527950310559, "label_mismatch_refit_milp_assignment": 0.14285714285714285, "mse_greedy": NaN, "r2_greedy": NaN, "mse_ground_truth": 3.9956844585311493, "r2_ground_truth": 0.8299737034597282, "weight_mismatch_ground_truth": 0, "rand_score_ground_truth": 1, "label_mismatch_ground_truth": 0, "mse_baseline_sklearn": 23.460061536005647, "r2_baseline_sklearn": 0.001669255739819575, "random_state": 4}