{"ground_truth": [[-5, 2, 4], [5, -2, -4]], "milp": [[-5.980604161394258, 2.3280851211079727, 4.237012057409511], [5.492008722614257, -1.499755225479482, -4.334806246787969]], "refit_milp_assignment": [[-5.987400466760366, 2.330505185919134, 4.240215737702107], [5.497916105849962, -1.501741293271066, -4.337761807857746]], "refit_ground_truth_assignment": [[-5.455378110919275, 2.0873189066078384, 4.2434510082353265], [5.291253978429419, -1.6764717565781984, -4.085747294015358]]}