{"ground_truth": [[-10, 0.2, 0.4, 0.3], [10, -0.2, -0.4, -0.3]], "milp": [[9.255295204135855, -0.05772371320915766, -0.3554306110868097, -0.14247298295191713], [-9.22626249691751, 0.013328865776028431, 0.32643867938861315, 0.3453663092382755]], "greedy": [[[0.15572872071126898, -3.6528480903404157, -0.6947720737330912, 2.530231569631282], [0.4432013414776166, 2.4893750698909787, 0.279569473730462, -1.580334695292748]], [[-9.386656846824177, 0.021378216630311232, 0.24788819235482634, 0.47560122373940844], [8.875235774099124, -0.024285682114998573, -0.45791403809425407, 0.0620870511014571]], [[8.875235774099124, -0.024285682114998573, -0.45791403809425407, 0.0620870511014571], [-9.386656846824177, 0.021378216630311232, 0.24788819235482634, 0.47560122373940844]], [[1.442524998921706, -0.21020064309118908, -2.2282293769618065, 3.434905322229431], [-3.4039455706282244, 0.6936651130954435, 1.5193759977608112, -2.53875523868654]], [[2.005496431051932, 1.4935760206679398, 0.5917575883829305, -3.108481550859059], [-0.8236087083476644, -1.6145172637206406, -1.6137362616879716, 3.5128319280441156]], [[8.981807169166371, -0.04132786451595651, -0.3984463585140667, 0.052915229305269096], [-9.333619556216696, 0.0005583863407558373, 0.3069208360432274, 0.5058481040324697]], [[-7.4344121012640585, 2.3295514209144357, -0.2007597985653327, 2.926380003063769], [8.66319634496369, -2.631302362896311, -0.40724682242496957, -2.048623763847508]], [[-9.386656846824177, 0.021378216630311232, 0.24788819235482634, 0.47560122373940844], [8.875235774099124, -0.024285682114998573, -0.45791403809425407, 0.0620870511014571]], [[-9.386656846824177, 0.021378216630311232, 0.24788819235482634, 0.47560122373940844], [8.875235774099124, -0.024285682114998573, -0.45791403809425407, 0.0620870511014571]], [[-9.386656846824177, 0.021378216630311232, 0.24788819235482634, 0.47560122373940844], [8.875235774099124, -0.024285682114998573, -0.45791403809425407, 0.0620870511014571]], [[-9.386656846824177, 0.021378216630311232, 0.24788819235482634, 0.47560122373940844], [8.875235774099124, -0.024285682114998573, -0.45791403809425407, 0.0620870511014571]], [[-5.0980428852447375, 1.0346835579332996, -1.5261915089747662, 3.2639135846028826], [7.209002947343224, -1.262651104855888, 1.073211471707615, -2.5298165620804296]], [[8.875235774099124, -0.024285682114998573, -0.45791403809425407, 0.0620870511014571], [-9.386656846824177, 0.021378216630311232, 0.24788819235482634, 0.47560122373940844]], [[8.981807169166371, -0.04132786451595651, -0.3984463585140667, 0.052915229305269096], [-9.333619556216696, 0.0005583863407558373, 0.3069208360432274, 0.5058481040324697]], [[8.981807169166371, -0.04132786451595651, -0.3984463585140667, 0.052915229305269096], [-9.333619556216696, 0.0005583863407558373, 0.3069208360432274, 0.5058481040324697]], [[8.981807169166371, -0.04132786451595651, -0.3984463585140667, 0.052915229305269096], [-9.333619556216696, 0.0005583863407558373, 0.3069208360432274, 0.5058481040324697]], [[-0.4924518107449425, -2.3407845189646435, -1.197153833738654, 3.2885451176484173], [1.6575709802149052, 1.7936003139961707, 0.6023338922424669, -2.900926314782281]], [[8.981807169166371, -0.04132786451595651, -0.3984463585140667, 0.052915229305269096], [-9.333619556216696, 0.0005583863407558373, 0.3069208360432274, 0.5058481040324697]], [[-5.726467853706964, 3.2017011387521594, 0.08459326192385919, 0.9688318324990218], [4.58672146095434, -4.383981995185544, -0.519412232721194, 1.0759927062582293]], [[1.6535469917263381, 0.5539011165193067, 0.45240204638791576, -3.4931826949430524], [-1.1921141075539001, -0.22213770766007715, -1.615875089424835, 3.8389991697998873]]], "refit_milp_assignment": [[9.259113028864219, -0.05835964600165046, -0.35567912694532616, -0.1432749133413108], [-9.229630677562016, 0.014004021886036347, 0.3271131970257683, 0.34560252219185755]], "refit_ground_truth_assignment": [[-9.375157370178675, 0.04885200156067283, 0.411238467159446, 0.3783461906291226], [8.925281531536438, 0.020731245817690293, -0.2801687023482207, -0.08124490641547562]]}