{"ground_truth": [[-10, 0.2, 0.4, 0.3], [10, -0.2, -0.4, -0.3]], "milp": [[-13.35877095406547, -0.10076936439485384, 0.8035161267869896, 0.7322124763420026], [12.29458193707357, 0.35613521719072455, -0.4449080071814416, -0.581706473076616]], "refit_milp_assignment": [[-13.363396534803535, -0.10011687556625831, 0.8043407868116094, 0.7327342262361412], [12.297615392678898, 0.3556958306405345, -0.4451842330386145, -0.5822567229043749]], "refit_ground_truth_assignment": [[-13.363396534803535, -0.10011687556625831, 0.8043407868116094, 0.7327342262361412], [12.297615392678898, 0.3556958306405345, -0.4451842330386145, -0.5822567229043749]]}