{"ground_truth": [[-10, -1.337719620706157, -1.6626352006348812, -1.0611537685933308], [1, 1.6272285743807728, 1.565890653114534, 1.026132378542826], [10, 0.1, 0.1, 0.1]], "milp": [[-10.349375532089852, -1.3625267717962135, -1.6876144222109406, -0.854011004213091], [1.2092955386930861, 1.4566944300515854, 1.5102379094267082, 1.07099994465552], [9.865886906937282, 0.14194517009784, 0.014215751739174422, 0.31218154749497945]], "greedy": [[[-10.376103262768824, -1.3507936040918511, -1.678767697542291, -0.849062700276711], [1.3530237038071595, 1.3487425550961871, 1.403197189708036, 1.0689458083388261], [9.468389322587146, 0.519675981051233, 0.023389753015799816, 0.38177484365022496]], [[-3.834911676795084, -6.510209068945358, -1.750959239269361, 1.051007614663949], [6.814001005075427, 0.6300303119911912, 1.0351618619766207, 0.08468118581514336], [-6.164355105456709, -0.9334673806428571, -2.0339194895571473, -3.014565929047507]], [[9.233158021629698, -1.253511144645821, 1.1468770119669223, 0.217113143643033], [-10.376103262768824, -1.3507936040918511, -1.678767697542291, -0.849062700276711], [3.121003035936912, 1.9575077224454915, -0.34528685264733977, 1.208775267924966]], [[6.459844439012111, 0.6590812610591094, 1.2566069369228396, 0.11308844631951205], [-10.358962904850154, -1.483649277213113, -1.4855748642642912, -0.9872202320539473], [2.7180315448411094, -6.815189467731303, -4.3899571367023045, -0.49988812552457496]], [[-7.764993974112411, 0.009881487191644613, 2.946638504200668, 6.3427213003653], [5.168448817234047, -5.097425858982862, 5.701670124362863, -3.0776657583289024], [1.7259083436917315, 0.6805554915466744, -7.663335833871144, -2.9628102652338604]], [[-10.849801498992786, -0.20183456360860214, 5.592721757697675, 5.5170796006748635], [-6.210246858712483, 6.295962013410441, 3.9484799700036897, -7.568060594370094], [9.128752798482479, -9.179273905057421, -4.279803514786326, 3.979658072521505]], [[1.2109321441258638, 1.4566146936720543, 1.5098147313498145, 1.0705167823620514], [-10.376103262768824, -1.3507936040918511, -1.678767697542291, -0.849062700276711], [9.886228823631283, 0.13647074219376784, 0.0075238658293478936, 0.3086664567835363]], [[1.7259083436917315, 0.6805554915466744, -7.663335833871144, -2.9628102652338604], [5.147575805308973, -5.030627905473625, 5.338846689806309, -3.6703685307832745], [-7.333943677515345, 0.007036269518660714, 3.0211789884423412, 6.221941373326635]], [[0.15672756768743668, -7.3192309005443725, -3.1514393884764726, -0.48831780354770077], [-11.346356192498822, -0.29740708021401685, -0.8608374101707591, -0.9411253393084464], [6.203468323023449, 0.5849712883085247, 1.2384793713960947, 0.3548751126295436]], [[-14.080226942252171, -0.029768640971228878, 4.7666831857916, 7.2357105795191785], [-5.6257368680965465, -2.491100867566701, -3.4119887032672933, -2.1299823668809355], [6.842399895658255, 0.678250643004963, 1.2130398138128555, -0.3933198203263911]], [[-7.502746663341381, -0.18388467131380026, 4.111427872180815, 5.75604513413449], [7.072567230577186, 1.0710344596195556, 0.8534091488476454, -2.199558222561735], [-2.7401459027467165, -3.7740904793187613, -4.976885476777215, -2.038691687376727]], [[-10.376103262768824, -1.3507936040918511, -1.678767697542291, -0.849062700276711], [9.886228823631283, 0.13647074219376784, 0.0075238658293478936, 0.3086664567835363], [1.2109321441258638, 1.4566146936720543, 1.5098147313498145, 1.0705167823620514]], [[6.373060303052158, 0.44178968482048403, 1.2083393450027453, 0.34719652211398333], [-1.0464217906523565, -7.443886843014265, -2.6752744180032098, -0.9258982225472019], [-17.607596682252783, 4.942514828366485, 4.606913352110501, -1.1511157171073627]], [[-3.4822984399364643, -2.618834265882203, -3.4698688771198687, -3.2569053892718447], [-11.49317830161619, -0.6129699026710513, -1.2341581747621724, -0.48095847544096415], [6.093375583514897, 1.106980905686462, 0.9393159462247727, 0.04516950944699869]], [[9.388003946627288, 0.5321961327059692, 0.10879433388992346, 0.3976735516243932], [-10.376103262768824, -1.3507936040918511, -1.678767697542291, -0.849062700276711], [1.3092004120528458, 1.3842221508358263, 1.4600854894397468, 1.056852760502247]], [[1.3530237038071595, 1.3487425550961871, 1.403197189708036, 1.0689458083388261], [9.468389322587146, 0.519675981051233, 0.023389753015799816, 0.38177484365022496], [-10.376103262768824, -1.3507936040918511, -1.678767697542291, -0.849062700276711]], [[-11.82014569944668, -1.070462030531355, -1.298973401360533, -0.717243627158085], [-10.72947642069874, -0.025205539771574203, -0.38737235707189477, -0.8721727940401051], [5.077012923215937, 1.062518515742999, 1.1625420577748913, 0.5617980641030115]], [[-10.623510708707709, -1.292554958806413, -1.6413598272350916, -0.7365091878761426], [-5.853404112776113, 0.05637322872296876, 2.640726270963598, 4.982287242533306], [5.818529342514021, 0.37519021098923766, 1.8211971658665238, 0.58838270284851]], [[4.801389692662046, 2.281297611421564, 1.2718472278018287, -1.2858436025349897], [7.127966971457636, -2.2024420794181947, 0.16763462519572897, 2.407483259042942], [-10.376103262768824, -1.3507936040918511, -1.678767697542291, -0.849062700276711]], [[9.451481392227036, 0.4636516379519872, -0.029155620205093744, 0.37165839468747086], [1.4622350806027256, 1.174575530474464, 1.2089666455443089, 1.1299573436453938], [-10.376103262768824, -1.3507936040918511, -1.678767697542291, -0.849062700276711]]], "refit_milp_assignment": [[-10.37272728931265, -1.3526194885422398, -1.680221075631605, -0.8496351376079686], [1.209879747718622, 1.456811895874837, 1.510531081992989, 1.0706004076272833], [9.886037933832066, 0.13654480635759725, 0.00753761323257973, 0.3087691706490669]], "refit_ground_truth_assignment": [[-10.37272728931265, -1.3526194885422398, -1.680221075631605, -0.8496351376079686], [1.235137173382876, 1.5145463647388868, 1.5199289622972036, 1.0372064019105889], [9.967483036458777, 0.10534576564611127, -0.04645135360139419, 0.2935450967764703]]}