{"time_milp": 16.952263832092285, "time_refit_milp_assignment": 17.76438570022583, "mse_refit_ground_truth_assignment": 0.19930743638768517, "r2_refit_ground_truth_assignment": 0.9989232482149294, "weight_mismatch_refit_ground_truth_assignment": 0.841307102855058, "refit-weight_mismatch_refit_ground_truth_assignment": 0.0, "rand_score_refit_ground_truth_assignment": 1.0, "label_mismatch_refit_ground_truth_assignment": 0.0, "mse_milp": 1.443154302379973, "r2_milp": 0.9922034069607052, "weight_mismatch_milp": 21.880146871788966, "refit-weight_mismatch_milp": 22.2525645363612, "rand_score_milp": 0.6550522648083623, "label_mismatch_milp": 0.38095238095238093, "mse_refit_milp_assignment": 1.3056062866230016, "r2_refit_milp_assignment": 0.9929465055333603, "weight_mismatch_refit_milp_assignment": 21.440693403885977, "refit-weight_mismatch_refit_milp_assignment": 21.82882436202309, "rand_score_refit_milp_assignment": 0.6550522648083623, "label_mismatch_refit_milp_assignment": 0.38095238095238093, "mse_greedy": NaN, "r2_greedy": NaN, "mse_ground_truth": 0.2893514368659381, "r2_ground_truth": 0.9984367885022006, "weight_mismatch_ground_truth": 0, "rand_score_ground_truth": 1, "label_mismatch_ground_truth": 0, "mse_baseline_sklearn": 179.46525276007196, "r2_baseline_sklearn": 0.030444950926627024, "random_state": 8}