{"time_milp": 18045.458280324936, "time_refit_milp_assignment": 18048.281066417694, "mse_refit_ground_truth_assignment": 38.26517694849245, "r2_refit_ground_truth_assignment": 0.7651985518340876, "weight_mismatch_refit_ground_truth_assignment": 2.9600135719839304, "refit-weight_mismatch_refit_ground_truth_assignment": 0.0, "rand_score_refit_ground_truth_assignment": 1.0, "label_mismatch_refit_ground_truth_assignment": 0.0, "mse_milp": 24.752967289789726, "r2_milp": 0.8481117028710077, "weight_mismatch_milp": 5.941463133815438, "refit-weight_mismatch_milp": 5.729926799773851, "rand_score_milp": 0.7516806722689076, "label_mismatch_milp": 0.24166666666666667, "mse_refit_milp_assignment": 24.75295881032195, "r2_refit_milp_assignment": 0.8481117549024231, "weight_mismatch_refit_milp_assignment": 5.949962429764016, "refit-weight_mismatch_refit_milp_assignment": 5.736409251842073, "rand_score_refit_milp_assignment": 0.7516806722689076, "label_mismatch_refit_milp_assignment": 0.24166666666666667, "mse_greedy": NaN, "r2_greedy": NaN, "mse_ground_truth": 40.2943458413281, "r2_ground_truth": 0.752747236235773, "weight_mismatch_ground_truth": 0, "rand_score_ground_truth": 1, "label_mismatch_ground_truth": 0, "mse_baseline_sklearn": 155.81920292583334, "r2_baseline_sklearn": 0.043940480236311474, "random_state": 12}