{"ground_truth": [[-10, 0.2, 0.4, 0.3], [10, -0.2, -0.4, -0.3]], "milp": [[-11.995629242648313, -0.15469989037398488, -0.067168458552238, 0.005710084097916347], [13.751290597912044, -0.3684583755664837, -0.4798183284317142, 0.011097224222743505]], "refit_milp_assignment": [[-11.998987434025908, -0.1543363477305489, -0.06645029602082254, 0.006124165835737958], [13.755004645887821, -0.36889635525924297, -0.48055592649838613, 0.010891988386158428]], "refit_ground_truth_assignment": [[-11.998987434025908, -0.1543363477305489, -0.06645029602082254, 0.006124165835737958], [13.755004645887821, -0.36889635525924297, -0.48055592649838613, 0.010891988386158428]]}