{"time_milp": 9.105819940567017, "time_refit_milp_assignment": 9.596804857254028, "mse_refit_ground_truth_assignment": 4.290842036659254, "r2_refit_ground_truth_assignment": 0.952415912480602, "weight_mismatch_refit_ground_truth_assignment": 1.4193434761327635, "refit-weight_mismatch_refit_ground_truth_assignment": 0.0, "rand_score_refit_ground_truth_assignment": 1.0, "label_mismatch_refit_ground_truth_assignment": 0.0, "mse_milp": 4.341634671974918, "r2_milp": 0.9518526381434085, "weight_mismatch_milp": 1.4143422180569099, "refit-weight_mismatch_milp": 0.29519762716255943, "rand_score_milp": 0.9833333333333333, "label_mismatch_milp": 0.008333333333333333, "mse_refit_milp_assignment": 4.341628682608966, "r2_refit_milp_assignment": 0.9518527045635916, "weight_mismatch_refit_milp_assignment": 1.4208706442880743, "refit-weight_mismatch_refit_milp_assignment": 0.29368631236641835, "rand_score_refit_milp_assignment": 0.9833333333333333, "label_mismatch_refit_milp_assignment": 0.008333333333333333, "mse_greedy": NaN, "r2_greedy": NaN, "mse_ground_truth": 4.816362075169448, "r2_ground_truth": 0.9458011370196915, "weight_mismatch_ground_truth": 0, "rand_score_ground_truth": 1, "label_mismatch_ground_truth": 0, "mse_baseline_sklearn": 87.47813713620934, "r2_baseline_sklearn": 0.029894995443794592, "mse_milp_val": 5.28117009637036, "r2_milp_val": 0.9392245712073397, "label_mismatch_milp_val": 0.0, "mse_refit_milp_assignment_val": 5.283080090142042, "r2_refit_milp_assignment_val": 0.9392025910990782, "label_mismatch_refit_milp_assignment_val": 0.0, "mse_refit_ground_truth_assignment_val": 5.159778781044102, "r2_refit_ground_truth_assignment_val": 0.9406215361045182, "label_mismatch_refit_ground_truth_assignment_val": 0.0, "mse_ground_truth_val": 4.904278960475371, "r2_ground_truth_val": 0.9435618146541874, "label_mismatch_ground_truth_val": 0.0, "mse_baseline_sklearn_val": 86.8920560292378, "r2_baseline_sklearn_val": 5.077142236920018e-05, "random_state": 4}