{"time_milp": 351.242791891098, "time_refit_milp_assignment": 352.15111804008484, "mse_refit_ground_truth_assignment": 0.2769079652794046, "r2_refit_ground_truth_assignment": 0.6316274308088361, "weight_mismatch_refit_ground_truth_assignment": 0.010988374572646512, "refit-weight_mismatch_refit_ground_truth_assignment": 0.0, "rand_score_refit_ground_truth_assignment": 1.0, "label_mismatch_refit_ground_truth_assignment": 0.0, "mse_milp": 0.10100652303969938, "r2_milp": 0.865630328258499, "weight_mismatch_milp": 7.989138912517829, "refit-weight_mismatch_milp": 7.990427311633198, "rand_score_milp": 0.4915584415584416, "label_mismatch_milp": 0.48214285714285715, "mse_refit_milp_assignment": 0.10099506984656689, "r2_refit_milp_assignment": 0.8656455645200323, "weight_mismatch_refit_milp_assignment": 8.150361751610154, "refit-weight_mismatch_refit_milp_assignment": 8.151582159528697, "rand_score_refit_milp_assignment": 0.4915584415584416, "label_mismatch_refit_milp_assignment": 0.48214285714285715, "mse_greedy": NaN, "r2_greedy": NaN, "mse_ground_truth": NaN, "r2_ground_truth": NaN, "weight_mismatch_ground_truth": 0, "rand_score_ground_truth": 1, "label_mismatch_ground_truth": 0, "mse_baseline_sklearn": 0.47498086672040507, "r2_baseline_sklearn": 0.3700253649292027}