{"time_milp": 11.617150783538818, "time_refit_milp_assignment": 12.263763904571533, "mse_refit_ground_truth_assignment": 0.12418846970248545, "r2_refit_ground_truth_assignment": 0.9994635735069027, "weight_mismatch_refit_ground_truth_assignment": 0.6261466594436074, "refit-weight_mismatch_refit_ground_truth_assignment": 0.0, "rand_score_refit_ground_truth_assignment": 1.0, "label_mismatch_refit_ground_truth_assignment": 0.0, "mse_milp": 1.2786340957630746, "r2_milp": 0.9944769976988369, "weight_mismatch_milp": 11.680530132331397, "refit-weight_mismatch_milp": 11.673457792293918, "rand_score_milp": 0.7607433217189314, "label_mismatch_milp": 0.23809523809523808, "mse_refit_milp_assignment": 0.7418301456340766, "r2_refit_milp_assignment": 0.9967956981477457, "weight_mismatch_refit_milp_assignment": 4.652883471061681, "refit-weight_mismatch_refit_milp_assignment": 4.651054420337217, "rand_score_refit_milp_assignment": 0.7607433217189314, "label_mismatch_refit_milp_assignment": 0.23809523809523808, "mse_greedy": NaN, "r2_greedy": NaN, "mse_ground_truth": 0.27583077012887386, "r2_ground_truth": 0.9988085614303566, "weight_mismatch_ground_truth": 0, "rand_score_ground_truth": 1, "label_mismatch_ground_truth": 0, "mse_baseline_sklearn": 214.70003744127487, "r2_baseline_sklearn": 0.07261287277007211, "random_state": 12}