{"ground_truth": [[10, -1.9818273480554653, -1.5489776367889339, -1.6719560524456543, -1.6126451537126651, -1.9595345269402225, -1.4115430831254694, -1.0825082811654374, -1.4376184459920154, -1.5989084478191882, -1.753734215722894, -1.9324449811903364, -1.3938763719652023, -1.725294524043059, -1.2422706502023186, -1.0658597114350576, -1.8263131636487815], [-10, 1.1270405448722731, 1.2556532052409866, 1.9094940587560765, 1.3068173447695912, 1.663895123388773, 1.0384776192522787, 1.831560443488246, 1.2507187403928195, 1.0772878014085574, 1.920926377776061, 1.6079268372634665, 1.6720508030656056, 1.9835549345296175, 1.3489982199558335, 1.6955413811867923, 1.5844694544982612]], "milp": [[10.239799743016079, -2.089472778643574, -1.4334658922435692, -1.5745344496890816, -1.6159397573552197, -2.005201469241371, -1.3814485760882227, -1.0551261558933116, -1.3904085151431882, -1.640876344668876, -1.771588846407657, -1.842735320092516, -1.437385280821002, -1.7157803551571547, -1.3830152970342104, -1.1518065759428853, -1.9583431633584774], [-9.413383172401945, 1.2903787357305536, 1.2278376942315712, 1.9118050107404956, 1.3357499833898614, 1.7115678253985476, 0.8625451254655517, 1.8972993233290347, 1.2691328286900208, 0.8589124713358828, 1.7883014525658345, 1.4853300985159887, 1.5769069882721785, 1.8335798272245027, 1.3411050808735445, 1.6359381651231886, 1.6284781637421388]], "refit_milp_assignment": [[10.303465105070911, -2.09368303922379, -1.437711559437091, -1.5775714332621744, -1.6294520295801742, -2.008337226272947, -1.3933600277087907, -1.0518560325510389, -1.3956007038728542, -1.6509428178368082, -1.773562657156302, -1.8494902729816047, -1.433123440482835, -1.7230010377791782, -1.380840865743003, -1.1554707002912574, -1.9632832000030565], [-9.469988805581384, 1.2805219987254435, 1.229785636541675, 1.9090936629638215, 1.3321405336306733, 1.7092880039959961, 0.8740163228524723, 1.8979704558572372, 1.2697293367581033, 0.8740625038497134, 1.7966243627656875, 1.4979444218868718, 1.5774759051189107, 1.835693259214505, 1.3476974610138757, 1.6407007928386717, 1.6305914903562975]], "refit_ground_truth_assignment": [[10.303465105070911, -2.09368303922379, -1.437711559437091, -1.5775714332621744, -1.6294520295801742, -2.008337226272947, -1.3933600277087907, -1.0518560325510389, -1.3956007038728542, -1.6509428178368082, -1.773562657156302, -1.8494902729816047, -1.433123440482835, -1.7230010377791782, -1.380840865743003, -1.1554707002912574, -1.9632832000030565], [-9.469988805581384, 1.2805219987254435, 1.229785636541675, 1.9090936629638215, 1.3321405336306733, 1.7092880039959961, 0.8740163228524723, 1.8979704558572372, 1.2697293367581033, 0.8740625038497134, 1.7966243627656875, 1.4979444218868718, 1.5774759051189107, 1.835693259214505, 1.3476974610138757, 1.6407007928386717, 1.6305914903562975]]}