{"ground_truth": [[10, -1.3284256648350228, -1.1823700471806764, -1.2230927171628714, -1.9386746363551015, -1.9730350208024157, -1.557945771507482, -1.8925014692674307, -1.7181721915361798, -1.0645552825237217, -1.0516290429464497, -1.8306400006125283, -1.1191459970316795], [-10, 1.6727812535890831, 1.6088400921312647, 1.639195650234269, 1.7497366241205872, 1.5734109399857577, 1.4341669625723599, 1.740833168331109, 1.887153202802899, 1.442405157485001, 1.0158632698460817, 1.2576597261784879, 1.2633867069644023]], "milp": [[9.665986914331707, -0.010972951846784595, 0.07952657772535127, -1.7280161536428045, -2.9157934272736092, -2.4568972500642814, -1.2741659806608783, -1.9645674080408706, -1.4958193310287347, -2.046049829399318, 0.26115163913913647, -2.9302030916945148, 0.17787163501378966], [-4.788906411523985, 4.309662690496365, 0.2789947614618366, -0.1656462927344639, -0.37830906280845156, 2.0641350398774545, -1.0474040355355771, 0.6984011516513846, -1.2051639524350561, 2.2163528913039663, 0.8414203301902143, 2.405940533983731, -0.18808089735575592]], "refit_milp_assignment": [[9.682599011256805, -0.011008168143971823, 0.0785399824754805, -1.7278071928023888, -2.918915678852442, -2.458023921606978, -1.275268484577121, -1.9675449262003684, -1.4952635021175296, -2.0447209126467847, 0.2610026999775179, -2.9333829807211558, 0.17629130710562135], [-4.798495753175664, 4.309857771294018, 0.27935214884650245, -0.16504901255625587, -0.37807517945223357, 2.064152796136478, -1.0468904065059341, 0.7001588235930423, -1.2046785461964922, 2.2174002377737687, 0.8424171317863307, 2.4065359624577622, -0.18785008675294243]], "refit_ground_truth_assignment": [[9.93082117313349, -1.2998242052471631, -1.2324189302214574, -1.2372676190901157, -1.8697027442464125, -2.029924544052727, -1.6125104455108612, -1.8876041788930182, -1.682021755424399, -1.1508351949118978, -1.031023384048073, -1.7992858589054554, -0.9982784398720573], [-9.745089405212656, 1.747175008991804, 1.5859355124184595, 1.66647126860097, 1.7397444277624026, 1.634107916647161, 1.3666203266798667, 1.7275941086583428, 1.860757435192967, 1.44658327677889, 0.9290200789797993, 1.2450445337536298, 1.2820327062827235]]}