{"ground_truth": [[-10, 0.2, 0.4, 0.3], [10, -0.2, -0.4, -0.3]], "milp": [[-12.586990436117688, 0.27847947790688277, 0.6870652052275259, 0.46511771505645116], [12.14381880071149, 0.15772598628345139, -0.5109824000064783, -0.4545223117702857]], "refit_milp_assignment": [[-12.590669792007471, 0.278764466468845, 0.6875991554474629, 0.4660558980207396], [12.147315501261287, 0.15739298800316878, -0.5115207800786088, -0.45503735105889465]], "refit_ground_truth_assignment": [[-12.590669792007471, 0.278764466468845, 0.6875991554474629, 0.4660558980207396], [12.147315501261287, 0.15739298800316878, -0.5115207800786088, -0.45503735105889465]]}