{"time_milp": 0.4345247745513916, "time_greedy": 1.0227760076522827, "time_refit_milp_assignment": 0.9347586631774902, "mse_refit_ground_truth_assignment": 16.732899070098668, "r2_refit_ground_truth_assignment": 0.8894404888024883, "weight_mismatch_refit_ground_truth_assignment": 4.953533265889176, "refit-weight_mismatch_refit_ground_truth_assignment": 0.0, "rand_score_refit_ground_truth_assignment": 1.0, "label_mismatch_refit_ground_truth_assignment": 0.0, "mse_milp": 16.73290727039671, "r2_milp": 0.8894404346205478, "weight_mismatch_milp": 4.945927238411717, "refit-weight_mismatch_milp": 0.008045240243921323, "rand_score_milp": 1.0, "label_mismatch_milp": 0.0, "mse_refit_milp_assignment": 16.732899070098668, "r2_refit_milp_assignment": 0.8894404888024883, "weight_mismatch_refit_milp_assignment": 4.953533265889176, "refit-weight_mismatch_refit_milp_assignment": 0.0, "rand_score_refit_milp_assignment": 1.0, "label_mismatch_refit_milp_assignment": 0.0, "mse_greedy": 36.80085613105327, "r2_greedy": 0.7568452036640888, "weight_mismatch_greedy": 11.04859194400207, "refit-weight_mismatch_greedy": 9.803826956348633, "rand_score_greedy": 0.7597478991596639, "label_mismatch_greedy": 0.1891666666666667, "mse_greedy_sem": 4.338280220245982, "r2_greedy_sem": 0.028664377797230134, "weight_mismatch_greedy_sem": 1.6202921828805221, "refit-weight_mismatch_greedy_sem": 2.522287026047931, "rand_score_greedy_sem": 0.05106468859959554, "label_mismatch_greedy_sem": 0.04246214344249468, "mse_ground_truth": 25.857161917272816, "r2_ground_truth": 0.8354553808929495, "weight_mismatch_ground_truth": 0, "rand_score_ground_truth": 1, "label_mismatch_ground_truth": 0, "mse_baseline_sklearn": 147.36662153333788, "r2_baseline_sklearn": 0.026302520842345523, "mse_milp_val": 25.975058878365928, "r2_milp_val": 0.8427780695499627, "label_mismatch_milp_val": 0.0, "mse_refit_milp_assignment_val": 25.977938446541167, "r2_refit_milp_assignment_val": 0.8427606400892831, "label_mismatch_refit_milp_assignment_val": 0.0, "mse_greedy_val": 66.68979089561537, "label_mismatch_greedy_val": 0.1925, "mse_greedy_val_sem": 8.602191166799495, "label_mismatch_greedy_val_sem": 0.04414204046985261, "r2_greedy_val": 0.5963397921438097, "r2_greedy_val_sem": 0.0520673738480302, "mse_refit_ground_truth_assignment_val": 25.977938446541167, "r2_refit_ground_truth_assignment_val": 0.8427606400892831, "label_mismatch_refit_ground_truth_assignment_val": 0.0, "mse_ground_truth_val": 28.026099053708656, "r2_ground_truth_val": 0.8303635261486177, "label_mismatch_ground_truth_val": 0.0, "mse_baseline_sklearn_val": 166.2457029694256, "r2_baseline_sklearn_val": -0.006252593007437746, "random_state": 2}