{"time_milp": 99.3942220211029, "time_refit_milp_assignment": 99.83926320075989, "mse_refit_ground_truth_assignment": 30.34072843248232, "r2_refit_ground_truth_assignment": 0.8608970122261269, "weight_mismatch_refit_ground_truth_assignment": 9.176169597824142, "refit-weight_mismatch_refit_ground_truth_assignment": 0.0, "rand_score_refit_ground_truth_assignment": 1.0, "label_mismatch_refit_ground_truth_assignment": 0.0, "mse_milp": 30.34073862506975, "r2_milp": 0.8608969654962217, "weight_mismatch_milp": 9.167916008651646, "refit-weight_mismatch_milp": 0.008532048168841368, "rand_score_milp": 1.0, "label_mismatch_milp": 0.0, "mse_refit_milp_assignment": 30.34072843248232, "r2_refit_milp_assignment": 0.8608970122261269, "weight_mismatch_refit_milp_assignment": 9.176169597824142, "refit-weight_mismatch_refit_milp_assignment": 0.0, "rand_score_refit_milp_assignment": 1.0, "label_mismatch_refit_milp_assignment": 0.0, "mse_greedy": NaN, "r2_greedy": NaN, "mse_ground_truth": 50.45922463901777, "r2_ground_truth": 0.7650319291081293, "weight_mismatch_ground_truth": 0, "rand_score_ground_truth": 1, "label_mismatch_ground_truth": 0, "mse_baseline_sklearn": 215.31785687500044, "r2_baseline_sklearn": 0.012833285165484987, "mse_milp_val": 32.37090812090688, "r2_milp_val": 0.8452086239480596, "label_mismatch_milp_val": 0.0, "mse_refit_milp_assignment_val": 32.372839368024295, "r2_refit_milp_assignment_val": 0.8451993891005946, "label_mismatch_refit_milp_assignment_val": 0.0, "mse_refit_ground_truth_assignment_val": 32.372839368024295, "r2_refit_ground_truth_assignment_val": 0.8451993891005946, "label_mismatch_refit_ground_truth_assignment_val": 0.0, "mse_ground_truth_val": 49.737326817304066, "r2_ground_truth_val": 0.7621657931115253, "label_mismatch_ground_truth_val": 0.0, "mse_baseline_sklearn_val": 210.06975495801308, "r2_baseline_sklearn_val": -0.00451264188796574, "random_state": 7}