{"time_milp": 10.307551860809326, "time_refit_milp_assignment": 10.78573489189148, "mse_refit_ground_truth_assignment": 15.521810545943193, "r2_refit_ground_truth_assignment": 0.8844878854240722, "weight_mismatch_refit_ground_truth_assignment": 4.410197759779325, "refit-weight_mismatch_refit_ground_truth_assignment": 0.0, "rand_score_refit_ground_truth_assignment": 1.0, "label_mismatch_refit_ground_truth_assignment": 0.0, "mse_milp": 15.521818497793976, "r2_milp": 0.8844878262470132, "weight_mismatch_milp": 4.402979010902591, "refit-weight_mismatch_milp": 0.007960647770420557, "rand_score_milp": 1.0, "label_mismatch_milp": 0.0, "mse_refit_milp_assignment": 15.521810545943193, "r2_refit_milp_assignment": 0.8844878854240722, "weight_mismatch_refit_milp_assignment": 4.410197759779325, "refit-weight_mismatch_refit_milp_assignment": 0.0, "rand_score_refit_milp_assignment": 1.0, "label_mismatch_refit_milp_assignment": 0.0, "mse_greedy": NaN, "r2_greedy": NaN, "mse_ground_truth": 17.786645869036416, "r2_ground_truth": 0.8609446260083199, "weight_mismatch_ground_truth": 0, "rand_score_ground_truth": 1, "label_mismatch_ground_truth": 0, "mse_baseline_sklearn": 131.25571191316808, "r2_baseline_sklearn": 0.02320513522686185, "mse_milp_val": 13.475671011721222, "r2_milp_val": 0.8859161689436164, "label_mismatch_milp_val": 0.0, "mse_refit_milp_assignment_val": 13.47824377852472, "r2_refit_milp_assignment_val": 0.8858943881289094, "label_mismatch_refit_milp_assignment_val": 0.0, "mse_refit_ground_truth_assignment_val": 13.47824377852472, "r2_refit_ground_truth_assignment_val": 0.8858943881289094, "label_mismatch_refit_ground_truth_assignment_val": 0.0, "mse_ground_truth_val": 13.994167724776194, "r2_ground_truth_val": 0.881526621932265, "label_mismatch_ground_truth_val": 0.0, "mse_baseline_sklearn_val": 118.29491562782405, "r2_baseline_sklearn_val": -0.0014742239978504657, "random_state": 3}