{"time_milp": 0.5432970523834229, "time_greedy": 1.5185483336448669, "time_refit_milp_assignment": 1.1657159328460693, "mse_refit_ground_truth_assignment": 10.347144021043636, "r2_refit_ground_truth_assignment": 0.8950126590081853, "weight_mismatch_refit_ground_truth_assignment": 1.0229221670824993, "refit-weight_mismatch_refit_ground_truth_assignment": 0.0, "rand_score_refit_ground_truth_assignment": 1.0, "label_mismatch_refit_ground_truth_assignment": 0.0, "mse_milp": 10.347149477581636, "r2_milp": 0.8950126036433992, "weight_mismatch_milp": 1.0229618492592636, "refit-weight_mismatch_milp": 0.006776296023239796, "rand_score_milp": 1.0, "label_mismatch_milp": 0.0, "mse_refit_milp_assignment": 10.347144021043636, "r2_refit_milp_assignment": 0.8950126590081853, "weight_mismatch_refit_milp_assignment": 1.0229221670824993, "refit-weight_mismatch_refit_milp_assignment": 0.0, "rand_score_refit_milp_assignment": 1.0, "label_mismatch_refit_milp_assignment": 0.0, "mse_greedy": 20.167212677793422, "r2_greedy": 0.7953732904507894, "weight_mismatch_greedy": 5.930492992104652, "refit-weight_mismatch_greedy": 5.324291758295082, "rand_score_greedy": 0.8205252100840337, "label_mismatch_greedy": 0.13958333333333334, "mse_greedy_sem": 2.78499021770633, "r2_greedy_sem": 0.028257915135862958, "weight_mismatch_greedy_sem": 1.5550397431029732, "refit-weight_mismatch_greedy_sem": 1.6536180666879436, "rand_score_greedy_sem": 0.04738612858967326, "label_mismatch_greedy_sem": 0.04046456738246799, "mse_ground_truth": 10.585184823444392, "r2_ground_truth": 0.8943451304720527, "weight_mismatch_ground_truth": 0, "rand_score_ground_truth": 1, "label_mismatch_ground_truth": 0, "mse_baseline_sklearn": 96.2116188982968, "r2_baseline_sklearn": 0.023788398024906843, "mse_milp_val": 9.608312254555727, "r2_milp_val": 0.9063210973974608, "label_mismatch_milp_val": 0.0, "mse_refit_milp_assignment_val": 9.606465735397176, "r2_refit_milp_assignment_val": 0.9063391005476317, "label_mismatch_refit_milp_assignment_val": 0.0, "mse_greedy_val": 27.544798378796322, "label_mismatch_greedy_val": 0.12624999999999997, "mse_greedy_val_sem": 4.558478357330277, "label_mismatch_greedy_val_sem": 0.03501526922568736, "r2_greedy_val": 0.7314443560771691, "r2_greedy_val_sem": 0.044444147810626215, "mse_refit_ground_truth_assignment_val": 9.606465735397176, "r2_refit_ground_truth_assignment_val": 0.9063391005476317, "label_mismatch_refit_ground_truth_assignment_val": 0.0, "mse_ground_truth_val": 9.59451871494002, "r2_ground_truth_val": 0.9064555813338661, "label_mismatch_ground_truth_val": 0.0, "mse_baseline_sklearn_val": 102.65707391011696, "r2_baseline_sklearn_val": -0.0008835863684346634, "random_state": 42}