{"ground_truth": [[-10, -1.337719620706157, -1.6626352006348812, -1.0611537685933308], [1, 1.6272285743807728, 1.565890653114534, 1.026132378542826], [10, 0.1, 0.1, 0.1]], "milp": [[-0.7974200706738317, 0.9352621460278537, 2.509457324412128, 3.4371301930629805], [9.57960478434947, 1.4033173508782273, -0.27858699548275045, -1.6390051677994002], [-9.99279312778393, -1.8683905192532588, -1.9857481690374486, -0.6762576009942715]], "greedy": [[[2.4420507285231308, 1.0629095034895222, -0.560462764901566, 0.8311471953232618], [-9.758408151415626, -1.8335018547998407, -2.002950261131435, -0.8973091741280814], [8.637929502422113, 1.326045982669776, 0.3961591322703293, -0.33055985949530603]], [[4.615790241400264, -1.1352363688682687, -7.9135227025241885, -0.013865756291833708], [8.75447827466053, -4.479016523113748, 1.426941738303616, -7.455746699530184], [-14.656961746484106, -0.6815231909605528, 3.8814003729376134, 8.89532483463768]], [[2.4006079788159087, 1.87730586839871, -0.5046950147468368, 1.2502110768419736], [8.635569790911303, -0.3082918975431552, 1.1461120188710499, -0.28413576535603413], [-9.758408151415626, -1.8335018547998407, -2.002950261131435, -0.8973091741280814]], [[8.907919821785004, 1.2097113617858841, 0.27868810589008464, -0.20841867261163272], [1.7336102237072502, 0.8768015878901267, 0.7692276386298769, 0.7006526528116654], [-9.758408151415626, -1.8335018547998407, -2.002950261131435, -0.8973091741280814]], [[6.2004978996599345, 0.3778270040316899, 1.3362510222944917, 0.36142937618364157], [-9.720671873719272, -1.7029559867308612, -2.0639173912302793, -1.0550674907715814], [2.6659690102381703, -6.156754670231683, 0.2670123582718022, -3.7818167456987966]], [[-9.758408151415626, -1.8335018547998407, -2.002950261131435, -0.8973091741280814], [9.459346699128979, -2.5309190539564295, -0.5870012941533631, -4.615417851275991], [5.01916043216416, 0.757776601187661, 1.2474535819202457, 0.7751494123419623]], [[-7.7632572070290475, -2.395647014014194, -2.708060787748843, -1.895970280979686], [6.578485771846165, 0.26429035870317613, 1.2046944977194372, 0.3554245889295271], [-5.967827180020776, -5.582759038969539, 0.5642571320587959, 2.6239738282732903]], [[-0.18363839338744103, 1.464016725668047, 1.307484795805213, 0.7042477129835935], [7.194753598425935, 1.89857473078835, 0.4985835535745575, -0.19464458407124036], [-10.502911037760182, -1.3903991415601449, -1.82237695761166, -1.0193064904986915]], [[9.382650874685552, 0.5810059921289348, 0.5580753828022201, -0.3508805086054621], [0.6676441573269747, 1.500183990523428, 2.016905475249322, 0.780854778251616], [-9.758408151415626, -1.8335018547998407, -2.002950261131435, -0.8973091741280814]], [[-9.758408151415626, -1.8335018547998407, -2.002950261131435, -0.8973091741280814], [9.211037855961308, 0.7019166797662917, 0.11806518577444185, -0.10196393110167022], [2.1681116716048026, 0.6073451574063463, 0.10708061083386733, 0.8599797158030928]], [[-9.758408151415626, -1.8335018547998407, -2.002950261131435, -0.8973091741280814], [5.024712515097818, 0.32952201425198613, 0.12705236433926953, 2.1703590158894768], [8.744929853085576, 0.09935905488944448, -0.18202328583255753, -2.7784679643183074]], [[-6.154101878620239, 2.963653333361476, -2.2092132411907572, 2.5846479975092507], [5.797613625486151, 1.80760627578559, 0.6475590385936659, 0.4283593383019894], [-10.49731785740289, -1.393950175225054, -1.8147269316751402, -1.0225300039595224]], [[-10.502911037760182, -1.3903991415601449, -1.82237695761166, -1.0193064904986915], [8.767726486259823, 1.2943235976039258, 0.7602181656198626, -0.2851856560033416], [0.6753000011388157, 1.1719346723847064, 2.013077308355276, 0.6130564142516096]], [[-10.502911037760182, -1.3903991415601449, -1.82237695761166, -1.0193064904986915], [9.437558645262145, 0.9162189117787831, 0.12570357121220146, -1.0939625242473803], [-0.9693868269669261, 1.5758430257169906, 3.3343901719675406, 1.630879550730673]], [[1.7336102237072502, 0.8768015878901267, 0.7692276386298769, 0.7006526528116654], [-9.758408151415626, -1.8335018547998407, -2.002950261131435, -0.8973091741280814], [8.907919821785004, 1.2097113617858841, 0.27868810589008464, -0.20841867261163272]], [[8.907919821785004, 1.2097113617858841, 0.27868810589008464, -0.20841867261163272], [1.7336102237072502, 0.8768015878901267, 0.7692276386298769, 0.7006526528116654], [-9.758408151415626, -1.8335018547998407, -2.002950261131435, -0.8973091741280814]], [[7.411994521150442, -1.5573964855649238, 1.5640919814842646, 0.8912611986101424], [4.057301223049237, 2.757571641071426, 1.0538992803513851, 0.05841824882855086], [-9.758408151415626, -1.8335018547998407, -2.002950261131435, -0.8973091741280814]], [[6.23922767482692, -5.625106368681567, 1.2635309909591854, -7.310179626063071], [-12.029403224449362, 3.247728024083663, -2.637876134562601, 4.098139106356416], [4.626151077229807, 0.9701528338379732, 0.37132215513166195, 1.9643903443124482]], [[1.0387921875799124, -0.9765896207850737, 4.421484768302297, -3.6307521801553135], [-10.502911037760182, -1.3903991415601449, -1.82237695761166, -1.0193064904986915], [6.28119286305018, 0.42992507896556, 1.111561741294555, 0.4422292271506305]], [[5.180525636591618, -5.779215908893389, 1.5618178952522574, -7.503847768356996], [5.4451041648265335, 0.0648847696218755, 1.3963334042202125, 1.1800404946136211], [-8.695529331843597, -5.277186460351454, -1.550952177350285, 2.7256485341345975]]], "refit_milp_assignment": [[-0.8009532381347908, 0.9355653375710914, 2.5111525756721096, 3.438511564372132], [9.59173227374457, 1.4030169805612398, -0.2826093841222257, -1.6427533102733232], [-10.008419455082656, -1.8646579672166372, -1.9833158239062594, -0.6706540379631296]], "refit_ground_truth_assignment": [[-9.75657112578451, -1.8344167921555563, -2.003677071965178, -0.8976572189789249], [1.3846608224937191, 1.0927733472161376, 1.4496016799206475, 1.0098067060080875], [8.988087537521775, 1.1107690963197852, 0.29130262950979324, 0.06523524979257347]]}