{"time_milp": 18057.443086385727, "time_refit_milp_assignment": 18060.266404151917, "mse_refit_ground_truth_assignment": 137.75082755748335, "r2_refit_ground_truth_assignment": 0.6462709718615937, "weight_mismatch_refit_ground_truth_assignment": 9.499959386602622, "refit-weight_mismatch_refit_ground_truth_assignment": 0.0, "rand_score_refit_ground_truth_assignment": 1.0, "label_mismatch_refit_ground_truth_assignment": 0.0, "mse_milp": 107.75413847316625, "r2_milp": 0.7232991818934905, "weight_mismatch_milp": 13.515408194191533, "refit-weight_mismatch_milp": 7.831572801572857, "rand_score_milp": 0.6942577030812325, "label_mismatch_milp": 0.35, "mse_refit_milp_assignment": 107.75412549636523, "r2_refit_milp_assignment": 0.7232992152164933, "weight_mismatch_refit_milp_assignment": 13.524098215122127, "refit-weight_mismatch_refit_milp_assignment": 7.838549901533398, "rand_score_refit_milp_assignment": 0.6942577030812325, "label_mismatch_refit_milp_assignment": 0.35, "mse_greedy": NaN, "r2_greedy": NaN, "mse_ground_truth": 166.84844216811175, "r2_ground_truth": 0.5715514865425791, "weight_mismatch_ground_truth": 0, "rand_score_ground_truth": 1, "label_mismatch_ground_truth": 0, "mse_baseline_sklearn": 381.73868503686356, "r2_baseline_sklearn": 0.019753053927938358, "random_state": 8}