{"time_milp": 23.19427990913391, "time_refit_milp_assignment": 23.659644842147827, "mse_refit_ground_truth_assignment": 28.60352998020302, "r2_refit_ground_truth_assignment": 0.8618158591738592, "weight_mismatch_refit_ground_truth_assignment": 7.957943863222061, "refit-weight_mismatch_refit_ground_truth_assignment": 0.0, "rand_score_refit_ground_truth_assignment": 1.0, "label_mismatch_refit_ground_truth_assignment": 0.0, "mse_milp": 28.603538854801496, "r2_milp": 0.8618158163005227, "weight_mismatch_milp": 7.95042777783776, "refit-weight_mismatch_milp": 0.007830829097203734, "rand_score_milp": 1.0, "label_mismatch_milp": 0.0, "mse_refit_milp_assignment": 28.60352998020302, "r2_refit_milp_assignment": 0.8618158591738592, "weight_mismatch_refit_milp_assignment": 7.957943863222061, "refit-weight_mismatch_refit_milp_assignment": 0.0, "rand_score_refit_milp_assignment": 1.0, "label_mismatch_refit_milp_assignment": 0.0, "mse_greedy": NaN, "r2_greedy": NaN, "mse_ground_truth": 50.17923426773499, "r2_ground_truth": 0.7667688852937469, "weight_mismatch_ground_truth": 0, "rand_score_ground_truth": 1, "label_mismatch_ground_truth": 0, "mse_baseline_sklearn": 201.59456469878486, "r2_baseline_sklearn": 0.026093222151187367, "mse_milp_val": 35.77256314519479, "r2_milp_val": 0.8426148640811872, "label_mismatch_milp_val": 0.0, "mse_refit_milp_assignment_val": 35.76996178132818, "r2_refit_milp_assignment_val": 0.8426263090538066, "label_mismatch_refit_milp_assignment_val": 0.0, "mse_refit_ground_truth_assignment_val": 35.76996178132818, "r2_refit_ground_truth_assignment_val": 0.8426263090538066, "label_mismatch_refit_ground_truth_assignment_val": 0.0, "mse_ground_truth_val": 56.50867979672239, "r2_ground_truth_val": 0.7513841483960181, "label_mismatch_ground_truth_val": 0.0, "mse_baseline_sklearn_val": 227.45427911801826, "r2_baseline_sklearn_val": -0.0007089089201448573, "random_state": 5}