{"ground_truth": [[-10, 0.2, 0.4, 0.3], [10, -0.2, -0.4, -0.3]], "milp": [[-11.198755733866712, 0.18097132039323882, 0.3537895740845558, 0.4683480299206031], [10.712005230273464, 0.06354813775605395, -0.06927359686175416, -0.47827264334005903]], "refit_milp_assignment": [[-11.201728744606404, 0.181315543864816, 0.35420011546059216, 0.46884958402388266], [10.715993589852992, 0.06243225908068489, -0.0701553363577747, -0.47843954980184494]], "refit_ground_truth_assignment": [[-11.201728744606404, 0.181315543864816, 0.35420011546059216, 0.46884958402388266], [10.715993589852992, 0.06243225908068489, -0.0701553363577747, -0.47843954980184494]]}