{"ground_truth": [[-10, -1.982422553648241, -1.4670449489606154], [1, 1.9430518184725196, 1.1661181980783983], [10, 0.1, 0.1]], "milp": [[-8.851786287649603, -1.7486108592998841, -1.8737123982730228], [5.9584576696583245, 0.4845328289526158, 1.0379794208080284], [0.0, 0.0, 0.0]], "greedy": [[[-9.555178405681168, -2.060396964435375, -1.6738598638743878], [5.472142327699982, 0.5755402931670625, 1.2992490911753865], [-10.639383855508584, -0.624318170449799, 0.9278324287338584]], [[0.8535771063327833, 1.7819977583392095, 1.0213505379166175], [9.658236028384621, 0.18200705070925222, 0.14212451128451944], [-9.95043027266927, -1.9311924497013895, -1.48268538968012]], [[1.3395275569766725, 2.23209951747638, 1.076256105454389], [2.8125783660704915, -5.192209159987642, -4.280721480713823], [-9.475826512846634, 0.5037675171274815, 4.425465557671404]], [[9.65760574192279, 0.22020702393577862, 0.14580597001434517], [-10.06192137504791, -1.8819192649244392, -1.4253686052399674], [0.8421112910751634, 1.8238971376531201, 1.0751826700608274]], [[6.560351513726702, 0.33777826520618554, 0.9081927968574409], [-10.76361265028921, -1.084274267376017, -0.21714659302893285], [-7.412590783815534, -1.3089340621936483, -2.4048733103743025]], [[0.8421112910751634, 1.8238971376531201, 1.0751826700608274], [9.65760574192279, 0.22020702393577862, 0.14580597001434517], [-10.06192137504791, -1.8819192649244392, -1.4253686052399674]], [[-9.95043027266927, -1.9311924497013895, -1.48268538968012], [0.8903989390886586, 1.807310402232483, 1.052222885050219], [9.65760574192279, 0.22020702393577862, 0.14580597001434517]], [[-10.06192137504791, -1.8819192649244392, -1.4253686052399674], [9.658236028384621, 0.18200705070925222, 0.14212451128451944], [0.8091761491804169, 1.8036304761890904, 1.0505948046315423]], [[-9.95043027266927, -1.9311924497013895, -1.48268538968012], [9.65760574192279, 0.22020702393577862, 0.14580597001434517], [0.8903989390886586, 1.807310402232483, 1.052222885050219]], [[0.8535771063327833, 1.7819977583392095, 1.0213505379166175], [9.658236028384621, 0.18200705070925222, 0.14212451128451944], [-9.95043027266927, -1.9311924497013895, -1.48268538968012]], [[2.8125783660704915, -5.192209159987642, -4.280721480713823], [1.1577607690502796, 2.335658759708878, 1.1475756590480763], [-8.958883269489224, 0.07931142646608469, 4.189818232846704]], [[-8.165409609483559, -0.5606129669563958, -2.887043998763437], [6.538252176406395, 1.2086872515099722, -1.1472396431756373], [-5.632845832314701, -0.8145892367416766, 3.896920626582709]], [[-10.06192137504791, -1.8819192649244392, -1.4253686052399674], [0.8091761491804169, 1.8036304761890904, 1.0505948046315423], [9.658236028384621, 0.18200705070925222, 0.14212451128451944]], [[0.8903989390886586, 1.807310402232483, 1.052222885050219], [9.65760574192279, 0.22020702393577862, 0.14580597001434517], [-9.95043027266927, -1.9311924497013895, -1.48268538968012]], [[-9.95043027266927, -1.9311924497013895, -1.48268538968012], [0.8903989390886586, 1.807310402232483, 1.052222885050219], [9.65760574192279, 0.22020702393577862, 0.14580597001434517]], [[9.658236028384621, 0.18200705070925222, 0.14212451128451944], [0.8535771063327833, 1.7819977583392095, 1.0213505379166175], [-9.95043027266927, -1.9311924497013895, -1.48268538968012]], [[0.8903989390886586, 1.807310402232483, 1.052222885050219], [-9.95043027266927, -1.9311924497013895, -1.48268538968012], [9.65760574192279, 0.22020702393577862, 0.14580597001434517]], [[-9.95043027266927, -1.9311924497013895, -1.48268538968012], [9.65760574192279, 0.22020702393577862, 0.14580597001434517], [0.8903989390886586, 1.807310402232483, 1.052222885050219]], [[-9.95043027266927, -1.9311924497013895, -1.48268538968012], [0.8903989390886586, 1.807310402232483, 1.052222885050219], [9.65760574192279, 0.22020702393577862, 0.14580597001434517]], [[0.8903989390886586, 1.807310402232483, 1.052222885050219], [-9.95043027266927, -1.9311924497013895, -1.48268538968012], [9.65760574192279, 0.22020702393577862, 0.14580597001434517]]], "refit_milp_assignment": [[-9.280383015024674, -1.787205006672983, -1.8844990435395348], [6.531673679807338, 0.3474204378355642, 0.9237479259619208], [0.0, 0.0, 0.0]], "refit_ground_truth_assignment": [[-9.965265695338648, -1.9514813987829127, -1.5037907189516166], [0.8300590205543587, 1.8358373246349775, 1.0941323413783608], [9.6472601349799, 0.1862241720641454, 0.14617749717835238]]}