{"time_milp": 18066.554631471634, "time_greedy": 5.240233552455902, "time_refit_milp_assignment": 18069.334557771683, "mse_refit_ground_truth_assignment": 76.19719709662859, "r2_refit_ground_truth_assignment": 0.7049243234844194, "weight_mismatch_refit_ground_truth_assignment": 12.055565275404708, "refit-weight_mismatch_refit_ground_truth_assignment": 0.0, "rand_score_refit_ground_truth_assignment": 1.0, "label_mismatch_refit_ground_truth_assignment": 0.0, "mse_milp": 67.61583366947713, "r2_milp": 0.7381558820610643, "weight_mismatch_milp": 17.167979803878264, "refit-weight_mismatch_milp": 22.825140932303896, "rand_score_milp": 0.6649859943977591, "label_mismatch_milp": 0.5166666666666667, "mse_refit_milp_assignment": 67.6157375545034, "r2_refit_milp_assignment": 0.7381562542688618, "weight_mismatch_refit_milp_assignment": 17.229362521387163, "refit-weight_mismatch_refit_milp_assignment": 22.773720253585548, "rand_score_refit_milp_assignment": 0.6649859943977591, "label_mismatch_refit_milp_assignment": 0.5166666666666667, "mse_greedy": 44.815121484156364, "r2_greedy": 0.8264522476686945, "weight_mismatch_greedy": 42.28268353372819, "refit-weight_mismatch_greedy": 43.87618462867601, "rand_score_greedy": 0.6350070028011205, "label_mismatch_greedy": 0.47958333333333336, "mse_greedy_sem": 2.955452458706253, "r2_greedy_sem": 0.011445068413165688, "weight_mismatch_greedy_sem": 3.080019497267571, "refit-weight_mismatch_greedy_sem": 4.04049938824949, "rand_score_greedy_sem": 0.012317893645548817, "label_mismatch_greedy_sem": 0.01810135329825011, "mse_ground_truth": 98.50239231084319, "r2_ground_truth": 0.6185468605535988, "weight_mismatch_ground_truth": 0, "rand_score_ground_truth": 1, "label_mismatch_ground_truth": 0, "mse_baseline_sklearn": 256.4157418748049, "r2_baseline_sklearn": 0.0069841432872560505, "random_state": 3}