{"ground_truth": [[-10, -1.7846958472759, -1.498805218379999, -1.0701190131268645], [1, 1.176954785871318, 1.6082925226799165, 1.8932350643198392], [10, 0.1, 0.1, 0.1]], "milp": [[-12.323510673080918, -1.2612177927886803, -1.7732628219749347, -0.6768700628057611], [-10.842982943572625, 4.721946004626023, 0.6817865430581638, -2.7253477509960202], [10.393575925929891, -0.9520300620602345, -0.537158062534375, 0.8810281568317297]], "greedy": [[[-20.57467673527196, 5.7916003107418685, -7.436387769682998, 7.8907558503595165], [-9.014613322517215, 4.517430299331414, 4.315311906946593, -0.9202538824081116], [8.91529190983051, -4.958290304383589, -5.709655705818313, -1.1051041032699]], [[15.09536754759035, 1.9758768146083683, -3.2884909673358966, 0.25680705000828646], [-37.32381707204267, 4.285488101320182, 1.4359298803247864, 1.5607588423554306], [-1.5476534729999827, 2.1891258050997298, 1.7123009590098273, 0.676382827878257]], [[-8.966591916090959, -2.1908517586242473, -1.7251308918662416, -0.7968975570212596], [10.610532326433415, 0.06688362825882092, -0.5191967513042619, -0.01678764157158356], [-47.93468577018356, 9.947634503615483, 0.7363678047715462, 12.090959720682752]], [[-3.9270562914826623, -4.492434413164688, -2.142657598854411, 3.932867028212659], [7.181774225584939, 0.6297058423590904, 0.9114663735318972, -0.2645739093385596], [-28.459885416209303, 10.436618278119237, 1.9839611799215775, 0.5123340617273635]], [[-24.11471785066355, 3.4183589181304823, -3.312631658051793, -0.6866507946753161], [9.01786757505415, 0.10490114303581599, -0.26038462641701765, 0.4973901109038707], [-2.865175766467077, 7.379793799463695, -7.034300820880285, 2.9366985309799607]], [[-0.9821191521773125, -4.287446965669163, 1.5138168163771448, 0.6677211816947596], [-29.524395345801526, 10.527842677687202, 2.0896366279456715, 3.270869131074303], [19.96755590048454, 0.2868540940016121, -9.665190639452012, -1.3631610660809277]], [[-9.20893523321752, -2.149026879525437, -1.6903070434366538, -0.9682921757760076], [10.80059314179033, -0.26371457150887473, -0.7492126240031312, 0.594618865232213], [-30.242118333120324, 11.626757456859, 5.59541558651593, 0.6208952930743499]], [[-18.540782643298805, 6.6190087408536264, -3.867956653375963, -2.4637745576889376], [11.210115682262863, -1.1475600795455403, -0.4303716949342723, 0.9629700175838496], [-14.525730466991666, -2.39998025899027, 4.248581971518036, 2.5607233881376708]], [[-18.540782643298805, 6.6190087408536264, -3.867956653375963, -2.4637745576889376], [-14.525730466991666, -2.39998025899027, 4.248581971518036, 2.5607233881376708], [11.210115682262863, -1.1475600795455403, -0.4303716949342723, 0.9629700175838496]], [[-6.04733897626834, 4.404940750285291, 2.6101671403939433, -4.064341250674884], [-19.951633689205703, 4.183536153581076, 5.795891321727225, 3.8270003911077257], [7.19260323846029, -4.25699544021377, -5.015624539776937, 0.6740040763863668]], [[-32.672105074823364, 9.82104274666879, 3.3515691021521636, -0.7247615321366603], [10.511195473949584, -0.4589278899824479, -0.5702758991783714, 0.7223546757487976], [-9.056920178477835, -2.1409423816182143, -1.6998028926811106, -0.8820644519904993]], [[-15.009550645863214, 5.934357433077592, -1.4784109650003483, -5.946697416445816], [9.725560789344284, -0.7312027395378656, -0.49598098050136197, 1.0639214584512493], [-19.75974545544386, -1.3388916176570425, 1.2001491614020472, 2.488239843632257]], [[13.790225013585655, -2.6227847471794825, -7.144384738556821, -1.5782884601136997], [-12.421088801327844, 5.870891247057076, -1.1556036830767202, -2.7592555968935244], [-6.008066308984752, -4.939503449418436, 1.4640556866050811, 6.49229335657371]], [[-1.2625448784752296, -2.791168460710598, -3.210268171602709, -3.6021867611012626], [4.471426544030684, 0.34326051866309726, 0.4075383215679346, 2.14016945854701], [-32.788900568774665, 9.50796473636323, 5.928721606230619, -1.8999119489564142]], [[-41.19446727817173, 9.120628151860693, 1.5377830594661106, 5.687844996898568], [0.2686223658618543, -1.7812530360801695, -3.226058975039711, -4.819100623656565], [4.155988027047415, 0.647262950780162, 0.1381425683831684, 2.514468254885852]], [[-9.057804346015565, -2.0856797498261064, -1.58356533700682, -0.9840106824362369], [10.939505616038907, 0.02624284009175243, -0.7121416443055929, 0.5028222340992158], [-43.08381336558632, 9.316879452479428, 1.570484818894649, 6.274353666169199]], [[-3.513340954797946, -4.511551281029998, -2.209457860396327, 4.030576298238908], [-27.471595272224455, 10.451902834126553, 1.8091716016460808, 0.3591497718240384], [7.078292830557297, 0.6099400763652516, 0.9483364155955539, -0.2750749993380761]], [[12.721775918957585, -5.269762206368254, -6.732123073305476, 0.4749309765707834], [2.3934656626786923, 1.175481018617654, 1.3880264376665639, 0.5070988017773164], [-24.610906208561914, 8.751301304199222, 8.864344839036857, -3.0461033019610557]], [[-39.66675153103395, 11.387696090524907, 1.0765479247184184, 10.882379221739544], [3.4461227520945408, 1.2889252767001975, 1.1254570706943638, 0.5771102227823559], [8.944559576102566, -4.621591072048746, -6.01373481390015, -1.6583462330459744]], [[10.94319203854667, -1.222216946593562, -0.4524565087968214, 1.0044289533945332], [-17.001931053864155, 6.609593703367287, -2.2203870798979968, -3.960898320390873], [-14.706248938348512, -2.880803925286262, 1.579095323761844, 2.4337494781165163]]], "refit_milp_assignment": [[-12.380432289053669, -1.2489972110677385, -1.7664715064470589, -0.6724793884997196], [-10.846454158239766, 4.722648577778007, 0.6817698364617367, -2.7253626784461793], [10.396597728251253, -0.9523933434940898, -0.5376001792033599, 0.880631716654984]], "refit_ground_truth_assignment": [[-16.624797922688757, 1.2873989398185433, -1.5866212866154976, -1.8656675058799996], [3.685890996292791, 0.7680733562433829, 0.19735331566029748, 2.4155336113910226], [11.542658039714103, -0.07793323840959059, -0.25154844374639357, -0.09261640717490845]]}