{"ground_truth": [[-10, -1.7460448792654233, -1.5833687650971595, -1.962172548474542], [1, 1.6251294204762958, 1.7142879137181393, 1.1314008718105397], [10, 0.1, 0.1, 0.1]], "milp": [[-20.802179744213067, -0.051853763514263296, -2.6445331195556103, -0.4864014877445415], [13.648779388375264, 1.011137155940283, -0.6761822002546154, 0.3191523735985272], [9.724741244787918, -4.790976888113698, 4.1613676718113455, -3.0138484342788936]], "greedy": [[[14.433603542049045, 1.136906601243858, -2.226040567676672, -0.07820069942879239], [-1.8262766327412754, -8.310709451781845, 3.6440658904015644, -3.946705106754169], [-37.54884543835463, 11.2228194438703, -10.305291912739598, 5.711504196427869]], [[-18.967322579697218, 2.643568033308517, -1.2434588461109362, 6.054591923033741], [-43.87391852816896, 19.381502929331123, -10.448353591664208, 5.205718511772795], [13.566122594177667, -8.386339130185071, 2.082106386315634, -1.6075245683900583]], [[-5.6612501592401845, -2.8874544037612546, -0.9338822825409404, -2.130240464177027], [-51.01517219961992, -0.8166317732141619, -3.56798591834227, -2.0025659775605122], [18.720055965490406, -0.07983713953903625, 0.11907098495544272, -0.6568998438150471]], [[10.30865844619744, 0.7254001381668705, 4.70654880314166, -0.6812766189710758], [5.6154361528187025, 3.6353754389184343, -6.311431475724136, 0.7113834340088793], [-44.09054838884159, 5.84215233364629, -3.926627926683522, 2.6496526872982433]], [[9.448072796133278, -12.831381914115093, 2.544010530487498, -7.290350320252144], [-51.55634998880326, 9.129904403901774, -5.121778808660742, 2.0569395213447863], [6.339091850937032, 4.3031236010592275, -3.7381026052574478, 0.5920861176011946]], [[-51.01517219961992, -0.8166317732141619, -3.56798591834227, -2.0025659775605122], [-6.09715566169175, -3.055381403107049, -0.8649883839827177, -2.251686809368316], [18.159816688246966, -0.09322328838468329, 0.15067300311802168, -0.6128000157044912]], [[4.432798784292698, 1.9767928243542245, 4.288486103005327, 0.9797204868919801], [-55.62747998498576, 12.244266615319152, 2.230664273784253, 4.099861853710728], [7.024744663011074, -5.089617220618118, -9.923495131539026, 3.579804096752476]], [[-37.110259021602246, 12.358370347078218, -9.38738520977936, 5.2602831332282625], [8.211831832749581, -10.074433661235096, 4.864676061621099, -5.44206553184901], [7.051986556484441, 3.5107653254592166, -3.29235703366505, 0.49636342945817713]], [[0.9912729964772402, -3.8263496407879583, 4.9377650946575695, 3.3837198394415346], [-24.753685372111683, -1.3254325857521414, -13.285359189959632, 8.92830451124837], [2.1460033147373743, 7.3008915871556335, -2.086255773421936, -7.63751545430935]], [[-28.21086353407832, 0.7935310346781905, -9.960745684144523, 9.49131890858004], [-9.525492205924671, 12.20562017125881, -4.8094290314844095, -2.3856386836375734], [12.65579681243771, -9.541145448038387, 3.526089107130121, -5.871625017638921]], [[-56.34909535192452, 8.297537037686691, 7.625474716577073, 4.014044863312705], [-7.108073988391036, -10.200871557923435, -6.994912882395667, -7.2862015641534965], [15.703933027347974, 0.3295900874203071, 1.1852531371130763, -0.10378464898784857]], [[4.6067072793995285, 3.645758498802775, 2.9347558065424897, 1.5438595309670187], [-56.563612762669635, 11.459308863205944, 0.4423108423966102, 4.692660228009574], [11.5912685095482, -13.317564004102751, -5.387210029320759, -5.742266020102158]], [[-37.110259021602246, 12.358370347078218, -9.38738520977936, 5.2602831332282625], [8.211831832749581, -10.074433661235096, 4.864676061621099, -5.44206553184901], [7.051986556484441, 3.5107653254592166, -3.29235703366505, 0.49636342945817713]], [[-43.99089839176673, 6.289646198215954, -0.15248948678695098, 5.1473366976057155], [27.222036525193737, -2.2892017669534095, -0.6385825387239888, -6.894890512224639], [-1.1147308297618244, 4.730675689437942, 1.195898592544775, 3.031550898342714]], [[-38.27277516903814, -0.027535376128550122, -7.632400884703477, 3.6745242200708033], [13.146105022795542, -1.0594033095451438, 2.289729495266741, 0.6820820581139211], [-3.05121708585693, 2.3413226135858736, -7.0662649815453165, 4.699674687673819]], [[-18.991462253737662, 9.445751114986836, -12.258009567029406, 6.392461403937722], [-10.822404112089377, 10.540633255921469, 2.670665048277964, -2.0555733604197264], [7.122334769114583, -11.928565016179963, 0.35012035031446914, -3.319647242741271]], [[7.009816996197138, 2.7232542922686487, 2.1271523323604984, 0.7183273253417856], [-36.42630506238308, -2.7225011572914126, -7.46481701016053, 3.6218595989055022], [14.848911874615759, -7.249813901934701, -4.805789847085967, -0.3276746850892999]], [[12.374253639329869, -3.2623607231293774, 2.0983368675727965, 0.698660842793433], [-33.742323121939265, -3.842463115557356, -7.37986929572411, 7.486909166364784], [-19.192404270904724, 18.452352106335002, -3.5721630649893164, -4.416400246720457]], [[-14.729186383082075, 0.5203528725590784, -9.987858946989197, 7.619986850671231], [1.8328423128692268, -2.225838219918415, 6.520489065000078, 3.0197280891838467], [-11.05225746870341, 11.661434404422629, 1.81719204518221, -8.486740867470814]], [[-59.52550039494402, 15.23813152708145, 5.617330542128368, 5.932817461636423], [2.111112048299857, 1.7862542957181782, -10.038335812411983, 2.8165207888944357], [10.144143719304337, -7.992499687656643, 3.152680377517311, -4.016270957970556]]], "refit_milp_assignment": [[-20.81090118324657, -0.04928194408822768, -2.643834406388643, -0.4849105891410117], [13.664735883469294, 1.0067112963864222, -0.6745392529691376, 0.3174317831994733], [9.735139765527514, -4.793783651826125, 4.158080629666727, -3.017469897871346]], "refit_ground_truth_assignment": [[-20.316982730394198, -0.43019775781306413, -3.754165277407357, -1.8563794198545323], [4.4150740127736565, -1.2638889913988964, 2.6748379391866095, 1.036859867116341], [17.58017911450625, 0.262336735081274, -0.6048612114248602, -0.8290167210257007]]}