{"time_milp": 6.210783243179321, "time_refit_milp_assignment": 6.823296070098877, "mse_refit_ground_truth_assignment": 5.3921701447705495, "r2_refit_ground_truth_assignment": 0.9401374668364015, "weight_mismatch_refit_ground_truth_assignment": 0.7976092013321858, "refit-weight_mismatch_refit_ground_truth_assignment": 0.0, "rand_score_refit_ground_truth_assignment": 1.0, "label_mismatch_refit_ground_truth_assignment": 0.0, "mse_milp": 5.39217572751475, "r2_milp": 0.9401374048581627, "weight_mismatch_milp": 0.7940161815289417, "refit-weight_mismatch_milp": 0.006626318689893678, "rand_score_milp": 1.0, "label_mismatch_milp": 0.0, "mse_refit_milp_assignment": 5.3921701447705495, "r2_refit_milp_assignment": 0.9401374668364015, "weight_mismatch_refit_milp_assignment": 0.7976092013321858, "refit-weight_mismatch_refit_milp_assignment": 0.0, "rand_score_refit_milp_assignment": 1.0, "label_mismatch_refit_milp_assignment": 0.0, "mse_greedy": NaN, "r2_greedy": NaN, "mse_ground_truth": 5.40703700495517, "r2_ground_truth": 0.9410042508443256, "weight_mismatch_ground_truth": 0, "rand_score_ground_truth": 1, "label_mismatch_ground_truth": 0, "mse_baseline_sklearn": 89.02807251823405, "r2_baseline_sklearn": 0.011632459561267794, "mse_milp_val": 4.690420792876599, "r2_milp_val": 0.9500603261594402, "label_mismatch_milp_val": 0.0, "mse_refit_milp_assignment_val": 4.689006379632156, "r2_refit_milp_assignment_val": 0.9500753856475379, "label_mismatch_refit_milp_assignment_val": 0.0, "mse_refit_ground_truth_assignment_val": 4.689006379632156, "r2_refit_ground_truth_assignment_val": 0.9500753856475379, "label_mismatch_refit_ground_truth_assignment_val": 0.0, "mse_ground_truth_val": 5.095105686097876, "r2_ground_truth_val": 0.9457515802135829, "label_mismatch_ground_truth_val": 0.0, "mse_baseline_sklearn_val": 94.08896056549585, "r2_baseline_sklearn_val": -0.001780481993052474, "random_state": 9}