{"ground_truth": [[-10, 0.2, 0.4, 0.3], [10, -0.2, -0.4, -0.3]], "milp": [[-10.001921769442013, 0.25642079875740864, 0.32721104072730095, 0.4003743341645519], [10.599108484375762, -0.4064832580233052, -0.49934579184633276, -0.4457357526088014]], "refit_milp_assignment": [[-10.005379871589025, 0.25688509239814955, 0.3276024768375652, 0.4011373156912988], [10.602063083226483, -0.40681029928838, -0.4997740851385633, -0.44616141119246333]], "refit_ground_truth_assignment": [[-10.005379871589025, 0.25688509239814955, 0.3276024768375652, 0.4011373156912988], [10.602063083226483, -0.40681029928838, -0.4997740851385633, -0.44616141119246333]]}