{"time_milp": 1.1678118705749512, "time_greedy": 1.52821843624115, "time_refit_milp_assignment": 1.8103418350219727, "mse_refit_ground_truth_assignment": 6.255750896066016, "r2_refit_ground_truth_assignment": 0.9380348744990806, "weight_mismatch_refit_ground_truth_assignment": 9.331203005677015, "refit-weight_mismatch_refit_ground_truth_assignment": 0.0, "rand_score_refit_ground_truth_assignment": 1.0, "label_mismatch_refit_ground_truth_assignment": 0.0, "mse_milp": 10.703760070645659, "r2_milp": 0.8939759835183999, "weight_mismatch_milp": 13.148431217354325, "refit-weight_mismatch_milp": 10.240627955943495, "rand_score_milp": 0.6904761904761905, "label_mismatch_milp": 0.4166666666666667, "mse_refit_milp_assignment": 10.703740001734111, "r2_refit_milp_assignment": 0.8939761823071054, "weight_mismatch_refit_milp_assignment": 13.137115776229692, "refit-weight_mismatch_refit_milp_assignment": 10.224355392177468, "rand_score_refit_milp_assignment": 0.6904761904761905, "label_mismatch_refit_milp_assignment": 0.4166666666666667, "mse_greedy": 3.7691145430472255, "r2_greedy": 0.9626657679361669, "weight_mismatch_greedy": 16.49693851132227, "refit-weight_mismatch_greedy": 13.755021156109768, "rand_score_greedy": 0.7407936507936509, "label_mismatch_greedy": 0.4041666666666667, "mse_greedy_sem": 0.388856777124026, "r2_greedy_sem": 0.003851745281533831, "weight_mismatch_greedy_sem": 1.4609403662110128, "refit-weight_mismatch_greedy_sem": 1.597796587999989, "rand_score_greedy_sem": 0.011305789443407719, "label_mismatch_greedy_sem": 0.023282020297555845, "mse_ground_truth": 12.89458155806992, "r2_ground_truth": 0.8722752267789131, "weight_mismatch_ground_truth": 0, "rand_score_ground_truth": 1, "label_mismatch_ground_truth": 0, "mse_baseline_sklearn": 100.41263696513867, "r2_baseline_sklearn": 0.005295815304483864, "random_state": 9}